1c. LEA ID,awarded_q,awarded_method,applied_q,applied_method,interest_q,interest_method,order_q,delivered_q,operating_q,award_to_order_q,order_to_delivered_q,delivered_to_operating_q,award_to_operating_q
4500690,2022Q4,exact,2022Q2,backcast_award_minus_2q,2022Q1,from_applied_minus_1q,nanQnan,2023Q4,2023Q4,,,0.0,4.0
2800360,2022Q4,exact,2022Q2,backcast_award_minus_2q,2022Q1,from_applied_minus_1q,2022Q4,2024Q1,2024Q1,0.0,5.0,0.0,5.0
100002,,unknown,,unknown,,unknown,,,,,,,
1700105,2024Q2,exact,2023Q4,backcast_award_minus_2q,2023Q3,from_applied_minus_1q,nanQnan,nanQnan,nanQnan,,,,
100006,,unknown,,unknown,,unknown,,,,,,,
100007,,unknown,,unknown,,unknown,,,,,,,
100008,,unknown,,unknown,,unknown,,,,,,,
100009,,unknown,,unknown,,unknown,,,,,,,
100010,,unknown,,unknown,,unknown,,,,,,,
100011,,unknown,,unknown,,unknown,,,,,,,
100012,,unknown,,unknown,,unknown,,,,,,,
100013,,unknown,,unknown,,unknown,,,,,,,
100018,,unknown,,unknown,,unknown,,,,,,,
100030,,unknown,,unknown,,unknown,,,,,,,
100060,,unknown,,unknown,,unknown,,,,,,,
100090,,unknown,,unknown,,unknown,,,,,,,
100100,,unknown,,unknown,,unknown,,,,,,,
100120,,unknown,,unknown,,unknown,,,,,,,
100176,,unknown,,unknown,,unknown,,,,,,,
100180,,unknown,,unknown,,unknown,,,,,,,
100185,,unknown,,unknown,,unknown,,,,,,,
100188,,unknown,,unknown,,unknown,,,,,,,
100189,,unknown,,unknown,,unknown,,,,,,,
100190,,unknown,,unknown,,unknown,,,,,,,
100194,,unknown,,unknown,,unknown,,,,,,,
100195,,unknown,,unknown,,unknown,,,,,,,
100197,,unknown,,unknown,,unknown,,,,,,,
100199,,unknown,,unknown,,unknown,,,,,,,
100201,,unknown,,unknown,,unknown,,,,,,,
2900017,2023Q4,exact,2023Q2,backcast_award_minus_2q,2023Q1,from_applied_minus_1q,nanQnan,nanQnan,nanQnan,,,,
100203,,unknown,,unknown,,unknown,,,,,,,
100204,,unknown,,unknown,,unknown,,,,,,,
100207,,unknown,,unknown,,unknown,,,,,,,
100208,,unknown,,unknown,,unknown,,,,,,,
100210,,unknown,,unknown,,unknown,,,,,,,
100211,,unknown,,unknown,,unknown,,,,,,,
100212,,unknown,,unknown,,unknown,,,,,,,
100213,,unknown,,unknown,,unknown,,,,,,,
100240,,unknown,,unknown,,unknown,,,,,,,
100270,,unknown,,unknown,,unknown,,,,,,,
100300,,unknown,,unknown,,unknown,,,,,,,
100330,,unknown,,unknown,,unknown,,,,,,,
100360,,unknown,,unknown,,unknown,,,,,,,
2501710,2024Q2,exact,2023Q4,backcast_award_minus_2q,2023Q3,from_applied_minus_1q,nanQnan,nanQnan,nanQnan,,,,
100420,,unknown,,unknown,,unknown,,,,,,,
100450,,unknown,,unknown,,unknown,,,,,,,
100480,,unknown,,unknown,,unknown,,,,,,,
100510,,unknown,,unknown,,unknown,,,,,,,
100540,,unknown,,unknown,,unknown,,,,,,,
100600,,unknown,,unknown,,unknown,,,,,,,
100630,,unknown,,unknown,,unknown,,,,,,,
100660,,unknown,,unknown,,unknown,,,,,,,
100690,,unknown,,unknown,,unknown,,,,,,,
100720,,unknown,,unknown,,unknown,,,,,,,
806900,2023Q4,exact,2021Q2,program_calendar,2021Q1,from_applied_minus_1q,nanQnan,nanQnan,nanQnan,,,,
100780,,unknown,,unknown,,unknown,,,,,,,
100810,,unknown,,unknown,,unknown,,,,,,,
100840,,unknown,,unknown,,unknown,,,,,,,
100870,,unknown,,unknown,,unknown,,,,,,,
100900,,unknown,,unknown,,unknown,,,,,,,
100930,,unknown,,unknown,,unknown,,,,,,,
100960,,unknown,,unknown,,unknown,,,,,,,
100990,,unknown,,unknown,,unknown,,,,,,,
101020,,unknown,,unknown,,unknown,,,,,,,
101050,,unknown,,unknown,,unknown,,,,,,,
101080,,unknown,,unknown,,unknown,,,,,,,
101110,,unknown,,unknown,,unknown,,,,,,,
101140,,unknown,,unknown,,unknown,,,,,,,
101170,,unknown,,unknown,,unknown,,,,,,,
101200,,unknown,,unknown,,unknown,,,,,,,
101230,,unknown,,unknown,,unknown,,,,,,,
101260,,unknown,,unknown,,unknown,,,,,,,
101290,,unknown,,unknown,,unknown,,,,,,,
101320,,unknown,,unknown,,unknown,,,,,,,
101350,,unknown,,unknown,,unknown,,,,,,,
101380,,unknown,,unknown,,unknown,,,,,,,
101410,,unknown,,unknown,,unknown,,,,,,,
3906190,2024Q2,exact,2023Q4,backcast_award_minus_2q,2023Q3,from_applied_minus_1q,nanQnan,nanQnan,nanQnan,,,,
101470,,unknown,,unknown,,unknown,,,,,,,
101530,,unknown,,unknown,,unknown,,,,,,,
601710,2019Q1,exact,2018Q3,backcast_award_minus_2q,2018Q2,from_applied_minus_1q,2019Q4,2020Q3,2020Q4,3.0,3.0,1.0,7.0
101590,,unknown,,unknown,,unknown,,,,,,,
101620,,unknown,,unknown,,unknown,,,,,,,
101640,,unknown,,unknown,,unknown,,,,,,,
101660,,unknown,,unknown,,unknown,,,,,,,
101680,,unknown,2020Q2,program_calendar,2020Q1,from_applied_minus_1q,,,,,,,
101690,,unknown,,unknown,,unknown,,,,,,,
101710,,unknown,,unknown,,unknown,,,,,,,
101720,,unknown,,unknown,,unknown,,,,,,,
101730,,unknown,,unknown,,unknown,,,,,,,
101740,,unknown,,unknown,,unknown,,,,,,,
101760,,unknown,,unknown,,unknown,,,,,,,
101770,,unknown,,unknown,,unknown,,,,,,,
101800,2024Q2,exact,2023Q4,backcast_award_minus_2q,2023Q3,from_applied_minus_1q,nanQnan,nanQnan,nanQnan,,,,
101830,,unknown,,unknown,,unknown,,,,,,,
101860,,unknown,,unknown,,unknown,,,,,,,
2500085,2024Q2,exact,2023Q4,backcast_award_minus_2q,2023Q3,from_applied_minus_1q,nanQnan,nanQnan,nanQnan,,,,
101920,,unknown,,unknown,,unknown,,,,,,,
101950,,unknown,,unknown,,unknown,,,,,,,
2902910,2024Q2,exact,2023Q4,backcast_award_minus_2q,2023Q3,from_applied_minus_1q,nanQnan,nanQnan,nanQnan,,,,
102010,,unknown,2020Q2,program_calendar,2020Q1,from_applied_minus_1q,,,,,,,
102040,,unknown,,unknown,,unknown,,,,,,,
102070,,unknown,,unknown,,unknown,,,,,,,
102100,,unknown,,unknown,,unknown,,,,,,,
102130,,unknown,,unknown,,unknown,,,,,,,
102160,,unknown,,unknown,,unknown,,,,,,,
102190,,unknown,,unknown,,unknown,,,,,,,
102220,,unknown,,unknown,,unknown,,,,,,,
102250,,unknown,,unknown,,unknown,,,,,,,
102310,,unknown,,unknown,,unknown,,,,,,,
102350,,unknown,,unknown,,unknown,,,,,,,
102370,,unknown,2020Q2,program_calendar,2020Q1,from_applied_minus_1q,,,,,,,
102400,,unknown,2021Q2,program_calendar,2021Q1,from_applied_minus_1q,,,,,,,
400450,2023Q4,exact,2023Q2,backcast_award_minus_2q,2023Q1,from_applied_minus_1q,nanQnan,nanQnan,nanQnan,,,,
102480,,unknown,,unknown,,unknown,,,,,,,
102490,,unknown,,unknown,,unknown,,,,,,,
102520,,unknown,,unknown,,unknown,,,,,,,
102550,,unknown,,unknown,,unknown,,,,,,,
102580,,unknown,,unknown,,unknown,,,,,,,
102610,,unknown,,unknown,,unknown,,,,,,,
102635,,unknown,,unknown,,unknown,,,,,,,
102640,,unknown,,unknown,,unknown,,,,,,,
102650,,unknown,,unknown,,unknown,,,,,,,
102670,,unknown,,unknown,,unknown,,,,,,,
102700,,unknown,,unknown,,unknown,,,,,,,
102730,,unknown,,unknown,,unknown,,,,,,,
102760,,unknown,,unknown,,unknown,,,,,,,
102790,,unknown,,unknown,,unknown,,,,,,,
102820,,unknown,,unknown,,unknown,,,,,,,
102850,,unknown,,unknown,,unknown,,,,,,,
102880,,unknown,,unknown,,unknown,,,,,,,
102910,,unknown,,unknown,,unknown,,,,,,,
102940,,unknown,,unknown,,unknown,,,,,,,
1903220,2024Q2,exact,2023Q4,backcast_award_minus_2q,2023Q3,from_applied_minus_1q,nanQnan,nanQnan,nanQnan,,,,
103000,,unknown,,unknown,,unknown,,,,,,,
103030,,unknown,,unknown,,unknown,,,,,,,
103062,,unknown,,unknown,,unknown,,,,,,,
103090,,unknown,,unknown,,unknown,,,,,,,
103120,,unknown,,unknown,,unknown,,,,,,,
103150,,unknown,,unknown,,unknown,,,,,,,
103180,,unknown,,unknown,,unknown,,,,,,,
103210,,unknown,,unknown,,unknown,,,,,,,
103240,,unknown,,unknown,,unknown,,,,,,,
103270,,unknown,,unknown,,unknown,,,,,,,
103300,,unknown,,unknown,,unknown,,,,,,,
103330,,unknown,,unknown,,unknown,,,,,,,
103360,,unknown,,unknown,,unknown,,,,,,,
103390,,unknown,,unknown,,unknown,,,,,,,
601770,2023Q4,exact,2023Q2,backcast_award_minus_2q,2023Q1,from_applied_minus_1q,nanQnan,nanQnan,nanQnan,,,,
103430,,unknown,,unknown,,unknown,,,,,,,
103450,,unknown,,unknown,,unknown,,,,,,,
103480,,unknown,,unknown,,unknown,,,,,,,
103510,,unknown,,unknown,,unknown,,,,,,,
103540,,unknown,,unknown,,unknown,,,,,,,
103580,,unknown,2020Q2,program_calendar,2020Q1,from_applied_minus_1q,,,,,,,
103581,,unknown,,unknown,,unknown,,,,,,,
103582,,unknown,,unknown,,unknown,,,,,,,
103583,,unknown,,unknown,,unknown,,,,,,,
103584,,unknown,,unknown,,unknown,,,,,,,
200001,,unknown,,unknown,,unknown,,,,,,,
200003,,unknown,,unknown,,unknown,,,,,,,
200004,,unknown,,unknown,,unknown,,,,,,,
200005,,unknown,,unknown,,unknown,,,,,,,
200006,,unknown,,unknown,,unknown,,,,,,,
200007,,unknown,,unknown,,unknown,,,,,,,
200010,,unknown,,unknown,,unknown,,,,,,,
200020,,unknown,,unknown,,unknown,,,,,,,
200030,,unknown,,unknown,,unknown,,,,,,,
200050,2019Q1,exact,2018Q3,backcast_award_minus_2q,2018Q2,from_applied_minus_1q,2019Q4,2020Q4,2020Q4,3.0,4.0,0.0,7.0
200060,,unknown,,unknown,,unknown,,,,,,,
200070,,unknown,,unknown,,unknown,,,,,,,
200090,,unknown,,unknown,,unknown,,,,,,,
200100,,unknown,,unknown,,unknown,,,,,,,
200120,,unknown,,unknown,,unknown,,,,,,,
200130,,unknown,,unknown,,unknown,,,,,,,
200150,,unknown,,unknown,,unknown,,,,,,,
200180,,unknown,,unknown,,unknown,,,,,,,
200210,,unknown,,unknown,,unknown,,,,,,,
200240,,unknown,,unknown,,unknown,,,,,,,
200270,,unknown,,unknown,,unknown,,,,,,,
200300,,unknown,,unknown,,unknown,,,,,,,
200330,,unknown,,unknown,,unknown,,,,,,,
200360,,unknown,,unknown,,unknown,,,,,,,
200390,,unknown,,unknown,,unknown,,,,,,,
200450,,unknown,,unknown,,unknown,,,,,,,
200480,,unknown,,unknown,,unknown,,,,,,,
200485,,unknown,,unknown,,unknown,,,,,,,
200510,,unknown,,unknown,,unknown,,,,,,,
200520,,unknown,,unknown,,unknown,,,,,,,
200525,,unknown,,unknown,,unknown,,,,,,,
200540,,unknown,,unknown,,unknown,,,,,,,
200570,,unknown,,unknown,,unknown,,,,,,,
200600,,unknown,,unknown,,unknown,,,,,,,
200610,,unknown,,unknown,,unknown,,,,,,,
200625,,unknown,,unknown,,unknown,,,,,,,
200630,,unknown,,unknown,,unknown,,,,,,,
200660,,unknown,,unknown,,unknown,,,,,,,
200670,,unknown,,unknown,,unknown,,,,,,,
200680,,unknown,,unknown,,unknown,,,,,,,
200690,,unknown,,unknown,,unknown,,,,,,,
200700,,unknown,,unknown,,unknown,,,,,,,
200710,,unknown,,unknown,,unknown,,,,,,,
200715,,unknown,,unknown,,unknown,,,,,,,
200720,,unknown,,unknown,,unknown,,,,,,,
200730,,unknown,,unknown,,unknown,,,,,,,
200760,,unknown,,unknown,,unknown,,,,,,,
200770,,unknown,,unknown,,unknown,,,,,,,
200775,,unknown,,unknown,,unknown,,,,,,,
200780,,unknown,,unknown,,unknown,,,,,,,
200800,,unknown,,unknown,,unknown,,,,,,,
5100090,2021Q3,exact,2021Q1,backcast_award_minus_2q,2020Q4,from_applied_minus_1q,2022Q2,2023Q1,2023Q2,3.0,3.0,1.0,7.0
200840,,unknown,,unknown,,unknown,,,,,,,
200862,,unknown,,unknown,,unknown,,,,,,,
1900031,2022Q4,exact,2022Q2,backcast_award_minus_2q,2022Q1,from_applied_minus_1q,nanQnan,2023Q2,2023Q2,,,0.0,2.0
400001,,unknown,,unknown,,unknown,,,,,,,
400003,,unknown,,unknown,,unknown,,,,,,,
3001860,2024Q2,exact,2023Q4,backcast_award_minus_2q,2023Q3,from_applied_minus_1q,nanQnan,nanQnan,nanQnan,,,,
400005,,unknown,,unknown,,unknown,,,,,,,
400016,,unknown,,unknown,,unknown,,,,,,,
400018,,unknown,,unknown,,unknown,,,,,,,
400019,,unknown,,unknown,,unknown,,,,,,,
400020,,unknown,,unknown,,unknown,,,,,,,
400021,,unknown,,unknown,,unknown,,,,,,,
400022,,unknown,,unknown,,unknown,,,,,,,
400023,,unknown,,unknown,,unknown,,,,,,,
400026,,unknown,,unknown,,unknown,,,,,,,
400028,,unknown,,unknown,,unknown,,,,,,,
400031,,unknown,,unknown,,unknown,,,,,,,
400033,,unknown,,unknown,,unknown,,,,,,,
400034,,unknown,,unknown,,unknown,,,,,,,
400037,,unknown,,unknown,,unknown,,,,,,,
400040,,unknown,,unknown,,unknown,,,,,,,
400041,,unknown,,unknown,,unknown,,,,,,,
400043,,unknown,,unknown,,unknown,,,,,,,
400047,,unknown,,unknown,,unknown,,,,,,,
400052,,unknown,,unknown,,unknown,,,,,,,
400053,,unknown,,unknown,,unknown,,,,,,,
400054,,unknown,,unknown,,unknown,,,,,,,
400056,,unknown,,unknown,,unknown,,,,,,,
400057,,unknown,,unknown,,unknown,,,,,,,
400061,,unknown,,unknown,,unknown,,,,,,,
400065,,unknown,,unknown,,unknown,,,,,,,
400068,,unknown,,unknown,,unknown,,,,,,,
400069,,unknown,,unknown,,unknown,,,,,,,
400070,,unknown,,unknown,,unknown,,,,,,,
400071,,unknown,,unknown,,unknown,,,,,,,
400072,,unknown,,unknown,,unknown,,,,,,,
400074,,unknown,,unknown,,unknown,,,,,,,
400075,,unknown,,unknown,,unknown,,,,,,,
400077,,unknown,,unknown,,unknown,,,,,,,
400078,,unknown,,unknown,,unknown,,,,,,,
400079,,unknown,,unknown,,unknown,,,,,,,
400081,,unknown,,unknown,,unknown,,,,,,,
400082,,unknown,,unknown,,unknown,,,,,,,
400083,,unknown,,unknown,,unknown,,,,,,,
400089,,unknown,,unknown,,unknown,,,,,,,
400090,,unknown,,unknown,,unknown,,,,,,,
400092,,unknown,,unknown,,unknown,,,,,,,
400093,,unknown,,unknown,,unknown,,,,,,,
400095,,unknown,,unknown,,unknown,,,,,,,
400096,,unknown,,unknown,,unknown,,,,,,,
400097,,unknown,,unknown,,unknown,,,,,,,
400098,,unknown,,unknown,,unknown,,,,,,,
400099,,unknown,,unknown,,unknown,,,,,,,
400100,,unknown,,unknown,,unknown,,,,,,,
400102,,unknown,,unknown,,unknown,,,,,,,
400103,,unknown,,unknown,,unknown,,,,,,,
400106,,unknown,,unknown,,unknown,,,,,,,
400107,,unknown,,unknown,,unknown,,,,,,,
400108,,unknown,,unknown,,unknown,,,,,,,
400111,,unknown,,unknown,,unknown,,,,,,,
400112,,unknown,,unknown,,unknown,,,,,,,
400115,,unknown,,unknown,,unknown,,,,,,,
400120,,unknown,,unknown,,unknown,,,,,,,
400121,,unknown,,unknown,,unknown,,,,,,,
400122,,unknown,,unknown,,unknown,,,,,,,
400124,,unknown,,unknown,,unknown,,,,,,,
400126,,unknown,,unknown,,unknown,,,,,,,
400130,,unknown,,unknown,,unknown,,,,,,,
400131,,unknown,,unknown,,unknown,,,,,,,
400134,,unknown,,unknown,,unknown,,,,,,,
400135,,unknown,,unknown,,unknown,,,,,,,
400141,,unknown,,unknown,,unknown,,,,,,,
400144,,unknown,,unknown,,unknown,,,,,,,
400145,,unknown,,unknown,,unknown,,,,,,,
400147,,unknown,,unknown,,unknown,,,,,,,
400149,,unknown,,unknown,,unknown,,,,,,,
400150,,unknown,,unknown,,unknown,,,,,,,
400151,,unknown,,unknown,,unknown,,,,,,,
400153,,unknown,,unknown,,unknown,,,,,,,
400154,,unknown,,unknown,,unknown,,,,,,,
400157,,unknown,,unknown,,unknown,,,,,,,
400159,,unknown,,unknown,,unknown,,,,,,,
400163,,unknown,,unknown,,unknown,,,,,,,
400165,,unknown,,unknown,,unknown,,,,,,,
400181,,unknown,,unknown,,unknown,,,,,,,
400182,,unknown,,unknown,,unknown,,,,,,,
400184,,unknown,,unknown,,unknown,,,,,,,
400185,,unknown,,unknown,,unknown,,,,,,,
400187,,unknown,,unknown,,unknown,,,,,,,
100005,2022Q4,exact,2022Q2,backcast_award_minus_2q,2022Q1,from_applied_minus_1q,2023Q2,2023Q3,2023Q3,2.0,1.0,0.0,3.0
400191,,unknown,,unknown,,unknown,,,,,,,
400197,,unknown,,unknown,,unknown,,,,,,,
400201,,unknown,,unknown,,unknown,,,,,,,
400202,,unknown,,unknown,,unknown,,,,,,,
400204,,unknown,,unknown,,unknown,,,,,,,
400205,,unknown,,unknown,,unknown,,,,,,,
400208,,unknown,,unknown,,unknown,,,,,,,
400209,,unknown,,unknown,,unknown,,,,,,,
400210,,unknown,,unknown,,unknown,,,,,,,
400211,,unknown,,unknown,,unknown,,,,,,,
400212,,unknown,,unknown,,unknown,,,,,,,
400213,,unknown,,unknown,,unknown,,,,,,,
400217,,unknown,,unknown,,unknown,,,,,,,
400218,,unknown,,unknown,,unknown,,,,,,,
400219,,unknown,,unknown,,unknown,,,,,,,
400221,,unknown,,unknown,,unknown,,,,,,,
400223,,unknown,,unknown,,unknown,,,,,,,
400225,,unknown,,unknown,,unknown,,,,,,,
400227,,unknown,,unknown,,unknown,,,,,,,
400229,,unknown,,unknown,,unknown,,,,,,,
400230,,unknown,,unknown,,unknown,,,,,,,
400231,,unknown,,unknown,,unknown,,,,,,,
400232,,unknown,,unknown,,unknown,,,,,,,
400235,,unknown,,unknown,,unknown,,,,,,,
400238,,unknown,,unknown,,unknown,,,,,,,
400239,,unknown,,unknown,,unknown,,,,,,,
400241,,unknown,,unknown,,unknown,,,,,,,
400243,,unknown,,unknown,,unknown,,,,,,,
400244,,unknown,,unknown,,unknown,,,,,,,
400246,,unknown,,unknown,,unknown,,,,,,,
400248,,unknown,,unknown,,unknown,,,,,,,
400254,,unknown,,unknown,,unknown,,,,,,,
400255,,unknown,,unknown,,unknown,,,,,,,
400258,,unknown,,unknown,,unknown,,,,,,,
400259,,unknown,,unknown,,unknown,,,,,,,
400261,,unknown,,unknown,,unknown,,,,,,,
400263,,unknown,,unknown,,unknown,,,,,,,
400264,,unknown,,unknown,,unknown,,,,,,,
400266,,unknown,,unknown,,unknown,,,,,,,
400267,,unknown,,unknown,,unknown,,,,,,,
400268,,unknown,,unknown,,unknown,,,,,,,
400273,,unknown,,unknown,,unknown,,,,,,,
400274,,unknown,,unknown,,unknown,,,,,,,
400275,,unknown,,unknown,,unknown,,,,,,,
400276,,unknown,,unknown,,unknown,,,,,,,
400278,,unknown,,unknown,,unknown,,,,,,,
400279,,unknown,,unknown,,unknown,,,,,,,
400280,,unknown,,unknown,,unknown,,,,,,,
400281,,unknown,,unknown,,unknown,,,,,,,
400282,,unknown,,unknown,,unknown,,,,,,,
400284,,unknown,,unknown,,unknown,,,,,,,
400288,,unknown,,unknown,,unknown,,,,,,,
400290,,unknown,,unknown,,unknown,,,,,,,
400295,,unknown,,unknown,,unknown,,,,,,,
400303,,unknown,,unknown,,unknown,,,,,,,
400310,,unknown,,unknown,,unknown,,,,,,,
400311,,unknown,,unknown,,unknown,,,,,,,
400315,,unknown,,unknown,,unknown,,,,,,,
400316,,unknown,,unknown,,unknown,,,,,,,
400317,,unknown,,unknown,,unknown,,,,,,,
400318,,unknown,,unknown,,unknown,,,,,,,
400320,,unknown,,unknown,,unknown,,,,,,,
400321,,unknown,,unknown,,unknown,,,,,,,
400322,,unknown,,unknown,,unknown,,,,,,,
400323,,unknown,,unknown,,unknown,,,,,,,
400326,,unknown,,unknown,,unknown,,,,,,,
400327,,unknown,,unknown,,unknown,,,,,,,
400329,,unknown,,unknown,,unknown,,,,,,,
400330,,unknown,,unknown,,unknown,,,,,,,
400332,,unknown,,unknown,,unknown,,,,,,,
400339,,unknown,,unknown,,unknown,,,,,,,
400340,,unknown,,unknown,,unknown,,,,,,,
400341,,unknown,,unknown,,unknown,,,,,,,
400343,,unknown,,unknown,,unknown,,,,,,,
400345,,unknown,,unknown,,unknown,,,,,,,
400347,,unknown,,unknown,,unknown,,,,,,,
400348,,unknown,,unknown,,unknown,,,,,,,
400349,,unknown,,unknown,,unknown,,,,,,,
400351,,unknown,,unknown,,unknown,,,,,,,
400352,,unknown,,unknown,,unknown,,,,,,,
400353,,unknown,,unknown,,unknown,,,,,,,
400354,,unknown,,unknown,,unknown,,,,,,,
400355,,unknown,,unknown,,unknown,,,,,,,
400356,,unknown,,unknown,,unknown,,,,,,,
400357,,unknown,,unknown,,unknown,,,,,,,
400359,,unknown,,unknown,,unknown,,,,,,,
400361,,unknown,,unknown,,unknown,,,,,,,
400363,,unknown,,unknown,,unknown,,,,,,,
400364,,unknown,,unknown,,unknown,,,,,,,
400366,,unknown,,unknown,,unknown,,,,,,,
400367,,unknown,,unknown,,unknown,,,,,,,
400368,,unknown,,unknown,,unknown,,,,,,,
400370,,unknown,,unknown,,unknown,,,,,,,
400373,,unknown,,unknown,,unknown,,,,,,,
400374,,unknown,,unknown,,unknown,,,,,,,
400376,,unknown,,unknown,,unknown,,,,,,,
400377,,unknown,,unknown,,unknown,,,,,,,
400381,,unknown,,unknown,,unknown,,,,,,,
400382,,unknown,,unknown,,unknown,,,,,,,
400384,,unknown,,unknown,,unknown,,,,,,,
400385,,unknown,,unknown,,unknown,,,,,,,
400386,,unknown,,unknown,,unknown,,,,,,,
400387,,unknown,,unknown,,unknown,,,,,,,
400388,,unknown,,unknown,,unknown,,,,,,,
400389,,unknown,,unknown,,unknown,,,,,,,
400390,,unknown,,unknown,,unknown,,,,,,,
400391,,unknown,,unknown,,unknown,,,,,,,
400394,,unknown,,unknown,,unknown,,,,,,,
400395,,unknown,,unknown,,unknown,,,,,,,
400397,,unknown,,unknown,,unknown,,,,,,,
400399,,unknown,,unknown,,unknown,,,,,,,
400401,,unknown,,unknown,,unknown,,,,,,,
400402,,unknown,,unknown,,unknown,,,,,,,
400403,,unknown,,unknown,,unknown,,,,,,,
400404,,unknown,,unknown,,unknown,,,,,,,
400405,,unknown,,unknown,,unknown,,,,,,,
400406,,unknown,,unknown,,unknown,,,,,,,
400407,,unknown,,unknown,,unknown,,,,,,,
400409,,unknown,,unknown,,unknown,,,,,,,
400413,,unknown,,unknown,,unknown,,,,,,,
400414,,unknown,,unknown,,unknown,,,,,,,
400415,,unknown,,unknown,,unknown,,,,,,,
400417,,unknown,,unknown,,unknown,,,,,,,
400419,,unknown,,unknown,,unknown,,,,,,,
400420,,unknown,,unknown,,unknown,,,,,,,
400423,,unknown,,unknown,,unknown,,,,,,,
400424,,unknown,,unknown,,unknown,,,,,,,
400425,,unknown,,unknown,,unknown,,,,,,,
400427,,unknown,,unknown,,unknown,,,,,,,
400429,,unknown,,unknown,,unknown,,,,,,,
400432,,unknown,,unknown,,unknown,,,,,,,
400438,,unknown,,unknown,,unknown,,,,,,,
400439,,unknown,,unknown,,unknown,,,,,,,
400440,,unknown,,unknown,,unknown,,,,,,,
400441,,unknown,,unknown,,unknown,,,,,,,
400442,,unknown,,unknown,,unknown,,,,,,,
400444,,unknown,,unknown,,unknown,,,,,,,
400445,,unknown,,unknown,,unknown,,,,,,,
400447,,unknown,,unknown,,unknown,,,,,,,
400448,,unknown,,unknown,,unknown,,,,,,,
1903270,2024Q2,exact,2023Q4,backcast_award_minus_2q,2023Q3,from_applied_minus_1q,nanQnan,nanQnan,nanQnan,,,,
400455,,unknown,,unknown,,unknown,,,,,,,
400457,,unknown,,unknown,,unknown,,,,,,,
400458,,unknown,,unknown,,unknown,,,,,,,
400459,,unknown,,unknown,,unknown,,,,,,,
400460,,unknown,,unknown,,unknown,,,,,,,
400461,,unknown,,unknown,,unknown,,,,,,,
400463,,unknown,,unknown,,unknown,,,,,,,
400480,,unknown,,unknown,,unknown,,,,,,,
400520,,unknown,,unknown,,unknown,,,,,,,
400600,,unknown,,unknown,,unknown,,,,,,,
400607,,unknown,,unknown,,unknown,,,,,,,
400608,,unknown,,unknown,,unknown,,,,,,,
400610,,unknown,,unknown,,unknown,,,,,,,
400612,,unknown,,unknown,,unknown,,,,,,,
400613,,unknown,,unknown,,unknown,,,,,,,
400614,,unknown,,unknown,,unknown,,,,,,,
400615,,unknown,,unknown,,unknown,,,,,,,
400616,,unknown,,unknown,,unknown,,,,,,,
400618,,unknown,,unknown,,unknown,,,,,,,
400619,,unknown,,unknown,,unknown,,,,,,,
400621,,unknown,,unknown,,unknown,,,,,,,
400625,,unknown,,unknown,,unknown,,,,,,,
400626,,unknown,,unknown,,unknown,,,,,,,
400630,,unknown,,unknown,,unknown,,,,,,,
400632,,unknown,,unknown,,unknown,,,,,,,
400633,,unknown,,unknown,,unknown,,,,,,,
400636,,unknown,,unknown,,unknown,,,,,,,
400637,,unknown,,unknown,,unknown,,,,,,,
400638,,unknown,,unknown,,unknown,,,,,,,
400640,,unknown,,unknown,,unknown,,,,,,,
400641,,unknown,,unknown,,unknown,,,,,,,
400649,,unknown,,unknown,,unknown,,,,,,,
400653,,unknown,,unknown,,unknown,,,,,,,
400655,,unknown,,unknown,,unknown,,,,,,,
400680,,unknown,,unknown,,unknown,,,,,,,
400720,,unknown,,unknown,,unknown,,,,,,,
400745,,unknown,,unknown,,unknown,,,,,,,
400746,,unknown,,unknown,,unknown,,,,,,,
400747,,unknown,,unknown,,unknown,,,,,,,
400748,,unknown,,unknown,,unknown,,,,,,,
400750,,unknown,,unknown,,unknown,,,,,,,
400751,,unknown,,unknown,,unknown,,,,,,,
400752,,unknown,,unknown,,unknown,,,,,,,
400754,,unknown,,unknown,,unknown,,,,,,,
400755,,unknown,,unknown,,unknown,,,,,,,
400756,,unknown,,unknown,,unknown,,,,,,,
400757,,unknown,,unknown,,unknown,,,,,,,
400758,,unknown,,unknown,,unknown,,,,,,,
400760,,unknown,,unknown,,unknown,,,,,,,
400762,,unknown,,unknown,,unknown,,,,,,,
400763,,unknown,,unknown,,unknown,,,,,,,
400764,,unknown,,unknown,,unknown,,,,,,,
400765,,unknown,,unknown,,unknown,,,,,,,
400766,,unknown,,unknown,,unknown,,,,,,,
400768,,unknown,,unknown,,unknown,,,,,,,
400769,,unknown,,unknown,,unknown,,,,,,,
400770,,unknown,,unknown,,unknown,,,,,,,
400771,,unknown,,unknown,,unknown,,,,,,,
400772,,unknown,,unknown,,unknown,,,,,,,
400773,,unknown,,unknown,,unknown,,,,,,,
400774,,unknown,,unknown,,unknown,,,,,,,
400775,,unknown,,unknown,,unknown,,,,,,,
400776,,unknown,,unknown,,unknown,,,,,,,
400777,,unknown,,unknown,,unknown,,,,,,,
400778,,unknown,,unknown,,unknown,,,,,,,
400779,,unknown,,unknown,,unknown,,,,,,,
400780,,unknown,,unknown,,unknown,,,,,,,
400781,,unknown,,unknown,,unknown,,,,,,,
400782,,unknown,,unknown,,unknown,,,,,,,
400783,,unknown,,unknown,,unknown,,,,,,,
400785,,unknown,,unknown,,unknown,,,,,,,
400786,,unknown,,unknown,,unknown,,,,,,,
400787,,unknown,,unknown,,unknown,,,,,,,
400788,,unknown,,unknown,,unknown,,,,,,,
400789,,unknown,,unknown,,unknown,,,,,,,
400790,,unknown,,unknown,,unknown,,,,,,,
400792,,unknown,,unknown,,unknown,,,,,,,
400793,,unknown,,unknown,,unknown,,,,,,,
400794,,unknown,,unknown,,unknown,,,,,,,
400797,,unknown,,unknown,,unknown,,,,,,,
400798,,unknown,,unknown,,unknown,,,,,,,
400799,,unknown,,unknown,,unknown,,,,,,,
400800,,unknown,,unknown,,unknown,,,,,,,
400801,,unknown,,unknown,,unknown,,,,,,,
400802,,unknown,,unknown,,unknown,,,,,,,
400803,,unknown,,unknown,,unknown,,,,,,,
400805,,unknown,,unknown,,unknown,,,,,,,
400807,,unknown,,unknown,,unknown,,,,,,,
400810,,unknown,,unknown,,unknown,,,,,,,
400814,,unknown,,unknown,,unknown,,,,,,,
400815,,unknown,,unknown,,unknown,,,,,,,
400816,,unknown,,unknown,,unknown,,,,,,,
400817,,unknown,,unknown,,unknown,,,,,,,
400818,,unknown,,unknown,,unknown,,,,,,,
400819,,unknown,,unknown,,unknown,,,,,,,
400820,,unknown,,unknown,,unknown,,,,,,,
400821,,unknown,,unknown,,unknown,,,,,,,
400822,,unknown,,unknown,,unknown,,,,,,,
400823,,unknown,,unknown,,unknown,,,,,,,
400824,,unknown,,unknown,,unknown,,,,,,,
400827,,unknown,,unknown,,unknown,,,,,,,
400828,,unknown,,unknown,,unknown,,,,,,,
400829,,unknown,,unknown,,unknown,,,,,,,
400830,,unknown,,unknown,,unknown,,,,,,,
400831,,unknown,,unknown,,unknown,,,,,,,
400832,,unknown,,unknown,,unknown,,,,,,,
400833,,unknown,,unknown,,unknown,,,,,,,
400834,,unknown,,unknown,,unknown,,,,,,,
400835,,unknown,,unknown,,unknown,,,,,,,
400837,,unknown,,unknown,,unknown,,,,,,,
400838,,unknown,,unknown,,unknown,,,,,,,
400839,,unknown,,unknown,,unknown,,,,,,,
400840,,unknown,,unknown,,unknown,,,,,,,
400841,,unknown,,unknown,,unknown,,,,,,,
400842,,unknown,,unknown,,unknown,,,,,,,
400843,,unknown,,unknown,,unknown,,,,,,,
400844,,unknown,,unknown,,unknown,,,,,,,
400845,,unknown,,unknown,,unknown,,,,,,,
400846,,unknown,,unknown,,unknown,,,,,,,
400847,,unknown,,unknown,,unknown,,,,,,,
400849,,unknown,,unknown,,unknown,,,,,,,
400850,,unknown,,unknown,,unknown,,,,,,,
400851,,unknown,,unknown,,unknown,,,,,,,
400852,,unknown,,unknown,,unknown,,,,,,,
400853,,unknown,,unknown,,unknown,,,,,,,
400855,,unknown,,unknown,,unknown,,,,,,,
400857,,unknown,,unknown,,unknown,,,,,,,
400858,,unknown,,unknown,,unknown,,,,,,,
400859,,unknown,,unknown,,unknown,,,,,,,
400861,,unknown,,unknown,,unknown,,,,,,,
400863,,unknown,,unknown,,unknown,,,,,,,
400864,,unknown,,unknown,,unknown,,,,,,,
400866,,unknown,,unknown,,unknown,,,,,,,
400867,,unknown,,unknown,,unknown,,,,,,,
400870,,unknown,,unknown,,unknown,,,,,,,
400871,,unknown,,unknown,,unknown,,,,,,,
400872,,unknown,,unknown,,unknown,,,,,,,
400873,,unknown,,unknown,,unknown,,,,,,,
400875,,unknown,,unknown,,unknown,,,,,,,
400876,,unknown,,unknown,,unknown,,,,,,,
400877,,unknown,,unknown,,unknown,,,,,,,
400878,,unknown,,unknown,,unknown,,,,,,,
400879,,unknown,,unknown,,unknown,,,,,,,
400880,,unknown,,unknown,,unknown,,,,,,,
400881,,unknown,,unknown,,unknown,,,,,,,
400882,,unknown,,unknown,,unknown,,,,,,,
400884,,unknown,,unknown,,unknown,,,,,,,
400885,,unknown,,unknown,,unknown,,,,,,,
400886,,unknown,,unknown,,unknown,,,,,,,
400887,,unknown,,unknown,,unknown,,,,,,,
400888,,unknown,,unknown,,unknown,,,,,,,
400890,,unknown,,unknown,,unknown,,,,,,,
400891,,unknown,,unknown,,unknown,,,,,,,
400892,,unknown,,unknown,,unknown,,,,,,,
400893,,unknown,,unknown,,unknown,,,,,,,
400894,,unknown,,unknown,,unknown,,,,,,,
400895,,unknown,,unknown,,unknown,,,,,,,
400897,,unknown,,unknown,,unknown,,,,,,,
400898,,unknown,,unknown,,unknown,,,,,,,
400899,,unknown,,unknown,,unknown,,,,,,,
400900,,unknown,,unknown,,unknown,,,,,,,
400902,,unknown,,unknown,,unknown,,,,,,,
400903,,unknown,,unknown,,unknown,,,,,,,
400904,,unknown,,unknown,,unknown,,,,,,,
400905,,unknown,,unknown,,unknown,,,,,,,
400907,,unknown,,unknown,,unknown,,,,,,,
400909,,unknown,,unknown,,unknown,,,,,,,
400910,,unknown,,unknown,,unknown,,,,,,,
400911,,unknown,,unknown,,unknown,,,,,,,
400912,,unknown,,unknown,,unknown,,,,,,,
400913,,unknown,,unknown,,unknown,,,,,,,
400914,,unknown,,unknown,,unknown,,,,,,,
400915,,unknown,,unknown,,unknown,,,,,,,
400916,,unknown,,unknown,,unknown,,,,,,,
400918,,unknown,,unknown,,unknown,,,,,,,
400919,,unknown,,unknown,,unknown,,,,,,,
400920,,unknown,,unknown,,unknown,,,,,,,
400921,,unknown,,unknown,,unknown,,,,,,,
400922,,unknown,,unknown,,unknown,,,,,,,
400924,,unknown,,unknown,,unknown,,,,,,,
400925,,unknown,,unknown,,unknown,,,,,,,
400926,,unknown,,unknown,,unknown,,,,,,,
400927,,unknown,,unknown,,unknown,,,,,,,
400929,,unknown,,unknown,,unknown,,,,,,,
400930,,unknown,,unknown,,unknown,,,,,,,
400933,,unknown,,unknown,,unknown,,,,,,,
400934,,unknown,,unknown,,unknown,,,,,,,
400936,,unknown,,unknown,,unknown,,,,,,,
400937,,unknown,,unknown,,unknown,,,,,,,
400939,,unknown,,unknown,,unknown,,,,,,,
400940,,unknown,,unknown,,unknown,,,,,,,
400941,,unknown,,unknown,,unknown,,,,,,,
400942,,unknown,,unknown,,unknown,,,,,,,
400943,,unknown,,unknown,,unknown,,,,,,,
400944,,unknown,,unknown,,unknown,,,,,,,
400945,,unknown,,unknown,,unknown,,,,,,,
400946,,unknown,,unknown,,unknown,,,,,,,
400947,,unknown,,unknown,,unknown,,,,,,,
400948,,unknown,,unknown,,unknown,,,,,,,
400950,,unknown,,unknown,,unknown,,,,,,,
400951,,unknown,,unknown,,unknown,,,,,,,
400952,,unknown,,unknown,,unknown,,,,,,,
400953,,unknown,,unknown,,unknown,,,,,,,
400954,,unknown,,unknown,,unknown,,,,,,,
400955,,unknown,,unknown,,unknown,,,,,,,
400956,,unknown,,unknown,,unknown,,,,,,,
400958,,unknown,,unknown,,unknown,,,,,,,
400959,,unknown,,unknown,,unknown,,,,,,,
400960,,unknown,,unknown,,unknown,,,,,,,
400961,,unknown,,unknown,,unknown,,,,,,,
400962,,unknown,,unknown,,unknown,,,,,,,
400963,,unknown,,unknown,,unknown,,,,,,,
400964,,unknown,,unknown,,unknown,,,,,,,
400965,,unknown,,unknown,,unknown,,,,,,,
400966,,unknown,,unknown,,unknown,,,,,,,
400967,,unknown,,unknown,,unknown,,,,,,,
400968,,unknown,,unknown,,unknown,,,,,,,
400969,,unknown,,unknown,,unknown,,,,,,,
400970,,unknown,,unknown,,unknown,,,,,,,
400972,,unknown,,unknown,,unknown,,,,,,,
400973,,unknown,,unknown,,unknown,,,,,,,
400975,,unknown,,unknown,,unknown,,,,,,,
400976,,unknown,,unknown,,unknown,,,,,,,
400977,,unknown,,unknown,,unknown,,,,,,,
400978,,unknown,,unknown,,unknown,,,,,,,
400980,,unknown,,unknown,,unknown,,,,,,,
400981,,unknown,,unknown,,unknown,,,,,,,
400982,,unknown,,unknown,,unknown,,,,,,,
400983,,unknown,,unknown,,unknown,,,,,,,
400984,,unknown,,unknown,,unknown,,,,,,,
400985,,unknown,,unknown,,unknown,,,,,,,
400986,,unknown,,unknown,,unknown,,,,,,,
400987,,unknown,,unknown,,unknown,,,,,,,
400988,,unknown,,unknown,,unknown,,,,,,,
400989,,unknown,,unknown,,unknown,,,,,,,
400990,,unknown,,unknown,,unknown,,,,,,,
400991,,unknown,,unknown,,unknown,,,,,,,
400992,,unknown,,unknown,,unknown,,,,,,,
400996,,unknown,,unknown,,unknown,,,,,,,
400997,,unknown,,unknown,,unknown,,,,,,,
400998,,unknown,,unknown,,unknown,,,,,,,
400999,,unknown,,unknown,,unknown,,,,,,,
401000,,unknown,,unknown,,unknown,,,,,,,
401002,,unknown,,unknown,,unknown,,,,,,,
401003,,unknown,,unknown,,unknown,,,,,,,
401004,,unknown,,unknown,,unknown,,,,,,,
401005,,unknown,,unknown,,unknown,,,,,,,
401006,,unknown,,unknown,,unknown,,,,,,,
401007,,unknown,,unknown,,unknown,,,,,,,
401008,,unknown,,unknown,,unknown,,,,,,,
401009,,unknown,,unknown,,unknown,,,,,,,
401010,,unknown,,unknown,,unknown,,,,,,,
401011,,unknown,,unknown,,unknown,,,,,,,
401012,,unknown,,unknown,,unknown,,,,,,,
401013,,unknown,,unknown,,unknown,,,,,,,
401014,,unknown,,unknown,,unknown,,,,,,,
401015,,unknown,,unknown,,unknown,,,,,,,
401016,,unknown,,unknown,,unknown,,,,,,,
401050,,unknown,,unknown,,unknown,,,,,,,
401080,,unknown,,unknown,,unknown,,,,,,,
401160,,unknown,,unknown,,unknown,,,,,,,
401180,,unknown,,unknown,,unknown,,,,,,,
401230,,unknown,,unknown,,unknown,,,,,,,
3500060,2024Q2,exact,2023Q4,backcast_award_minus_2q,2023Q3,from_applied_minus_1q,nanQnan,nanQnan,nanQnan,,,,
401290,,unknown,,unknown,,unknown,,,,,,,
401330,,unknown,,unknown,,unknown,,,,,,,
401380,,unknown,,unknown,,unknown,,,,,,,
401410,,unknown,,unknown,,unknown,,,,,,,
401460,,unknown,,unknown,,unknown,,,,,,,
401500,,unknown,,unknown,,unknown,,,,,,,
401600,,unknown,,unknown,,unknown,,,,,,,
401650,,unknown,,unknown,,unknown,,,,,,,
2602160,2022Q4,exact,2022Q2,backcast_award_minus_2q,2022Q1,from_applied_minus_1q,nanQnan,2023Q3,2023Q3,,,0.0,3.0
34ALDIN,2021Q4,exact,2021Q2,backcast_award_minus_2q,2021Q1,from_applied_minus_1q,2022Q3,2023Q2,2023Q2,3.0,3.0,0.0,6.0
401740,,unknown,,unknown,,unknown,,,,,,,
401760,,unknown,,unknown,,unknown,,,,,,,
3602670,2022Q4,exact,2022Q2,backcast_award_minus_2q,2022Q1,from_applied_minus_1q,2023Q3,2023Q4,2024Q1,3.0,1.0,1.0,5.0
5100120,2020Q1,exact,2019Q3,backcast_award_minus_2q,2019Q2,from_applied_minus_1q,2020Q4,2021Q4,2022Q1,3.0,4.0,1.0,8.0
401920,,unknown,,unknown,,unknown,,,,,,,
600153,2024Q2,exact,2023Q4,backcast_award_minus_2q,2023Q3,from_applied_minus_1q,nanQnan,nanQnan,nanQnan,,,,
402130,,unknown,,unknown,,unknown,,,,,,,
402190,,unknown,,unknown,,unknown,,,,,,,
402220,,unknown,,unknown,,unknown,,,,,,,
402250,,unknown,,unknown,,unknown,,,,,,,
4807830,2023Q4,exact,2023Q2,backcast_award_minus_2q,2023Q1,from_applied_minus_1q,nanQnan,nanQnan,nanQnan,,,,
402370,,unknown,,unknown,,unknown,,,,,,,
402400,2023Q4,exact,2023Q2,backcast_award_minus_2q,2023Q1,from_applied_minus_1q,nanQnan,nanQnan,nanQnan,,,,
601950,2018Q2,exact,2017Q4,backcast_award_minus_2q,2017Q3,from_applied_minus_1q,2019Q1,2020Q2,2020Q4,3.0,5.0,2.0,10.0
402460,,unknown,,unknown,,unknown,,,,,,,
402480,,unknown,,unknown,,unknown,,,,,,,
402490,,unknown,,unknown,,unknown,,,,,,,
402530,,unknown,,unknown,,unknown,,,,,,,
402600,,unknown,,unknown,,unknown,,,,,,,
402690,,unknown,,unknown,,unknown,,,,,,,
402740,,unknown,,unknown,,unknown,,,,,,,
402760,,unknown,,unknown,,unknown,,,,,,,
402790,,unknown,,unknown,,unknown,,,,,,,
402820,,unknown,,unknown,,unknown,,,,,,,
2400030,2024Q2,exact,2020Q2,program_calendar,2020Q1,from_applied_minus_1q,nanQnan,nanQnan,nanQnan,,,,
402920,,unknown,,unknown,,unknown,,,,,,,
2602520,2024Q2,exact,2023Q4,backcast_award_minus_2q,2023Q3,from_applied_minus_1q,nanQnan,nanQnan,nanQnan,,,,
403040,,unknown,,unknown,,unknown,,,,,,,
403060,,unknown,,unknown,,unknown,,,,,,,
403080,,unknown,,unknown,,unknown,,,,,,,
403150,,unknown,,unknown,,unknown,,,,,,,
403200,,unknown,,unknown,,unknown,,,,,,,
403240,,unknown,,unknown,,unknown,,,,,,,
403290,,unknown,,unknown,,unknown,,,,,,,
403310,,unknown,,unknown,,unknown,,,,,,,
403400,,unknown,,unknown,,unknown,,,,,,,
403420,,unknown,,unknown,,unknown,,,,,,,
403450,,unknown,,unknown,,unknown,,,,,,,
403500,,unknown,,unknown,,unknown,,,,,,,
403550,,unknown,,unknown,,unknown,,,,,,,
403660,,unknown,,unknown,,unknown,,,,,,,
403730,,unknown,,unknown,,unknown,,,,,,,
403780,,unknown,,unknown,,unknown,,,,,,,
403820,,unknown,,unknown,,unknown,,,,,,,
403860,,unknown,,unknown,,unknown,,,,,,,
403870,,unknown,,unknown,,unknown,,,,,,,
403900,,unknown,,unknown,,unknown,,,,,,,
403950,,unknown,,unknown,,unknown,,,,,,,
502250,2023Q1,exact,2022Q3,backcast_award_minus_2q,2022Q2,from_applied_minus_1q,2023Q2,2024Q1,2024Q1,1.0,3.0,0.0,4.0
403990,,unknown,,unknown,,unknown,,,,,,,
5500180,2024Q2,exact,2023Q4,backcast_award_minus_2q,2023Q3,from_applied_minus_1q,nanQnan,nanQnan,nanQnan,,,,
404060,,unknown,,unknown,,unknown,,,,,,,
404170,,unknown,,unknown,,unknown,,,,,,,
404200,,unknown,,unknown,,unknown,,,,,,,
404230,,unknown,,unknown,,unknown,,,,,,,
404280,,unknown,,unknown,,unknown,,,,,,,
601943,2020Q3,exact,2020Q1,backcast_award_minus_2q,2019Q4,from_applied_minus_1q,2021Q2,nanQnan,nanQnan,3.0,,,
404320,,unknown,,unknown,,unknown,,,,,,,
404380,,unknown,,unknown,,unknown,,,,,,,
404410,,unknown,,unknown,,unknown,,,,,,,
502280,2022Q4,exact,2022Q2,backcast_award_minus_2q,2022Q1,from_applied_minus_1q,nanQnan,2024Q2,2024Q2,,,0.0,6.0
602070,2020Q3,exact,2020Q1,backcast_award_minus_2q,2019Q4,from_applied_minus_1q,2021Q2,2022Q3,2022Q4,3.0,5.0,1.0,9.0
404530,,unknown,,unknown,,unknown,,,,,,,
404570,,unknown,,unknown,,unknown,,,,,,,
404630,,unknown,,unknown,,unknown,,,,,,,
404720,,unknown,,unknown,,unknown,,,,,,,
404770,,unknown,,unknown,,unknown,,,,,,,
404820,,unknown,,unknown,,unknown,,,,,,,
404860,,unknown,,unknown,,unknown,,,,,,,
404920,,unknown,,unknown,,unknown,,,,,,,
602450,2020Q4,exact,2020Q2,backcast_award_minus_2q,2020Q1,from_applied_minus_1q,2021Q3,2022Q4,2023Q1,3.0,5.0,1.0,9.0
405030,,unknown,,unknown,,unknown,,,,,,,
405070,,unknown,,unknown,,unknown,,,,,,,
405100,,unknown,,unknown,,unknown,,,,,,,
3904684,2022Q4,exact,2022Q2,backcast_award_minus_2q,2022Q1,from_applied_minus_1q,nanQnan,2024Q1,2024Q1,,,0.0,5.0
405220,,unknown,,unknown,,unknown,,,,,,,
405320,,unknown,,unknown,,unknown,,,,,,,
405340,,unknown,,unknown,,unknown,,,,,,,
405360,,unknown,,unknown,,unknown,,,,,,,
405400,,unknown,,unknown,,unknown,,,,,,,
405430,,unknown,,unknown,,unknown,,,,,,,
405460,,unknown,,unknown,,unknown,,,,,,,
405500,,unknown,,unknown,,unknown,,,,,,,
405530,,unknown,,unknown,,unknown,,,,,,,
405640,,unknown,,unknown,,unknown,,,,,,,
1703690,2022Q4,exact,2022Q2,backcast_award_minus_2q,2022Q1,from_applied_minus_1q,2022Q4,2023Q2,2023Q2,0.0,2.0,0.0,2.0
405730,,unknown,,unknown,,unknown,,,,,,,
405760,,unknown,,unknown,,unknown,,,,,,,
405820,,unknown,,unknown,,unknown,,,,,,,
405850,,unknown,,unknown,,unknown,,,,,,,
405880,,unknown,,unknown,,unknown,,,,,,,
5100180,2022Q4,exact,2022Q2,backcast_award_minus_2q,2022Q1,from_applied_minus_1q,2023Q2,2023Q2,2023Q2,2.0,0.0,0.0,2.0
405980,,unknown,,unknown,,unknown,,,,,,,
406000,,unknown,,unknown,,unknown,,,,,,,
6000030,2022Q4,exact,2022Q2,backcast_award_minus_2q,2022Q1,from_applied_minus_1q,2023Q2,2024Q1,2024Q1,2.0,3.0,0.0,5.0
406070,,unknown,,unknown,,unknown,,,,,,,
406120,,unknown,,unknown,,unknown,,,,,,,
406150,,unknown,,unknown,,unknown,,,,,,,
406210,,unknown,,unknown,,unknown,,,,,,,
406250,,unknown,,unknown,,unknown,,,,,,,
2501890,2022Q4,exact,2022Q2,backcast_award_minus_2q,2022Q1,from_applied_minus_1q,2023Q1,2023Q4,2023Q4,1.0,3.0,0.0,4.0
5100210,2021Q4,exact,2021Q2,backcast_award_minus_2q,2021Q1,from_applied_minus_1q,2022Q2,2022Q3,2022Q3,2.0,1.0,0.0,3.0
406360,,unknown,,unknown,,unknown,,,,,,,
406440,,unknown,,unknown,,unknown,,,,,,,
406510,,unknown,,unknown,,unknown,,,,,,,
406580,,unknown,,unknown,,unknown,,,,,,,
406630,,unknown,,unknown,,unknown,,,,,,,
406730,,unknown,,unknown,,unknown,,,,,,,
2501920,2016Q2,exact,2015Q4,backcast_award_minus_2q,2015Q3,from_applied_minus_1q,2016Q3,2017Q1,2017Q1,1.0,2.0,0.0,3.0
406780,,unknown,,unknown,,unknown,,,,,,,
406810,,unknown,,unknown,,unknown,,,,,,,
406850,,unknown,,unknown,,unknown,,,,,,,
4101230,2023Q4,exact,2023Q2,backcast_award_minus_2q,2023Q1,from_applied_minus_1q,nanQnan,nanQnan,nanQnan,,,,
406900,,unknown,,unknown,,unknown,,,,,,,
406930,,unknown,,unknown,,unknown,,,,,,,
406960,,unknown,,unknown,,unknown,,,,,,,
407020,,unknown,,unknown,,unknown,,,,,,,
602610,2017Q2,exact,2016Q4,backcast_award_minus_2q,2016Q3,from_applied_minus_1q,2017Q3,2019Q4,2020Q1,1.0,9.0,1.0,11.0
407130,,unknown,,unknown,,unknown,,,,,,,
407170,,unknown,,unknown,,unknown,,,,,,,
407200,,unknown,,unknown,,unknown,,,,,,,
407240,,unknown,,unknown,,unknown,,,,,,,
407300,,unknown,,unknown,,unknown,,,,,,,
407380,,unknown,,unknown,,unknown,,,,,,,
407430,,unknown,,unknown,,unknown,,,,,,,
407500,,unknown,,unknown,,unknown,,,,,,,
407520,,unknown,,unknown,,unknown,,,,,,,
407530,,unknown,,unknown,,unknown,,,,,,,
407570,,unknown,,unknown,,unknown,,,,,,,
407630,,unknown,,unknown,,unknown,,,,,,,
407680,,unknown,,unknown,,unknown,,,,,,,
407700,,unknown,,unknown,,unknown,,,,,,,
407750,,unknown,,unknown,,unknown,,,,,,,
407770,,unknown,,unknown,,unknown,,,,,,,
407820,,unknown,,unknown,,unknown,,,,,,,
407860,,unknown,,unknown,,unknown,,,,,,,
602630,2017Q2,exact,2016Q4,backcast_award_minus_2q,2016Q3,from_applied_minus_1q,2017Q3,2019Q4,2020Q1,1.0,9.0,1.0,11.0
407920,,unknown,,unknown,,unknown,,,,,,,
408020,,unknown,,unknown,,unknown,,,,,,,
408080,,unknown,,unknown,,unknown,,,,,,,
408130,,unknown,,unknown,,unknown,,,,,,,
408170,,unknown,,unknown,,unknown,,,,,,,
408230,,unknown,,unknown,,unknown,,,,,,,
408280,,unknown,,unknown,,unknown,,,,,,,
2602790,2024Q2,exact,2023Q4,backcast_award_minus_2q,2023Q3,from_applied_minus_1q,nanQnan,nanQnan,nanQnan,,,,
408340,,unknown,,unknown,,unknown,,,,,,,
408410,,unknown,,unknown,,unknown,,,,,,,
4500840,2022Q4,exact,2022Q2,backcast_award_minus_2q,2022Q1,from_applied_minus_1q,nanQnan,2024Q1,2024Q1,,,0.0,5.0
408460,,unknown,,unknown,,unknown,,,,,,,
408490,,unknown,,unknown,,unknown,,,,,,,
4500900,2022Q4,exact,2021Q2,program_calendar,2021Q1,from_applied_minus_1q,nanQnan,2024Q1,2024Q1,,,0.0,5.0
408550,,unknown,,unknown,,unknown,,,,,,,
408600,,unknown,,unknown,,unknown,,,,,,,
408640,,unknown,,unknown,,unknown,,,,,,,
408680,,unknown,,unknown,,unknown,,,,,,,
3002070,2024Q2,exact,2023Q4,backcast_award_minus_2q,2023Q3,from_applied_minus_1q,nanQnan,nanQnan,nanQnan,,,,
2501950,2021Q1,exact,2020Q3,backcast_award_minus_2q,2020Q2,from_applied_minus_1q,2021Q4,2022Q4,2023Q1,3.0,4.0,1.0,8.0
408850,,unknown,,unknown,,unknown,,,,,,,
408880,,unknown,,unknown,,unknown,,,,,,,
408910,,unknown,,unknown,,unknown,,,,,,,
409060,,unknown,,unknown,,unknown,,,,,,,
409090,,unknown,,unknown,,unknown,,,,,,,
409120,,unknown,,unknown,,unknown,,,,,,,
409160,,unknown,,unknown,,unknown,,,,,,,
409190,,unknown,,unknown,,unknown,,,,,,,
409250,,unknown,,unknown,,unknown,,,,,,,
409310,,unknown,,unknown,,unknown,,,,,,,
409360,,unknown,,unknown,,unknown,,,,,,,
409390,,unknown,,unknown,,unknown,,,,,,,
409430,,unknown,,unknown,,unknown,,,,,,,
409460,,unknown,,unknown,,unknown,,,,,,,
409510,,unknown,,unknown,,unknown,,,,,,,
409540,,unknown,,unknown,,unknown,,,,,,,
409570,,unknown,,unknown,,unknown,,,,,,,
409600,,unknown,,unknown,,unknown,,,,,,,
1903630,2022Q4,exact,2022Q2,backcast_award_minus_2q,2022Q1,from_applied_minus_1q,nanQnan,2023Q4,2023Q4,,,0.0,4.0
409731,,unknown,,unknown,,unknown,,,,,,,
409733,,unknown,,unknown,,unknown,,,,,,,
409734,,unknown,,unknown,,unknown,,,,,,,
409735,,unknown,,unknown,,unknown,,,,,,,
409736,,unknown,,unknown,,unknown,,,,,,,
409737,,unknown,,unknown,,unknown,,,,,,,
409738,,unknown,,unknown,,unknown,,,,,,,
409739,,unknown,,unknown,,unknown,,,,,,,
409740,,unknown,,unknown,,unknown,,,,,,,
409741,,unknown,,unknown,,unknown,,,,,,,
409742,,unknown,,unknown,,unknown,,,,,,,
409743,,unknown,,unknown,,unknown,,,,,,,
500001,,unknown,,unknown,,unknown,,,,,,,
500002,,unknown,,unknown,,unknown,,,,,,,
500005,,unknown,,unknown,,unknown,,,,,,,
500006,,unknown,,unknown,,unknown,,,,,,,
500008,,unknown,,unknown,,unknown,,,,,,,
500009,,unknown,,unknown,,unknown,,,,,,,
500011,,unknown,,unknown,,unknown,,,,,,,
500012,,unknown,,unknown,,unknown,,,,,,,
500013,,unknown,,unknown,,unknown,,,,,,,
500014,,unknown,,unknown,,unknown,,,,,,,
500015,,unknown,,unknown,,unknown,,,,,,,
500016,,unknown,,unknown,,unknown,,,,,,,
500017,,unknown,,unknown,,unknown,,,,,,,
500018,,unknown,,unknown,,unknown,,,,,,,
2602820,2019Q3,exact,2019Q1,backcast_award_minus_2q,2018Q4,from_applied_minus_1q,2019Q4,2020Q4,2021Q1,1.0,4.0,1.0,6.0
500020,,unknown,,unknown,,unknown,,,,,,,
500021,,unknown,,unknown,,unknown,,,,,,,
500022,,unknown,,unknown,,unknown,,,,,,,
500023,,unknown,,unknown,,unknown,,,,,,,
500024,,unknown,,unknown,,unknown,,,,,,,
500025,,unknown,,unknown,,unknown,,,,,,,
500026,,unknown,,unknown,,unknown,,,,,,,
500027,,unknown,,unknown,,unknown,,,,,,,
500028,,unknown,,unknown,,unknown,,,,,,,
500029,,unknown,,unknown,,unknown,,,,,,,
500030,,unknown,,unknown,,unknown,,,,,,,
500031,,unknown,,unknown,,unknown,,,,,,,
500032,,unknown,,unknown,,unknown,,,,,,,
500033,,unknown,,unknown,,unknown,,,,,,,
500034,,unknown,,unknown,,unknown,,,,,,,
500035,,unknown,,unknown,,unknown,,,,,,,
500036,,unknown,,unknown,,unknown,,,,,,,
500037,,unknown,,unknown,,unknown,,,,,,,
500039,,unknown,,unknown,,unknown,,,,,,,
500040,,unknown,,unknown,,unknown,,,,,,,
500041,,unknown,,unknown,,unknown,,,,,,,
500042,,unknown,2020Q2,program_calendar,2020Q1,from_applied_minus_1q,,,,,,,
2400060,2024Q2,exact,2023Q4,backcast_award_minus_2q,2023Q3,from_applied_minus_1q,nanQnan,nanQnan,nanQnan,,,,
500044,,unknown,,unknown,,unknown,,,,,,,
500045,,unknown,,unknown,,unknown,,,,,,,
500046,,unknown,,unknown,,unknown,,,,,,,
500047,,unknown,,unknown,,unknown,,,,,,,
500048,,unknown,,unknown,,unknown,,,,,,,
500049,,unknown,,unknown,,unknown,,,,,,,
500051,,unknown,,unknown,,unknown,,,,,,,
500052,,unknown,,unknown,,unknown,,,,,,,
500053,,unknown,,unknown,,unknown,,,,,,,
500054,,unknown,,unknown,,unknown,,,,,,,
500055,,unknown,,unknown,,unknown,,,,,,,
500056,,unknown,,unknown,,unknown,,,,,,,
500057,,unknown,,unknown,,unknown,,,,,,,
500058,,unknown,,unknown,,unknown,,,,,,,
500059,,unknown,,unknown,,unknown,,,,,,,
500060,,unknown,,unknown,,unknown,,,,,,,
500061,,unknown,,unknown,,unknown,,,,,,,
500062,,unknown,,unknown,,unknown,,,,,,,
500065,,unknown,,unknown,,unknown,,,,,,,
500066,,unknown,,unknown,,unknown,,,,,,,
500067,,unknown,,unknown,,unknown,,,,,,,
500068,,unknown,,unknown,,unknown,,,,,,,
500070,,unknown,,unknown,,unknown,,,,,,,
500071,,unknown,,unknown,,unknown,,,,,,,
500072,,unknown,,unknown,,unknown,,,,,,,
500073,,unknown,,unknown,,unknown,,,,,,,
500074,,unknown,,unknown,,unknown,,,,,,,
500075,,unknown,,unknown,,unknown,,,,,,,
500076,,unknown,,unknown,,unknown,,,,,,,
500078,,unknown,,unknown,,unknown,,,,,,,
500079,,unknown,,unknown,,unknown,,,,,,,
500080,,unknown,,unknown,,unknown,,,,,,,
500081,,unknown,,unknown,,unknown,,,,,,,
500082,,unknown,,unknown,,unknown,,,,,,,
500389,,unknown,,unknown,,unknown,,,,,,,
500390,,unknown,,unknown,,unknown,,,,,,,
500394,,unknown,,unknown,,unknown,,,,,,,
500398,,unknown,,unknown,,unknown,,,,,,,
500402,,unknown,,unknown,,unknown,,,,,,,
500405,,unknown,,unknown,,unknown,,,,,,,
500407,,unknown,,unknown,,unknown,,,,,,,
500408,,unknown,,unknown,,unknown,,,,,,,
500409,,unknown,,unknown,,unknown,,,,,,,
500411,,unknown,,unknown,,unknown,,,,,,,
500417,,unknown,,unknown,,unknown,,,,,,,
500418,,unknown,,unknown,,unknown,,,,,,,
500419,,unknown,,unknown,,unknown,,,,,,,
500420,,unknown,,unknown,,unknown,,,,,,,
500421,,unknown,,unknown,,unknown,,,,,,,
500423,,unknown,,unknown,,unknown,,,,,,,
500425,,unknown,,unknown,,unknown,,,,,,,
500426,,unknown,,unknown,,unknown,,,,,,,
500428,,unknown,,unknown,,unknown,,,,,,,
500429,,unknown,,unknown,,unknown,,,,,,,
500430,,unknown,,unknown,,unknown,,,,,,,
500431,,unknown,,unknown,,unknown,,,,,,,
500432,,unknown,,unknown,,unknown,,,,,,,
500433,,unknown,,unknown,,unknown,,,,,,,
500434,,unknown,,unknown,,unknown,,,,,,,
500435,,unknown,,unknown,,unknown,,,,,,,
500436,,unknown,,unknown,,unknown,,,,,,,
500437,,unknown,,unknown,,unknown,,,,,,,
500438,,unknown,,unknown,,unknown,,,,,,,
500439,,unknown,,unknown,,unknown,,,,,,,
500440,,unknown,,unknown,,unknown,,,,,,,
500441,,unknown,,unknown,,unknown,,,,,,,
601363,2018Q4,exact,2018Q2,backcast_award_minus_2q,2018Q1,from_applied_minus_1q,2019Q3,2020Q2,2020Q3,3.0,3.0,1.0,7.0
602850,2020Q1,exact,2019Q3,backcast_award_minus_2q,2019Q2,from_applied_minus_1q,2020Q4,2022Q1,2022Q2,3.0,5.0,1.0,9.0
502430,,unknown,,unknown,,unknown,,,,,,,
502550,,unknown,,unknown,,unknown,,,,,,,
502580,,unknown,,unknown,,unknown,,,,,,,
502610,,unknown,,unknown,,unknown,,,,,,,
502670,,unknown,,unknown,,unknown,,,,,,,
502700,,unknown,,unknown,,unknown,,,,,,,
502730,,unknown,,unknown,,unknown,,,,,,,
502790,,unknown,,unknown,,unknown,,,,,,,
502820,,unknown,,unknown,,unknown,,,,,,,
502880,,unknown,,unknown,,unknown,,,,,,,
502960,,unknown,,unknown,,unknown,,,,,,,
503030,,unknown,,unknown,,unknown,,,,,,,
503060,,unknown,,unknown,,unknown,,,,,,,
503090,,unknown,,unknown,,unknown,,,,,,,
503150,,unknown,2020Q2,program_calendar,2020Q1,from_applied_minus_1q,,,,,,,
503240,,unknown,,unknown,,unknown,,,,,,,
503300,,unknown,,unknown,,unknown,,,,,,,
600017,2018Q4,exact,2018Q2,backcast_award_minus_2q,2018Q1,from_applied_minus_1q,2019Q3,2020Q2,2020Q3,3.0,3.0,1.0,7.0
503420,,unknown,,unknown,,unknown,,,,,,,
503450,,unknown,,unknown,,unknown,,,,,,,
503480,,unknown,,unknown,,unknown,,,,,,,
503630,,unknown,,unknown,,unknown,,,,,,,
503640,,unknown,,unknown,,unknown,,,,,,,
503690,,unknown,,unknown,,unknown,,,,,,,
503710,,unknown,,unknown,,unknown,,,,,,,
503750,,unknown,2020Q2,program_calendar,2020Q1,from_applied_minus_1q,,,,,,,
503770,,unknown,,unknown,,unknown,,,,,,,
503840,,unknown,,unknown,,unknown,,,,,,,
503960,,unknown,,unknown,,unknown,,,,,,,
504020,,unknown,,unknown,,unknown,,,,,,,
504050,,unknown,,unknown,,unknown,,,,,,,
504080,,unknown,,unknown,,unknown,,,,,,,
504110,,unknown,,unknown,,unknown,,,,,,,
504170,,unknown,,unknown,,unknown,,,,,,,
504200,,unknown,,unknown,,unknown,,,,,,,
504350,,unknown,,unknown,,unknown,,,,,,,
504370,,unknown,,unknown,,unknown,,,,,,,
504380,,unknown,,unknown,,unknown,,,,,,,
504410,,unknown,,unknown,,unknown,,,,,,,
504560,,unknown,,unknown,,unknown,,,,,,,
504590,,unknown,,unknown,,unknown,,,,,,,
504680,,unknown,,unknown,,unknown,,,,,,,
504740,,unknown,,unknown,,unknown,,,,,,,
504800,,unknown,,unknown,,unknown,,,,,,,
504860,,unknown,,unknown,,unknown,,,,,,,
602970,2019Q3,exact,2019Q1,backcast_award_minus_2q,2018Q4,from_applied_minus_1q,2020Q2,2022Q1,2022Q2,3.0,7.0,1.0,11.0
504930,,unknown,,unknown,,unknown,,,,,,,
504980,,unknown,,unknown,,unknown,,,,,,,
505170,,unknown,,unknown,,unknown,,,,,,,
505190,,unknown,,unknown,,unknown,,,,,,,
505340,,unknown,,unknown,,unknown,,,,,,,
505430,,unknown,,unknown,,unknown,,,,,,,
505470,,unknown,,unknown,,unknown,,,,,,,
505500,,unknown,,unknown,,unknown,,,,,,,
505550,,unknown,,unknown,,unknown,,,,,,,
505580,,unknown,,unknown,,unknown,,,,,,,
505680,,unknown,,unknown,,unknown,,,,,,,
505760,,unknown,,unknown,,unknown,,,,,,,
505850,,unknown,,unknown,,unknown,,,,,,,
505970,,unknown,,unknown,,unknown,,,,,,,
506060,,unknown,,unknown,,unknown,,,,,,,
603000,2018Q3,exact,2018Q1,backcast_award_minus_2q,2017Q4,from_applied_minus_1q,2018Q4,2021Q1,2021Q1,1.0,9.0,0.0,10.0
506120,,unknown,,unknown,,unknown,,,,,,,
506150,,unknown,,unknown,,unknown,,,,,,,
506210,,unknown,,unknown,,unknown,,,,,,,
506240,,unknown,,unknown,,unknown,,,,,,,
506270,,unknown,,unknown,,unknown,,,,,,,
506330,,unknown,2020Q2,program_calendar,2020Q1,from_applied_minus_1q,,,,,,,
506360,,unknown,,unknown,,unknown,,,,,,,
506420,,unknown,,unknown,,unknown,,,,,,,
506540,,unknown,,unknown,,unknown,,,,,,,
506630,,unknown,,unknown,,unknown,,,,,,,
506690,,unknown,,unknown,,unknown,,,,,,,
506840,,unknown,,unknown,,unknown,,,,,,,
506870,,unknown,,unknown,,unknown,,,,,,,
506900,,unknown,,unknown,,unknown,,,,,,,
506930,,unknown,,unknown,,unknown,,,,,,,
506990,,unknown,,unknown,,unknown,,,,,,,
507110,,unknown,,unknown,,unknown,,,,,,,
507140,,unknown,,unknown,,unknown,,,,,,,
507170,,unknown,,unknown,,unknown,,,,,,,
507230,,unknown,,unknown,,unknown,,,,,,,
507290,,unknown,,unknown,,unknown,,,,,,,
507320,,unknown,,unknown,,unknown,,,,,,,
507350,,unknown,,unknown,,unknown,,,,,,,
507380,,unknown,,unknown,,unknown,,,,,,,
507530,,unknown,,unknown,,unknown,,,,,,,
507560,,unknown,2020Q2,program_calendar,2020Q1,from_applied_minus_1q,,,,,,,
507620,,unknown,,unknown,,unknown,,,,,,,
507680,,unknown,,unknown,,unknown,,,,,,,
507710,,unknown,,unknown,,unknown,,,,,,,
507740,,unknown,,unknown,,unknown,,,,,,,
507770,,unknown,,unknown,,unknown,,,,,,,
507840,,unknown,,unknown,,unknown,,,,,,,
507860,,unknown,,unknown,,unknown,,,,,,,
507890,,unknown,,unknown,,unknown,,,,,,,
507920,,unknown,,unknown,,unknown,,,,,,,
507990,,unknown,,unknown,,unknown,,,,,,,
508040,2024Q2,exact,2023Q4,backcast_award_minus_2q,2023Q3,from_applied_minus_1q,nanQnan,nanQnan,nanQnan,,,,
508130,,unknown,,unknown,,unknown,,,,,,,
508240,,unknown,,unknown,,unknown,,,,,,,
508280,,unknown,,unknown,,unknown,,,,,,,
508340,,unknown,,unknown,,unknown,,,,,,,
508400,,unknown,,unknown,,unknown,,,,,,,
508490,,unknown,,unknown,,unknown,,,,,,,
508610,,unknown,,unknown,,unknown,,,,,,,
508640,,unknown,,unknown,,unknown,,,,,,,
508670,,unknown,,unknown,,unknown,,,,,,,
508700,,unknown,,unknown,,unknown,,,,,,,
508730,,unknown,,unknown,,unknown,,,,,,,
603060,2019Q1,exact,2018Q3,backcast_award_minus_2q,2018Q2,from_applied_minus_1q,2019Q4,nanQnan,nanQnan,3.0,,,
900070,2021Q1,exact,2020Q3,backcast_award_minus_2q,2020Q2,from_applied_minus_1q,2021Q1,2021Q4,2022Q1,0.0,3.0,1.0,4.0
509060,,unknown,,unknown,,unknown,,,,,,,
509150,,unknown,,unknown,,unknown,,,,,,,
509190,,unknown,,unknown,,unknown,,,,,,,
509240,,unknown,,unknown,,unknown,,,,,,,
509270,,unknown,,unknown,,unknown,,,,,,,
509330,,unknown,,unknown,,unknown,,,,,,,
509360,,unknown,,unknown,,unknown,,,,,,,
509390,,unknown,,unknown,,unknown,,,,,,,
509420,,unknown,,unknown,,unknown,,,,,,,
509480,,unknown,,unknown,,unknown,,,,,,,
509510,,unknown,,unknown,,unknown,,,,,,,
509540,,unknown,,unknown,,unknown,,,,,,,
509570,,unknown,,unknown,,unknown,,,,,,,
509600,,unknown,,unknown,,unknown,,,,,,,
509630,,unknown,,unknown,,unknown,,,,,,,
509720,,unknown,,unknown,,unknown,,,,,,,
509750,,unknown,,unknown,,unknown,,,,,,,
509780,,unknown,,unknown,,unknown,,,,,,,
509840,,unknown,,unknown,,unknown,,,,,,,
509990,,unknown,,unknown,,unknown,,,,,,,
510080,,unknown,,unknown,,unknown,,,,,,,
510170,,unknown,,unknown,,unknown,,,,,,,
510200,,unknown,,unknown,,unknown,,,,,,,
510260,,unknown,,unknown,,unknown,,,,,,,
510290,,unknown,,unknown,,unknown,,,,,,,
510320,,unknown,,unknown,,unknown,,,,,,,
510380,,unknown,,unknown,,unknown,,,,,,,
510410,,unknown,,unknown,,unknown,,,,,,,
510440,,unknown,,unknown,,unknown,,,,,,,
510560,,unknown,,unknown,,unknown,,,,,,,
510680,,unknown,,unknown,,unknown,,,,,,,
510920,,unknown,,unknown,,unknown,,,,,,,
510950,,unknown,,unknown,,unknown,,,,,,,
510980,,unknown,,unknown,,unknown,,,,,,,
511010,,unknown,,unknown,,unknown,,,,,,,
511070,,unknown,,unknown,,unknown,,,,,,,
511130,,unknown,,unknown,,unknown,,,,,,,
511220,,unknown,,unknown,,unknown,,,,,,,
511340,,unknown,,unknown,,unknown,,,,,,,
511370,,unknown,,unknown,,unknown,,,,,,,
511610,,unknown,,unknown,,unknown,,,,,,,
511700,,unknown,,unknown,,unknown,,,,,,,
511730,,unknown,,unknown,,unknown,,,,,,,
511760,,unknown,,unknown,,unknown,,,,,,,
511820,,unknown,,unknown,,unknown,,,,,,,
511850,,unknown,,unknown,,unknown,,,,,,,
2501980,2020Q1,exact,2019Q3,backcast_award_minus_2q,2019Q2,from_applied_minus_1q,2020Q4,2022Q1,2022Q2,3.0,5.0,1.0,9.0
511970,,unknown,,unknown,,unknown,,,,,,,
512000,,unknown,,unknown,,unknown,,,,,,,
512060,,unknown,,unknown,,unknown,,,,,,,
512090,,unknown,,unknown,,unknown,,,,,,,
512180,,unknown,,unknown,,unknown,,,,,,,
3603270,2024Q2,exact,2023Q4,backcast_award_minus_2q,2023Q3,from_applied_minus_1q,nanQnan,nanQnan,nanQnan,,,,
512420,,unknown,,unknown,,unknown,,,,,,,
512450,,unknown,,unknown,,unknown,,,,,,,
512480,,unknown,,unknown,,unknown,,,,,,,
512510,,unknown,,unknown,,unknown,,,,,,,
512520,,unknown,,unknown,,unknown,,,,,,,
512540,,unknown,,unknown,,unknown,,,,,,,
512570,,unknown,,unknown,,unknown,,,,,,,
512630,,unknown,,unknown,,unknown,,,,,,,
512660,,unknown,,unknown,,unknown,,,,,,,
512930,,unknown,,unknown,,unknown,,,,,,,
512960,,unknown,,unknown,,unknown,,,,,,,
513080,,unknown,,unknown,,unknown,,,,,,,
513110,,unknown,,unknown,,unknown,,,,,,,
513230,,unknown,,unknown,,unknown,,,,,,,
513350,,unknown,,unknown,,unknown,,,,,,,
513380,,unknown,,unknown,,unknown,,,,,,,
513410,,unknown,,unknown,,unknown,,,,,,,
513530,,unknown,2020Q2,program_calendar,2020Q1,from_applied_minus_1q,,,,,,,
513560,,unknown,2020Q2,program_calendar,2020Q1,from_applied_minus_1q,,,,,,,
513680,,unknown,,unknown,,unknown,,,,,,,
513930,,unknown,,unknown,,unknown,,,,,,,
514010,,unknown,,unknown,,unknown,,,,,,,
514020,,unknown,,unknown,,unknown,,,,,,,
514040,,unknown,,unknown,,unknown,,,,,,,
514140,,unknown,,unknown,,unknown,,,,,,,
5100270,2021Q3,exact,2021Q1,backcast_award_minus_2q,2020Q4,from_applied_minus_1q,2022Q2,2023Q1,2023Q1,3.0,3.0,0.0,6.0
514400,,unknown,,unknown,,unknown,,,,,,,
514430,,unknown,,unknown,,unknown,,,,,,,
514490,,unknown,,unknown,,unknown,,,,,,,
600001,,unknown,,unknown,,unknown,,,,,,,
600002,,unknown,,unknown,,unknown,,,,,,,
600003,,unknown,,unknown,,unknown,,,,,,,
600006,,unknown,,unknown,,unknown,,,,,,,
600007,,unknown,,unknown,,unknown,,,,,,,
600009,,unknown,,unknown,,unknown,,,,,,,
600011,,unknown,,unknown,,unknown,,,,,,,
600012,,unknown,,unknown,,unknown,,,,,,,
5001830,2024Q2,exact,2023Q4,backcast_award_minus_2q,2023Q3,from_applied_minus_1q,nanQnan,nanQnan,nanQnan,,,,
2603240,2022Q4,exact,2022Q2,backcast_award_minus_2q,2022Q1,from_applied_minus_1q,nanQnan,2023Q3,2023Q3,,,0.0,3.0
691136,2019Q1,exact,2018Q3,backcast_award_minus_2q,2018Q2,from_applied_minus_1q,2019Q4,2019Q4,2020Q1,3.0,0.0,1.0,4.0
600016,,unknown,,unknown,,unknown,,,,,,,
3700126,2024Q2,exact,2023Q4,backcast_award_minus_2q,2023Q3,from_applied_minus_1q,nanQnan,nanQnan,nanQnan,,,,
600018,,unknown,,unknown,,unknown,,,,,,,
600019,,unknown,,unknown,,unknown,,,,,,,
600020,,unknown,,unknown,,unknown,,,,,,,
600021,,unknown,,unknown,,unknown,,,,,,,
600022,,unknown,2021Q2,program_calendar,2021Q1,from_applied_minus_1q,,,,,,,
600025,,unknown,,unknown,,unknown,,,,,,,
600026,,unknown,2021Q2,program_calendar,2021Q1,from_applied_minus_1q,,,,,,,
600027,,unknown,,unknown,,unknown,,,,,,,
600028,,unknown,,unknown,,unknown,,,,,,,
3700438,2024Q2,exact,2023Q4,backcast_award_minus_2q,2023Q3,from_applied_minus_1q,nanQnan,nanQnan,nanQnan,,,,
600031,,unknown,,unknown,,unknown,,,,,,,
600032,,unknown,,unknown,,unknown,,,,,,,
600033,,unknown,,unknown,,unknown,,,,,,,
600034,,unknown,,unknown,,unknown,,,,,,,
600035,,unknown,,unknown,,unknown,,,,,,,
4101560,2024Q2,exact,2023Q4,backcast_award_minus_2q,2023Q3,from_applied_minus_1q,nanQnan,nanQnan,nanQnan,,,,
209228,2020Q4,exact,2020Q2,backcast_award_minus_2q,2020Q1,from_applied_minus_1q,2021Q3,2021Q4,2021Q4,3.0,1.0,0.0,4.0
600038,,unknown,,unknown,,unknown,,,,,,,
600039,,unknown,,unknown,,unknown,,,,,,,
600040,,unknown,,unknown,,unknown,,,,,,,
802280,2020Q1,exact,2019Q3,backcast_award_minus_2q,2019Q2,from_applied_minus_1q,2020Q4,2022Q1,2022Q2,3.0,5.0,1.0,9.0
600043,,unknown,,unknown,,unknown,,,,,,,
603300,2024Q2,exact,2023Q4,backcast_award_minus_2q,2023Q3,from_applied_minus_1q,nanQnan,nanQnan,nanQnan,,,,
600045,,unknown,,unknown,,unknown,,,,,,,
4700120,2022Q4,exact,2022Q2,backcast_award_minus_2q,2022Q1,from_applied_minus_1q,2023Q1,2024Q1,2024Q1,1.0,4.0,0.0,5.0
600047,,unknown,,unknown,,unknown,,,,,,,
1300120,2022Q4,exact,2022Q2,backcast_award_minus_2q,2022Q1,from_applied_minus_1q,2023Q1,2023Q4,2023Q4,1.0,3.0,0.0,4.0
600049,,unknown,,unknown,,unknown,,,,,,,
603420,2020Q3,exact,2020Q1,backcast_award_minus_2q,2019Q4,from_applied_minus_1q,2021Q2,2022Q1,2022Q2,3.0,3.0,1.0,7.0
2603600,2022Q4,exact,2022Q2,backcast_award_minus_2q,2022Q1,from_applied_minus_1q,nanQnan,2023Q3,2023Q3,,,0.0,3.0
5500600,2024Q2,exact,2023Q4,backcast_award_minus_2q,2023Q3,from_applied_minus_1q,nanQnan,nanQnan,nanQnan,,,,
600061,,unknown,,unknown,,unknown,,,,,,,
600062,,unknown,,unknown,,unknown,,,,,,,
600063,,unknown,,unknown,,unknown,,,,,,,
1903960,2022Q4,exact,2022Q2,backcast_award_minus_2q,2022Q1,from_applied_minus_1q,2023Q1,2024Q1,2024Q1,1.0,4.0,0.0,5.0
600065,,unknown,,unknown,,unknown,,,,,,,
5100300,2019Q4,exact,2019Q2,backcast_award_minus_2q,2019Q1,from_applied_minus_1q,2020Q3,2020Q4,2021Q1,3.0,1.0,1.0,5.0
600068,,unknown,,unknown,,unknown,,,,,,,
2100180,2024Q2,exact,2023Q4,backcast_award_minus_2q,2023Q3,from_applied_minus_1q,nanQnan,nanQnan,nanQnan,,,,
600075,,unknown,,unknown,,unknown,,,,,,,
600076,,unknown,,unknown,,unknown,,,,,,,
600077,,unknown,,unknown,,unknown,,,,,,,
600079,,unknown,,unknown,,unknown,,,,,,,
600080,,unknown,,unknown,,unknown,,,,,,,
600081,,unknown,,unknown,,unknown,,,,,,,
600082,,unknown,,unknown,,unknown,,,,,,,
600083,,unknown,,unknown,,unknown,,,,,,,
600084,,unknown,,unknown,,unknown,,,,,,,
600085,,unknown,,unknown,,unknown,,,,,,,
600086,,unknown,,unknown,,unknown,,,,,,,
600089,,unknown,,unknown,,unknown,,,,,,,
600090,,unknown,,unknown,,unknown,,,,,,,
600092,,unknown,,unknown,,unknown,,,,,,,
600093,,unknown,,unknown,,unknown,,,,,,,
600094,,unknown,,unknown,,unknown,,,,,,,
600095,,unknown,,unknown,,unknown,,,,,,,
600096,,unknown,,unknown,,unknown,,,,,,,
600097,,unknown,,unknown,,unknown,,,,,,,
600098,,unknown,,unknown,,unknown,,,,,,,
600099,,unknown,,unknown,,unknown,,,,,,,
600100,,unknown,,unknown,,unknown,,,,,,,
600101,,unknown,,unknown,,unknown,,,,,,,
600105,,unknown,,unknown,,unknown,,,,,,,
600106,,unknown,,unknown,,unknown,,,,,,,
600107,,unknown,,unknown,,unknown,,,,,,,
600108,,unknown,,unknown,,unknown,,,,,,,
600109,,unknown,,unknown,,unknown,,,,,,,
600110,,unknown,,unknown,,unknown,,,,,,,
600111,,unknown,,unknown,,unknown,,,,,,,
600112,,unknown,,unknown,,unknown,,,,,,,
600113,,unknown,,unknown,,unknown,,,,,,,
600114,,unknown,,unknown,,unknown,,,,,,,
5500630,2022Q4,exact,2022Q2,backcast_award_minus_2q,2022Q1,from_applied_minus_1q,2023Q1,2023Q4,2023Q4,1.0,3.0,0.0,4.0
600117,,unknown,,unknown,,unknown,,,,,,,
600118,,unknown,,unknown,,unknown,,,,,,,
600119,,unknown,,unknown,,unknown,,,,,,,
600120,,unknown,,unknown,,unknown,,,,,,,
600121,,unknown,,unknown,,unknown,,,,,,,
600122,,unknown,,unknown,,unknown,,,,,,,
600123,,unknown,,unknown,,unknown,,,,,,,
600124,,unknown,,unknown,,unknown,,,,,,,
600125,,unknown,,unknown,,unknown,,,,,,,
600126,,unknown,,unknown,,unknown,,,,,,,
600127,,unknown,,unknown,,unknown,,,,,,,
600129,,unknown,,unknown,,unknown,,,,,,,
600130,,unknown,,unknown,,unknown,,,,,,,
600131,,unknown,,unknown,,unknown,,,,,,,
600132,,unknown,,unknown,,unknown,,,,,,,
600133,,unknown,,unknown,,unknown,,,,,,,
600135,,unknown,,unknown,,unknown,,,,,,,
600137,,unknown,,unknown,,unknown,,,,,,,
600138,,unknown,,unknown,,unknown,,,,,,,
600139,,unknown,,unknown,,unknown,,,,,,,
600140,,unknown,,unknown,,unknown,,,,,,,
600143,,unknown,,unknown,,unknown,,,,,,,
600144,,unknown,,unknown,,unknown,,,,,,,
600145,,unknown,,unknown,,unknown,,,,,,,
600146,,unknown,,unknown,,unknown,,,,,,,
600148,,unknown,,unknown,,unknown,,,,,,,
600149,,unknown,,unknown,,unknown,,,,,,,
802340,2020Q4,exact,2020Q2,backcast_award_minus_2q,2020Q1,from_applied_minus_1q,2021Q3,2022Q2,2022Q3,3.0,3.0,1.0,7.0
600155,,unknown,,unknown,,unknown,,,,,,,
600158,,unknown,,unknown,,unknown,,,,,,,
600159,,unknown,,unknown,,unknown,,,,,,,
1704710,2023Q4,exact,2023Q2,backcast_award_minus_2q,2023Q1,from_applied_minus_1q,nanQnan,nanQnan,nanQnan,,,,
601325,,unknown,,unknown,,unknown,,,,,,,
4808940,2022Q1,exact,2021Q3,backcast_award_minus_2q,2021Q2,from_applied_minus_1q,2022Q2,2024Q1,2024Q1,1.0,7.0,0.0,8.0
601328,,unknown,,unknown,,unknown,,,,,,,
601329,,unknown,,unknown,,unknown,,,,,,,
4202760,2022Q4,exact,2022Q2,backcast_award_minus_2q,2022Q1,from_applied_minus_1q,nanQnan,2024Q2,2024Q2,,,0.0,6.0
602074,2024Q2,exact,2023Q4,backcast_award_minus_2q,2023Q3,from_applied_minus_1q,nanQnan,nanQnan,nanQnan,,,,
1300210,2024Q2,exact,2023Q4,backcast_award_minus_2q,2023Q3,from_applied_minus_1q,nanQnan,nanQnan,nanQnan,,,,
601339,,unknown,,unknown,,unknown,,,,,,,
601343,,unknown,,unknown,,unknown,,,,,,,
601346,,unknown,,unknown,,unknown,,,,,,,
601347,,unknown,,unknown,,unknown,,,,,,,
601349,,unknown,,unknown,,unknown,,,,,,,
601350,,unknown,,unknown,,unknown,,,,,,,
601351,,unknown,,unknown,,unknown,,,,,,,
601353,,unknown,,unknown,,unknown,,,,,,,
601354,,unknown,,unknown,,unknown,,,,,,,
601355,,unknown,,unknown,,unknown,,,,,,,
601356,,unknown,,unknown,,unknown,,,,,,,
601357,,unknown,,unknown,,unknown,,,,,,,
601358,,unknown,,unknown,,unknown,,,,,,,
601361,,unknown,,unknown,,unknown,,,,,,,
601362,,unknown,,unknown,,unknown,,,,,,,
603690,2017Q2,exact,2016Q4,backcast_award_minus_2q,2016Q3,from_applied_minus_1q,2019Q3,2019Q4,2020Q1,9.0,1.0,1.0,11.0
601364,,unknown,,unknown,,unknown,,,,,,,
601365,,unknown,,unknown,,unknown,,,,,,,
601366,,unknown,,unknown,,unknown,,,,,,,
601367,,unknown,,unknown,,unknown,,,,,,,
601368,,unknown,,unknown,,unknown,,,,,,,
601369,,unknown,,unknown,,unknown,,,,,,,
601372,,unknown,,unknown,,unknown,,,,,,,
601373,,unknown,,unknown,,unknown,,,,,,,
601375,,unknown,,unknown,,unknown,,,,,,,
601376,,unknown,,unknown,,unknown,,,,,,,
601377,,unknown,,unknown,,unknown,,,,,,,
601378,,unknown,,unknown,,unknown,,,,,,,
601379,,unknown,,unknown,,unknown,,,,,,,
601380,,unknown,,unknown,,unknown,,,,,,,
601381,,unknown,,unknown,,unknown,,,,,,,
601382,,unknown,,unknown,,unknown,,,,,,,
601383,,unknown,,unknown,,unknown,,,,,,,
601384,,unknown,,unknown,,unknown,,,,,,,
601385,,unknown,,unknown,,unknown,,,,,,,
601386,,unknown,,unknown,,unknown,,,,,,,
601387,,unknown,,unknown,,unknown,,,,,,,
601388,,unknown,,unknown,,unknown,,,,,,,
601389,,unknown,,unknown,,unknown,,,,,,,
601391,,unknown,,unknown,,unknown,,,,,,,
2400090,2022Q1,exact,2021Q3,backcast_award_minus_2q,2021Q2,from_applied_minus_1q,2022Q2,2023Q1,2023Q2,1.0,3.0,1.0,5.0
601396,,unknown,,unknown,,unknown,,,,,,,
601397,,unknown,,unknown,,unknown,,,,,,,
601398,,unknown,,unknown,,unknown,,,,,,,
601400,,unknown,,unknown,,unknown,,,,,,,
601401,,unknown,,unknown,,unknown,,,,,,,
601402,,unknown,,unknown,,unknown,,,,,,,
601404,,unknown,,unknown,,unknown,,,,,,,
601405,,unknown,,unknown,,unknown,,,,,,,
601406,,unknown,,unknown,,unknown,,,,,,,
2400120,2023Q1,exact,2022Q3,backcast_award_minus_2q,2022Q2,from_applied_minus_1q,2023Q2,2024Q1,2024Q1,1.0,3.0,0.0,4.0
601410,,unknown,,unknown,,unknown,,,,,,,
4101830,2022Q4,exact,2022Q2,backcast_award_minus_2q,2022Q1,from_applied_minus_1q,2023Q2,2024Q2,2024Q2,2.0,4.0,0.0,6.0
601415,,unknown,,unknown,,unknown,,,,,,,
601416,,unknown,,unknown,,unknown,,,,,,,
601417,,unknown,,unknown,,unknown,,,,,,,
601418,,unknown,2021Q2,program_calendar,2021Q1,from_applied_minus_1q,,,,,,,
601420,,unknown,,unknown,,unknown,,,,,,,
601421,,unknown,,unknown,,unknown,,,,,,,
601422,,unknown,,unknown,,unknown,,,,,,,
3904353,2024Q2,exact,2023Q4,backcast_award_minus_2q,2023Q3,from_applied_minus_1q,nanQnan,nanQnan,nanQnan,,,,
601424,,unknown,,unknown,,unknown,,,,,,,
601426,,unknown,,unknown,,unknown,,,,,,,
601427,,unknown,,unknown,,unknown,,,,,,,
601428,,unknown,,unknown,,unknown,,,,,,,
601440,,unknown,,unknown,,unknown,,,,,,,
601442,,unknown,,unknown,,unknown,,,,,,,
601443,,unknown,,unknown,,unknown,,,,,,,
601461,,unknown,,unknown,,unknown,,,,,,,
601462,,unknown,,unknown,,unknown,,,,,,,
601463,,unknown,,unknown,,unknown,,,,,,,
601464,,unknown,,unknown,,unknown,,,,,,,
601465,,unknown,,unknown,,unknown,,,,,,,
601466,,unknown,,unknown,,unknown,,,,,,,
601467,,unknown,,unknown,,unknown,,,,,,,
601468,,unknown,,unknown,,unknown,,,,,,,
601469,,unknown,,unknown,,unknown,,,,,,,
601470,,unknown,,unknown,,unknown,,,,,,,
601471,,unknown,,unknown,,unknown,,,,,,,
601472,,unknown,,unknown,,unknown,,,,,,,
601473,,unknown,,unknown,,unknown,,,,,,,
601474,,unknown,,unknown,,unknown,,,,,,,
601475,,unknown,,unknown,,unknown,,,,,,,
601477,,unknown,,unknown,,unknown,,,,,,,
601478,,unknown,,unknown,,unknown,,,,,,,
601479,,unknown,,unknown,,unknown,,,,,,,
601480,,unknown,,unknown,,unknown,,,,,,,
601481,,unknown,,unknown,,unknown,,,,,,,
601483,,unknown,,unknown,,unknown,,,,,,,
601484,,unknown,,unknown,,unknown,,,,,,,
601485,,unknown,,unknown,,unknown,,,,,,,
601486,,unknown,,unknown,,unknown,,,,,,,
601487,,unknown,,unknown,,unknown,,,,,,,
2100240,2022Q4,exact,2022Q2,backcast_award_minus_2q,2022Q1,from_applied_minus_1q,2023Q2,2023Q4,2023Q4,2.0,2.0,0.0,4.0
601489,,unknown,,unknown,,unknown,,,,,,,
601490,,unknown,,unknown,,unknown,,,,,,,
601493,,unknown,,unknown,,unknown,,,,,,,
601494,,unknown,,unknown,,unknown,,,,,,,
601495,,unknown,,unknown,,unknown,,,,,,,
601496,,unknown,,unknown,,unknown,,,,,,,
601497,,unknown,,unknown,,unknown,,,,,,,
601498,,unknown,,unknown,,unknown,,,,,,,
601499,,unknown,,unknown,,unknown,,,,,,,
601500,,unknown,,unknown,,unknown,,,,,,,
601501,,unknown,,unknown,,unknown,,,,,,,
601502,,unknown,,unknown,,unknown,,,,,,,
601503,,unknown,,unknown,,unknown,,,,,,,
601505,,unknown,,unknown,,unknown,,,,,,,
601507,,unknown,,unknown,,unknown,,,,,,,
601508,,unknown,,unknown,,unknown,,,,,,,
601509,,unknown,,unknown,,unknown,,,,,,,
601511,,unknown,,unknown,,unknown,,,,,,,
601512,,unknown,,unknown,,unknown,,,,,,,
601513,,unknown,,unknown,,unknown,,,,,,,
601514,,unknown,,unknown,,unknown,,,,,,,
601515,,unknown,,unknown,,unknown,,,,,,,
601516,,unknown,,unknown,,unknown,,,,,,,
601517,,unknown,,unknown,,unknown,,,,,,,
601519,,unknown,,unknown,,unknown,,,,,,,
601520,,unknown,,unknown,,unknown,,,,,,,
601521,,unknown,,unknown,,unknown,,,,,,,
601522,,unknown,,unknown,,unknown,,,,,,,
601523,,unknown,,unknown,,unknown,,,,,,,
601524,,unknown,,unknown,,unknown,,,,,,,
601526,,unknown,,unknown,,unknown,,,,,,,
601527,,unknown,,unknown,,unknown,,,,,,,
601528,,unknown,,unknown,,unknown,,,,,,,
601529,,unknown,,unknown,,unknown,,,,,,,
601530,,unknown,,unknown,,unknown,,,,,,,
601531,,unknown,,unknown,,unknown,,,,,,,
601532,,unknown,,unknown,,unknown,,,,,,,
601533,,unknown,,unknown,,unknown,,,,,,,
601534,,unknown,,unknown,,unknown,,,,,,,
601535,,unknown,,unknown,,unknown,,,,,,,
601536,,unknown,,unknown,,unknown,,,,,,,
601537,,unknown,,unknown,,unknown,,,,,,,
601538,,unknown,,unknown,,unknown,,,,,,,
601540,,unknown,,unknown,,unknown,,,,,,,
601541,,unknown,,unknown,,unknown,,,,,,,
601542,,unknown,,unknown,,unknown,,,,,,,
601543,,unknown,,unknown,,unknown,,,,,,,
601544,,unknown,,unknown,,unknown,,,,,,,
601545,,unknown,,unknown,,unknown,,,,,,,
601547,,unknown,,unknown,,unknown,,,,,,,
601548,,unknown,,unknown,,unknown,,,,,,,
601549,,unknown,,unknown,,unknown,,,,,,,
601550,,unknown,,unknown,,unknown,,,,,,,
601551,,unknown,,unknown,,unknown,,,,,,,
601552,,unknown,,unknown,,unknown,,,,,,,
601553,,unknown,,unknown,,unknown,,,,,,,
601554,,unknown,,unknown,,unknown,,,,,,,
601555,,unknown,,unknown,,unknown,,,,,,,
601556,,unknown,,unknown,,unknown,,,,,,,
601557,,unknown,,unknown,,unknown,,,,,,,
601558,,unknown,,unknown,,unknown,,,,,,,
601559,,unknown,,unknown,,unknown,,,,,,,
601560,,unknown,,unknown,,unknown,,,,,,,
601561,,unknown,,unknown,,unknown,,,,,,,
601562,,unknown,,unknown,,unknown,,,,,,,
601563,,unknown,,unknown,,unknown,,,,,,,
601564,,unknown,,unknown,,unknown,,,,,,,
601565,,unknown,,unknown,,unknown,,,,,,,
601567,,unknown,,unknown,,unknown,,,,,,,
601568,,unknown,,unknown,,unknown,,,,,,,
601569,,unknown,,unknown,,unknown,,,,,,,
601570,,unknown,,unknown,,unknown,,,,,,,
601571,,unknown,,unknown,,unknown,,,,,,,
601573,,unknown,,unknown,,unknown,,,,,,,
3603960,2022Q4,exact,2022Q2,backcast_award_minus_2q,2022Q1,from_applied_minus_1q,2023Q2,2023Q4,2023Q4,2.0,2.0,0.0,4.0
601575,,unknown,,unknown,,unknown,,,,,,,
601576,,unknown,,unknown,,unknown,,,,,,,
601577,,unknown,,unknown,,unknown,,,,,,,
601578,,unknown,,unknown,,unknown,,,,,,,
601579,,unknown,,unknown,,unknown,,,,,,,
601580,,unknown,,unknown,,unknown,,,,,,,
601581,,unknown,,unknown,,unknown,,,,,,,
601582,,unknown,,unknown,,unknown,,,,,,,
601584,,unknown,,unknown,,unknown,,,,,,,
601585,,unknown,,unknown,,unknown,,,,,,,
601586,,unknown,,unknown,,unknown,,,,,,,
601587,,unknown,,unknown,,unknown,,,,,,,
601588,,unknown,,unknown,,unknown,,,,,,,
601589,,unknown,,unknown,,unknown,,,,,,,
601590,,unknown,,unknown,,unknown,,,,,,,
601591,,unknown,,unknown,,unknown,,,,,,,
601592,,unknown,,unknown,,unknown,,,,,,,
601593,,unknown,,unknown,,unknown,,,,,,,
601594,,unknown,,unknown,,unknown,,,,,,,
601595,,unknown,,unknown,,unknown,,,,,,,
601596,,unknown,,unknown,,unknown,,,,,,,
601597,,unknown,,unknown,,unknown,,,,,,,
601598,,unknown,,unknown,,unknown,,,,,,,
601599,,unknown,,unknown,,unknown,,,,,,,
601600,,unknown,,unknown,,unknown,,,,,,,
601601,,unknown,,unknown,,unknown,,,,,,,
601602,,unknown,,unknown,,unknown,,,,,,,
601603,,unknown,,unknown,,unknown,,,,,,,
601604,,unknown,,unknown,,unknown,,,,,,,
601605,,unknown,,unknown,,unknown,,,,,,,
601606,,unknown,,unknown,,unknown,,,,,,,
601607,,unknown,,unknown,,unknown,,,,,,,
601609,,unknown,,unknown,,unknown,,,,,,,
601610,,unknown,,unknown,,unknown,,,,,,,
601611,,unknown,,unknown,,unknown,,,,,,,
601612,,unknown,,unknown,,unknown,,,,,,,
601613,,unknown,,unknown,,unknown,,,,,,,
601614,,unknown,,unknown,,unknown,,,,,,,
601616,,unknown,,unknown,,unknown,,,,,,,
601617,,unknown,,unknown,,unknown,,,,,,,
601619,,unknown,,unknown,,unknown,,,,,,,
601620,,unknown,,unknown,,unknown,,,,,,,
601621,,unknown,,unknown,,unknown,,,,,,,
601622,,unknown,,unknown,,unknown,,,,,,,
601624,,unknown,,unknown,,unknown,,,,,,,
601625,,unknown,,unknown,,unknown,,,,,,,
601626,,unknown,,unknown,,unknown,,,,,,,
601627,,unknown,,unknown,,unknown,,,,,,,
601628,,unknown,,unknown,,unknown,,,,,,,
601629,,unknown,,unknown,,unknown,,,,,,,
601630,,unknown,,unknown,,unknown,,,,,,,
601631,,unknown,,unknown,,unknown,,,,,,,
601632,,unknown,,unknown,,unknown,,,,,,,
601633,,unknown,,unknown,,unknown,,,,,,,
601635,,unknown,,unknown,,unknown,,,,,,,
601636,,unknown,,unknown,,unknown,,,,,,,
601637,,unknown,,unknown,,unknown,,,,,,,
601638,,unknown,,unknown,,unknown,,,,,,,
601639,,unknown,,unknown,,unknown,,,,,,,
601640,,unknown,,unknown,,unknown,,,,,,,
601641,,unknown,,unknown,,unknown,,,,,,,
601642,,unknown,,unknown,,unknown,,,,,,,
601644,,unknown,,unknown,,unknown,,,,,,,
601645,,unknown,,unknown,,unknown,,,,,,,
601647,,unknown,,unknown,,unknown,,,,,,,
601648,,unknown,,unknown,,unknown,,,,,,,
601649,,unknown,,unknown,,unknown,,,,,,,
601650,,unknown,,unknown,,unknown,,,,,,,
601652,,unknown,,unknown,,unknown,,,,,,,
601653,,unknown,,unknown,,unknown,,,,,,,
601654,,unknown,,unknown,,unknown,,,,,,,
601656,,unknown,,unknown,,unknown,,,,,,,
601657,,unknown,,unknown,,unknown,,,,,,,
601658,,unknown,,unknown,,unknown,,,,,,,
601660,,unknown,,unknown,,unknown,,,,,,,
601661,,unknown,,unknown,,unknown,,,,,,,
601662,,unknown,,unknown,,unknown,,,,,,,
601664,,unknown,,unknown,,unknown,,,,,,,
601665,,unknown,,unknown,,unknown,,,,,,,
601666,,unknown,,unknown,,unknown,,,,,,,
601667,,unknown,,unknown,,unknown,,,,,,,
601668,,unknown,,unknown,,unknown,,,,,,,
601669,,unknown,,unknown,,unknown,,,,,,,
601670,,unknown,,unknown,,unknown,,,,,,,
601671,,unknown,,unknown,,unknown,,,,,,,
601672,,unknown,,unknown,,unknown,,,,,,,
601674,,unknown,,unknown,,unknown,,,,,,,
601677,,unknown,,unknown,,unknown,,,,,,,
601678,,unknown,,unknown,,unknown,,,,,,,
601679,,unknown,,unknown,,unknown,,,,,,,
601680,,unknown,,unknown,,unknown,,,,,,,
601681,,unknown,,unknown,,unknown,,,,,,,
601682,,unknown,,unknown,,unknown,,,,,,,
601683,,unknown,,unknown,,unknown,,,,,,,
601684,,unknown,,unknown,,unknown,,,,,,,
601685,,unknown,,unknown,,unknown,,,,,,,
601686,,unknown,,unknown,,unknown,,,,,,,
601687,,unknown,,unknown,,unknown,,,,,,,
601688,,unknown,,unknown,,unknown,,,,,,,
601689,,unknown,,unknown,,unknown,,,,,,,
601690,,unknown,,unknown,,unknown,,,,,,,
601691,,unknown,,unknown,,unknown,,,,,,,
601693,,unknown,,unknown,,unknown,,,,,,,
601694,,unknown,,unknown,,unknown,,,,,,,
601695,,unknown,,unknown,,unknown,,,,,,,
601696,,unknown,,unknown,,unknown,,,,,,,
601697,,unknown,,unknown,,unknown,,,,,,,
601698,,unknown,,unknown,,unknown,,,,,,,
601699,,unknown,,unknown,,unknown,,,,,,,
601700,,unknown,,unknown,,unknown,,,,,,,
601701,,unknown,,unknown,,unknown,,,,,,,
601702,,unknown,,unknown,,unknown,,,,,,,
601703,,unknown,,unknown,,unknown,,,,,,,
601704,,unknown,,unknown,,unknown,,,,,,,
601705,,unknown,,unknown,,unknown,,,,,,,
601706,,unknown,,unknown,,unknown,,,,,,,
601707,,unknown,,unknown,,unknown,,,,,,,
601708,,unknown,,unknown,,unknown,,,,,,,
601709,,unknown,,unknown,,unknown,,,,,,,
4501080,2022Q4,exact,2022Q2,backcast_award_minus_2q,2022Q1,from_applied_minus_1q,nanQnan,2024Q1,2024Q1,,,0.0,5.0
601711,,unknown,,unknown,,unknown,,,,,,,
601712,,unknown,,unknown,,unknown,,,,,,,
601713,,unknown,,unknown,,unknown,,,,,,,
601714,,unknown,,unknown,,unknown,,,,,,,
601715,,unknown,,unknown,,unknown,,,,,,,
601716,,unknown,,unknown,,unknown,,,,,,,
601718,,unknown,,unknown,,unknown,,,,,,,
601719,,unknown,,unknown,,unknown,,,,,,,
601721,,unknown,,unknown,,unknown,,,,,,,
601722,,unknown,,unknown,,unknown,,,,,,,
601723,,unknown,,unknown,,unknown,,,,,,,
601724,,unknown,,unknown,,unknown,,,,,,,
601725,,unknown,,unknown,,unknown,,,,,,,
601726,,unknown,,unknown,,unknown,,,,,,,
601728,,unknown,,unknown,,unknown,,,,,,,
601729,,unknown,,unknown,,unknown,,,,,,,
601730,,unknown,,unknown,,unknown,,,,,,,
601731,,unknown,,unknown,,unknown,,,,,,,
601732,,unknown,,unknown,,unknown,,,,,,,
601733,,unknown,,unknown,,unknown,,,,,,,
601734,,unknown,,unknown,,unknown,,,,,,,
601735,,unknown,,unknown,,unknown,,,,,,,
601736,,unknown,,unknown,,unknown,,,,,,,
601737,,unknown,,unknown,,unknown,,,,,,,
601738,,unknown,,unknown,,unknown,,,,,,,
601740,,unknown,,unknown,,unknown,,,,,,,
601741,,unknown,,unknown,,unknown,,,,,,,
601742,,unknown,,unknown,,unknown,,,,,,,
601743,,unknown,,unknown,,unknown,,,,,,,
601744,,unknown,,unknown,,unknown,,,,,,,
601745,,unknown,,unknown,,unknown,,,,,,,
5000445,2019Q4,exact,2019Q2,backcast_award_minus_2q,2019Q1,from_applied_minus_1q,2020Q4,2021Q4,2022Q1,4.0,4.0,1.0,9.0
601747,,unknown,,unknown,,unknown,,,,,,,
601748,,unknown,,unknown,,unknown,,,,,,,
601751,,unknown,,unknown,,unknown,,,,,,,
601752,,unknown,,unknown,,unknown,,,,,,,
601753,,unknown,,unknown,,unknown,,,,,,,
601754,,unknown,,unknown,,unknown,,,,,,,
601755,,unknown,,unknown,,unknown,,,,,,,
601756,,unknown,,unknown,,unknown,,,,,,,
601757,,unknown,,unknown,,unknown,,,,,,,
601758,,unknown,,unknown,,unknown,,,,,,,
601759,,unknown,,unknown,,unknown,,,,,,,
601760,,unknown,,unknown,,unknown,,,,,,,
601761,,unknown,,unknown,,unknown,,,,,,,
601762,,unknown,,unknown,,unknown,,,,,,,
601763,,unknown,,unknown,,unknown,,,,,,,
601764,,unknown,,unknown,,unknown,,,,,,,
601765,,unknown,,unknown,,unknown,,,,,,,
601766,,unknown,,unknown,,unknown,,,,,,,
601767,,unknown,,unknown,,unknown,,,,,,,
601768,,unknown,,unknown,,unknown,,,,,,,
601769,,unknown,,unknown,,unknown,,,,,,,
1705050,2022Q1,exact,2021Q3,backcast_award_minus_2q,2021Q2,from_applied_minus_1q,2022Q2,2023Q1,2023Q2,1.0,3.0,1.0,5.0
601771,,unknown,,unknown,,unknown,,,,,,,
601773,,unknown,,unknown,,unknown,,,,,,,
601775,,unknown,,unknown,,unknown,,,,,,,
601776,,unknown,,unknown,,unknown,,,,,,,
601777,,unknown,,unknown,,unknown,,,,,,,
601778,,unknown,,unknown,,unknown,,,,,,,
601779,,unknown,,unknown,,unknown,,,,,,,
601780,,unknown,,unknown,,unknown,,,,,,,
601781,,unknown,,unknown,,unknown,,,,,,,
601782,,unknown,,unknown,,unknown,,,,,,,
601783,,unknown,,unknown,,unknown,,,,,,,
601784,,unknown,,unknown,,unknown,,,,,,,
601785,,unknown,,unknown,,unknown,,,,,,,
601786,,unknown,,unknown,,unknown,,,,,,,
601787,,unknown,,unknown,,unknown,,,,,,,
601788,,unknown,,unknown,,unknown,,,,,,,
601789,,unknown,,unknown,,unknown,,,,,,,
601790,,unknown,,unknown,,unknown,,,,,,,
601791,,unknown,,unknown,,unknown,,,,,,,
601792,,unknown,,unknown,,unknown,,,,,,,
601793,,unknown,,unknown,,unknown,,,,,,,
601794,,unknown,,unknown,,unknown,,,,,,,
601795,,unknown,,unknown,,unknown,,,,,,,
601796,,unknown,,unknown,,unknown,,,,,,,
1800360,2019Q3,exact,2020Q2,program_calendar,2020Q1,from_applied_minus_1q,2020Q2,2020Q4,2021Q1,3.0,2.0,1.0,6.0
601798,,unknown,,unknown,,unknown,,,,,,,
601799,,unknown,,unknown,,unknown,,,,,,,
601800,,unknown,,unknown,,unknown,,,,,,,
601801,,unknown,,unknown,,unknown,,,,,,,
601802,,unknown,,unknown,,unknown,,,,,,,
601803,,unknown,,unknown,,unknown,,,,,,,
601804,,unknown,,unknown,,unknown,,,,,,,
601805,,unknown,,unknown,,unknown,,,,,,,
601806,,unknown,,unknown,,unknown,,,,,,,
601808,,unknown,,unknown,,unknown,,,,,,,
601809,,unknown,,unknown,,unknown,,,,,,,
601810,,unknown,,unknown,,unknown,,,,,,,
601811,,unknown,,unknown,,unknown,,,,,,,
601812,,unknown,,unknown,,unknown,,,,,,,
601813,,unknown,,unknown,,unknown,,,,,,,
601814,,unknown,,unknown,,unknown,,,,,,,
601815,,unknown,,unknown,,unknown,,,,,,,
601816,,unknown,,unknown,,unknown,,,,,,,
601817,,unknown,,unknown,,unknown,,,,,,,
601818,,unknown,,unknown,,unknown,,,,,,,
601820,,unknown,,unknown,,unknown,,,,,,,
601821,,unknown,,unknown,,unknown,,,,,,,
601822,,unknown,,unknown,,unknown,,,,,,,
601823,,unknown,,unknown,,unknown,,,,,,,
601824,,unknown,,unknown,,unknown,,,,,,,
601825,,unknown,,unknown,,unknown,,,,,,,
601826,,unknown,,unknown,,unknown,,,,,,,
601827,,unknown,,unknown,,unknown,,,,,,,
601828,,unknown,,unknown,,unknown,,,,,,,
601829,,unknown,,unknown,,unknown,,,,,,,
601830,,unknown,,unknown,,unknown,,,,,,,
601831,,unknown,,unknown,,unknown,,,,,,,
601832,,unknown,,unknown,,unknown,,,,,,,
601833,,unknown,,unknown,,unknown,,,,,,,
601834,,unknown,,unknown,,unknown,,,,,,,
601835,,unknown,,unknown,,unknown,,,,,,,
601837,,unknown,,unknown,,unknown,,,,,,,
601838,,unknown,,unknown,,unknown,,,,,,,
601839,,unknown,,unknown,,unknown,,,,,,,
601840,,unknown,,unknown,,unknown,,,,,,,
601841,,unknown,,unknown,,unknown,,,,,,,
601842,,unknown,,unknown,,unknown,,,,,,,
601843,,unknown,,unknown,,unknown,,,,,,,
601844,,unknown,,unknown,,unknown,,,,,,,
601845,,unknown,,unknown,,unknown,,,,,,,
601846,,unknown,,unknown,,unknown,,,,,,,
601847,,unknown,,unknown,,unknown,,,,,,,
601848,,unknown,,unknown,,unknown,,,,,,,
601849,,unknown,,unknown,,unknown,,,,,,,
601850,,unknown,,unknown,,unknown,,,,,,,
601851,,unknown,,unknown,,unknown,,,,,,,
601852,,unknown,,unknown,,unknown,,,,,,,
601853,,unknown,,unknown,,unknown,,,,,,,
601854,,unknown,,unknown,,unknown,,,,,,,
601855,,unknown,,unknown,,unknown,,,,,,,
601856,,unknown,,unknown,,unknown,,,,,,,
601857,,unknown,,unknown,,unknown,,,,,,,
601858,,unknown,,unknown,,unknown,,,,,,,
601859,,unknown,,unknown,,unknown,,,,,,,
601860,,unknown,,unknown,,unknown,,,,,,,
601861,,unknown,,unknown,,unknown,,,,,,,
601862,,unknown,,unknown,,unknown,,,,,,,
601863,,unknown,,unknown,,unknown,,,,,,,
601865,,unknown,,unknown,,unknown,,,,,,,
601866,,unknown,,unknown,,unknown,,,,,,,
601867,,unknown,,unknown,,unknown,,,,,,,
601868,,unknown,,unknown,,unknown,,,,,,,
601869,,unknown,,unknown,,unknown,,,,,,,
601870,,unknown,,unknown,,unknown,,,,,,,
601871,,unknown,,unknown,,unknown,,,,,,,
601872,,unknown,,unknown,,unknown,,,,,,,
601873,,unknown,,unknown,,unknown,,,,,,,
601875,,unknown,,unknown,,unknown,,,,,,,
601876,,unknown,,unknown,,unknown,,,,,,,
601877,,unknown,,unknown,,unknown,,,,,,,
601878,,unknown,,unknown,,unknown,,,,,,,
601879,,unknown,,unknown,,unknown,,,,,,,
601880,,unknown,,unknown,,unknown,,,,,,,
601881,,unknown,,unknown,,unknown,,,,,,,
601882,,unknown,,unknown,,unknown,,,,,,,
601883,,unknown,,unknown,,unknown,,,,,,,
601884,,unknown,,unknown,,unknown,,,,,,,
601885,,unknown,,unknown,,unknown,,,,,,,
601886,,unknown,,unknown,,unknown,,,,,,,
601887,,unknown,,unknown,,unknown,,,,,,,
601888,,unknown,,unknown,,unknown,,,,,,,
601889,,unknown,,unknown,,unknown,,,,,,,
601890,,unknown,,unknown,,unknown,,,,,,,
601891,,unknown,,unknown,,unknown,,,,,,,
601892,,unknown,,unknown,,unknown,,,,,,,
601893,,unknown,,unknown,,unknown,,,,,,,
601894,,unknown,,unknown,,unknown,,,,,,,
601895,,unknown,,unknown,,unknown,,,,,,,
601896,,unknown,,unknown,,unknown,,,,,,,
601897,,unknown,,unknown,,unknown,,,,,,,
601898,,unknown,,unknown,,unknown,,,,,,,
601899,,unknown,,unknown,,unknown,,,,,,,
601900,,unknown,,unknown,,unknown,,,,,,,
601901,,unknown,,unknown,,unknown,,,,,,,
601902,,unknown,,unknown,,unknown,,,,,,,
601903,,unknown,,unknown,,unknown,,,,,,,
601904,,unknown,,unknown,,unknown,,,,,,,
601905,,unknown,,unknown,,unknown,,,,,,,
601906,,unknown,,unknown,,unknown,,,,,,,
601907,,unknown,,unknown,,unknown,,,,,,,
601908,,unknown,,unknown,,unknown,,,,,,,
601909,,unknown,,unknown,,unknown,,,,,,,
601911,,unknown,,unknown,,unknown,,,,,,,
601912,,unknown,,unknown,,unknown,,,,,,,
601913,,unknown,,unknown,,unknown,,,,,,,
601914,,unknown,,unknown,,unknown,,,,,,,
601915,,unknown,,unknown,,unknown,,,,,,,
601916,,unknown,,unknown,,unknown,,,,,,,
601917,,unknown,,unknown,,unknown,,,,,,,
601918,,unknown,,unknown,,unknown,,,,,,,
601919,,unknown,,unknown,,unknown,,,,,,,
601920,,unknown,,unknown,,unknown,,,,,,,
601921,,unknown,,unknown,,unknown,,,,,,,
601922,,unknown,,unknown,,unknown,,,,,,,
601923,,unknown,,unknown,,unknown,,,,,,,
601924,,unknown,,unknown,,unknown,,,,,,,
601925,,unknown,,unknown,,unknown,,,,,,,
601926,,unknown,,unknown,,unknown,,,,,,,
601928,,unknown,,unknown,,unknown,,,,,,,
601929,,unknown,,unknown,,unknown,,,,,,,
601931,,unknown,,unknown,,unknown,,,,,,,
601932,,unknown,,unknown,,unknown,,,,,,,
601933,,unknown,,unknown,,unknown,,,,,,,
601934,,unknown,,unknown,,unknown,,,,,,,
601935,,unknown,,unknown,,unknown,,,,,,,
601936,,unknown,,unknown,,unknown,,,,,,,
601937,,unknown,,unknown,,unknown,,,,,,,
601938,,unknown,,unknown,,unknown,,,,,,,
601939,,unknown,,unknown,,unknown,,,,,,,
601940,,unknown,,unknown,,unknown,,,,,,,
601941,,unknown,,unknown,,unknown,,,,,,,
601942,,unknown,,unknown,,unknown,,,,,,,
604110,2017Q2,exact,2016Q4,backcast_award_minus_2q,2016Q3,from_applied_minus_1q,2017Q3,2019Q2,2019Q3,1.0,7.0,1.0,9.0
601944,,unknown,,unknown,,unknown,,,,,,,
601945,,unknown,,unknown,,unknown,,,,,,,
601946,,unknown,,unknown,,unknown,,,,,,,
601947,,unknown,,unknown,,unknown,,,,,,,
601948,,unknown,,unknown,,unknown,,,,,,,
500019,2024Q2,exact,2023Q4,backcast_award_minus_2q,2023Q3,from_applied_minus_1q,nanQnan,nanQnan,nanQnan,,,,
4809630,2023Q4,exact,2023Q2,backcast_award_minus_2q,2023Q1,from_applied_minus_1q,nanQnan,nanQnan,nanQnan,,,,
601953,,unknown,,unknown,,unknown,,,,,,,
601954,,unknown,,unknown,,unknown,,,,,,,
601955,,unknown,,unknown,,unknown,,,,,,,
601956,,unknown,,unknown,,unknown,,,,,,,
601957,,unknown,,unknown,,unknown,,,,,,,
601958,,unknown,,unknown,,unknown,,,,,,,
601959,,unknown,,unknown,,unknown,,,,,,,
601960,,unknown,,unknown,,unknown,,,,,,,
601961,,unknown,,unknown,,unknown,,,,,,,
601962,,unknown,,unknown,,unknown,,,,,,,
601963,,unknown,,unknown,,unknown,,,,,,,
601964,,unknown,,unknown,,unknown,,,,,,,
601965,,unknown,,unknown,,unknown,,,,,,,
601966,,unknown,,unknown,,unknown,,,,,,,
601967,,unknown,,unknown,,unknown,,,,,,,
601968,,unknown,,unknown,,unknown,,,,,,,
601969,,unknown,,unknown,,unknown,,,,,,,
601970,,unknown,,unknown,,unknown,,,,,,,
601971,,unknown,,unknown,,unknown,,,,,,,
601972,,unknown,,unknown,,unknown,,,,,,,
601973,,unknown,,unknown,,unknown,,,,,,,
601974,,unknown,,unknown,,unknown,,,,,,,
601975,,unknown,,unknown,,unknown,,,,,,,
601976,,unknown,,unknown,,unknown,,,,,,,
601977,,unknown,,unknown,,unknown,,,,,,,
601978,,unknown,,unknown,,unknown,,,,,,,
601979,,unknown,,unknown,,unknown,,,,,,,
601980,,unknown,,unknown,,unknown,,,,,,,
601983,,unknown,,unknown,,unknown,,,,,,,
601986,,unknown,,unknown,,unknown,,,,,,,
601988,,unknown,,unknown,,unknown,,,,,,,
601989,,unknown,,unknown,,unknown,,,,,,,
601990,,unknown,,unknown,,unknown,,,,,,,
601991,,unknown,,unknown,,unknown,,,,,,,
601992,,unknown,,unknown,,unknown,,,,,,,
601993,,unknown,,unknown,,unknown,,,,,,,
601995,,unknown,,unknown,,unknown,,,,,,,
601996,,unknown,,unknown,,unknown,,,,,,,
601997,,unknown,,unknown,,unknown,,,,,,,
601998,,unknown,,unknown,,unknown,,,,,,,
601999,,unknown,,unknown,,unknown,,,,,,,
602000,,unknown,,unknown,,unknown,,,,,,,
602001,,unknown,,unknown,,unknown,,,,,,,
602002,,unknown,,unknown,,unknown,,,,,,,
602003,,unknown,,unknown,,unknown,,,,,,,
602004,,unknown,,unknown,,unknown,,,,,,,
602005,,unknown,,unknown,,unknown,,,,,,,
602006,,unknown,,unknown,,unknown,,,,,,,
602007,,unknown,,unknown,,unknown,,,,,,,
602008,,unknown,,unknown,,unknown,,,,,,,
602009,,unknown,,unknown,,unknown,,,,,,,
602010,,unknown,,unknown,,unknown,,,,,,,
602011,,unknown,,unknown,,unknown,,,,,,,
602012,,unknown,,unknown,,unknown,,,,,,,
602013,,unknown,,unknown,,unknown,,,,,,,
602014,,unknown,,unknown,,unknown,,,,,,,
602015,,unknown,,unknown,,unknown,,,,,,,
602016,,unknown,,unknown,,unknown,,,,,,,
602017,,unknown,,unknown,,unknown,,,,,,,
602018,,unknown,,unknown,,unknown,,,,,,,
602019,,unknown,,unknown,,unknown,,,,,,,
602020,,unknown,,unknown,,unknown,,,,,,,
602021,,unknown,,unknown,,unknown,,,,,,,
602022,,unknown,,unknown,,unknown,,,,,,,
602023,,unknown,,unknown,,unknown,,,,,,,
602024,,unknown,,unknown,,unknown,,,,,,,
602025,,unknown,,unknown,,unknown,,,,,,,
602026,,unknown,,unknown,,unknown,,,,,,,
602027,,unknown,,unknown,,unknown,,,,,,,
602030,,unknown,,unknown,,unknown,,,,,,,
602032,,unknown,,unknown,,unknown,,,,,,,
602034,,unknown,,unknown,,unknown,,,,,,,
602035,,unknown,,unknown,,unknown,,,,,,,
602036,,unknown,,unknown,,unknown,,,,,,,
602037,,unknown,,unknown,,unknown,,,,,,,
602038,,unknown,,unknown,,unknown,,,,,,,
602039,,unknown,,unknown,,unknown,,,,,,,
602040,,unknown,,unknown,,unknown,,,,,,,
602041,,unknown,,unknown,,unknown,,,,,,,
602042,,unknown,,unknown,,unknown,,,,,,,
602043,,unknown,,unknown,,unknown,,,,,,,
602044,,unknown,,unknown,,unknown,,,,,,,
602045,,unknown,,unknown,,unknown,,,,,,,
602046,,unknown,,unknown,,unknown,,,,,,,
602047,,unknown,,unknown,,unknown,,,,,,,
602048,,unknown,,unknown,,unknown,,,,,,,
602049,,unknown,,unknown,,unknown,,,,,,,
602050,,unknown,,unknown,,unknown,,,,,,,
602051,,unknown,,unknown,,unknown,,,,,,,
602052,,unknown,,unknown,,unknown,,,,,,,
602053,,unknown,,unknown,,unknown,,,,,,,
602054,,unknown,,unknown,,unknown,,,,,,,
602055,,unknown,,unknown,,unknown,,,,,,,
602056,,unknown,,unknown,,unknown,,,,,,,
602057,,unknown,,unknown,,unknown,,,,,,,
602058,,unknown,,unknown,,unknown,,,,,,,
602059,,unknown,,unknown,,unknown,,,,,,,
602060,,unknown,,unknown,,unknown,,,,,,,
602061,,unknown,,unknown,,unknown,,,,,,,
602062,,unknown,,unknown,,unknown,,,,,,,
602063,,unknown,,unknown,,unknown,,,,,,,
602064,,unknown,,unknown,,unknown,,,,,,,
602065,,unknown,,unknown,,unknown,,,,,,,
602068,,unknown,,unknown,,unknown,,,,,,,
602069,,unknown,,unknown,,unknown,,,,,,,
3604080,2019Q1,exact,2018Q3,backcast_award_minus_2q,2018Q2,from_applied_minus_1q,2019Q4,2019Q4,2020Q1,3.0,0.0,1.0,4.0
602071,,unknown,,unknown,,unknown,,,,,,,
602072,,unknown,,unknown,,unknown,,,,,,,
602073,,unknown,,unknown,,unknown,,,,,,,
1904440,2022Q4,exact,2022Q2,backcast_award_minus_2q,2022Q1,from_applied_minus_1q,2023Q1,2023Q3,2023Q3,1.0,2.0,0.0,3.0
602075,,unknown,,unknown,,unknown,,,,,,,
602076,,unknown,,unknown,,unknown,,,,,,,
602077,,unknown,,unknown,,unknown,,,,,,,
602078,,unknown,,unknown,,unknown,,,,,,,
602079,,unknown,,unknown,,unknown,,,,,,,
602080,,unknown,,unknown,,unknown,,,,,,,
602081,,unknown,,unknown,,unknown,,,,,,,
602082,,unknown,,unknown,,unknown,,,,,,,
602083,,unknown,,unknown,,unknown,,,,,,,
602084,,unknown,,unknown,,unknown,,,,,,,
602085,,unknown,,unknown,,unknown,,,,,,,
602087,,unknown,,unknown,,unknown,,,,,,,
602088,,unknown,,unknown,,unknown,,,,,,,
602089,,unknown,,unknown,,unknown,,,,,,,
602090,,unknown,,unknown,,unknown,,,,,,,
602091,,unknown,,unknown,,unknown,,,,,,,
602092,,unknown,,unknown,,unknown,,,,,,,
602093,,unknown,,unknown,,unknown,,,,,,,
602094,,unknown,,unknown,,unknown,,,,,,,
602095,,unknown,,unknown,,unknown,,,,,,,
602096,,unknown,,unknown,,unknown,,,,,,,
602097,,unknown,,unknown,,unknown,,,,,,,
602098,,unknown,,unknown,,unknown,,,,,,,
602099,,unknown,,unknown,,unknown,,,,,,,
602100,,unknown,,unknown,,unknown,,,,,,,
602101,,unknown,,unknown,,unknown,,,,,,,
602102,,unknown,,unknown,,unknown,,,,,,,
602103,,unknown,,unknown,,unknown,,,,,,,
602104,,unknown,,unknown,,unknown,,,,,,,
602106,,unknown,,unknown,,unknown,,,,,,,
602108,,unknown,,unknown,,unknown,,,,,,,
602109,,unknown,,unknown,,unknown,,,,,,,
602110,,unknown,,unknown,,unknown,,,,,,,
602111,,unknown,,unknown,,unknown,,,,,,,
602112,,unknown,,unknown,,unknown,,,,,,,
602113,,unknown,,unknown,,unknown,,,,,,,
602115,,unknown,,unknown,,unknown,,,,,,,
602116,,unknown,,unknown,,unknown,,,,,,,
602117,,unknown,,unknown,,unknown,,,,,,,
602118,,unknown,,unknown,,unknown,,,,,,,
602119,,unknown,,unknown,,unknown,,,,,,,
602120,,unknown,,unknown,,unknown,,,,,,,
602121,,unknown,,unknown,,unknown,,,,,,,
602122,,unknown,,unknown,,unknown,,,,,,,
602123,,unknown,,unknown,,unknown,,,,,,,
602124,,unknown,,unknown,,unknown,,,,,,,
602126,,unknown,,unknown,,unknown,,,,,,,
602127,,unknown,,unknown,,unknown,,,,,,,
602128,,unknown,,unknown,,unknown,,,,,,,
602129,,unknown,,unknown,,unknown,,,,,,,
602130,,unknown,,unknown,,unknown,,,,,,,
602131,,unknown,,unknown,,unknown,,,,,,,
602132,,unknown,,unknown,,unknown,,,,,,,
602133,,unknown,,unknown,,unknown,,,,,,,
602134,,unknown,,unknown,,unknown,,,,,,,
602135,,unknown,,unknown,,unknown,,,,,,,
602136,,unknown,,unknown,,unknown,,,,,,,
602137,,unknown,,unknown,,unknown,,,,,,,
602138,,unknown,,unknown,,unknown,,,,,,,
602140,,unknown,,unknown,,unknown,,,,,,,
602142,,unknown,,unknown,,unknown,,,,,,,
602143,,unknown,,unknown,,unknown,,,,,,,
602144,,unknown,,unknown,,unknown,,,,,,,
602145,,unknown,,unknown,,unknown,,,,,,,
602147,,unknown,,unknown,,unknown,,,,,,,
602148,,unknown,,unknown,,unknown,,,,,,,
602149,,unknown,,unknown,,unknown,,,,,,,
602150,,unknown,,unknown,,unknown,,,,,,,
602152,,unknown,,unknown,,unknown,,,,,,,
3604140,2023Q1,exact,2022Q3,backcast_award_minus_2q,2022Q2,from_applied_minus_1q,nanQnan,nanQnan,nanQnan,,,,
602154,,unknown,,unknown,,unknown,,,,,,,
602155,,unknown,,unknown,,unknown,,,,,,,
4101920,2020Q2,exact,2020Q2,program_calendar,2020Q1,from_applied_minus_1q,2021Q1,2021Q1,2021Q2,3.0,0.0,1.0,4.0
602159,,unknown,,unknown,,unknown,,,,,,,
602160,,unknown,,unknown,,unknown,,,,,,,
602161,,unknown,,unknown,,unknown,,,,,,,
602162,,unknown,,unknown,,unknown,,,,,,,
602163,,unknown,,unknown,,unknown,,,,,,,
602164,,unknown,,unknown,,unknown,,,,,,,
602165,,unknown,,unknown,,unknown,,,,,,,
602166,,unknown,,unknown,,unknown,,,,,,,
602167,,unknown,,unknown,,unknown,,,,,,,
602168,,unknown,,unknown,,unknown,,,,,,,
602169,,unknown,,unknown,,unknown,,,,,,,
602170,,unknown,,unknown,,unknown,,,,,,,
602171,,unknown,,unknown,,unknown,,,,,,,
602172,,unknown,,unknown,,unknown,,,,,,,
602173,,unknown,,unknown,,unknown,,,,,,,
602174,,unknown,,unknown,,unknown,,,,,,,
602175,,unknown,,unknown,,unknown,,,,,,,
602176,,unknown,,unknown,,unknown,,,,,,,
602177,,unknown,,unknown,,unknown,,,,,,,
602178,,unknown,,unknown,,unknown,,,,,,,
602180,,unknown,,unknown,,unknown,,,,,,,
602181,,unknown,,unknown,,unknown,,,,,,,
602182,,unknown,,unknown,,unknown,,,,,,,
602183,,unknown,,unknown,,unknown,,,,,,,
602184,,unknown,,unknown,,unknown,,,,,,,
602185,,unknown,,unknown,,unknown,,,,,,,
602186,,unknown,,unknown,,unknown,,,,,,,
602187,,unknown,,unknown,,unknown,,,,,,,
602188,,unknown,,unknown,,unknown,,,,,,,
602189,,unknown,,unknown,,unknown,,,,,,,
602190,,unknown,,unknown,,unknown,,,,,,,
602191,,unknown,,unknown,,unknown,,,,,,,
602192,,unknown,,unknown,,unknown,,,,,,,
602193,,unknown,,unknown,,unknown,,,,,,,
602194,,unknown,,unknown,,unknown,,,,,,,
602195,,unknown,,unknown,,unknown,,,,,,,
602196,,unknown,,unknown,,unknown,,,,,,,
602197,,unknown,,unknown,,unknown,,,,,,,
602199,,unknown,,unknown,,unknown,,,,,,,
602200,,unknown,,unknown,,unknown,,,,,,,
602201,,unknown,,unknown,,unknown,,,,,,,
602202,,unknown,,unknown,,unknown,,,,,,,
602203,,unknown,,unknown,,unknown,,,,,,,
602204,,unknown,,unknown,,unknown,,,,,,,
602205,,unknown,,unknown,,unknown,,,,,,,
602206,,unknown,,unknown,,unknown,,,,,,,
602207,,unknown,,unknown,,unknown,,,,,,,
602208,,unknown,,unknown,,unknown,,,,,,,
602209,,unknown,,unknown,,unknown,,,,,,,
602210,,unknown,,unknown,,unknown,,,,,,,
602211,,unknown,,unknown,,unknown,,,,,,,
602212,,unknown,,unknown,,unknown,,,,,,,
602213,,unknown,,unknown,,unknown,,,,,,,
602214,,unknown,,unknown,,unknown,,,,,,,
602215,,unknown,,unknown,,unknown,,,,,,,
602216,,unknown,,unknown,,unknown,,,,,,,
602217,,unknown,,unknown,,unknown,,,,,,,
602218,,unknown,,unknown,,unknown,,,,,,,
602219,,unknown,,unknown,,unknown,,,,,,,
602220,,unknown,,unknown,,unknown,,,,,,,
602221,,unknown,,unknown,,unknown,,,,,,,
602222,,unknown,,unknown,,unknown,,,,,,,
602225,,unknown,,unknown,,unknown,,,,,,,
602226,,unknown,,unknown,,unknown,,,,,,,
602227,,unknown,,unknown,,unknown,,,,,,,
602228,,unknown,,unknown,,unknown,,,,,,,
602229,,unknown,,unknown,,unknown,,,,,,,
602230,,unknown,,unknown,,unknown,,,,,,,
602231,,unknown,,unknown,,unknown,,,,,,,
602232,,unknown,,unknown,,unknown,,,,,,,
602233,,unknown,,unknown,,unknown,,,,,,,
602234,,unknown,,unknown,,unknown,,,,,,,
602235,,unknown,,unknown,,unknown,,,,,,,
602236,,unknown,,unknown,,unknown,,,,,,,
602237,,unknown,,unknown,,unknown,,,,,,,
602238,,unknown,,unknown,,unknown,,,,,,,
602239,,unknown,,unknown,,unknown,,,,,,,
602240,,unknown,,unknown,,unknown,,,,,,,
602241,,unknown,,unknown,,unknown,,,,,,,
602242,,unknown,,unknown,,unknown,,,,,,,
602243,,unknown,,unknown,,unknown,,,,,,,
602244,,unknown,,unknown,,unknown,,,,,,,
602245,,unknown,,unknown,,unknown,,,,,,,
602246,,unknown,,unknown,,unknown,,,,,,,
602247,,unknown,,unknown,,unknown,,,,,,,
602248,,unknown,,unknown,,unknown,,,,,,,
602249,,unknown,,unknown,,unknown,,,,,,,
602250,,unknown,,unknown,,unknown,,,,,,,
602251,,unknown,,unknown,,unknown,,,,,,,
602252,,unknown,,unknown,,unknown,,,,,,,
602253,,unknown,,unknown,,unknown,,,,,,,
602254,,unknown,,unknown,,unknown,,,,,,,
602255,,unknown,,unknown,,unknown,,,,,,,
602256,,unknown,,unknown,,unknown,,,,,,,
602257,,unknown,,unknown,,unknown,,,,,,,
602258,,unknown,,unknown,,unknown,,,,,,,
602259,,unknown,,unknown,,unknown,,,,,,,
602260,,unknown,,unknown,,unknown,,,,,,,
602261,,unknown,,unknown,,unknown,,,,,,,
602262,,unknown,,unknown,,unknown,,,,,,,
602263,,unknown,,unknown,,unknown,,,,,,,
602264,,unknown,,unknown,,unknown,,,,,,,
602265,,unknown,,unknown,,unknown,,,,,,,
602266,,unknown,,unknown,,unknown,,,,,,,
602267,,unknown,,unknown,,unknown,,,,,,,
602268,,unknown,,unknown,,unknown,,,,,,,
602269,,unknown,,unknown,,unknown,,,,,,,
602270,,unknown,,unknown,,unknown,,,,,,,
602271,,unknown,,unknown,,unknown,,,,,,,
602272,,unknown,,unknown,,unknown,,,,,,,
602274,,unknown,,unknown,,unknown,,,,,,,
602275,,unknown,,unknown,,unknown,,,,,,,
602276,,unknown,,unknown,,unknown,,,,,,,
602277,,unknown,,unknown,,unknown,,,,,,,
602278,,unknown,,unknown,,unknown,,,,,,,
602279,,unknown,,unknown,,unknown,,,,,,,
602280,,unknown,,unknown,,unknown,,,,,,,
602281,,unknown,,unknown,,unknown,,,,,,,
602282,,unknown,,unknown,,unknown,,,,,,,
602284,,unknown,,unknown,,unknown,,,,,,,
602285,,unknown,,unknown,,unknown,,,,,,,
602286,,unknown,,unknown,,unknown,,,,,,,
602287,,unknown,,unknown,,unknown,,,,,,,
602288,,unknown,,unknown,,unknown,,,,,,,
602289,,unknown,,unknown,,unknown,,,,,,,
602290,,unknown,,unknown,,unknown,,,,,,,
602291,,unknown,,unknown,,unknown,,,,,,,
602292,,unknown,,unknown,,unknown,,,,,,,
602293,,unknown,,unknown,,unknown,,,,,,,
602294,,unknown,,unknown,,unknown,,,,,,,
602295,,unknown,,unknown,,unknown,,,,,,,
602296,,unknown,,unknown,,unknown,,,,,,,
602297,,unknown,,unknown,,unknown,,,,,,,
602298,,unknown,,unknown,,unknown,,,,,,,
602299,,unknown,,unknown,,unknown,,,,,,,
602300,,unknown,,unknown,,unknown,,,,,,,
602301,,unknown,,unknown,,unknown,,,,,,,
602302,,unknown,,unknown,,unknown,,,,,,,
602303,,unknown,,unknown,,unknown,,,,,,,
602304,,unknown,,unknown,,unknown,,,,,,,
602305,,unknown,,unknown,,unknown,,,,,,,
602306,,unknown,,unknown,,unknown,,,,,,,
602307,,unknown,,unknown,,unknown,,,,,,,
602308,,unknown,,unknown,,unknown,,,,,,,
602309,,unknown,,unknown,,unknown,,,,,,,
602310,,unknown,,unknown,,unknown,,,,,,,
602311,,unknown,,unknown,,unknown,,,,,,,
602312,,unknown,,unknown,,unknown,,,,,,,
602313,,unknown,,unknown,,unknown,,,,,,,
602314,,unknown,,unknown,,unknown,,,,,,,
5100360,2021Q3,exact,2021Q1,backcast_award_minus_2q,2020Q4,from_applied_minus_1q,2022Q2,2023Q1,2023Q2,3.0,3.0,1.0,7.0
602316,,unknown,,unknown,,unknown,,,,,,,
602317,,unknown,,unknown,,unknown,,,,,,,
602318,,unknown,,unknown,,unknown,,,,,,,
602319,,unknown,,unknown,,unknown,,,,,,,
602320,,unknown,,unknown,,unknown,,,,,,,
602321,,unknown,,unknown,,unknown,,,,,,,
602322,,unknown,,unknown,,unknown,,,,,,,
602323,,unknown,,unknown,,unknown,,,,,,,
602324,,unknown,,unknown,,unknown,,,,,,,
602325,,unknown,,unknown,,unknown,,,,,,,
602326,,unknown,,unknown,,unknown,,,,,,,
602328,,unknown,,unknown,,unknown,,,,,,,
602330,,unknown,,unknown,,unknown,,,,,,,
602331,,unknown,,unknown,,unknown,,,,,,,
602333,,unknown,,unknown,,unknown,,,,,,,
602334,,unknown,,unknown,,unknown,,,,,,,
602335,,unknown,,unknown,,unknown,,,,,,,
602336,,unknown,,unknown,,unknown,,,,,,,
602337,,unknown,,unknown,,unknown,,,,,,,
602338,,unknown,,unknown,,unknown,,,,,,,
602339,,unknown,,unknown,,unknown,,,,,,,
602340,,unknown,,unknown,,unknown,,,,,,,
602341,,unknown,,unknown,,unknown,,,,,,,
602342,,unknown,,unknown,,unknown,,,,,,,
602343,,unknown,,unknown,,unknown,,,,,,,
602344,,unknown,,unknown,,unknown,,,,,,,
602345,,unknown,,unknown,,unknown,,,,,,,
602346,,unknown,,unknown,,unknown,,,,,,,
602348,,unknown,,unknown,,unknown,,,,,,,
602350,,unknown,,unknown,,unknown,,,,,,,
602351,,unknown,,unknown,,unknown,,,,,,,
602352,,unknown,,unknown,,unknown,,,,,,,
602353,,unknown,,unknown,,unknown,,,,,,,
602354,,unknown,,unknown,,unknown,,,,,,,
602356,,unknown,,unknown,,unknown,,,,,,,
602357,,unknown,,unknown,,unknown,,,,,,,
602358,,unknown,,unknown,,unknown,,,,,,,
602359,,unknown,,unknown,,unknown,,,,,,,
602360,,unknown,,unknown,,unknown,,,,,,,
602361,,unknown,,unknown,,unknown,,,,,,,
602362,,unknown,,unknown,,unknown,,,,,,,
602363,,unknown,,unknown,,unknown,,,,,,,
602364,,unknown,,unknown,,unknown,,,,,,,
602365,,unknown,,unknown,,unknown,,,,,,,
602366,,unknown,,unknown,,unknown,,,,,,,
602367,,unknown,,unknown,,unknown,,,,,,,
602368,,unknown,,unknown,,unknown,,,,,,,
602369,,unknown,,unknown,,unknown,,,,,,,
602370,,unknown,,unknown,,unknown,,,,,,,
602371,,unknown,,unknown,,unknown,,,,,,,
602372,,unknown,,unknown,,unknown,,,,,,,
602374,,unknown,,unknown,,unknown,,,,,,,
602375,,unknown,,unknown,,unknown,,,,,,,
602376,,unknown,,unknown,,unknown,,,,,,,
602377,,unknown,,unknown,,unknown,,,,,,,
602378,,unknown,,unknown,,unknown,,,,,,,
602379,,unknown,,unknown,,unknown,,,,,,,
602380,,unknown,,unknown,,unknown,,,,,,,
602381,,unknown,,unknown,,unknown,,,,,,,
602383,,unknown,,unknown,,unknown,,,,,,,
602384,,unknown,,unknown,,unknown,,,,,,,
602385,,unknown,,unknown,,unknown,,,,,,,
602386,,unknown,,unknown,,unknown,,,,,,,
602387,,unknown,,unknown,,unknown,,,,,,,
602388,,unknown,,unknown,,unknown,,,,,,,
602389,,unknown,,unknown,,unknown,,,,,,,
602390,,unknown,,unknown,,unknown,,,,,,,
602392,,unknown,,unknown,,unknown,,,,,,,
602393,,unknown,,unknown,,unknown,,,,,,,
602395,,unknown,,unknown,,unknown,,,,,,,
602396,,unknown,,unknown,,unknown,,,,,,,
602397,,unknown,,unknown,,unknown,,,,,,,
602398,,unknown,,unknown,,unknown,,,,,,,
602399,,unknown,,unknown,,unknown,,,,,,,
602400,,unknown,,unknown,,unknown,,,,,,,
602401,,unknown,,unknown,,unknown,,,,,,,
602403,,unknown,,unknown,,unknown,,,,,,,
602405,,unknown,,unknown,,unknown,,,,,,,
602406,,unknown,,unknown,,unknown,,,,,,,
602407,,unknown,,unknown,,unknown,,,,,,,
602408,,unknown,,unknown,,unknown,,,,,,,
602410,,unknown,,unknown,,unknown,,,,,,,
602411,,unknown,,unknown,,unknown,,,,,,,
602412,,unknown,,unknown,,unknown,,,,,,,
602413,,unknown,,unknown,,unknown,,,,,,,
602414,,unknown,,unknown,,unknown,,,,,,,
602415,,unknown,,unknown,,unknown,,,,,,,
602416,,unknown,,unknown,,unknown,,,,,,,
602417,,unknown,,unknown,,unknown,,,,,,,
602418,,unknown,,unknown,,unknown,,,,,,,
602419,,unknown,,unknown,,unknown,,,,,,,
602420,,unknown,,unknown,,unknown,,,,,,,
602421,,unknown,,unknown,,unknown,,,,,,,
602423,,unknown,,unknown,,unknown,,,,,,,
602424,,unknown,,unknown,,unknown,,,,,,,
602425,,unknown,,unknown,,unknown,,,,,,,
602426,,unknown,,unknown,,unknown,,,,,,,
602427,,unknown,,unknown,,unknown,,,,,,,
602428,,unknown,,unknown,,unknown,,,,,,,
602429,,unknown,,unknown,,unknown,,,,,,,
602430,,unknown,,unknown,,unknown,,,,,,,
602431,,unknown,,unknown,,unknown,,,,,,,
602432,,unknown,,unknown,,unknown,,,,,,,
602433,,unknown,,unknown,,unknown,,,,,,,
602434,,unknown,,unknown,,unknown,,,,,,,
602435,,unknown,,unknown,,unknown,,,,,,,
602436,,unknown,,unknown,,unknown,,,,,,,
602437,,unknown,,unknown,,unknown,,,,,,,
602439,,unknown,,unknown,,unknown,,,,,,,
602442,,unknown,,unknown,,unknown,,,,,,,
602443,,unknown,,unknown,,unknown,,,,,,,
602444,,unknown,,unknown,,unknown,,,,,,,
602445,,unknown,,unknown,,unknown,,,,,,,
602446,,unknown,,unknown,,unknown,,,,,,,
602447,,unknown,,unknown,,unknown,,,,,,,
602448,,unknown,,unknown,,unknown,,,,,,,
602449,,unknown,,unknown,,unknown,,,,,,,
2604500,2022Q4,exact,2022Q2,backcast_award_minus_2q,2022Q1,from_applied_minus_1q,2023Q2,2024Q2,2024Q2,2.0,4.0,0.0,6.0
602451,,unknown,,unknown,,unknown,,,,,,,
602452,,unknown,,unknown,,unknown,,,,,,,
602453,,unknown,,unknown,,unknown,,,,,,,
602454,,unknown,,unknown,,unknown,,,,,,,
602455,,unknown,,unknown,,unknown,,,,,,,
602456,,unknown,,unknown,,unknown,,,,,,,
602457,,unknown,,unknown,,unknown,,,,,,,
602458,,unknown,,unknown,,unknown,,,,,,,
602459,,unknown,,unknown,,unknown,,,,,,,
602460,,unknown,,unknown,,unknown,,,,,,,
602461,,unknown,,unknown,,unknown,,,,,,,
602462,,unknown,,unknown,,unknown,,,,,,,
602463,,unknown,,unknown,,unknown,,,,,,,
602464,,unknown,,unknown,,unknown,,,,,,,
602465,,unknown,,unknown,,unknown,,,,,,,
602467,,unknown,,unknown,,unknown,,,,,,,
602468,,unknown,,unknown,,unknown,,,,,,,
602469,,unknown,,unknown,,unknown,,,,,,,
602470,,unknown,,unknown,,unknown,,,,,,,
602471,,unknown,,unknown,,unknown,,,,,,,
602472,,unknown,,unknown,,unknown,,,,,,,
602473,,unknown,,unknown,,unknown,,,,,,,
602475,,unknown,,unknown,,unknown,,,,,,,
602476,,unknown,,unknown,,unknown,,,,,,,
602477,,unknown,,unknown,,unknown,,,,,,,
602478,,unknown,,unknown,,unknown,,,,,,,
602480,,unknown,,unknown,,unknown,,,,,,,
602481,,unknown,,unknown,,unknown,,,,,,,
602482,,unknown,,unknown,,unknown,,,,,,,
602483,,unknown,,unknown,,unknown,,,,,,,
602484,,unknown,,unknown,,unknown,,,,,,,
602485,,unknown,,unknown,,unknown,,,,,,,
602486,,unknown,,unknown,,unknown,,,,,,,
602487,,unknown,,unknown,,unknown,,,,,,,
602488,,unknown,,unknown,,unknown,,,,,,,
602489,,unknown,,unknown,,unknown,,,,,,,
602491,,unknown,,unknown,,unknown,,,,,,,
602493,,unknown,,unknown,,unknown,,,,,,,
602494,,unknown,,unknown,,unknown,,,,,,,
602495,,unknown,,unknown,,unknown,,,,,,,
602496,,unknown,,unknown,,unknown,,,,,,,
602497,,unknown,,unknown,,unknown,,,,,,,
602498,,unknown,,unknown,,unknown,,,,,,,
602500,,unknown,,unknown,,unknown,,,,,,,
602501,,unknown,,unknown,,unknown,,,,,,,
602502,,unknown,,unknown,,unknown,,,,,,,
602503,,unknown,,unknown,,unknown,,,,,,,
602504,,unknown,,unknown,,unknown,,,,,,,
602505,,unknown,,unknown,,unknown,,,,,,,
602506,,unknown,,unknown,,unknown,,,,,,,
602507,,unknown,,unknown,,unknown,,,,,,,
602508,,unknown,,unknown,,unknown,,,,,,,
602509,,unknown,,unknown,,unknown,,,,,,,
602510,,unknown,,unknown,,unknown,,,,,,,
602511,,unknown,,unknown,,unknown,,,,,,,
602512,,unknown,,unknown,,unknown,,,,,,,
602513,,unknown,,unknown,,unknown,,,,,,,
602515,,unknown,,unknown,,unknown,,,,,,,
602516,,unknown,,unknown,,unknown,,,,,,,
602517,,unknown,,unknown,,unknown,,,,,,,
602518,,unknown,,unknown,,unknown,,,,,,,
602520,,unknown,,unknown,,unknown,,,,,,,
602521,,unknown,,unknown,,unknown,,,,,,,
602522,,unknown,,unknown,,unknown,,,,,,,
602523,,unknown,,unknown,,unknown,,,,,,,
602524,,unknown,,unknown,,unknown,,,,,,,
602525,,unknown,,unknown,,unknown,,,,,,,
602527,,unknown,,unknown,,unknown,,,,,,,
602528,,unknown,,unknown,,unknown,,,,,,,
602529,,unknown,,unknown,,unknown,,,,,,,
602530,,unknown,,unknown,,unknown,,,,,,,
602531,,unknown,,unknown,,unknown,,,,,,,
602532,,unknown,,unknown,,unknown,,,,,,,
602533,,unknown,,unknown,,unknown,,,,,,,
602534,,unknown,,unknown,,unknown,,,,,,,
602535,,unknown,,unknown,,unknown,,,,,,,
602538,,unknown,,unknown,,unknown,,,,,,,
602539,,unknown,,unknown,,unknown,,,,,,,
602540,,unknown,,unknown,,unknown,,,,,,,
602541,,unknown,,unknown,,unknown,,,,,,,
602542,,unknown,,unknown,,unknown,,,,,,,
602543,,unknown,,unknown,,unknown,,,,,,,
602544,,unknown,,unknown,,unknown,,,,,,,
602545,,unknown,,unknown,,unknown,,,,,,,
602546,,unknown,,unknown,,unknown,,,,,,,
602547,,unknown,,unknown,,unknown,,,,,,,
602548,,unknown,,unknown,,unknown,,,,,,,
602551,,unknown,,unknown,,unknown,,,,,,,
602552,,unknown,,unknown,,unknown,,,,,,,
602553,,unknown,,unknown,,unknown,,,,,,,
602554,,unknown,,unknown,,unknown,,,,,,,
602555,,unknown,,unknown,,unknown,,,,,,,
602556,,unknown,,unknown,,unknown,,,,,,,
602557,,unknown,,unknown,,unknown,,,,,,,
602558,,unknown,,unknown,,unknown,,,,,,,
602559,,unknown,,unknown,,unknown,,,,,,,
602560,,unknown,,unknown,,unknown,,,,,,,
602561,,unknown,,unknown,,unknown,,,,,,,
602562,,unknown,,unknown,,unknown,,,,,,,
602563,,unknown,,unknown,,unknown,,,,,,,
602564,,unknown,,unknown,,unknown,,,,,,,
602565,,unknown,,unknown,,unknown,,,,,,,
602566,,unknown,,unknown,,unknown,,,,,,,
602567,,unknown,,unknown,,unknown,,,,,,,
602569,,unknown,,unknown,,unknown,,,,,,,
602570,,unknown,,unknown,,unknown,,,,,,,
602571,,unknown,,unknown,,unknown,,,,,,,
602573,,unknown,,unknown,,unknown,,,,,,,
602574,,unknown,,unknown,,unknown,,,,,,,
602575,,unknown,,unknown,,unknown,,,,,,,
602576,,unknown,,unknown,,unknown,,,,,,,
602577,,unknown,,unknown,,unknown,,,,,,,
602578,,unknown,,unknown,,unknown,,,,,,,
602579,,unknown,,unknown,,unknown,,,,,,,
602580,,unknown,,unknown,,unknown,,,,,,,
602581,,unknown,,unknown,,unknown,,,,,,,
602582,,unknown,,unknown,,unknown,,,,,,,
602583,,unknown,,unknown,,unknown,,,,,,,
4003810,2022Q4,exact,2022Q2,backcast_award_minus_2q,2022Q1,from_applied_minus_1q,2022Q4,2023Q3,2023Q3,0.0,3.0,0.0,3.0
34BELAI,2021Q1,exact,2020Q3,backcast_award_minus_2q,2020Q2,from_applied_minus_1q,2021Q4,2023Q1,2023Q2,3.0,5.0,1.0,9.0
602670,,unknown,,unknown,,unknown,,,,,,,
602700,,unknown,,unknown,,unknown,,,,,,,
602730,,unknown,,unknown,,unknown,,,,,,,
602760,,unknown,,unknown,,unknown,,,,,,,
602820,,unknown,,unknown,,unknown,,,,,,,
2904530,2022Q4,exact,2022Q2,backcast_award_minus_2q,2022Q1,from_applied_minus_1q,2023Q2,2023Q3,2023Q3,2.0,1.0,0.0,3.0
2100390,2024Q2,exact,2021Q2,program_calendar,2021Q1,from_applied_minus_1q,nanQnan,nanQnan,nanQnan,,,,
3401350,2021Q1,exact,2020Q3,backcast_award_minus_2q,2020Q2,from_applied_minus_1q,nanQnan,nanQnan,nanQnan,,,,
3604370,2024Q2,exact,2023Q4,backcast_award_minus_2q,2023Q3,from_applied_minus_1q,nanQnan,nanQnan,nanQnan,,,,
604440,2017Q2,exact,2016Q4,backcast_award_minus_2q,2016Q3,from_applied_minus_1q,2018Q2,2018Q4,2019Q1,4.0,2.0,1.0,7.0
603090,,unknown,,unknown,,unknown,,,,,,,
603180,,unknown,,unknown,,unknown,,,,,,,
603270,,unknown,,unknown,,unknown,,,,,,,
5501050,2024Q2,exact,2023Q4,backcast_award_minus_2q,2023Q3,from_applied_minus_1q,nanQnan,nanQnan,nanQnan,,,,
3604530,2024Q2,exact,2023Q4,backcast_award_minus_2q,2023Q3,from_applied_minus_1q,nanQnan,nanQnan,nanQnan,,,,
603480,,unknown,,unknown,,unknown,,,,,,,
603600,,unknown,,unknown,,unknown,,,,,,,
603610,,unknown,,unknown,,unknown,,,,,,,
603630,,unknown,,unknown,,unknown,,,,,,,
4101980,2021Q1,exact,2020Q3,backcast_award_minus_2q,2020Q2,from_applied_minus_1q,2021Q4,2023Q1,2023Q1,3.0,5.0,0.0,8.0
603720,,unknown,,unknown,,unknown,,,,,,,
603750,,unknown,,unknown,,unknown,,,,,,,
603780,,unknown,,unknown,,unknown,,,,,,,
603840,,unknown,,unknown,,unknown,,,,,,,
604020,,unknown,,unknown,,unknown,,,,,,,
604080,,unknown,,unknown,,unknown,,,,,,,
4700240,2022Q4,exact,2022Q2,backcast_award_minus_2q,2022Q1,from_applied_minus_1q,2023Q1,2023Q2,2023Q4,1.0,1.0,2.0,4.0
604200,,unknown,,unknown,,unknown,,,,,,,
604230,,unknown,,unknown,,unknown,,,,,,,
604260,,unknown,,unknown,,unknown,,,,,,,
604290,,unknown,,unknown,,unknown,,,,,,,
604350,,unknown,,unknown,,unknown,,,,,,,
604380,,unknown,,unknown,,unknown,,,,,,,
604740,2019Q1,exact,2018Q3,backcast_award_minus_2q,2018Q2,from_applied_minus_1q,2019Q3,2019Q4,2021Q4,2.0,1.0,8.0,11.0
604500,,unknown,,unknown,,unknown,,,,,,,
604530,,unknown,,unknown,,unknown,,,,,,,
604620,,unknown,,unknown,,unknown,,,,,,,
604650,,unknown,,unknown,,unknown,,,,,,,
3700360,2022Q4,exact,2022Q2,backcast_award_minus_2q,2022Q1,from_applied_minus_1q,2023Q1,2023Q4,2023Q4,1.0,3.0,0.0,4.0
604800,,unknown,,unknown,,unknown,,,,,,,
604830,,unknown,,unknown,,unknown,,,,,,,
604860,,unknown,,unknown,,unknown,,,,,,,
2600006,2022Q4,exact,2022Q2,backcast_award_minus_2q,2022Q1,from_applied_minus_1q,2023Q2,2023Q3,2023Q3,2.0,1.0,0.0,3.0
604950,,unknown,,unknown,,unknown,,,,,,,
604980,,unknown,,unknown,,unknown,,,,,,,
34BESTC,2023Q1,exact,2022Q3,backcast_award_minus_2q,2022Q2,from_applied_minus_1q,2023Q2,2024Q1,2024Q1,1.0,3.0,0.0,4.0
4203510,2024Q2,exact,2023Q4,backcast_award_minus_2q,2023Q3,from_applied_minus_1q,nanQnan,nanQnan,nanQnan,,,,
605190,,unknown,,unknown,,unknown,,,,,,,
4203570,2022Q4,exact,2022Q2,backcast_award_minus_2q,2022Q1,from_applied_minus_1q,2023Q1,2023Q4,2024Q2,1.0,3.0,2.0,6.0
3604710,2021Q1,exact,2020Q3,backcast_award_minus_2q,2020Q2,from_applied_minus_1q,2022Q2,2022Q3,2022Q4,5.0,1.0,1.0,7.0
605250,,unknown,,unknown,,unknown,,,,,,,
605280,,unknown,,unknown,,unknown,,,,,,,
605400,,unknown,,unknown,,unknown,,,,,,,
605490,,unknown,,unknown,,unknown,,,,,,,
605520,,unknown,,unknown,,unknown,,,,,,,
605580,,unknown,,unknown,,unknown,,,,,,,
605610,,unknown,,unknown,,unknown,,,,,,,
2502640,2019Q4,exact,2019Q2,backcast_award_minus_2q,2019Q1,from_applied_minus_1q,2020Q3,2020Q4,2021Q1,3.0,1.0,1.0,5.0
605700,,unknown,,unknown,,unknown,,,,,,,
605730,,unknown,,unknown,,unknown,,,,,,,
3401740,2024Q2,exact,2023Q4,backcast_award_minus_2q,2023Q3,from_applied_minus_1q,nanQnan,nanQnan,nanQnan,,,,
1300420,2023Q4,exact,2023Q2,backcast_award_minus_2q,2023Q1,from_applied_minus_1q,nanQnan,nanQnan,nanQnan,,,,
605880,,unknown,,unknown,,unknown,,,,,,,
605910,,unknown,,unknown,,unknown,,,,,,,
2303150,2024Q2,exact,2023Q4,backcast_award_minus_2q,2023Q3,from_applied_minus_1q,nanQnan,nanQnan,nanQnan,,,,
606000,,unknown,,unknown,,unknown,,,,,,,
2200210,2022Q4,exact,2022Q2,backcast_award_minus_2q,2022Q1,from_applied_minus_1q,2023Q2,2023Q4,2023Q4,2.0,2.0,0.0,4.0
606060,,unknown,,unknown,,unknown,,,,,,,
606090,,unknown,,unknown,,unknown,,,,,,,
606100,,unknown,,unknown,,unknown,,,,,,,
606270,,unknown,,unknown,,unknown,,,,,,,
604890,2018Q3,exact,2018Q1,backcast_award_minus_2q,2017Q4,from_applied_minus_1q,2018Q4,2020Q3,2020Q4,1.0,7.0,1.0,9.0
606360,,unknown,,unknown,,unknown,,,,,,,
606390,,unknown,,unknown,,unknown,,,,,,,
606420,,unknown,,unknown,,unknown,,,,,,,
606450,,unknown,,unknown,,unknown,,,,,,,
606480,,unknown,,unknown,,unknown,,,,,,,
606510,,unknown,,unknown,,unknown,,,,,,,
606540,,unknown,,unknown,,unknown,,,,,,,
606570,,unknown,,unknown,,unknown,,,,,,,
606580,,unknown,,unknown,,unknown,,,,,,,
606690,,unknown,,unknown,,unknown,,,,,,,
606720,,unknown,,unknown,,unknown,,,,,,,
606750,,unknown,,unknown,,unknown,,,,,,,
806600,2022Q4,exact,2022Q2,backcast_award_minus_2q,2022Q1,from_applied_minus_1q,nanQnan,2023Q4,2023Q4,,,0.0,4.0
3000654,2024Q2,exact,2023Q4,backcast_award_minus_2q,2023Q3,from_applied_minus_1q,nanQnan,nanQnan,nanQnan,,,,
605010,2022Q4,exact,2022Q2,backcast_award_minus_2q,2022Q1,from_applied_minus_1q,2022Q4,2022Q4,2023Q1,0.0,0.0,1.0,1.0
3003820,2022Q4,exact,2022Q2,backcast_award_minus_2q,2022Q1,from_applied_minus_1q,2023Q1,2023Q2,2023Q2,1.0,1.0,0.0,2.0
606960,,unknown,,unknown,,unknown,,,,,,,
605040,2022Q1,exact,2021Q3,backcast_award_minus_2q,2021Q2,from_applied_minus_1q,2022Q2,2023Q1,2023Q2,1.0,3.0,1.0,5.0
607020,,unknown,,unknown,,unknown,,,,,,,
607140,,unknown,,unknown,,unknown,,,,,,,
607170,,unknown,,unknown,,unknown,,,,,,,
2800630,2023Q4,exact,2023Q2,backcast_award_minus_2q,2023Q1,from_applied_minus_1q,nanQnan,nanQnan,nanQnan,,,,
607230,,unknown,,unknown,,unknown,,,,,,,
607260,,unknown,,unknown,,unknown,,,,,,,
607350,,unknown,,unknown,,unknown,,,,,,,
607410,,unknown,,unknown,,unknown,,,,,,,
100390,2023Q4,exact,2023Q2,backcast_award_minus_2q,2023Q1,from_applied_minus_1q,nanQnan,nanQnan,nanQnan,,,,
607470,,unknown,,unknown,,unknown,,,,,,,
607500,,unknown,,unknown,,unknown,,,,,,,
607530,,unknown,,unknown,,unknown,,,,,,,
601409,2018Q3,exact,2018Q1,backcast_award_minus_2q,2017Q4,from_applied_minus_1q,2018Q4,2020Q3,2020Q4,1.0,7.0,1.0,9.0
607680,,unknown,,unknown,,unknown,,,,,,,
607740,,unknown,,unknown,,unknown,,,,,,,
607770,,unknown,,unknown,,unknown,,,,,,,
607800,,unknown,,unknown,,unknown,,,,,,,
607840,,unknown,,unknown,,unknown,,,,,,,
605220,2018Q3,exact,2018Q1,backcast_award_minus_2q,2017Q4,from_applied_minus_1q,2018Q4,2020Q3,2020Q4,1.0,7.0,1.0,9.0
605240,2022Q2,exact,2021Q4,backcast_award_minus_2q,2021Q3,from_applied_minus_1q,2022Q3,nanQnan,nanQnan,1.0,,,
607950,,unknown,,unknown,,unknown,,,,,,,
4400015,2022Q4,exact,2022Q2,backcast_award_minus_2q,2022Q1,from_applied_minus_1q,2023Q1,2024Q3,nanQnan,1.0,6.0,,
607980,,unknown,,unknown,,unknown,,,,,,,
3700390,2022Q4,exact,2022Q2,backcast_award_minus_2q,2022Q1,from_applied_minus_1q,2023Q2,2024Q2,2024Q2,2.0,4.0,0.0,6.0
4810380,2023Q4,exact,2023Q2,backcast_award_minus_2q,2023Q1,from_applied_minus_1q,nanQnan,nanQnan,nanQnan,,,,
608130,,unknown,,unknown,,unknown,,,,,,,
4700270,2022Q1,exact,2021Q3,backcast_award_minus_2q,2021Q2,from_applied_minus_1q,2022Q2,2022Q3,2022Q4,1.0,1.0,1.0,3.0
608190,,unknown,,unknown,,unknown,,,,,,,
608250,,unknown,,unknown,,unknown,,,,,,,
608340,,unknown,,unknown,,unknown,,,,,,,
1706420,2022Q4,exact,2022Q2,backcast_award_minus_2q,2022Q1,from_applied_minus_1q,nanQnan,2024Q3,nanQnan,,,,
608460,,unknown,,unknown,,unknown,,,,,,,
3401830,2023Q4,exact,2023Q2,backcast_award_minus_2q,2023Q1,from_applied_minus_1q,nanQnan,nanQnan,nanQnan,,,,
608550,,unknown,,unknown,,unknown,,,,,,,
608580,,unknown,,unknown,,unknown,,,,,,,
2705790,2024Q2,exact,2023Q4,backcast_award_minus_2q,2023Q3,from_applied_minus_1q,nanQnan,nanQnan,nanQnan,,,,
608640,,unknown,,unknown,,unknown,,,,,,,
608700,,unknown,,unknown,,unknown,,,,,,,
608760,,unknown,,unknown,,unknown,,,,,,,
608850,,unknown,,unknown,,unknown,,,,,,,
608880,,unknown,,unknown,,unknown,,,,,,,
608970,,unknown,,unknown,,unknown,,,,,,,
4810620,2024Q2,exact,2023Q4,backcast_award_minus_2q,2023Q3,from_applied_minus_1q,nanQnan,nanQnan,nanQnan,,,,
503320,2022Q4,exact,2022Q2,backcast_award_minus_2q,2022Q1,from_applied_minus_1q,2023Q2,2023Q3,2023Q3,2.0,1.0,0.0,3.0
3401920,2021Q4,exact,2021Q2,backcast_award_minus_2q,2021Q1,from_applied_minus_1q,nanQnan,nanQnan,nanQnan,,,,
609240,,unknown,,unknown,,unknown,,,,,,,
609270,,unknown,,unknown,,unknown,,,,,,,
609300,,unknown,,unknown,,unknown,,,,,,,
1600360,2024Q2,exact,2023Q4,backcast_award_minus_2q,2023Q3,from_applied_minus_1q,nanQnan,nanQnan,nanQnan,,,,
401260,2023Q4,exact,2023Q2,backcast_award_minus_2q,2023Q1,from_applied_minus_1q,nanQnan,nanQnan,nanQnan,,,,
605640,2021Q2,exact,2020Q4,backcast_award_minus_2q,2020Q3,from_applied_minus_1q,2021Q2,2021Q3,2021Q3,0.0,1.0,0.0,1.0
5400090,2022Q4,exact,2022Q2,backcast_award_minus_2q,2022Q1,from_applied_minus_1q,2022Q4,2023Q4,2023Q4,0.0,4.0,0.0,4.0
609510,,unknown,,unknown,,unknown,,,,,,,
2502790,2022Q1,exact,2021Q3,backcast_award_minus_2q,2021Q2,from_applied_minus_1q,2022Q3,2023Q1,2023Q1,2.0,2.0,0.0,4.0
802490,2018Q3,exact,2018Q1,backcast_award_minus_2q,2017Q4,from_applied_minus_1q,2018Q4,2021Q1,2021Q2,1.0,9.0,1.0,11.0
2100570,2022Q4,exact,2022Q2,backcast_award_minus_2q,2022Q1,from_applied_minus_1q,2022Q4,2023Q3,2023Q3,0.0,3.0,0.0,3.0
3004560,2024Q2,exact,2023Q4,backcast_award_minus_2q,2023Q3,from_applied_minus_1q,nanQnan,nanQnan,nanQnan,,,,
609690,,unknown,,unknown,,unknown,,,,,,,
3904522,2022Q4,exact,2022Q2,backcast_award_minus_2q,2022Q1,from_applied_minus_1q,nanQnan,2023Q3,2023Q3,,,0.0,3.0
900420,2024Q2,exact,2023Q4,backcast_award_minus_2q,2023Q3,from_applied_minus_1q,nanQnan,nanQnan,nanQnan,,,,
609850,,unknown,,unknown,,unknown,,,,,,,
609870,,unknown,,unknown,,unknown,,,,,,,
609940,,unknown,,unknown,,unknown,,,,,,,
609990,,unknown,,unknown,,unknown,,,,,,,
605790,2018Q2,exact,2017Q4,backcast_award_minus_2q,2017Q3,from_applied_minus_1q,2018Q3,2019Q2,2019Q2,1.0,3.0,0.0,4.0
610230,,unknown,,unknown,,unknown,,,,,,,
610260,,unknown,,unknown,,unknown,,,,,,,
610290,,unknown,,unknown,,unknown,,,,,,,
610320,,unknown,,unknown,,unknown,,,,,,,
605820,2022Q2,exact,2021Q4,backcast_award_minus_2q,2021Q3,from_applied_minus_1q,2022Q3,nanQnan,nanQnan,1.0,,,
610380,,unknown,,unknown,,unknown,,,,,,,
610440,,unknown,,unknown,,unknown,,,,,,,
610620,,unknown,,unknown,,unknown,,,,,,,
610680,,unknown,,unknown,,unknown,,,,,,,
610710,,unknown,,unknown,,unknown,,,,,,,
610740,,unknown,,unknown,,unknown,,,,,,,
605940,2020Q3,exact,2020Q1,backcast_award_minus_2q,2019Q4,from_applied_minus_1q,2021Q2,2022Q3,2022Q4,3.0,5.0,1.0,9.0
3402220,2024Q2,exact,2023Q4,backcast_award_minus_2q,2023Q3,from_applied_minus_1q,nanQnan,nanQnan,nanQnan,,,,
610890,,unknown,,unknown,,unknown,,,,,,,
610980,,unknown,,unknown,,unknown,,,,,,,
611040,,unknown,,unknown,,unknown,,,,,,,
900450,2024Q2,exact,2023Q4,backcast_award_minus_2q,2023Q3,from_applied_minus_1q,nanQnan,nanQnan,nanQnan,,,,
611110,,unknown,,unknown,,unknown,,,,,,,
3402250,2022Q4,exact,2022Q2,backcast_award_minus_2q,2022Q1,from_applied_minus_1q,2023Q2,2024Q3,nanQnan,2.0,5.0,,
611220,,unknown,,unknown,,unknown,,,,,,,
611280,,unknown,,unknown,,unknown,,,,,,,
611430,,unknown,,unknown,,unknown,,,,,,,
606030,2022Q4,exact,2022Q2,backcast_award_minus_2q,2022Q1,from_applied_minus_1q,2023Q1,nanQnan,nanQnan,1.0,,,
2606900,2023Q4,exact,2023Q2,backcast_award_minus_2q,2023Q1,from_applied_minus_1q,nanQnan,nanQnan,nanQnan,,,,
611520,,unknown,,unknown,,unknown,,,,,,,
611550,,unknown,,unknown,,unknown,,,,,,,
611610,,unknown,,unknown,,unknown,,,,,,,
611670,,unknown,,unknown,,unknown,,,,,,,
611700,,unknown,,unknown,,unknown,,,,,,,
2606930,2022Q4,exact,2022Q2,backcast_award_minus_2q,2022Q1,from_applied_minus_1q,2023Q2,2023Q3,2023Q3,2.0,1.0,0.0,3.0
3905012,2024Q2,exact,2023Q4,backcast_award_minus_2q,2023Q3,from_applied_minus_1q,nanQnan,nanQnan,nanQnan,,,,
611780,,unknown,,unknown,,unknown,,,,,,,
611820,,unknown,,unknown,,unknown,,,,,,,
611850,,unknown,,unknown,,unknown,,,,,,,
2303640,2024Q2,exact,2023Q4,backcast_award_minus_2q,2023Q3,from_applied_minus_1q,nanQnan,nanQnan,nanQnan,,,,
1200180,2021Q2,exact,2020Q4,backcast_award_minus_2q,2020Q3,from_applied_minus_1q,2022Q1,2023Q2,2023Q3,3.0,5.0,1.0,9.0
2607040,2024Q2,exact,2023Q4,backcast_award_minus_2q,2023Q3,from_applied_minus_1q,nanQnan,nanQnan,nanQnan,,,,
5100480,2024Q2,exact,2020Q2,program_calendar,2020Q1,from_applied_minus_1q,nanQnan,nanQnan,nanQnan,,,,
606330,2022Q2,exact,2021Q4,backcast_award_minus_2q,2021Q3,from_applied_minus_1q,2022Q3,2024Q1,2024Q1,1.0,6.0,0.0,7.0
612090,,unknown,,unknown,,unknown,,,,,,,
802640,2021Q4,exact,2021Q2,backcast_award_minus_2q,2021Q1,from_applied_minus_1q,2022Q3,2023Q2,2023Q2,3.0,3.0,0.0,6.0
612150,,unknown,,unknown,,unknown,,,,,,,
612180,,unknown,,unknown,,unknown,,,,,,,
612210,,unknown,,unknown,,unknown,,,,,,,
3605850,2024Q2,exact,2023Q4,backcast_award_minus_2q,2023Q3,from_applied_minus_1q,nanQnan,nanQnan,nanQnan,,,,
612360,,unknown,,unknown,,unknown,,,,,,,
612600,,unknown,,unknown,,unknown,,,,,,,
612630,,unknown,,unknown,,unknown,,,,,,,
612690,,unknown,,unknown,,unknown,,,,,,,
612750,,unknown,,unknown,,unknown,,,,,,,
612810,,unknown,,unknown,,unknown,,,,,,,
4005820,2022Q4,exact,2022Q2,backcast_award_minus_2q,2022Q1,from_applied_minus_1q,2022Q4,2023Q4,2023Q4,0.0,4.0,0.0,4.0
612880,,unknown,,unknown,,unknown,,,,,,,
1707740,2023Q4,exact,2023Q2,backcast_award_minus_2q,2023Q1,from_applied_minus_1q,nanQnan,nanQnan,nanQnan,,,,
1736810,2023Q4,exact,2023Q2,backcast_award_minus_2q,2023Q1,from_applied_minus_1q,nanQnan,nanQnan,nanQnan,,,,
1700125,2024Q2,exact,2021Q2,program_calendar,2021Q1,from_applied_minus_1q,nanQnan,nanQnan,nanQnan,,,,
3402440,2024Q2,exact,2023Q4,backcast_award_minus_2q,2023Q3,from_applied_minus_1q,nanQnan,nanQnan,nanQnan,,,,
613140,,unknown,,unknown,,unknown,,,,,,,
3700530,2021Q3,exact,2021Q1,backcast_award_minus_2q,2020Q4,from_applied_minus_1q,2022Q1,2023Q2,2023Q2,2.0,5.0,0.0,7.0
5400180,2022Q1,exact,2021Q3,backcast_award_minus_2q,2021Q2,from_applied_minus_1q,2023Q2,2023Q4,2023Q4,5.0,2.0,0.0,7.0
613360,,unknown,,unknown,,unknown,,,,,,,
606780,2024Q2,exact,2023Q4,backcast_award_minus_2q,2023Q3,from_applied_minus_1q,nanQnan,nanQnan,nanQnan,,,,
613500,,unknown,,unknown,,unknown,,,,,,,
4006120,2023Q4,exact,2023Q2,backcast_award_minus_2q,2023Q1,from_applied_minus_1q,nanQnan,nanQnan,nanQnan,,,,
613740,,unknown,,unknown,,unknown,,,,,,,
613800,,unknown,,unknown,,unknown,,,,,,,
613840,,unknown,,unknown,,unknown,,,,,,,
613860,,unknown,,unknown,,unknown,,,,,,,
2607590,2022Q3,exact,2022Q1,backcast_award_minus_2q,2021Q4,from_applied_minus_1q,2022Q4,2023Q3,2024Q1,1.0,3.0,2.0,6.0
1708040,2023Q4,exact,2023Q2,backcast_award_minus_2q,2023Q1,from_applied_minus_1q,nanQnan,nanQnan,nanQnan,,,,
613980,,unknown,,unknown,,unknown,,,,,,,
614010,,unknown,,unknown,,unknown,,,,,,,
614040,,unknown,,unknown,,unknown,,,,,,,
606810,2018Q4,exact,2018Q2,backcast_award_minus_2q,2018Q1,from_applied_minus_1q,2019Q1,2019Q4,2020Q1,1.0,3.0,1.0,5.0
614130,,unknown,,unknown,,unknown,,,,,,,
614190,,unknown,,unknown,,unknown,,,,,,,
614220,,unknown,,unknown,,unknown,,,,,,,
606870,2017Q3,exact,2017Q1,backcast_award_minus_2q,2016Q4,from_applied_minus_1q,2017Q4,2019Q3,2019Q4,1.0,7.0,1.0,9.0
614340,,unknown,,unknown,,unknown,,,,,,,
2100840,2022Q4,exact,2022Q2,backcast_award_minus_2q,2022Q1,from_applied_minus_1q,2023Q2,2023Q4,2023Q4,2.0,2.0,0.0,4.0
3700580,2022Q4,exact,2022Q2,backcast_award_minus_2q,2022Q1,from_applied_minus_1q,2023Q1,2024Q1,2024Q1,1.0,4.0,0.0,5.0
614430,,unknown,,unknown,,unknown,,,,,,,
614490,,unknown,,unknown,,unknown,,,,,,,
5099909,2022Q4,exact,2022Q2,backcast_award_minus_2q,2022Q1,from_applied_minus_1q,2023Q2,2024Q1,2024Q1,2.0,3.0,0.0,5.0
606900,2022Q2,exact,2021Q4,backcast_award_minus_2q,2021Q3,from_applied_minus_1q,2022Q3,nanQnan,nanQnan,1.0,,,
2800870,2022Q4,exact,2022Q2,backcast_award_minus_2q,2022Q1,from_applied_minus_1q,2023Q1,2023Q3,2023Q3,1.0,2.0,0.0,3.0
614730,,unknown,,unknown,,unknown,,,,,,,
614760,,unknown,,unknown,,unknown,,,,,,,
5400210,2023Q4,exact,2023Q2,backcast_award_minus_2q,2023Q1,from_applied_minus_1q,2024Q4,nanQnan,nanQnan,4.0,,,
606990,2022Q2,exact,2021Q4,backcast_award_minus_2q,2021Q3,from_applied_minus_1q,2022Q3,nanQnan,nanQnan,1.0,,,
2503270,2016Q2,exact,2015Q4,backcast_award_minus_2q,2015Q3,from_applied_minus_1q,2016Q3,2016Q4,2017Q3,1.0,1.0,3.0,5.0
614910,,unknown,,unknown,,unknown,,,,,,,
614940,,unknown,,unknown,,unknown,,,,,,,
3402640,2022Q1,exact,2021Q3,backcast_award_minus_2q,2021Q2,from_applied_minus_1q,2022Q2,2023Q1,2023Q2,1.0,3.0,1.0,5.0
614970,,unknown,,unknown,,unknown,,,,,,,
615000,,unknown,,unknown,,unknown,,,,,,,
615090,,unknown,,unknown,,unknown,,,,,,,
615150,,unknown,,unknown,,unknown,,,,,,,
3700600,2022Q4,exact,2022Q2,backcast_award_minus_2q,2022Q1,from_applied_minus_1q,2023Q1,2023Q4,2023Q4,1.0,3.0,0.0,4.0
615240,,unknown,,unknown,,unknown,,,,,,,
615270,,unknown,,unknown,,unknown,,,,,,,
3904370,2023Q4,exact,2023Q2,backcast_award_minus_2q,2023Q1,from_applied_minus_1q,nanQnan,nanQnan,nanQnan,,,,
615450,,unknown,,unknown,,unknown,,,,,,,
615480,,unknown,,unknown,,unknown,,,,,,,
5100600,2021Q4,exact,2021Q2,backcast_award_minus_2q,2021Q1,from_applied_minus_1q,2022Q2,2022Q2,2022Q2,2.0,0.0,0.0,2.0
615600,,unknown,,unknown,,unknown,,,,,,,
2907050,2022Q4,exact,2022Q2,backcast_award_minus_2q,2022Q1,from_applied_minus_1q,2023Q1,2023Q4,2023Q4,1.0,3.0,0.0,4.0
615780,,unknown,,unknown,,unknown,,,,,,,
615810,,unknown,,unknown,,unknown,,,,,,,
615840,,unknown,,unknown,,unknown,,,,,,,
615870,,unknown,,unknown,,unknown,,,,,,,
615990,,unknown,,unknown,,unknown,,,,,,,
607200,2023Q2,exact,2022Q4,backcast_award_minus_2q,2022Q3,from_applied_minus_1q,2023Q3,nanQnan,nanQnan,1.0,,,
616080,,unknown,,unknown,,unknown,,,,,,,
616110,,unknown,,unknown,,unknown,,,,,,,
3606300,2024Q2,exact,2023Q4,backcast_award_minus_2q,2023Q3,from_applied_minus_1q,nanQnan,nanQnan,nanQnan,,,,
2004410,2022Q4,exact,2022Q2,backcast_award_minus_2q,2022Q1,from_applied_minus_1q,2023Q2,2023Q3,2023Q3,2.0,1.0,0.0,3.0
616300,,unknown,,unknown,,unknown,,,,,,,
616320,,unknown,,unknown,,unknown,,,,,,,
616323,,unknown,,unknown,,unknown,,,,,,,
616325,2024Q2,exact,2023Q4,backcast_award_minus_2q,2023Q3,from_applied_minus_1q,nanQnan,nanQnan,nanQnan,,,,
4812780,2023Q4,exact,2023Q2,backcast_award_minus_2q,2023Q1,from_applied_minus_1q,nanQnan,nanQnan,nanQnan,,,,
2503310,2024Q2,exact,2023Q4,backcast_award_minus_2q,2023Q3,from_applied_minus_1q,nanQnan,nanQnan,nanQnan,,,,
616530,,unknown,,unknown,,unknown,,,,,,,
616560,,unknown,,unknown,,unknown,,,,,,,
2303930,2024Q2,exact,2023Q4,backcast_award_minus_2q,2023Q3,from_applied_minus_1q,nanQnan,nanQnan,nanQnan,,,,
616620,,unknown,,unknown,,unknown,,,,,,,
616650,,unknown,,unknown,,unknown,,,,,,,
616680,,unknown,,unknown,,unknown,,,,,,,
607440,2023Q1,exact,2022Q3,backcast_award_minus_2q,2022Q2,from_applied_minus_1q,2023Q2,nanQnan,nanQnan,1.0,,,
616830,,unknown,,unknown,,unknown,,,,,,,
616860,,unknown,,unknown,,unknown,,,,,,,
1801200,2019Q3,exact,2019Q1,backcast_award_minus_2q,2018Q4,from_applied_minus_1q,2020Q2,2020Q2,2020Q3,3.0,0.0,1.0,4.0
617040,,unknown,,unknown,,unknown,,,,,,,
617160,,unknown,,unknown,,unknown,,,,,,,
617190,,unknown,,unknown,,unknown,,,,,,,
617220,,unknown,,unknown,,unknown,,,,,,,
607560,2022Q2,exact,2021Q4,backcast_award_minus_2q,2021Q3,from_applied_minus_1q,2022Q3,2023Q2,2023Q2,1.0,3.0,0.0,4.0
5100690,2022Q4,exact,2022Q2,backcast_award_minus_2q,2022Q1,from_applied_minus_1q,2022Q4,2023Q2,2023Q2,0.0,2.0,0.0,2.0
617490,,unknown,,unknown,,unknown,,,,,,,
617520,,unknown,,unknown,,unknown,,,,,,,
617580,,unknown,,unknown,,unknown,,,,,,,
617620,,unknown,,unknown,,unknown,,,,,,,
617640,,unknown,,unknown,,unknown,,,,,,,
617760,,unknown,,unknown,,unknown,,,,,,,
617850,,unknown,,unknown,,unknown,,,,,,,
617880,,unknown,,unknown,,unknown,,,,,,,
618030,,unknown,,unknown,,unknown,,,,,,,
618060,,unknown,,unknown,,unknown,,,,,,,
618120,,unknown,,unknown,,unknown,,,,,,,
618160,,unknown,,unknown,,unknown,,,,,,,
1300870,2023Q4,exact,2023Q2,backcast_award_minus_2q,2023Q1,from_applied_minus_1q,nanQnan,nanQnan,nanQnan,,,,
618240,,unknown,,unknown,,unknown,,,,,,,
2907380,2022Q1,exact,2021Q3,backcast_award_minus_2q,2021Q2,from_applied_minus_1q,2022Q2,2023Q1,2023Q2,1.0,3.0,1.0,5.0
618510,,unknown,,unknown,,unknown,,,,,,,
618660,,unknown,,unknown,,unknown,,,,,,,
3200390,2021Q4,exact,2021Q2,backcast_award_minus_2q,2021Q1,from_applied_minus_1q,2022Q3,2023Q2,2023Q2,3.0,3.0,0.0,6.0
618730,,unknown,,unknown,,unknown,,,,,,,
618780,,unknown,,unknown,,unknown,,,,,,,
618810,,unknown,,unknown,,unknown,,,,,,,
618840,,unknown,,unknown,,unknown,,,,,,,
618870,,unknown,,unknown,,unknown,,,,,,,
618930,,unknown,,unknown,,unknown,,,,,,,
618990,,unknown,,unknown,,unknown,,,,,,,
619050,,unknown,,unknown,,unknown,,,,,,,
619110,,unknown,,unknown,,unknown,,,,,,,
619140,,unknown,,unknown,,unknown,,,,,,,
619170,,unknown,,unknown,,unknown,,,,,,,
619200,,unknown,,unknown,,unknown,,,,,,,
619230,,unknown,,unknown,,unknown,,,,,,,
2101020,2022Q4,exact,2022Q2,backcast_award_minus_2q,2022Q1,from_applied_minus_1q,2022Q4,2023Q2,2023Q2,0.0,2.0,0.0,2.0
619320,,unknown,,unknown,,unknown,,,,,,,
619380,,unknown,,unknown,,unknown,,,,,,,
619410,,unknown,,unknown,,unknown,,,,,,,
401680,2020Q1,exact,2019Q3,backcast_award_minus_2q,2019Q2,from_applied_minus_1q,2020Q4,2021Q2,2021Q3,3.0,2.0,1.0,6.0
619490,,unknown,,unknown,,unknown,,,,,,,
600067,2024Q2,exact,2023Q4,backcast_award_minus_2q,2023Q3,from_applied_minus_1q,nanQnan,nanQnan,nanQnan,,,,
619590,,unknown,,unknown,,unknown,,,,,,,
619620,,unknown,,unknown,,unknown,,,,,,,
619650,,unknown,,unknown,,unknown,,,,,,,
619680,,unknown,,unknown,,unknown,,,,,,,
5900186,2024Q2,exact,2023Q4,backcast_award_minus_2q,2023Q3,from_applied_minus_1q,nanQnan,nanQnan,nanQnan,,,,
619740,,unknown,,unknown,,unknown,,,,,,,
619770,,unknown,,unknown,,unknown,,,,,,,
619800,,unknown,,unknown,,unknown,,,,,,,
619830,,unknown,,unknown,,unknown,,,,,,,
619860,,unknown,,unknown,,unknown,,,,,,,
619890,,unknown,,unknown,,unknown,,,,,,,
619920,,unknown,,unknown,,unknown,,,,,,,
619950,,unknown,,unknown,,unknown,,,,,,,
619980,,unknown,,unknown,,unknown,,,,,,,
620010,,unknown,,unknown,,unknown,,,,,,,
620040,,unknown,,unknown,,unknown,,,,,,,
401710,2023Q4,exact,2023Q2,backcast_award_minus_2q,2023Q1,from_applied_minus_1q,nanQnan,nanQnan,nanQnan,,,,
620130,,unknown,,unknown,,unknown,,,,,,,
620190,,unknown,,unknown,,unknown,,,,,,,
620220,,unknown,,unknown,,unknown,,,,,,,
2608400,2024Q2,exact,2023Q4,backcast_award_minus_2q,2023Q3,from_applied_minus_1q,nanQnan,nanQnan,nanQnan,,,,
620310,,unknown,,unknown,,unknown,,,,,,,
620370,,unknown,,unknown,,unknown,,,,,,,
620430,,unknown,,unknown,,unknown,,,,,,,
620460,,unknown,,unknown,,unknown,,,,,,,
620490,,unknown,,unknown,,unknown,,,,,,,
620520,,unknown,,unknown,,unknown,,,,,,,
620610,,unknown,,unknown,,unknown,,,,,,,
2608430,2022Q4,exact,2022Q2,backcast_award_minus_2q,2022Q1,from_applied_minus_1q,nanQnan,2023Q3,2023Q3,,,0.0,3.0
620670,,unknown,,unknown,,unknown,,,,,,,
620700,,unknown,,unknown,,unknown,,,,,,,
620730,,unknown,,unknown,,unknown,,,,,,,
620760,,unknown,2021Q2,program_calendar,2021Q1,from_applied_minus_1q,,,,,,,
2908170,2022Q4,exact,2022Q2,backcast_award_minus_2q,2022Q1,from_applied_minus_1q,2023Q1,2023Q3,2023Q3,1.0,2.0,0.0,3.0
620850,,unknown,2021Q2,program_calendar,2021Q1,from_applied_minus_1q,,,,,,,
620880,,unknown,,unknown,,unknown,,,,,,,
620910,,unknown,,unknown,,unknown,,,,,,,
621000,,unknown,,unknown,,unknown,,,,,,,
1801410,2022Q4,exact,2022Q2,backcast_award_minus_2q,2022Q1,from_applied_minus_1q,2023Q1,2023Q4,2023Q4,1.0,3.0,0.0,4.0
3700660,2022Q4,exact,2022Q2,backcast_award_minus_2q,2022Q1,from_applied_minus_1q,2023Q1,2023Q4,2023Q4,1.0,3.0,0.0,4.0
621150,,unknown,,unknown,,unknown,,,,,,,
621180,,unknown,,unknown,,unknown,,,,,,,
621210,,unknown,,unknown,,unknown,,,,,,,
621240,,unknown,,unknown,,unknown,,,,,,,
621270,,unknown,,unknown,,unknown,,,,,,,
4813230,2024Q2,exact,2023Q4,backcast_award_minus_2q,2023Q3,from_applied_minus_1q,nanQnan,nanQnan,2024Q3,,,,1.0
621360,,unknown,,unknown,,unknown,,,,,,,
621400,,unknown,,unknown,,unknown,,,,,,,
621420,,unknown,,unknown,,unknown,,,,,,,
1906540,2020Q3,exact,2020Q1,backcast_award_minus_2q,2019Q4,from_applied_minus_1q,2021Q2,2023Q3,2023Q3,3.0,9.0,0.0,12.0
621480,,unknown,,unknown,,unknown,,,,,,,
621540,,unknown,,unknown,,unknown,,,,,,,
401810,2022Q4,exact,2022Q2,backcast_award_minus_2q,2022Q1,from_applied_minus_1q,2023Q1,2023Q4,2023Q4,1.0,3.0,0.0,4.0
4102800,2021Q3,exact,2021Q1,backcast_award_minus_2q,2020Q4,from_applied_minus_1q,2022Q2,2023Q1,2023Q2,3.0,3.0,1.0,7.0
621690,,unknown,,unknown,,unknown,,,,,,,
607900,2019Q4,exact,2019Q2,backcast_award_minus_2q,2019Q1,from_applied_minus_1q,2020Q3,2021Q4,2022Q1,3.0,5.0,1.0,9.0
607920,2024Q2,exact,2023Q4,backcast_award_minus_2q,2023Q3,from_applied_minus_1q,nanQnan,nanQnan,nanQnan,,,,
621900,,unknown,,unknown,,unknown,,,,,,,
621930,,unknown,,unknown,,unknown,,,,,,,
621960,,unknown,,unknown,,unknown,,,,,,,
621990,,unknown,,unknown,,unknown,,,,,,,
2200125,2023Q4,exact,2023Q2,backcast_award_minus_2q,2023Q1,from_applied_minus_1q,nanQnan,nanQnan,nanQnan,,,,
622110,,unknown,,unknown,,unknown,,,,,,,
622170,,unknown,,unknown,,unknown,,,,,,,
622230,,unknown,,unknown,,unknown,,,,,,,
622320,,unknown,,unknown,,unknown,,,,,,,
622350,,unknown,,unknown,,unknown,,,,,,,
622380,,unknown,,unknown,,unknown,,,,,,,
622410,,unknown,,unknown,,unknown,,,,,,,
5301080,2020Q2,exact,2019Q4,backcast_award_minus_2q,2019Q3,from_applied_minus_1q,2021Q1,2021Q1,2021Q1,3.0,0.0,0.0,3.0
1906930,2022Q4,exact,2022Q2,backcast_award_minus_2q,2022Q1,from_applied_minus_1q,nanQnan,2023Q3,2023Q3,,,0.0,3.0
622560,,unknown,,unknown,,unknown,,,,,,,
622590,,unknown,,unknown,,unknown,,,,,,,
622650,,unknown,,unknown,,unknown,,,,,,,
607970,2017Q4,exact,2017Q2,backcast_award_minus_2q,2017Q1,from_applied_minus_1q,2017Q4,2019Q1,2019Q2,0.0,5.0,1.0,6.0
608010,2022Q2,exact,2021Q4,backcast_award_minus_2q,2021Q3,from_applied_minus_1q,2022Q3,nanQnan,nanQnan,1.0,,,
622800,,unknown,,unknown,,unknown,,,,,,,
622830,,unknown,,unknown,,unknown,,,,,,,
622860,,unknown,,unknown,,unknown,,,,,,,
622890,,unknown,,unknown,,unknown,,,,,,,
608070,2020Q3,exact,2020Q1,backcast_award_minus_2q,2019Q4,from_applied_minus_1q,2020Q4,2021Q2,2021Q3,1.0,2.0,1.0,4.0
622950,,unknown,,unknown,,unknown,,,,,,,
623010,,unknown,,unknown,,unknown,,,,,,,
623040,,unknown,,unknown,,unknown,,,,,,,
623080,,unknown,,unknown,,unknown,,,,,,,
623130,,unknown,,unknown,,unknown,,,,,,,
608160,2024Q2,exact,2023Q4,backcast_award_minus_2q,2023Q3,from_applied_minus_1q,nanQnan,nanQnan,nanQnan,,,,
5000396,2019Q4,exact,2019Q2,backcast_award_minus_2q,2019Q1,from_applied_minus_1q,2020Q4,2021Q3,2021Q3,4.0,3.0,0.0,7.0
401870,2024Q2,exact,2023Q4,backcast_award_minus_2q,2023Q3,from_applied_minus_1q,nanQnan,nanQnan,nanQnan,,,,
623460,,unknown,,unknown,,unknown,,,,,,,
3700720,2022Q4,exact,2022Q2,backcast_award_minus_2q,2022Q1,from_applied_minus_1q,2023Q1,2023Q4,2023Q4,1.0,3.0,0.0,4.0
623550,,unknown,,unknown,,unknown,,,,,,,
623610,,unknown,,unknown,,unknown,,,,,,,
623700,,unknown,,unknown,,unknown,,,,,,,
623730,,unknown,,unknown,,unknown,,,,,,,
623760,,unknown,,unknown,,unknown,,,,,,,
623800,,unknown,,unknown,,unknown,,,,,,,
623820,,unknown,,unknown,,unknown,,,,,,,
5100720,2019Q4,exact,2019Q2,backcast_award_minus_2q,2019Q1,from_applied_minus_1q,2020Q3,2021Q4,2022Q1,3.0,5.0,1.0,9.0
623970,,unknown,,unknown,,unknown,,,,,,,
624000,,unknown,,unknown,,unknown,,,,,,,
624030,,unknown,,unknown,,unknown,,,,,,,
624090,,unknown,,unknown,,unknown,,,,,,,
2400270,2024Q2,exact,2023Q4,backcast_award_minus_2q,2023Q3,from_applied_minus_1q,nanQnan,nanQnan,nanQnan,,,,
4501440,2024Q2,exact,2023Q4,backcast_award_minus_2q,2023Q3,from_applied_minus_1q,nanQnan,nanQnan,nanQnan,,,,
624210,,unknown,,unknown,,unknown,,,,,,,
624230,,unknown,,unknown,,unknown,,,,,,,
2908670,2022Q1,exact,2021Q3,backcast_award_minus_2q,2021Q2,from_applied_minus_1q,2022Q2,2023Q1,2023Q2,1.0,3.0,1.0,5.0
624330,,unknown,,unknown,,unknown,,,,,,,
624360,,unknown,,unknown,,unknown,,,,,,,
5100750,2022Q4,exact,2022Q2,backcast_award_minus_2q,2022Q1,from_applied_minus_1q,2023Q1,2024Q1,2024Q1,1.0,4.0,0.0,5.0
3702970,2022Q4,exact,2022Q2,backcast_award_minus_2q,2022Q1,from_applied_minus_1q,2023Q1,2023Q4,2023Q4,1.0,3.0,0.0,4.0
5100780,2024Q2,exact,2023Q4,backcast_award_minus_2q,2023Q3,from_applied_minus_1q,nanQnan,nanQnan,nanQnan,,,,
1300990,2022Q4,exact,2022Q2,backcast_award_minus_2q,2022Q1,from_applied_minus_1q,2022Q4,2023Q2,2023Q2,0.0,2.0,0.0,2.0
3607110,2022Q4,exact,2022Q2,backcast_award_minus_2q,2022Q1,from_applied_minus_1q,2023Q1,2024Q1,2024Q1,1.0,4.0,0.0,5.0
624600,,unknown,,unknown,,unknown,,,,,,,
624630,,unknown,,unknown,,unknown,,,,,,,
624660,,unknown,,unknown,,unknown,,,,,,,
624690,,unknown,,unknown,,unknown,,,,,,,
1301050,2022Q4,exact,2021Q2,program_calendar,2021Q1,from_applied_minus_1q,2023Q1,2023Q4,2023Q4,1.0,3.0,0.0,4.0
624750,,unknown,,unknown,,unknown,,,,,,,
600116,2019Q4,exact,2019Q2,backcast_award_minus_2q,2019Q1,from_applied_minus_1q,2020Q3,nanQnan,nanQnan,3.0,,,
624870,,unknown,,unknown,,unknown,,,,,,,
624900,,unknown,,unknown,,unknown,,,,,,,
624930,,unknown,,unknown,,unknown,,,,,,,
625110,,unknown,,unknown,,unknown,,,,,,,
4700570,2024Q2,exact,2023Q4,backcast_award_minus_2q,2023Q3,from_applied_minus_1q,nanQnan,nanQnan,nanQnan,,,,
625150,,unknown,,unknown,,unknown,,,,,,,
625190,,unknown,,unknown,,unknown,,,,,,,
3700153,2020Q3,exact,2020Q1,backcast_award_minus_2q,2019Q4,from_applied_minus_1q,2021Q2,2022Q1,2022Q2,3.0,3.0,1.0,7.0
625290,,unknown,,unknown,,unknown,,,,,,,
625320,,unknown,,unknown,,unknown,,,,,,,
625350,,unknown,,unknown,,unknown,,,,,,,
625380,,unknown,,unknown,,unknown,,,,,,,
625410,,unknown,,unknown,,unknown,,,,,,,
2609150,2022Q4,exact,2022Q2,backcast_award_minus_2q,2022Q1,from_applied_minus_1q,2023Q1,2023Q3,2023Q3,1.0,2.0,0.0,3.0
625500,,unknown,,unknown,,unknown,,,,,,,
5100810,2019Q4,exact,2019Q2,backcast_award_minus_2q,2019Q1,from_applied_minus_1q,2020Q3,2021Q2,2021Q3,3.0,3.0,1.0,7.0
625650,,unknown,,unknown,,unknown,,,,,,,
4501530,2022Q4,exact,2022Q2,backcast_award_minus_2q,2022Q1,from_applied_minus_1q,nanQnan,2023Q4,2023Q4,,,0.0,4.0
625740,,unknown,,unknown,,unknown,,,,,,,
625770,,unknown,,unknown,,unknown,,,,,,,
4501560,2024Q2,exact,2023Q4,backcast_award_minus_2q,2023Q3,from_applied_minus_1q,nanQnan,nanQnan,nanQnan,,,,
625830,,unknown,,unknown,,unknown,,,,,,,
625860,,unknown,,unknown,,unknown,,,,,,,
5100840,2019Q4,exact,2019Q2,backcast_award_minus_2q,2019Q1,from_applied_minus_1q,2020Q3,2021Q2,2021Q3,3.0,3.0,1.0,7.0
626040,,unknown,,unknown,,unknown,,,,,,,
626070,,unknown,,unknown,,unknown,,,,,,,
626100,,unknown,,unknown,,unknown,,,,,,,
626130,,unknown,,unknown,,unknown,,,,,,,
5301260,2023Q4,exact,2023Q2,backcast_award_minus_2q,2023Q1,from_applied_minus_1q,nanQnan,nanQnan,nanQnan,,,,
626220,,unknown,,unknown,,unknown,,,,,,,
626280,,unknown,,unknown,,unknown,,,,,,,
626310,,unknown,,unknown,,unknown,,,,,,,
626340,,unknown,,unknown,,unknown,,,,,,,
2800200,2022Q4,exact,2022Q2,backcast_award_minus_2q,2022Q1,from_applied_minus_1q,2022Q4,2023Q3,2023Q3,0.0,3.0,0.0,3.0
626400,,unknown,,unknown,,unknown,,,,,,,
626430,,unknown,,unknown,,unknown,,,,,,,
626460,,unknown,,unknown,,unknown,,,,,,,
626490,,unknown,,unknown,,unknown,,,,,,,
4007560,2022Q4,exact,2022Q2,backcast_award_minus_2q,2022Q1,from_applied_minus_1q,2022Q4,2023Q1,2023Q2,0.0,1.0,1.0,2.0
626670,,unknown,,unknown,,unknown,,,,,,,
626760,,unknown,,unknown,,unknown,,,,,,,
626820,,unknown,,unknown,,unknown,,,,,,,
626880,,unknown,,unknown,,unknown,,,,,,,
626910,,unknown,,unknown,,unknown,,,,,,,
626970,,unknown,,unknown,,unknown,,,,,,,
627030,,unknown,,unknown,,unknown,,,,,,,
627040,,unknown,,unknown,,unknown,,,,,,,
608370,2017Q3,exact,2017Q1,backcast_award_minus_2q,2016Q4,from_applied_minus_1q,2017Q4,2019Q2,2019Q3,1.0,6.0,1.0,8.0
627120,,unknown,,unknown,,unknown,,,,,,,
401940,2021Q1,exact,2020Q3,backcast_award_minus_2q,2020Q2,from_applied_minus_1q,2021Q4,2022Q3,2022Q4,3.0,3.0,1.0,7.0
627200,,unknown,,unknown,,unknown,,,,,,,
2609570,2024Q2,exact,2023Q4,backcast_award_minus_2q,2023Q3,from_applied_minus_1q,nanQnan,nanQnan,nanQnan,,,,
627300,,unknown,,unknown,,unknown,,,,,,,
627450,,unknown,,unknown,,unknown,,,,,,,
627480,,unknown,,unknown,,unknown,,,,,,,
627510,,unknown,,unknown,,unknown,,,,,,,
627590,,unknown,,unknown,,unknown,,,,,,,
5900031,2022Q4,exact,2022Q2,backcast_award_minus_2q,2022Q1,from_applied_minus_1q,nanQnan,2024Q2,2024Q2,,,0.0,6.0
627720,,unknown,,unknown,,unknown,,,,,,,
627750,,unknown,,unknown,,unknown,,,,,,,
627780,,unknown,,unknown,,unknown,,,,,,,
627810,,unknown,,unknown,,unknown,,,,,,,
627840,,unknown,,unknown,,unknown,,,,,,,
627850,,unknown,,unknown,,unknown,,,,,,,
627870,,unknown,,unknown,,unknown,,,,,,,
627900,,unknown,,unknown,,unknown,,,,,,,
627930,,unknown,,unknown,,unknown,,,,,,,
608520,2020Q1,exact,2019Q3,backcast_award_minus_2q,2019Q2,from_applied_minus_1q,2020Q4,2022Q1,2022Q2,3.0,5.0,1.0,9.0
628080,,unknown,,unknown,,unknown,,,,,,,
628140,,unknown,,unknown,,unknown,,,,,,,
2101150,2022Q4,exact,2022Q2,backcast_award_minus_2q,2022Q1,from_applied_minus_1q,2023Q2,2024Q2,2024Q2,2.0,4.0,0.0,6.0
608610,2019Q3,exact,2019Q1,backcast_award_minus_2q,2018Q4,from_applied_minus_1q,2020Q2,2020Q4,2021Q1,3.0,2.0,1.0,6.0
628270,,unknown,,unknown,,unknown,,,,,,,
3904375,2023Q4,exact,2023Q2,backcast_award_minus_2q,2023Q1,from_applied_minus_1q,nanQnan,nanQnan,nanQnan,,,,
1709930,2019Q2,exact,2018Q4,backcast_award_minus_2q,2018Q3,from_applied_minus_1q,2020Q1,2021Q2,2021Q3,3.0,5.0,1.0,9.0
628530,,unknown,,unknown,,unknown,,,,,,,
39MENTO,2023Q4,exact,2023Q2,backcast_award_minus_2q,2023Q1,from_applied_minus_1q,2024Q1,nanQnan,nanQnan,1.0,,,
628680,,unknown,,unknown,,unknown,,,,,,,
628710,,unknown,,unknown,,unknown,,,,,,,
628830,,unknown,,unknown,,unknown,,,,,,,
628860,,unknown,,unknown,,unknown,,,,,,,
628950,,unknown,,unknown,,unknown,,,,,,,
2201080,2022Q4,exact,2022Q2,backcast_award_minus_2q,2022Q1,from_applied_minus_1q,2023Q2,2023Q4,2023Q4,2.0,2.0,0.0,4.0
2916380,2022Q4,exact,2022Q2,backcast_award_minus_2q,2022Q1,from_applied_minus_1q,2023Q1,2023Q3,2023Q3,1.0,2.0,0.0,3.0
629160,,unknown,,unknown,,unknown,,,,,,,
629190,,unknown,,unknown,,unknown,,,,,,,
629220,,unknown,,unknown,,unknown,,,,,,,
3200060,2020Q1,exact,2019Q3,backcast_award_minus_2q,2019Q2,from_applied_minus_1q,2020Q4,2023Q1,2023Q2,3.0,9.0,1.0,13.0
629280,,unknown,,unknown,,unknown,,,,,,,
629340,,unknown,,unknown,,unknown,,,,,,,
629370,,unknown,,unknown,,unknown,,,,,,,
629400,,unknown,,unknown,,unknown,,,,,,,
400004,2023Q4,exact,2023Q2,backcast_award_minus_2q,2023Q1,from_applied_minus_1q,nanQnan,nanQnan,nanQnan,,,,
100750,2024Q2,exact,2023Q4,backcast_award_minus_2q,2023Q3,from_applied_minus_1q,nanQnan,nanQnan,nanQnan,,,,
5400240,2022Q1,exact,2021Q3,backcast_award_minus_2q,2021Q2,from_applied_minus_1q,2023Q2,2023Q4,2023Q4,5.0,2.0,0.0,7.0
1301230,2022Q4,exact,2022Q2,backcast_award_minus_2q,2022Q1,from_applied_minus_1q,2023Q1,2023Q4,2023Q4,1.0,3.0,0.0,4.0
629580,,unknown,,unknown,,unknown,,,,,,,
3403300,2022Q3,exact,2022Q1,backcast_award_minus_2q,2021Q4,from_applied_minus_1q,2022Q4,2023Q3,2023Q3,1.0,3.0,0.0,4.0
629640,,unknown,,unknown,,unknown,,,,,,,
629670,,unknown,,unknown,,unknown,,,,,,,
629700,,unknown,,unknown,,unknown,,,,,,,
629770,,unknown,,unknown,,unknown,,,,,,,
4008070,2022Q4,exact,2022Q2,backcast_award_minus_2q,2022Q1,from_applied_minus_1q,2023Q1,2023Q2,2023Q2,1.0,1.0,0.0,2.0
3006870,2022Q4,exact,2022Q2,backcast_award_minus_2q,2022Q1,from_applied_minus_1q,2022Q4,2023Q3,2023Q3,0.0,3.0,0.0,3.0
629850,,unknown,,unknown,,unknown,,,,,,,
609030,2018Q4,exact,2018Q2,backcast_award_minus_2q,2018Q1,from_applied_minus_1q,2019Q3,2020Q1,2020Q2,3.0,2.0,1.0,6.0
609070,2017Q2,exact,2016Q4,backcast_award_minus_2q,2016Q3,from_applied_minus_1q,2017Q3,2019Q4,2020Q1,1.0,9.0,1.0,11.0
630030,,unknown,,unknown,,unknown,,,,,,,
630090,,unknown,,unknown,,unknown,,,,,,,
630180,,unknown,,unknown,,unknown,,,,,,,
630210,,unknown,,unknown,,unknown,,,,,,,
609120,2020Q1,exact,2019Q3,backcast_award_minus_2q,2019Q2,from_applied_minus_1q,2020Q4,2021Q3,2021Q4,3.0,3.0,1.0,7.0
630250,,unknown,,unknown,,unknown,,,,,,,
630330,,unknown,,unknown,,unknown,,,,,,,
2503780,2023Q3,exact,2023Q1,backcast_award_minus_2q,2022Q4,from_applied_minus_1q,2023Q4,2024Q2,nanQnan,1.0,2.0,,
630390,,unknown,,unknown,,unknown,,,,,,,
630450,,unknown,,unknown,,unknown,,,,,,,
4008250,2024Q2,exact,2023Q4,backcast_award_minus_2q,2023Q3,from_applied_minus_1q,nanQnan,nanQnan,nanQnan,,,,
630510,,unknown,,unknown,,unknown,,,,,,,
630520,,unknown,,unknown,,unknown,,,,,,,
609330,2022Q2,exact,2021Q4,backcast_award_minus_2q,2021Q3,from_applied_minus_1q,2022Q3,nanQnan,nanQnan,1.0,,,
630630,,unknown,,unknown,,unknown,,,,,,,
5301470,2024Q2,exact,2023Q4,backcast_award_minus_2q,2023Q3,from_applied_minus_1q,nanQnan,nanQnan,nanQnan,,,,
630720,,unknown,,unknown,,unknown,,,,,,,
630750,,unknown,,unknown,,unknown,,,,,,,
630780,,unknown,,unknown,,unknown,,,,,,,
630810,,unknown,,unknown,,unknown,,,,,,,
630840,,unknown,,unknown,,unknown,,,,,,,
630870,,unknown,,unknown,,unknown,,,,,,,
630900,,unknown,,unknown,,unknown,,,,,,,
630930,,unknown,,unknown,,unknown,,,,,,,
2200288,2023Q4,exact,2023Q2,backcast_award_minus_2q,2023Q1,from_applied_minus_1q,nanQnan,nanQnan,nanQnan,,,,
631020,,unknown,,unknown,,unknown,,,,,,,
4501830,2024Q2,exact,2023Q4,backcast_award_minus_2q,2023Q3,from_applied_minus_1q,nanQnan,nanQnan,nanQnan,,,,
1710650,2022Q1,exact,2021Q3,backcast_award_minus_2q,2021Q2,from_applied_minus_1q,2022Q2,2023Q1,2023Q2,1.0,3.0,1.0,5.0
631180,,unknown,,unknown,,unknown,,,,,,,
631230,,unknown,,unknown,,unknown,,,,,,,
1000230,2022Q4,exact,2022Q2,backcast_award_minus_2q,2022Q1,from_applied_minus_1q,nanQnan,2024Q3,nanQnan,,,,
631320,,unknown,,unknown,,unknown,,,,,,,
631350,,unknown,,unknown,,unknown,,,,,,,
631380,,unknown,,unknown,,unknown,,,,,,,
631400,,unknown,,unknown,,unknown,,,,,,,
631470,,unknown,,unknown,,unknown,,,,,,,
609390,2016Q1,exact,2015Q3,backcast_award_minus_2q,2015Q2,from_applied_minus_1q,2016Q2,2017Q3,2017Q4,1.0,5.0,1.0,7.0
3608100,2024Q2,exact,2023Q4,backcast_award_minus_2q,2023Q3,from_applied_minus_1q,nanQnan,nanQnan,nanQnan,,,,
631680,,unknown,,unknown,,unknown,,,,,,,
1200360,2023Q4,exact,2023Q2,backcast_award_minus_2q,2023Q1,from_applied_minus_1q,nanQnan,nanQnan,nanQnan,,,,
631740,,unknown,,unknown,,unknown,,,,,,,
631830,,unknown,,unknown,,unknown,,,,,,,
631860,,unknown,,unknown,,unknown,,,,,,,
631920,,unknown,,unknown,,unknown,,,,,,,
609450,2018Q3,exact,2018Q1,backcast_award_minus_2q,2017Q4,from_applied_minus_1q,2018Q4,2020Q3,2020Q4,1.0,7.0,1.0,9.0
2709510,2021Q4,exact,2021Q2,backcast_award_minus_2q,2021Q1,from_applied_minus_1q,2022Q3,2023Q2,2023Q2,3.0,3.0,0.0,6.0
632040,,unknown,,unknown,,unknown,,,,,,,
609480,2020Q2,exact,2019Q4,backcast_award_minus_2q,2019Q3,from_applied_minus_1q,2020Q3,2020Q4,2021Q1,1.0,1.0,1.0,3.0
3700960,2022Q4,exact,2022Q2,backcast_award_minus_2q,2022Q1,from_applied_minus_1q,2023Q2,2024Q2,2024Q2,2.0,4.0,0.0,6.0
632160,,unknown,,unknown,,unknown,,,,,,,
632250,,unknown,,unknown,,unknown,,,,,,,
632270,,unknown,,unknown,,unknown,,,,,,,
609570,2018Q3,exact,2018Q1,backcast_award_minus_2q,2017Q4,from_applied_minus_1q,2018Q4,2020Q1,2020Q2,1.0,5.0,1.0,7.0
632340,,unknown,,unknown,,unknown,,,,,,,
3600046,2022Q4,exact,2022Q2,backcast_award_minus_2q,2022Q1,from_applied_minus_1q,2023Q2,2023Q2,2023Q2,2.0,0.0,0.0,2.0
632400,,unknown,,unknown,,unknown,,,,,,,
632430,,unknown,,unknown,,unknown,,,,,,,
632520,,unknown,,unknown,,unknown,,,,,,,
609620,2022Q4,exact,2022Q2,backcast_award_minus_2q,2022Q1,from_applied_minus_1q,2023Q1,nanQnan,nanQnan,1.0,,,
2610590,2024Q2,exact,2023Q4,backcast_award_minus_2q,2023Q3,from_applied_minus_1q,nanQnan,nanQnan,nanQnan,,,,
2503840,2016Q2,exact,2015Q4,backcast_award_minus_2q,2015Q3,from_applied_minus_1q,2016Q3,2016Q4,2017Q1,1.0,1.0,1.0,3.0
632710,,unknown,,unknown,,unknown,,,,,,,
632730,,unknown,,unknown,,unknown,,,,,,,
632760,,unknown,,unknown,,unknown,,,,,,,
3302460,2024Q2,exact,2023Q4,backcast_award_minus_2q,2023Q3,from_applied_minus_1q,nanQnan,nanQnan,nanQnan,,,,
2910080,2022Q4,exact,2022Q2,backcast_award_minus_2q,2022Q1,from_applied_minus_1q,2023Q2,2023Q3,2023Q3,2.0,1.0,0.0,3.0
609640,2024Q1,exact,2023Q3,backcast_award_minus_2q,2023Q2,from_applied_minus_1q,nanQnan,nanQnan,nanQnan,,,,
900002,2022Q4,exact,2022Q2,backcast_award_minus_2q,2022Q1,from_applied_minus_1q,nanQnan,2024Q1,2024Q1,,,0.0,5.0
3608160,2024Q2,exact,2023Q4,backcast_award_minus_2q,2023Q3,from_applied_minus_1q,nanQnan,nanQnan,nanQnan,,,,
633270,,unknown,,unknown,,unknown,,,,,,,
633390,,unknown,,unknown,,unknown,,,,,,,
633480,,unknown,,unknown,,unknown,,,,,,,
633510,,unknown,,unknown,,unknown,,,,,,,
633570,,unknown,,unknown,,unknown,,,,,,,
1708400,2023Q4,exact,2023Q2,backcast_award_minus_2q,2023Q1,from_applied_minus_1q,nanQnan,nanQnan,nanQnan,,,,
1301470,2022Q4,exact,2022Q2,backcast_award_minus_2q,2022Q1,from_applied_minus_1q,2023Q1,2023Q4,2023Q4,1.0,3.0,0.0,4.0
633660,,unknown,,unknown,,unknown,,,,,,,
633690,,unknown,,unknown,,unknown,,,,,,,
633720,,unknown,,unknown,,unknown,,,,,,,
17COOKI,2018Q4,exact,2018Q2,backcast_award_minus_2q,2018Q1,from_applied_minus_1q,2019Q1,2020Q2,2020Q3,1.0,5.0,1.0,7.0
402320,2023Q4,exact,2023Q2,backcast_award_minus_2q,2023Q1,from_applied_minus_1q,nanQnan,nanQnan,nanQnan,,,,
1908070,2022Q4,exact,2022Q2,backcast_award_minus_2q,2022Q1,from_applied_minus_1q,2023Q1,2024Q1,2024Q1,1.0,4.0,0.0,5.0
633900,,unknown,,unknown,,unknown,,,,,,,
3608280,2024Q2,exact,2023Q4,backcast_award_minus_2q,2023Q3,from_applied_minus_1q,nanQnan,nanQnan,nanQnan,,,,
3608310,2015Q1,exact,2014Q3,backcast_award_minus_2q,2014Q2,from_applied_minus_1q,2015Q2,2016Q3,2016Q4,1.0,5.0,1.0,7.0
4103420,2024Q1,exact,2023Q3,backcast_award_minus_2q,2023Q2,from_applied_minus_1q,nanQnan,nanQnan,nanQnan,,,,
634080,,unknown,,unknown,,unknown,,,,,,,
2801260,2022Q4,exact,2022Q2,backcast_award_minus_2q,2022Q1,from_applied_minus_1q,2023Q1,2023Q4,2023Q4,1.0,3.0,0.0,4.0
634170,,unknown,,unknown,,unknown,,,,,,,
634230,,unknown,,unknown,,unknown,,,,,,,
634290,,unknown,,unknown,,unknown,,,,,,,
609780,2022Q2,exact,2021Q4,backcast_award_minus_2q,2021Q3,from_applied_minus_1q,2022Q3,2024Q4,nanQnan,1.0,9.0,,
609810,2020Q3,exact,2020Q1,backcast_award_minus_2q,2019Q4,from_applied_minus_1q,2020Q4,2021Q3,2021Q4,1.0,3.0,1.0,5.0
5301710,2023Q4,exact,2023Q2,backcast_award_minus_2q,2023Q1,from_applied_minus_1q,nanQnan,nanQnan,nanQnan,,,,
634425,,unknown,,unknown,,unknown,,,,,,,
610050,2017Q2,exact,2016Q4,backcast_award_minus_2q,2016Q3,from_applied_minus_1q,2017Q2,2019Q4,2020Q1,0.0,10.0,1.0,11.0
634590,,unknown,,unknown,,unknown,,,,,,,
4008850,2024Q2,exact,2023Q4,backcast_award_minus_2q,2023Q3,from_applied_minus_1q,nanQnan,nanQnan,nanQnan,,,,
634680,,unknown,,unknown,,unknown,,,,,,,
634710,,unknown,,unknown,,unknown,,,,,,,
2905640,2024Q2,exact,2023Q4,backcast_award_minus_2q,2023Q3,from_applied_minus_1q,nanQnan,nanQnan,nanQnan,,,,
634770,,unknown,,unknown,,unknown,,,,,,,
1802460,2024Q2,exact,2023Q4,backcast_award_minus_2q,2023Q3,from_applied_minus_1q,nanQnan,nanQnan,nanQnan,,,,
634860,,unknown,,unknown,,unknown,,,,,,,
402430,2023Q4,exact,2023Q2,backcast_award_minus_2q,2023Q1,from_applied_minus_1q,nanQnan,nanQnan,nanQnan,,,,
634920,,unknown,,unknown,,unknown,,,,,,,
3608580,2022Q1,exact,2020Q2,program_calendar,2020Q1,from_applied_minus_1q,2022Q2,2022Q4,2023Q1,1.0,2.0,1.0,4.0
1802490,2020Q3,exact,2020Q1,backcast_award_minus_2q,2019Q4,from_applied_minus_1q,2021Q2,2021Q4,2022Q1,3.0,2.0,1.0,6.0
635040,,unknown,,unknown,,unknown,,,,,,,
635070,,unknown,,unknown,,unknown,,,,,,,
635090,,unknown,,unknown,,unknown,,,,,,,
635110,,unknown,,unknown,,unknown,,,,,,,
635130,,unknown,,unknown,,unknown,,,,,,,
5101050,2021Q3,exact,2020Q2,program_calendar,2020Q1,from_applied_minus_1q,2022Q2,2023Q1,2023Q2,3.0,3.0,1.0,7.0
3700011,2023Q4,exact,2023Q2,backcast_award_minus_2q,2023Q1,from_applied_minus_1q,nanQnan,nanQnan,nanQnan,,,,
635310,,unknown,,unknown,,unknown,,,,,,,
5301890,2022Q1,exact,2020Q2,program_calendar,2020Q1,from_applied_minus_1q,2022Q2,2023Q1,2023Q2,1.0,3.0,1.0,5.0
635490,,unknown,,unknown,,unknown,,,,,,,
4816080,2022Q4,exact,2022Q2,backcast_award_minus_2q,2022Q1,from_applied_minus_1q,2023Q2,2024Q1,2024Q1,2.0,3.0,0.0,5.0
610350,2022Q1,exact,2021Q3,backcast_award_minus_2q,2021Q2,from_applied_minus_1q,2022Q2,2023Q4,2023Q4,1.0,6.0,0.0,7.0
4816110,2022Q1,exact,2021Q3,backcast_award_minus_2q,2021Q2,from_applied_minus_1q,2022Q4,2023Q2,2023Q2,3.0,2.0,0.0,5.0
4009390,2024Q2,exact,2023Q4,backcast_award_minus_2q,2023Q3,from_applied_minus_1q,nanQnan,nanQnan,nanQnan,,,,
4816230,2022Q4,exact,2022Q2,backcast_award_minus_2q,2022Q1,from_applied_minus_1q,nanQnan,2024Q3,nanQnan,,,,
635810,,unknown,,unknown,,unknown,,,,,,,
635830,,unknown,,unknown,,unknown,,,,,,,
635850,,unknown,,unknown,,unknown,,,,,,,
504890,2022Q4,exact,2022Q2,backcast_award_minus_2q,2022Q1,from_applied_minus_1q,2023Q2,2023Q3,2023Q3,2.0,1.0,0.0,3.0
635910,,unknown,,unknown,,unknown,,,,,,,
635940,,unknown,,unknown,,unknown,,,,,,,
635970,,unknown,,unknown,,unknown,,,,,,,
636000,,unknown,,unknown,,unknown,,,,,,,
4703180,2024Q2,exact,2023Q4,backcast_award_minus_2q,2023Q3,from_applied_minus_1q,nanQnan,nanQnan,nanQnan,,,,
636100,,unknown,,unknown,,unknown,,,,,,,
636180,,unknown,,unknown,,unknown,,,,,,,
636210,,unknown,,unknown,,unknown,,,,,,,
636240,,unknown,,unknown,,unknown,,,,,,,
2304860,2022Q4,exact,2022Q2,backcast_award_minus_2q,2022Q1,from_applied_minus_1q,2023Q1,2024Q1,2024Q1,1.0,4.0,0.0,5.0
636330,,unknown,,unknown,,unknown,,,,,,,
636360,,unknown,,unknown,,unknown,,,,,,,
4103990,2023Q4,exact,2023Q2,backcast_award_minus_2q,2023Q1,from_applied_minus_1q,nanQnan,nanQnan,nanQnan,,,,
636420,,unknown,,unknown,,unknown,,,,,,,
636450,,unknown,,unknown,,unknown,,,,,,,
636570,,unknown,,unknown,,unknown,,,,,,,
4617850,2022Q4,exact,2022Q2,backcast_award_minus_2q,2022Q1,from_applied_minus_1q,2023Q1,2023Q3,2023Q3,1.0,2.0,0.0,3.0
636660,,unknown,,unknown,,unknown,,,,,,,
636670,,unknown,,unknown,,unknown,,,,,,,
2611600,2022Q1,exact,2021Q3,backcast_award_minus_2q,2021Q2,from_applied_minus_1q,2022Q2,2022Q4,2023Q1,1.0,2.0,1.0,4.0
1711850,2023Q4,exact,2023Q2,backcast_award_minus_2q,2023Q1,from_applied_minus_1q,nanQnan,nanQnan,nanQnan,,,,
1301740,2023Q4,exact,2020Q2,program_calendar,2020Q1,from_applied_minus_1q,nanQnan,nanQnan,nanQnan,,,,
636810,,unknown,,unknown,,unknown,,,,,,,
636820,,unknown,,unknown,,unknown,,,,,,,
610770,2022Q1,exact,2021Q3,backcast_award_minus_2q,2021Q2,from_applied_minus_1q,2022Q2,2022Q4,2022Q4,1.0,2.0,0.0,3.0
636940,,unknown,,unknown,,unknown,,,,,,,
636960,,unknown,,unknown,,unknown,,,,,,,
636970,,unknown,,unknown,,unknown,,,,,,,
636972,,unknown,,unknown,,unknown,,,,,,,
636990,,unknown,,unknown,,unknown,,,,,,,
4816620,2023Q4,exact,2023Q2,backcast_award_minus_2q,2023Q1,from_applied_minus_1q,nanQnan,nanQnan,nanQnan,,,,
637110,,unknown,,unknown,,unknown,,,,,,,
610860,2022Q1,exact,2021Q3,backcast_award_minus_2q,2021Q2,from_applied_minus_1q,2022Q2,nanQnan,nanQnan,1.0,,,
1802700,2019Q3,exact,2019Q1,backcast_award_minus_2q,2018Q4,from_applied_minus_1q,2020Q2,2021Q3,2021Q4,3.0,5.0,1.0,9.0
637230,,unknown,,unknown,,unknown,,,,,,,
637260,,unknown,,unknown,,unknown,,,,,,,
3415450,2023Q1,exact,2022Q3,backcast_award_minus_2q,2022Q2,from_applied_minus_1q,2023Q2,2024Q1,2024Q1,1.0,3.0,0.0,4.0
637320,,unknown,,unknown,,unknown,,,,,,,
637350,,unknown,,unknown,,unknown,,,,,,,
637380,,unknown,,unknown,,unknown,,,,,,,
637470,,unknown,,unknown,,unknown,,,,,,,
637500,,unknown,,unknown,,unknown,,,,,,,
637530,,unknown,,unknown,,unknown,,,,,,,
637560,,unknown,,unknown,,unknown,,,,,,,
637590,,unknown,,unknown,,unknown,,,,,,,
637620,,unknown,,unknown,,unknown,,,,,,,
637630,,unknown,,unknown,,unknown,,,,,,,
637650,,unknown,,unknown,,unknown,,,,,,,
637680,,unknown,,unknown,,unknown,,,,,,,
637710,,unknown,,unknown,,unknown,,,,,,,
637770,,unknown,,unknown,,unknown,,,,,,,
637830,,unknown,,unknown,,unknown,,,,,,,
637890,,unknown,,unknown,,unknown,,,,,,,
637950,,unknown,,unknown,,unknown,,,,,,,
3403870,,unknown,,unknown,,unknown,,,,,,,
638040,,unknown,,unknown,,unknown,,,,,,,
3302610,2024Q2,exact,2023Q4,backcast_award_minus_2q,2023Q3,from_applied_minus_1q,nanQnan,nanQnan,nanQnan,,,,
638130,,unknown,,unknown,,unknown,,,,,,,
611100,2022Q1,exact,2021Q2,program_calendar,2021Q1,from_applied_minus_1q,2022Q2,nanQnan,nanQnan,1.0,,,
638250,,unknown,,unknown,,unknown,,,,,,,
638280,,unknown,,unknown,,unknown,,,,,,,
638340,,unknown,,unknown,,unknown,,,,,,,
638430,,unknown,,unknown,,unknown,,,,,,,
2601103,2023Q4,exact,2023Q2,backcast_award_minus_2q,2023Q1,from_applied_minus_1q,nanQnan,nanQnan,nanQnan,,,,
638520,,unknown,,unknown,,unknown,,,,,,,
638550,,unknown,,unknown,,unknown,,,,,,,
638610,,unknown,,unknown,,unknown,,,,,,,
611130,2022Q1,exact,2021Q3,backcast_award_minus_2q,2021Q2,from_applied_minus_1q,2022Q2,2023Q1,2023Q2,1.0,3.0,1.0,5.0
638670,,unknown,,unknown,,unknown,,,,,,,
3700418,2022Q4,exact,2022Q2,backcast_award_minus_2q,2022Q1,from_applied_minus_1q,2023Q1,2023Q3,2023Q3,1.0,2.0,0.0,3.0
638730,,unknown,,unknown,,unknown,,,,,,,
1100030,2022Q4,exact,2022Q2,backcast_award_minus_2q,2022Q1,from_applied_minus_1q,2023Q3,2023Q4,2023Q4,3.0,1.0,0.0,4.0
638790,,unknown,,unknown,,unknown,,,,,,,
638880,,unknown,,unknown,,unknown,,,,,,,
638980,,unknown,,unknown,,unknown,,,,,,,
639000,,unknown,,unknown,,unknown,,,,,,,
1200450,2022Q4,exact,2022Q2,backcast_award_minus_2q,2022Q1,from_applied_minus_1q,nanQnan,2023Q3,2023Q3,,,0.0,3.0
3009030,2023Q4,exact,2023Q2,backcast_award_minus_2q,2023Q1,from_applied_minus_1q,nanQnan,nanQnan,nanQnan,,,,
639210,,unknown,,unknown,,unknown,,,,,,,
639300,,unknown,,unknown,,unknown,,,,,,,
1712330,2023Q3,exact,2023Q1,backcast_award_minus_2q,2022Q4,from_applied_minus_1q,2023Q4,nanQnan,nanQnan,1.0,,,
4500002,2022Q4,exact,2022Q2,backcast_award_minus_2q,2022Q1,from_applied_minus_1q,nanQnan,2024Q1,2024Q1,,,0.0,5.0
639630,,unknown,,unknown,,unknown,,,,,,,
639690,,unknown,,unknown,,unknown,,,,,,,
639720,,unknown,,unknown,,unknown,,,,,,,
639750,,unknown,,unknown,,unknown,,,,,,,
639840,,unknown,,unknown,,unknown,,,,,,,
639870,,unknown,,unknown,,unknown,,,,,,,
639930,,unknown,,unknown,,unknown,,,,,,,
639940,,unknown,,unknown,,unknown,,,,,,,
640150,,unknown,,unknown,,unknown,,,,,,,
640200,,unknown,,unknown,,unknown,,,,,,,
640230,,unknown,,unknown,,unknown,,,,,,,
640260,,unknown,,unknown,,unknown,,,,,,,
1301860,2024Q2,exact,2023Q4,backcast_award_minus_2q,2023Q3,from_applied_minus_1q,nanQnan,nanQnan,nanQnan,,,,
640320,,unknown,,unknown,,unknown,,,,,,,
640380,,unknown,,unknown,,unknown,,,,,,,
3200090,2023Q4,exact,2023Q2,backcast_award_minus_2q,2023Q1,from_applied_minus_1q,nanQnan,nanQnan,nanQnan,,,,
640650,,unknown,,unknown,,unknown,,,,,,,
640680,,unknown,,unknown,,unknown,,,,,,,
640710,,unknown,,unknown,,unknown,,,,,,,
640740,,unknown,,unknown,,unknown,,,,,,,
640800,,unknown,,unknown,,unknown,,,,,,,
3403930,2021Q4,exact,2021Q2,backcast_award_minus_2q,2021Q1,from_applied_minus_1q,2022Q3,2023Q2,2023Q2,3.0,3.0,0.0,6.0
611460,2020Q3,exact,2020Q1,backcast_award_minus_2q,2019Q4,from_applied_minus_1q,2021Q2,2021Q4,2022Q1,3.0,2.0,1.0,6.0
3609240,2022Q4,exact,2022Q2,backcast_award_minus_2q,2022Q1,from_applied_minus_1q,2023Q1,2023Q4,2023Q4,1.0,3.0,0.0,4.0
2504320,2022Q1,exact,2021Q3,backcast_award_minus_2q,2021Q2,from_applied_minus_1q,2022Q2,2023Q1,2023Q2,1.0,3.0,1.0,5.0
611490,2018Q2,exact,2017Q4,backcast_award_minus_2q,2017Q3,from_applied_minus_1q,2019Q1,2019Q2,2019Q3,3.0,1.0,1.0,5.0
641220,,unknown,,unknown,,unknown,,,,,,,
641250,,unknown,,unknown,,unknown,,,,,,,
1712760,2024Q2,exact,2023Q4,backcast_award_minus_2q,2023Q3,from_applied_minus_1q,nanQnan,nanQnan,nanQnan,,,,
3500810,2022Q4,exact,2022Q2,backcast_award_minus_2q,2022Q1,from_applied_minus_1q,2023Q1,2024Q1,2024Q1,1.0,4.0,0.0,5.0
641430,,unknown,,unknown,,unknown,,,,,,,
641460,,unknown,,unknown,,unknown,,,,,,,
803480,2020Q4,exact,2020Q2,backcast_award_minus_2q,2020Q1,from_applied_minus_1q,2021Q3,2021Q4,2022Q1,3.0,1.0,1.0,5.0
3701260,2023Q4,exact,2023Q2,backcast_award_minus_2q,2023Q1,from_applied_minus_1q,nanQnan,nanQnan,nanQnan,,,,
641790,,unknown,,unknown,,unknown,,,,,,,
641820,,unknown,,unknown,,unknown,,,,,,,
641880,,unknown,2020Q2,program_calendar,2020Q1,from_applied_minus_1q,,,,,,,
611730,2019Q4,exact,2019Q2,backcast_award_minus_2q,2019Q1,from_applied_minus_1q,2019Q4,2019Q4,2020Q1,0.0,0.0,1.0,1.0
642000,,unknown,,unknown,,unknown,,,,,,,
642060,,unknown,,unknown,,unknown,,,,,,,
642120,,unknown,,unknown,,unknown,,,,,,,
642140,,unknown,,unknown,,unknown,,,,,,,
642150,,unknown,,unknown,,unknown,,,,,,,
642180,,unknown,,unknown,,unknown,,,,,,,
642210,,unknown,,unknown,,unknown,,,,,,,
642270,,unknown,,unknown,,unknown,,,,,,,
642300,,unknown,,unknown,,unknown,,,,,,,
642330,,unknown,,unknown,,unknown,,,,,,,
642350,,unknown,2021Q2,program_calendar,2021Q1,from_applied_minus_1q,,,,,,,
642420,,unknown,,unknown,,unknown,,,,,,,
642450,,unknown,,unknown,,unknown,,,,,,,
1200480,2023Q4,exact,2023Q2,backcast_award_minus_2q,2023Q1,from_applied_minus_1q,nanQnan,nanQnan,nanQnan,,,,
611760,2024Q2,exact,2023Q4,backcast_award_minus_2q,2023Q3,from_applied_minus_1q,nanQnan,nanQnan,nanQnan,,,,
4010500,2022Q4,exact,2022Q2,backcast_award_minus_2q,2022Q1,from_applied_minus_1q,2023Q2,2024Q1,2024Q1,2.0,3.0,0.0,5.0
642560,,unknown,,unknown,,unknown,,,,,,,
642580,,unknown,,unknown,,unknown,,,,,,,
2200540,2022Q4,exact,2020Q2,program_calendar,2020Q1,from_applied_minus_1q,nanQnan,2023Q3,2023Q3,,,0.0,3.0
642630,,unknown,,unknown,,unknown,,,,,,,
642710,,unknown,,unknown,,unknown,,,,,,,
642750,,unknown,,unknown,,unknown,,,,,,,
3404110,2023Q1,exact,2022Q3,backcast_award_minus_2q,2022Q2,from_applied_minus_1q,nanQnan,nanQnan,nanQnan,,,,
642900,,unknown,,unknown,,unknown,,,,,,,
804320,2022Q4,exact,2022Q2,backcast_award_minus_2q,2022Q1,from_applied_minus_1q,2023Q2,2024Q2,2024Q2,2.0,4.0,0.0,6.0
642960,,unknown,,unknown,,unknown,,,,,,,
901260,2024Q2,exact,2023Q4,backcast_award_minus_2q,2023Q3,from_applied_minus_1q,nanQnan,nanQnan,nanQnan,,,,
643140,,unknown,,unknown,,unknown,,,,,,,
3000655,2022Q1,exact,2021Q3,backcast_award_minus_2q,2021Q2,from_applied_minus_1q,2022Q2,nanQnan,nanQnan,1.0,,,
643200,,unknown,,unknown,,unknown,,,,,,,
643380,,unknown,,unknown,,unknown,,,,,,,
643410,,unknown,,unknown,,unknown,,,,,,,
1713170,2022Q4,exact,2022Q2,backcast_award_minus_2q,2022Q1,from_applied_minus_1q,2023Q1,2024Q1,2024Q1,1.0,4.0,0.0,5.0
643560,,unknown,,unknown,,unknown,,,,,,,
684500,,unknown,,unknown,,unknown,,,,,,,
691001,,unknown,,unknown,,unknown,,,,,,,
691002,,unknown,,unknown,,unknown,,,,,,,
691003,,unknown,,unknown,,unknown,,,,,,,
691004,,unknown,,unknown,,unknown,,,,,,,
691005,,unknown,,unknown,,unknown,,,,,,,
691006,,unknown,,unknown,,unknown,,,,,,,
691007,,unknown,,unknown,,unknown,,,,,,,
2305380,2022Q4,exact,2022Q2,backcast_award_minus_2q,2022Q1,from_applied_minus_1q,2023Q1,2023Q2,2023Q2,1.0,1.0,0.0,2.0
691009,,unknown,,unknown,,unknown,,,,,,,
691010,,unknown,,unknown,,unknown,,,,,,,
691011,,unknown,,unknown,,unknown,,,,,,,
1713320,2023Q4,exact,2023Q2,backcast_award_minus_2q,2023Q1,from_applied_minus_1q,nanQnan,nanQnan,nanQnan,,,,
691013,,unknown,,unknown,,unknown,,,,,,,
691014,,unknown,,unknown,,unknown,,,,,,,
691015,,unknown,,unknown,,unknown,,,,,,,
691017,,unknown,,unknown,,unknown,,,,,,,
691018,,unknown,,unknown,,unknown,,,,,,,
691019,,unknown,,unknown,,unknown,,,,,,,
691020,,unknown,,unknown,,unknown,,,,,,,
3700424,2024Q2,exact,2023Q4,backcast_award_minus_2q,2023Q3,from_applied_minus_1q,nanQnan,nanQnan,nanQnan,,,,
691022,,unknown,,unknown,,unknown,,,,,,,
691023,,unknown,,unknown,,unknown,,,,,,,
1803000,2022Q4,exact,2022Q2,backcast_award_minus_2q,2022Q1,from_applied_minus_1q,nanQnan,2024Q2,2024Q2,,,0.0,6.0
691025,,unknown,,unknown,,unknown,,,,,,,
691026,,unknown,,unknown,,unknown,,,,,,,
691027,,unknown,,unknown,,unknown,,,,,,,
691028,,unknown,,unknown,,unknown,,,,,,,
691029,,unknown,,unknown,,unknown,,,,,,,
691030,,unknown,,unknown,,unknown,,,,,,,
691031,,unknown,,unknown,,unknown,,,,,,,
691032,,unknown,,unknown,,unknown,,,,,,,
691033,,unknown,,unknown,,unknown,,,,,,,
53EWRRC,2021Q1,exact,2020Q3,backcast_award_minus_2q,2020Q2,from_applied_minus_1q,2021Q4,2023Q1,2023Q1,3.0,5.0,0.0,8.0
691035,,unknown,,unknown,,unknown,,,,,,,
691036,,unknown,,unknown,,unknown,,,,,,,
3404320,2023Q1,exact,2022Q3,backcast_award_minus_2q,2022Q2,from_applied_minus_1q,nanQnan,nanQnan,nanQnan,,,,
691038,,unknown,,unknown,,unknown,,,,,,,
691040,,unknown,,unknown,,unknown,,,,,,,
691041,,unknown,,unknown,,unknown,,,,,,,
691042,,unknown,,unknown,,unknown,,,,,,,
691043,,unknown,,unknown,,unknown,,,,,,,
691044,,unknown,,unknown,,unknown,,,,,,,
691045,,unknown,,unknown,,unknown,,,,,,,
691046,,unknown,,unknown,,unknown,,,,,,,
691047,,unknown,,unknown,,unknown,,,,,,,
691048,,unknown,,unknown,,unknown,,,,,,,
691049,,unknown,,unknown,,unknown,,,,,,,
691051,,unknown,,unknown,,unknown,,,,,,,
691052,,unknown,,unknown,,unknown,,,,,,,
691058,,unknown,,unknown,,unknown,,,,,,,
691063,,unknown,,unknown,,unknown,,,,,,,
3904912,2022Q4,exact,2022Q2,backcast_award_minus_2q,2022Q1,from_applied_minus_1q,2023Q2,2024Q2,2024Q2,2.0,4.0,0.0,6.0
691090,,unknown,,unknown,,unknown,,,,,,,
691093,,unknown,,unknown,,unknown,,,,,,,
691102,,unknown,,unknown,,unknown,,,,,,,
691111,,unknown,,unknown,,unknown,,,,,,,
691120,,unknown,,unknown,,unknown,,,,,,,
691122,,unknown,,unknown,,unknown,,,,,,,
691134,,unknown,,unknown,,unknown,,,,,,,
691135,,unknown,,unknown,,unknown,,,,,,,
611870,2019Q4,exact,2019Q2,backcast_award_minus_2q,2019Q1,from_applied_minus_1q,2020Q3,2021Q4,2022Q1,3.0,5.0,1.0,9.0
691137,,unknown,,unknown,,unknown,,,,,,,
691138,,unknown,,unknown,,unknown,,,,,,,
691139,,unknown,,unknown,,unknown,,,,,,,
691140,,unknown,,unknown,,unknown,,,,,,,
691141,,unknown,,unknown,,unknown,,,,,,,
691142,,unknown,,unknown,,unknown,,,,,,,
691143,,unknown,,unknown,,unknown,,,,,,,
800001,,unknown,,unknown,,unknown,,,,,,,
800004,,unknown,,unknown,,unknown,,,,,,,
800009,,unknown,,unknown,,unknown,,,,,,,
800011,,unknown,,unknown,,unknown,,,,,,,
800012,,unknown,,unknown,,unknown,,,,,,,
800013,,unknown,,unknown,,unknown,,,,,,,
800014,,unknown,,unknown,,unknown,,,,,,,
800015,,unknown,,unknown,,unknown,,,,,,,
800016,,unknown,,unknown,,unknown,,,,,,,
800017,,unknown,,unknown,,unknown,,,,,,,
800018,,unknown,,unknown,,unknown,,,,,,,
800019,,unknown,,unknown,,unknown,,,,,,,
1910130,2022Q4,exact,2022Q2,backcast_award_minus_2q,2022Q1,from_applied_minus_1q,nanQnan,2023Q4,2023Q4,,,0.0,4.0
800022,,unknown,,unknown,,unknown,,,,,,,
800023,,unknown,,unknown,,unknown,,,,,,,
800220,,unknown,,unknown,,unknown,,,,,,,
800221,,unknown,,unknown,,unknown,,,,,,,
800222,,unknown,,unknown,,unknown,,,,,,,
800223,,unknown,,unknown,,unknown,,,,,,,
800224,,unknown,,unknown,,unknown,,,,,,,
800225,,unknown,,unknown,,unknown,,,,,,,
800226,,unknown,,unknown,,unknown,,,,,,,
800227,,unknown,,unknown,,unknown,,,,,,,
800228,,unknown,,unknown,,unknown,,,,,,,
800229,,unknown,,unknown,,unknown,,,,,,,
800230,,unknown,,unknown,,unknown,,,,,,,
800231,,unknown,,unknown,,unknown,,,,,,,
800232,,unknown,,unknown,,unknown,,,,,,,
800233,,unknown,,unknown,,unknown,,,,,,,
800234,,unknown,,unknown,,unknown,,,,,,,
800235,,unknown,,unknown,,unknown,,,,,,,
800236,,unknown,,unknown,,unknown,,,,,,,
800237,,unknown,,unknown,,unknown,,,,,,,
800238,,unknown,,unknown,,unknown,,,,,,,
800239,,unknown,,unknown,,unknown,,,,,,,
800240,,unknown,,unknown,,unknown,,,,,,,
800241,,unknown,,unknown,,unknown,,,,,,,
800242,,unknown,,unknown,,unknown,,,,,,,
800243,,unknown,,unknown,,unknown,,,,,,,
800245,,unknown,,unknown,,unknown,,,,,,,
800246,,unknown,,unknown,,unknown,,,,,,,
800247,,unknown,,unknown,,unknown,,,,,,,
800248,,unknown,,unknown,,unknown,,,,,,,
800249,,unknown,,unknown,,unknown,,,,,,,
800250,,unknown,,unknown,,unknown,,,,,,,
800251,,unknown,,unknown,,unknown,,,,,,,
800253,,unknown,,unknown,,unknown,,,,,,,
800254,,unknown,,unknown,,unknown,,,,,,,
800255,,unknown,,unknown,,unknown,,,,,,,
800256,,unknown,,unknown,,unknown,,,,,,,
800257,,unknown,,unknown,,unknown,,,,,,,
800258,,unknown,,unknown,,unknown,,,,,,,
800259,,unknown,,unknown,,unknown,,,,,,,
800260,,unknown,,unknown,,unknown,,,,,,,
800261,,unknown,,unknown,,unknown,,,,,,,
800262,,unknown,,unknown,,unknown,,,,,,,
800263,,unknown,,unknown,,unknown,,,,,,,
800264,,unknown,,unknown,,unknown,,,,,,,
800265,,unknown,,unknown,,unknown,,,,,,,
800266,,unknown,,unknown,,unknown,,,,,,,
800267,,unknown,,unknown,,unknown,,,,,,,
800268,,unknown,,unknown,,unknown,,,,,,,
800269,,unknown,,unknown,,unknown,,,,,,,
611910,2022Q2,exact,2021Q4,backcast_award_minus_2q,2021Q3,from_applied_minus_1q,2022Q3,nanQnan,nanQnan,1.0,,,
800271,,unknown,,unknown,,unknown,,,,,,,
800272,,unknown,,unknown,,unknown,,,,,,,
800273,,unknown,,unknown,,unknown,,,,,,,
800274,,unknown,,unknown,,unknown,,,,,,,
800275,,unknown,,unknown,,unknown,,,,,,,
800276,,unknown,,unknown,,unknown,,,,,,,
800277,,unknown,,unknown,,unknown,,,,,,,
3700840,2022Q4,exact,2022Q2,backcast_award_minus_2q,2022Q1,from_applied_minus_1q,2023Q1,2023Q4,2023Q4,1.0,3.0,0.0,4.0
800279,,unknown,,unknown,,unknown,,,,,,,
800280,,unknown,,unknown,,unknown,,,,,,,
800281,,unknown,,unknown,,unknown,,,,,,,
800282,,unknown,,unknown,,unknown,,,,,,,
800283,,unknown,,unknown,,unknown,,,,,,,
800284,,unknown,,unknown,,unknown,,,,,,,
800285,,unknown,,unknown,,unknown,,,,,,,
800286,,unknown,,unknown,,unknown,,,,,,,
800287,,unknown,,unknown,,unknown,,,,,,,
800288,,unknown,,unknown,,unknown,,,,,,,
800289,,unknown,,unknown,,unknown,,,,,,,
800291,,unknown,,unknown,,unknown,,,,,,,
800292,,unknown,,unknown,,unknown,,,,,,,
800293,,unknown,,unknown,,unknown,,,,,,,
800294,,unknown,,unknown,,unknown,,,,,,,
800295,,unknown,,unknown,,unknown,,,,,,,
801920,,unknown,,unknown,,unknown,,,,,,,
801950,2023Q4,exact,2023Q2,backcast_award_minus_2q,2023Q1,from_applied_minus_1q,nanQnan,nanQnan,nanQnan,,,,
801980,,unknown,,unknown,,unknown,,,,,,,
802010,,unknown,,unknown,,unknown,,,,,,,
802040,,unknown,,unknown,,unknown,,,,,,,
802070,,unknown,,unknown,,unknown,,,,,,,
802130,,unknown,,unknown,,unknown,,,,,,,
802190,,unknown,2021Q2,program_calendar,2021Q1,from_applied_minus_1q,,,,,,,
802220,,unknown,,unknown,,unknown,,,,,,,
802260,,unknown,,unknown,,unknown,,,,,,,
5504080,2022Q4,exact,2022Q2,backcast_award_minus_2q,2022Q1,from_applied_minus_1q,nanQnan,2023Q4,2023Q4,,,0.0,4.0
802310,,unknown,,unknown,,unknown,,,,,,,
2711250,2024Q2,exact,2023Q4,backcast_award_minus_2q,2023Q3,from_applied_minus_1q,nanQnan,nanQnan,nanQnan,,,,
802370,,unknown,,unknown,,unknown,,,,,,,
802400,,unknown,,unknown,,unknown,,,,,,,
802430,,unknown,,unknown,,unknown,,,,,,,
802460,,unknown,,unknown,,unknown,,,,,,,
4818180,2023Q4,exact,2023Q2,backcast_award_minus_2q,2023Q1,from_applied_minus_1q,nanQnan,nanQnan,nanQnan,,,,
802520,,unknown,,unknown,,unknown,,,,,,,
802550,,unknown,,unknown,,unknown,,,,,,,
802580,,unknown,,unknown,,unknown,,,,,,,
802610,,unknown,,unknown,,unknown,,,,,,,
611940,2016Q1,exact,2015Q3,backcast_award_minus_2q,2015Q2,from_applied_minus_1q,2016Q2,2018Q1,2018Q2,1.0,7.0,1.0,9.0
802670,,unknown,,unknown,,unknown,,,,,,,
802700,,unknown,,unknown,,unknown,,,,,,,
802730,,unknown,,unknown,,unknown,,,,,,,
802760,,unknown,,unknown,,unknown,,,,,,,
802790,,unknown,,unknown,,unknown,,,,,,,
802850,,unknown,,unknown,,unknown,,,,,,,
802880,,unknown,,unknown,,unknown,,,,,,,
802910,,unknown,,unknown,,unknown,,,,,,,
802940,,unknown,,unknown,,unknown,,,,,,,
803000,,unknown,,unknown,,unknown,,,,,,,
803030,,unknown,,unknown,,unknown,,,,,,,
803060,,unknown,,unknown,,unknown,,,,,,,
803090,,unknown,,unknown,,unknown,,,,,,,
803120,,unknown,,unknown,,unknown,,,,,,,
803150,,unknown,,unknown,,unknown,,,,,,,
803180,,unknown,,unknown,,unknown,,,,,,,
803210,,unknown,,unknown,,unknown,,,,,,,
803240,,unknown,,unknown,,unknown,,,,,,,
803270,,unknown,,unknown,,unknown,,,,,,,
803300,,unknown,,unknown,,unknown,,,,,,,
803330,,unknown,,unknown,,unknown,,,,,,,
2312100,2024Q2,exact,2023Q4,backcast_award_minus_2q,2023Q3,from_applied_minus_1q,nanQnan,nanQnan,nanQnan,,,,
803390,,unknown,,unknown,,unknown,,,,,,,
803420,,unknown,,unknown,,unknown,,,,,,,
803450,,unknown,,unknown,,unknown,,,,,,,
1713530,2022Q1,exact,2021Q3,backcast_award_minus_2q,2021Q2,from_applied_minus_1q,2022Q2,2023Q1,2023Q2,1.0,3.0,1.0,5.0
612030,2022Q2,exact,2021Q4,backcast_award_minus_2q,2021Q3,from_applied_minus_1q,2022Q3,nanQnan,nanQnan,1.0,,,
803540,,unknown,,unknown,,unknown,,,,,,,
803600,,unknown,,unknown,,unknown,,,,,,,
803630,,unknown,,unknown,,unknown,,,,,,,
803690,,unknown,,unknown,,unknown,,,,,,,
803720,,unknown,2021Q2,program_calendar,2021Q1,from_applied_minus_1q,,,,,,,
803750,,unknown,2021Q2,program_calendar,2021Q1,from_applied_minus_1q,,,,,,,
803780,,unknown,,unknown,,unknown,,,,,,,
803810,,unknown,,unknown,,unknown,,,,,,,
803840,,unknown,,unknown,,unknown,,,,,,,
803870,,unknown,,unknown,,unknown,,,,,,,
803930,,unknown,,unknown,,unknown,,,,,,,
803960,,unknown,,unknown,,unknown,,,,,,,
2911310,2022Q4,exact,2022Q2,backcast_award_minus_2q,2022Q1,from_applied_minus_1q,2023Q2,nanQnan,nanQnan,2.0,,,
804020,,unknown,,unknown,,unknown,,,,,,,
804050,,unknown,,unknown,,unknown,,,,,,,
612070,2022Q1,exact,2021Q3,backcast_award_minus_2q,2021Q2,from_applied_minus_1q,2022Q2,nanQnan,nanQnan,1.0,,,
804110,,unknown,,unknown,,unknown,,,,,,,
804140,,unknown,,unknown,,unknown,,,,,,,
804200,,unknown,,unknown,,unknown,,,,,,,
804230,,unknown,,unknown,,unknown,,,,,,,
612120,2019Q3,exact,2019Q1,backcast_award_minus_2q,2018Q4,from_applied_minus_1q,2020Q2,2021Q3,2021Q4,3.0,5.0,1.0,9.0
804290,,unknown,,unknown,,unknown,,,,,,,
1713660,2024Q2,exact,2023Q4,backcast_award_minus_2q,2023Q3,from_applied_minus_1q,nanQnan,nanQnan,nanQnan,,,,
804350,,unknown,,unknown,,unknown,,,,,,,
804380,,unknown,,unknown,,unknown,,,,,,,
804410,,unknown,,unknown,,unknown,,,,,,,
804440,,unknown,,unknown,,unknown,,,,,,,
804470,,unknown,,unknown,,unknown,,,,,,,
804500,,unknown,,unknown,,unknown,,,,,,,
804530,,unknown,,unknown,,unknown,,,,,,,
804560,,unknown,,unknown,,unknown,,,,,,,
2200291,2023Q4,exact,2023Q2,backcast_award_minus_2q,2023Q1,from_applied_minus_1q,nanQnan,nanQnan,nanQnan,,,,
804620,,unknown,,unknown,,unknown,,,,,,,
804650,,unknown,,unknown,,unknown,,,,,,,
804680,,unknown,,unknown,,unknown,,,,,,,
804710,,unknown,,unknown,,unknown,,,,,,,
804740,,unknown,,unknown,,unknown,,,,,,,
804770,,unknown,,unknown,,unknown,,,,,,,
804800,,unknown,,unknown,,unknown,,,,,,,
804830,,unknown,,unknown,,unknown,,,,,,,
804860,,unknown,,unknown,,unknown,,,,,,,
804890,,unknown,,unknown,,unknown,,,,,,,
804920,,unknown,2020Q2,program_calendar,2020Q1,from_applied_minus_1q,,,,,,,
804950,,unknown,,unknown,,unknown,,,,,,,
804980,,unknown,,unknown,,unknown,,,,,,,
805010,,unknown,,unknown,,unknown,,,,,,,
805040,,unknown,,unknown,,unknown,,,,,,,
3404590,2021Q1,exact,2020Q3,backcast_award_minus_2q,2020Q2,from_applied_minus_1q,2021Q4,2023Q1,2023Q2,3.0,5.0,1.0,9.0
805100,,unknown,,unknown,,unknown,,,,,,,
805130,,unknown,,unknown,,unknown,,,,,,,
805160,,unknown,,unknown,,unknown,,,,,,,
805190,,unknown,,unknown,,unknown,,,,,,,
805220,,unknown,,unknown,,unknown,,,,,,,
805250,,unknown,2020Q2,program_calendar,2020Q1,from_applied_minus_1q,,,,,,,
805280,,unknown,,unknown,,unknown,,,,,,,
805310,,unknown,,unknown,,unknown,,,,,,,
805340,,unknown,,unknown,,unknown,,,,,,,
805370,,unknown,,unknown,,unknown,,,,,,,
612330,2017Q1,exact,2016Q3,backcast_award_minus_2q,2016Q2,from_applied_minus_1q,2017Q2,2019Q1,2019Q2,1.0,7.0,1.0,9.0
805460,,unknown,,unknown,,unknown,,,,,,,
805490,,unknown,,unknown,,unknown,,,,,,,
805520,,unknown,,unknown,,unknown,,,,,,,
805550,,unknown,,unknown,,unknown,,,,,,,
805580,,unknown,,unknown,,unknown,,,,,,,
805610,,unknown,,unknown,,unknown,,,,,,,
805640,,unknown,,unknown,,unknown,,,,,,,
805670,,unknown,,unknown,,unknown,,,,,,,
805700,,unknown,,unknown,,unknown,,,,,,,
805730,,unknown,,unknown,,unknown,,,,,,,
3200120,2023Q4,exact,2023Q2,backcast_award_minus_2q,2023Q1,from_applied_minus_1q,nanQnan,nanQnan,nanQnan,,,,
805790,,unknown,,unknown,,unknown,,,,,,,
805820,,unknown,,unknown,,unknown,,,,,,,
805850,,unknown,,unknown,,unknown,,,,,,,
805880,,unknown,,unknown,,unknown,,,,,,,
805910,,unknown,,unknown,,unknown,,,,,,,
805940,,unknown,,unknown,,unknown,,,,,,,
805970,,unknown,,unknown,,unknown,,,,,,,
806000,,unknown,,unknown,,unknown,,,,,,,
806030,,unknown,,unknown,,unknown,,,,,,,
806060,,unknown,,unknown,,unknown,,,,,,,
806090,,unknown,,unknown,,unknown,,,,,,,
806120,,unknown,,unknown,,unknown,,,,,,,
806150,,unknown,,unknown,,unknown,,,,,,,
806180,,unknown,,unknown,,unknown,,,,,,,
806210,,unknown,,unknown,,unknown,,,,,,,
806240,,unknown,,unknown,,unknown,,,,,,,
806270,,unknown,,unknown,,unknown,,,,,,,
806300,,unknown,,unknown,,unknown,,,,,,,
806330,,unknown,,unknown,,unknown,,,,,,,
806360,,unknown,,unknown,,unknown,,,,,,,
806390,,unknown,,unknown,,unknown,,,,,,,
4104620,2024Q2,exact,2023Q4,backcast_award_minus_2q,2023Q3,from_applied_minus_1q,nanQnan,nanQnan,nanQnan,,,,
806450,,unknown,,unknown,,unknown,,,,,,,
806480,,unknown,,unknown,,unknown,,,,,,,
806510,,unknown,,unknown,,unknown,,,,,,,
2005800,2024Q2,exact,2023Q4,backcast_award_minus_2q,2023Q3,from_applied_minus_1q,nanQnan,nanQnan,nanQnan,,,,
806570,,unknown,,unknown,,unknown,,,,,,,
5302490,2020Q2,exact,2019Q4,backcast_award_minus_2q,2019Q3,from_applied_minus_1q,2021Q1,2022Q1,2022Q2,3.0,4.0,1.0,8.0
806630,,unknown,,unknown,,unknown,,,,,,,
5501770,2024Q2,exact,2023Q4,backcast_award_minus_2q,2023Q3,from_applied_minus_1q,nanQnan,nanQnan,nanQnan,,,,
806690,,unknown,,unknown,,unknown,,,,,,,
806720,,unknown,,unknown,,unknown,,,,,,,
806750,,unknown,,unknown,,unknown,,,,,,,
806780,,unknown,,unknown,,unknown,,,,,,,
3700413,2023Q4,exact,2023Q2,backcast_award_minus_2q,2023Q1,from_applied_minus_1q,nanQnan,nanQnan,nanQnan,,,,
806840,,unknown,,unknown,,unknown,,,,,,,
806870,,unknown,,unknown,,unknown,,,,,,,
2700484,2022Q1,exact,2021Q3,backcast_award_minus_2q,2021Q2,from_applied_minus_1q,2024Q2,nanQnan,nanQnan,9.0,,,
806930,,unknown,,unknown,,unknown,,,,,,,
806960,,unknown,,unknown,,unknown,,,,,,,
806990,,unknown,,unknown,,unknown,,,,,,,
807050,,unknown,,unknown,,unknown,,,,,,,
807080,,unknown,,unknown,,unknown,,,,,,,
807110,,unknown,,unknown,,unknown,,,,,,,
807140,,unknown,,unknown,,unknown,,,,,,,
807200,,unknown,,unknown,,unknown,,,,,,,
807230,,unknown,,unknown,,unknown,,,,,,,
3800061,2022Q4,exact,2022Q2,backcast_award_minus_2q,2022Q1,from_applied_minus_1q,2022Q4,2023Q2,2023Q2,0.0,2.0,0.0,2.0
807290,,unknown,,unknown,,unknown,,,,,,,
807320,,unknown,,unknown,,unknown,,,,,,,
807350,,unknown,,unknown,,unknown,,,,,,,
807380,,unknown,,unknown,,unknown,,,,,,,
807410,,unknown,,unknown,,unknown,,,,,,,
899080,,unknown,,unknown,,unknown,,,,,,,
899160,,unknown,,unknown,,unknown,,,,,,,
899180,,unknown,,unknown,,unknown,,,,,,,
899200,,unknown,,unknown,,unknown,,,,,,,
899220,,unknown,,unknown,,unknown,,,,,,,
899240,,unknown,,unknown,,unknown,,,,,,,
899280,,unknown,,unknown,,unknown,,,,,,,
899300,,unknown,,unknown,,unknown,,,,,,,
899320,,unknown,,unknown,,unknown,,,,,,,
899340,,unknown,,unknown,,unknown,,,,,,,
899400,,unknown,,unknown,,unknown,,,,,,,
900001,,unknown,,unknown,,unknown,,,,,,,
4209300,2024Q2,exact,2023Q4,backcast_award_minus_2q,2023Q3,from_applied_minus_1q,nanQnan,nanQnan,nanQnan,,,,
900003,,unknown,,unknown,,unknown,,,,,,,
900004,,unknown,,unknown,,unknown,,,,,,,
900005,,unknown,,unknown,,unknown,,,,,,,
900007,,unknown,,unknown,,unknown,,,,,,,
900009,,unknown,,unknown,,unknown,,,,,,,
900010,,unknown,,unknown,,unknown,,,,,,,
900011,,unknown,,unknown,,unknown,,,,,,,
900014,,unknown,,unknown,,unknown,,,,,,,
900015,,unknown,,unknown,,unknown,,,,,,,
900016,,unknown,,unknown,,unknown,,,,,,,
900018,,unknown,,unknown,,unknown,,,,,,,
900024,,unknown,,unknown,,unknown,,,,,,,
900026,,unknown,,unknown,,unknown,,,,,,,
900027,,unknown,,unknown,,unknown,,,,,,,
900028,,unknown,,unknown,,unknown,,,,,,,
900030,,unknown,,unknown,,unknown,,,,,,,
900033,,unknown,,unknown,,unknown,,,,,,,
900060,,unknown,,unknown,,unknown,,,,,,,
612840,2019Q3,exact,2019Q1,backcast_award_minus_2q,2018Q4,from_applied_minus_1q,2020Q2,2024Q1,2024Q1,3.0,15.0,0.0,18.0
900090,,unknown,,unknown,,unknown,,,,,,,
900120,,unknown,,unknown,,unknown,,,,,,,
900150,,unknown,,unknown,,unknown,,,,,,,
900207,,unknown,,unknown,,unknown,,,,,,,
900208,,unknown,,unknown,,unknown,,,,,,,
900210,,unknown,,unknown,,unknown,,,,,,,
900212,,unknown,,unknown,,unknown,,,,,,,
900214,,unknown,,unknown,,unknown,,,,,,,
900215,,unknown,,unknown,,unknown,,,,,,,
900216,,unknown,,unknown,,unknown,,,,,,,
900217,,unknown,,unknown,,unknown,,,,,,,
900219,,unknown,,unknown,,unknown,,,,,,,
900220,,unknown,,unknown,,unknown,,,,,,,
900221,,unknown,,unknown,,unknown,,,,,,,
900222,,unknown,,unknown,,unknown,,,,,,,
900223,,unknown,,unknown,,unknown,,,,,,,
900224,,unknown,,unknown,,unknown,,,,,,,
900225,,unknown,,unknown,,unknown,,,,,,,
900226,,unknown,,unknown,,unknown,,,,,,,
900227,,unknown,,unknown,,unknown,,,,,,,
900240,,unknown,,unknown,,unknown,,,,,,,
900270,,unknown,,unknown,,unknown,,,,,,,
900330,,unknown,,unknown,,unknown,,,,,,,
900360,,unknown,,unknown,,unknown,,,,,,,
900390,,unknown,,unknown,,unknown,,,,,,,
612910,2012Q1,exact,2020Q2,program_calendar,2020Q1,from_applied_minus_1q,2012Q2,2014Q1,2014Q1,1.0,7.0,0.0,8.0
612930,2021Q2,exact,2020Q2,program_calendar,2020Q1,from_applied_minus_1q,2021Q2,nanQnan,nanQnan,0.0,,,
900510,,unknown,,unknown,,unknown,,,,,,,
900540,,unknown,,unknown,,unknown,,,,,,,
900570,,unknown,,unknown,,unknown,,,,,,,
900630,,unknown,,unknown,,unknown,,,,,,,
900660,,unknown,,unknown,,unknown,,,,,,,
900690,,unknown,,unknown,,unknown,,,,,,,
900700,,unknown,,unknown,,unknown,,,,,,,
900720,,unknown,,unknown,,unknown,,,,,,,
900750,,unknown,,unknown,,unknown,,,,,,,
900780,,unknown,,unknown,,unknown,,,,,,,
900810,,unknown,,unknown,,unknown,,,,,,,
900840,,unknown,,unknown,,unknown,,,,,,,
900870,,unknown,,unknown,,unknown,,,,,,,
900900,,unknown,,unknown,,unknown,,,,,,,
900910,,unknown,,unknown,,unknown,,,,,,,
900930,,unknown,,unknown,,unknown,,,,,,,
900960,,unknown,,unknown,,unknown,,,,,,,
900990,,unknown,,unknown,,unknown,,,,,,,
901020,,unknown,,unknown,,unknown,,,,,,,
901050,,unknown,,unknown,,unknown,,,,,,,
901080,,unknown,,unknown,,unknown,,,,,,,
901110,,unknown,,unknown,,unknown,,,,,,,
901170,,unknown,,unknown,,unknown,,,,,,,
901200,,unknown,,unknown,,unknown,,,,,,,
901230,,unknown,,unknown,,unknown,,,,,,,
5101200,2021Q3,exact,2021Q1,backcast_award_minus_2q,2020Q4,from_applied_minus_1q,2022Q2,2023Q1,2023Q2,3.0,3.0,1.0,7.0
901290,,unknown,,unknown,,unknown,,,,,,,
901320,,unknown,,unknown,,unknown,,,,,,,
901350,,unknown,,unknown,,unknown,,,,,,,
901360,,unknown,,unknown,,unknown,,,,,,,
901380,,unknown,,unknown,,unknown,,,,,,,
901410,,unknown,,unknown,,unknown,,,,,,,
901440,,unknown,,unknown,,unknown,,,,,,,
901470,,unknown,,unknown,,unknown,,,,,,,
901500,,unknown,,unknown,,unknown,,,,,,,
2500554,2024Q2,exact,2023Q4,backcast_award_minus_2q,2023Q3,from_applied_minus_1q,nanQnan,nanQnan,nanQnan,,,,
901560,,unknown,,unknown,,unknown,,,,,,,
901590,,unknown,,unknown,,unknown,,,,,,,
901620,,unknown,,unknown,,unknown,,,,,,,
901680,,unknown,,unknown,,unknown,,,,,,,
901710,,unknown,,unknown,,unknown,,,,,,,
901740,,unknown,,unknown,,unknown,,,,,,,
901770,,unknown,,unknown,,unknown,,,,,,,
901800,,unknown,,unknown,,unknown,,,,,,,
901860,,unknown,,unknown,,unknown,,,,,,,
901890,,unknown,,unknown,,unknown,,,,,,,
612960,2022Q4,exact,2022Q2,backcast_award_minus_2q,2022Q1,from_applied_minus_1q,2023Q1,nanQnan,nanQnan,1.0,,,
901950,,unknown,,unknown,,unknown,,,,,,,
902010,,unknown,,unknown,,unknown,,,,,,,
902040,,unknown,,unknown,,unknown,,,,,,,
902070,,unknown,,unknown,,unknown,,,,,,,
902130,,unknown,,unknown,,unknown,,,,,,,
902160,,unknown,,unknown,,unknown,,,,,,,
902190,,unknown,,unknown,,unknown,,,,,,,
902220,,unknown,,unknown,,unknown,,,,,,,
902280,,unknown,,unknown,,unknown,,,,,,,
902310,,unknown,,unknown,,unknown,,,,,,,
902340,,unknown,,unknown,,unknown,,,,,,,
902370,,unknown,,unknown,,unknown,,,,,,,
902400,,unknown,,unknown,,unknown,,,,,,,
3904395,2023Q4,exact,2023Q2,backcast_award_minus_2q,2023Q1,from_applied_minus_1q,nanQnan,nanQnan,nanQnan,,,,
902520,,unknown,,unknown,,unknown,,,,,,,
902550,,unknown,,unknown,,unknown,,,,,,,
902580,,unknown,,unknown,,unknown,,,,,,,
902640,,unknown,,unknown,,unknown,,,,,,,
600052,2020Q1,exact,2019Q3,backcast_award_minus_2q,2019Q2,from_applied_minus_1q,2020Q4,2021Q2,2021Q3,3.0,2.0,1.0,6.0
902700,,unknown,,unknown,,unknown,,,,,,,
902730,,unknown,,unknown,,unknown,,,,,,,
902760,,unknown,,unknown,,unknown,,,,,,,
902790,,unknown,,unknown,,unknown,,,,,,,
902820,,unknown,,unknown,,unknown,,,,,,,
902850,,unknown,,unknown,,unknown,,,,,,,
902880,,unknown,,unknown,,unknown,,,,,,,
902910,,unknown,,unknown,,unknown,,,,,,,
902940,,unknown,,unknown,,unknown,,,,,,,
902970,,unknown,,unknown,,unknown,,,,,,,
903000,,unknown,,unknown,,unknown,,,,,,,
903030,,unknown,,unknown,,unknown,,,,,,,
903060,,unknown,,unknown,,unknown,,,,,,,
903090,,unknown,,unknown,,unknown,,,,,,,
903120,,unknown,,unknown,,unknown,,,,,,,
903180,,unknown,,unknown,,unknown,,,,,,,
903210,,unknown,,unknown,,unknown,,,,,,,
903240,,unknown,,unknown,,unknown,,,,,,,
903270,,unknown,,unknown,,unknown,,,,,,,
903300,,unknown,,unknown,,unknown,,,,,,,
903330,,unknown,,unknown,,unknown,,,,,,,
903360,,unknown,,unknown,,unknown,,,,,,,
903390,,unknown,,unknown,,unknown,,,,,,,
903420,,unknown,,unknown,,unknown,,,,,,,
903450,,unknown,,unknown,,unknown,,,,,,,
903480,,unknown,,unknown,,unknown,,,,,,,
903510,,unknown,,unknown,,unknown,,,,,,,
903512,,unknown,,unknown,,unknown,,,,,,,
903515,,unknown,,unknown,,unknown,,,,,,,
903520,,unknown,,unknown,,unknown,,,,,,,
903530,,unknown,,unknown,,unknown,,,,,,,
903535,,unknown,,unknown,,unknown,,,,,,,
903536,,unknown,,unknown,,unknown,,,,,,,
903537,,unknown,,unknown,,unknown,,,,,,,
903538,,unknown,,unknown,,unknown,,,,,,,
903539,,unknown,,unknown,,unknown,,,,,,,
903540,,unknown,,unknown,,unknown,,,,,,,
903570,,unknown,,unknown,,unknown,,,,,,,
903600,,unknown,,unknown,,unknown,,,,,,,
903630,,unknown,,unknown,,unknown,,,,,,,
903660,,unknown,,unknown,,unknown,,,,,,,
903720,,unknown,,unknown,,unknown,,,,,,,
903750,,unknown,,unknown,,unknown,,,,,,,
903780,,unknown,,unknown,,unknown,,,,,,,
613080,2019Q3,exact,2019Q1,backcast_award_minus_2q,2018Q4,from_applied_minus_1q,2019Q3,2019Q4,2020Q1,0.0,1.0,1.0,2.0
903840,,unknown,,unknown,,unknown,,,,,,,
903900,,unknown,,unknown,,unknown,,,,,,,
903930,,unknown,,unknown,,unknown,,,,,,,
903960,,unknown,,unknown,,unknown,,,,,,,
903990,,unknown,,unknown,,unknown,,,,,,,
904020,,unknown,,unknown,,unknown,,,,,,,
904050,2023Q2,exact,2022Q4,backcast_award_minus_2q,2022Q3,from_applied_minus_1q,nanQnan,nanQnan,nanQnan,,,,
904080,,unknown,,unknown,,unknown,,,,,,,
904110,,unknown,,unknown,,unknown,,,,,,,
904140,,unknown,,unknown,,unknown,,,,,,,
904170,,unknown,,unknown,,unknown,,,,,,,
904230,,unknown,,unknown,,unknown,,,,,,,
904260,,unknown,,unknown,,unknown,,,,,,,
904290,,unknown,,unknown,,unknown,,,,,,,
904320,,unknown,,unknown,,unknown,,,,,,,
904350,,unknown,,unknown,,unknown,,,,,,,
904380,,unknown,,unknown,,unknown,,,,,,,
904440,,unknown,,unknown,,unknown,,,,,,,
904470,,unknown,,unknown,,unknown,,,,,,,
904500,,unknown,,unknown,,unknown,,,,,,,
904530,,unknown,,unknown,,unknown,,,,,,,
904560,,unknown,,unknown,,unknown,,,,,,,
904590,,unknown,,unknown,,unknown,,,,,,,
904620,,unknown,,unknown,,unknown,,,,,,,
904650,,unknown,,unknown,,unknown,,,,,,,
904680,,unknown,,unknown,,unknown,,,,,,,
904710,,unknown,,unknown,,unknown,,,,,,,
904740,,unknown,,unknown,,unknown,,,,,,,
904830,,unknown,,unknown,,unknown,,,,,,,
904860,,unknown,,unknown,,unknown,,,,,,,
904890,,unknown,,unknown,,unknown,,,,,,,
4818750,2024Q2,exact,2023Q4,backcast_award_minus_2q,2023Q3,from_applied_minus_1q,nanQnan,nanQnan,nanQnan,,,,
904950,,unknown,,unknown,,unknown,,,,,,,
904980,,unknown,,unknown,,unknown,,,,,,,
905010,,unknown,,unknown,,unknown,,,,,,,
905040,,unknown,,unknown,,unknown,,,,,,,
905070,,unknown,,unknown,,unknown,,,,,,,
905100,,unknown,,unknown,,unknown,,,,,,,
905130,,unknown,,unknown,,unknown,,,,,,,
905160,,unknown,,unknown,,unknown,,,,,,,
905190,,unknown,,unknown,,unknown,,,,,,,
905220,,unknown,,unknown,,unknown,,,,,,,
905250,,unknown,,unknown,,unknown,,,,,,,
905280,,unknown,,unknown,,unknown,,,,,,,
905310,,unknown,,unknown,,unknown,,,,,,,
905370,,unknown,,unknown,,unknown,,,,,,,
905371,,unknown,,unknown,,unknown,,,,,,,
905372,,unknown,,unknown,,unknown,,,,,,,
905373,,unknown,,unknown,,unknown,,,,,,,
905374,,unknown,,unknown,,unknown,,,,,,,
1000004,,unknown,,unknown,,unknown,,,,,,,
1000005,,unknown,,unknown,,unknown,,,,,,,
1000006,,unknown,,unknown,,unknown,,,,,,,
1000007,,unknown,,unknown,,unknown,,,,,,,
1000010,,unknown,,unknown,,unknown,,,,,,,
1000011,,unknown,,unknown,,unknown,,,,,,,
1000014,,unknown,,unknown,,unknown,,,,,,,
1000015,,unknown,,unknown,,unknown,,,,,,,
1000016,,unknown,,unknown,,unknown,,,,,,,
1000017,,unknown,,unknown,,unknown,,,,,,,
1000018,,unknown,,unknown,,unknown,,,,,,,
1000019,,unknown,,unknown,,unknown,,,,,,,
1000020,,unknown,,unknown,,unknown,,,,,,,
1000021,,unknown,,unknown,,unknown,,,,,,,
1000022,,unknown,,unknown,,unknown,,,,,,,
1000024,,unknown,,unknown,,unknown,,,,,,,
1000026,,unknown,,unknown,,unknown,,,,,,,
1000050,,unknown,,unknown,,unknown,,,,,,,
1000052,,unknown,,unknown,,unknown,,,,,,,
1000053,,unknown,,unknown,,unknown,,,,,,,
1000054,,unknown,,unknown,,unknown,,,,,,,
1000055,,unknown,,unknown,,unknown,,,,,,,
1000057,,unknown,,unknown,,unknown,,,,,,,
1000059,,unknown,,unknown,,unknown,,,,,,,
1000062,,unknown,,unknown,,unknown,,,,,,,
1000063,,unknown,,unknown,,unknown,,,,,,,
1000080,,unknown,,unknown,,unknown,,,,,,,
1000170,,unknown,2020Q2,program_calendar,2020Q1,from_applied_minus_1q,,,,,,,
1000180,,unknown,,unknown,,unknown,,,,,,,
1000190,,unknown,,unknown,,unknown,,,,,,,
1000200,,unknown,,unknown,,unknown,,,,,,,
3616560,2021Q1,exact,2020Q3,backcast_award_minus_2q,2020Q2,from_applied_minus_1q,2021Q4,2022Q3,2022Q4,3.0,3.0,1.0,7.0
1000270,,unknown,,unknown,,unknown,,,,,,,
1000680,,unknown,,unknown,,unknown,,,,,,,
1000750,,unknown,,unknown,,unknown,,,,,,,
1000790,,unknown,,unknown,,unknown,,,,,,,
1000810,,unknown,,unknown,,unknown,,,,,,,
1001080,,unknown,,unknown,,unknown,,,,,,,
1001240,,unknown,,unknown,,unknown,,,,,,,
1001280,,unknown,,unknown,,unknown,,,,,,,
1714460,2022Q1,exact,2021Q3,backcast_award_minus_2q,2021Q2,from_applied_minus_1q,2022Q2,2023Q1,2023Q2,1.0,3.0,1.0,5.0
1001530,,unknown,,unknown,,unknown,,,,,,,
1001620,,unknown,,unknown,,unknown,,,,,,,
1001680,,unknown,,unknown,,unknown,,,,,,,
1001850,,unknown,,unknown,,unknown,,,,,,,
1100004,,unknown,,unknown,,unknown,,,,,,,
1100005,,unknown,,unknown,,unknown,,,,,,,
1100008,,unknown,,unknown,,unknown,,,,,,,
1100009,,unknown,,unknown,,unknown,,,,,,,
1100011,,unknown,,unknown,,unknown,,,,,,,
1100013,,unknown,,unknown,,unknown,,,,,,,
1100014,,unknown,,unknown,,unknown,,,,,,,
1100015,,unknown,,unknown,,unknown,,,,,,,
1100016,,unknown,,unknown,,unknown,,,,,,,
1100017,,unknown,,unknown,,unknown,,,,,,,
1100019,,unknown,,unknown,,unknown,,,,,,,
1100020,,unknown,,unknown,,unknown,,,,,,,
1100022,,unknown,,unknown,,unknown,,,,,,,
1100029,,unknown,,unknown,,unknown,,,,,,,
5302670,2022Q1,exact,2021Q3,backcast_award_minus_2q,2021Q2,from_applied_minus_1q,2022Q2,2022Q4,2023Q3,1.0,2.0,3.0,6.0
1100031,,unknown,,unknown,,unknown,,,,,,,
1100032,,unknown,,unknown,,unknown,,,,,,,
1100034,,unknown,,unknown,,unknown,,,,,,,
1100035,,unknown,,unknown,,unknown,,,,,,,
1100039,,unknown,,unknown,,unknown,,,,,,,
1100042,,unknown,,unknown,,unknown,,,,,,,
1100043,,unknown,,unknown,,unknown,,,,,,,
1100044,,unknown,,unknown,,unknown,,,,,,,
1100045,,unknown,,unknown,,unknown,,,,,,,
1100048,,unknown,,unknown,,unknown,,,,,,,
1100049,,unknown,,unknown,,unknown,,,,,,,
1100051,,unknown,,unknown,,unknown,,,,,,,
1100054,,unknown,,unknown,,unknown,,,,,,,
1100055,,unknown,,unknown,,unknown,,,,,,,
1100057,,unknown,,unknown,,unknown,,,,,,,
1100058,,unknown,,unknown,,unknown,,,,,,,
1100059,,unknown,,unknown,,unknown,,,,,,,
1100064,,unknown,,unknown,,unknown,,,,,,,
1100072,,unknown,,unknown,,unknown,,,,,,,
1100073,,unknown,,unknown,,unknown,,,,,,,
1100077,,unknown,,unknown,,unknown,,,,,,,
1100080,,unknown,,unknown,,unknown,,,,,,,
1100081,,unknown,,unknown,,unknown,,,,,,,
1100082,,unknown,,unknown,,unknown,,,,,,,
1100083,,unknown,,unknown,,unknown,,,,,,,
1100084,,unknown,,unknown,,unknown,,,,,,,
1100085,,unknown,,unknown,,unknown,,,,,,,
1100086,,unknown,,unknown,,unknown,,,,,,,
1100087,,unknown,,unknown,,unknown,,,,,,,
1100088,,unknown,,unknown,,unknown,,,,,,,
1100090,,unknown,,unknown,,unknown,,,,,,,
1100091,,unknown,,unknown,,unknown,,,,,,,
1100092,,unknown,,unknown,,unknown,,,,,,,
1100093,,unknown,,unknown,,unknown,,,,,,,
1100094,,unknown,,unknown,,unknown,,,,,,,
1100096,,unknown,,unknown,,unknown,,,,,,,
1100097,,unknown,,unknown,,unknown,,,,,,,
1100099,,unknown,,unknown,,unknown,,,,,,,
1100100,,unknown,,unknown,,unknown,,,,,,,
1100101,,unknown,,unknown,,unknown,,,,,,,
1100102,,unknown,,unknown,,unknown,,,,,,,
1100103,,unknown,,unknown,,unknown,,,,,,,
1100104,,unknown,,unknown,,unknown,,,,,,,
1100105,,unknown,,unknown,,unknown,,,,,,,
1100106,,unknown,,unknown,,unknown,,,,,,,
1100108,,unknown,,unknown,,unknown,,,,,,,
1100109,,unknown,,unknown,,unknown,,,,,,,
1100110,,unknown,,unknown,,unknown,,,,,,,
1100111,,unknown,,unknown,,unknown,,,,,,,
1100112,,unknown,,unknown,,unknown,,,,,,,
1100113,,unknown,,unknown,,unknown,,,,,,,
1100114,,unknown,,unknown,,unknown,,,,,,,
1100115,,unknown,,unknown,,unknown,,,,,,,
1100116,,unknown,,unknown,,unknown,,,,,,,
1100117,,unknown,,unknown,,unknown,,,,,,,
1100118,,unknown,,unknown,,unknown,,,,,,,
1200002,,unknown,,unknown,,unknown,,,,,,,
1200030,,unknown,,unknown,,unknown,,,,,,,
1200060,,unknown,,unknown,,unknown,,,,,,,
1200080,,unknown,,unknown,,unknown,,,,,,,
1200081,,unknown,,unknown,,unknown,,,,,,,
1200082,,unknown,,unknown,,unknown,,,,,,,
1200083,,unknown,,unknown,,unknown,,,,,,,
1200084,,unknown,,unknown,,unknown,,,,,,,
1200090,,unknown,,unknown,,unknown,,,,,,,
1200120,,unknown,,unknown,,unknown,,,,,,,
1200150,,unknown,,unknown,,unknown,,,,,,,
613170,2018Q3,exact,2018Q1,backcast_award_minus_2q,2017Q4,from_applied_minus_1q,2018Q4,2020Q3,2020Q4,1.0,7.0,1.0,9.0
1200210,,unknown,,unknown,,unknown,,,,,,,
1200240,,unknown,,unknown,,unknown,,,,,,,
1200270,,unknown,,unknown,,unknown,,,,,,,
1200300,,unknown,,unknown,,unknown,,,,,,,
1200330,,unknown,,unknown,,unknown,,,,,,,
4818810,2019Q1,exact,2018Q3,backcast_award_minus_2q,2018Q2,from_applied_minus_1q,2019Q4,2020Q4,2020Q4,3.0,4.0,0.0,7.0
4818840,2024Q2,exact,2023Q4,backcast_award_minus_2q,2023Q3,from_applied_minus_1q,nanQnan,nanQnan,nanQnan,,,,
1200420,,unknown,,unknown,,unknown,,,,,,,
601423,2018Q2,exact,2017Q4,backcast_award_minus_2q,2017Q3,from_applied_minus_1q,2019Q1,2019Q3,2019Q4,3.0,2.0,1.0,6.0
602153,2020Q3,exact,2020Q1,backcast_award_minus_2q,2019Q4,from_applied_minus_1q,2021Q2,2023Q1,2023Q1,3.0,7.0,0.0,10.0
1200510,,unknown,,unknown,,unknown,,,,,,,
1200540,,unknown,,unknown,,unknown,,,,,,,
1200570,,unknown,,unknown,,unknown,,,,,,,
1200600,,unknown,,unknown,,unknown,,,,,,,
1200630,,unknown,,unknown,,unknown,,,,,,,
3610860,2022Q4,exact,2022Q2,backcast_award_minus_2q,2022Q1,from_applied_minus_1q,2023Q2,nanQnan,nanQnan,2.0,,,
1200690,,unknown,,unknown,,unknown,,,,,,,
1200720,,unknown,,unknown,,unknown,,,,,,,
1200750,,unknown,,unknown,,unknown,,,,,,,
1200780,,unknown,,unknown,,unknown,,,,,,,
1200810,,unknown,2020Q2,program_calendar,2020Q1,from_applied_minus_1q,,,,,,,
1200840,,unknown,,unknown,,unknown,,,,,,,
2911730,2022Q4,exact,2022Q2,backcast_award_minus_2q,2022Q1,from_applied_minus_1q,2023Q1,2023Q3,2023Q3,1.0,2.0,0.0,3.0
1200900,,unknown,,unknown,,unknown,,,,,,,
1200930,,unknown,,unknown,,unknown,,,,,,,
1200960,,unknown,,unknown,,unknown,,,,,,,
5101260,2019Q4,exact,2020Q2,program_calendar,2020Q1,from_applied_minus_1q,2020Q3,2021Q1,2021Q2,3.0,2.0,1.0,6.0
613290,2023Q2,exact,2022Q4,backcast_award_minus_2q,2022Q3,from_applied_minus_1q,2023Q3,nanQnan,nanQnan,1.0,,,
1201050,,unknown,,unknown,,unknown,,,,,,,
1201080,,unknown,2021Q2,program_calendar,2021Q1,from_applied_minus_1q,,,,,,,
1201110,,unknown,,unknown,,unknown,,,,,,,
1201140,,unknown,,unknown,,unknown,,,,,,,
1201170,,unknown,,unknown,,unknown,,,,,,,
1201200,,unknown,,unknown,,unknown,,,,,,,
5003930,2019Q4,exact,2019Q2,backcast_award_minus_2q,2019Q1,from_applied_minus_1q,2020Q4,2021Q3,2021Q3,4.0,3.0,0.0,7.0
1201260,,unknown,,unknown,,unknown,,,,,,,
1201290,,unknown,,unknown,,unknown,,,,,,,
1201320,,unknown,,unknown,,unknown,,,,,,,
1201350,,unknown,,unknown,,unknown,,,,,,,
1201380,,unknown,,unknown,,unknown,,,,,,,
1201410,,unknown,,unknown,,unknown,,,,,,,
4502100,2022Q4,exact,2022Q2,backcast_award_minus_2q,2022Q1,from_applied_minus_1q,2023Q1,2023Q3,2023Q3,1.0,2.0,0.0,3.0
1201470,,unknown,,unknown,,unknown,,,,,,,
101440,2022Q4,exact,2022Q2,backcast_award_minus_2q,2022Q1,from_applied_minus_1q,nanQnan,2023Q3,2023Q3,,,0.0,3.0
1201530,,unknown,,unknown,,unknown,,,,,,,
3010140,2022Q4,exact,2022Q2,backcast_award_minus_2q,2022Q1,from_applied_minus_1q,2023Q1,2023Q4,2023Q4,1.0,3.0,0.0,4.0
1201590,,unknown,,unknown,,unknown,,,,,,,
1201620,,unknown,,unknown,,unknown,,,,,,,
1201650,,unknown,,unknown,,unknown,,,,,,,
901530,2024Q2,exact,2023Q4,backcast_award_minus_2q,2023Q3,from_applied_minus_1q,nanQnan,nanQnan,nanQnan,,,,
1201710,,unknown,2020Q2,program_calendar,2020Q1,from_applied_minus_1q,,,,,,,
1201740,,unknown,,unknown,,unknown,,,,,,,
1201770,,unknown,2021Q2,program_calendar,2021Q1,from_applied_minus_1q,,,,,,,
1201800,,unknown,,unknown,,unknown,,,,,,,
1201830,,unknown,,unknown,,unknown,,,,,,,
1201860,,unknown,,unknown,,unknown,,,,,,,
1201890,,unknown,,unknown,,unknown,,,,,,,
1201920,,unknown,,unknown,,unknown,,,,,,,
1201950,,unknown,,unknown,,unknown,,,,,,,
1201980,,unknown,,unknown,,unknown,,,,,,,
1202010,,unknown,,unknown,,unknown,,,,,,,
1202012,,unknown,,unknown,,unknown,,,,,,,
1202013,,unknown,,unknown,,unknown,,,,,,,
1202014,,unknown,,unknown,,unknown,,,,,,,
1202015,,unknown,,unknown,,unknown,,,,,,,
1202016,,unknown,,unknown,,unknown,,,,,,,
1202017,,unknown,,unknown,,unknown,,,,,,,
1202018,,unknown,,unknown,,unknown,,,,,,,
1300001,,unknown,,unknown,,unknown,,,,,,,
1300005,,unknown,,unknown,,unknown,,,,,,,
1300006,,unknown,,unknown,,unknown,,,,,,,
1300007,,unknown,,unknown,,unknown,,,,,,,
1300008,,unknown,,unknown,,unknown,,,,,,,
1300009,,unknown,,unknown,,unknown,,,,,,,
1300010,,unknown,,unknown,,unknown,,,,,,,
1300011,,unknown,,unknown,,unknown,,,,,,,
1300012,,unknown,,unknown,,unknown,,,,,,,
1300013,,unknown,,unknown,,unknown,,,,,,,
1300014,,unknown,,unknown,,unknown,,,,,,,
1300015,,unknown,,unknown,,unknown,,,,,,,
1300016,,unknown,,unknown,,unknown,,,,,,,
1300017,,unknown,,unknown,,unknown,,,,,,,
1300018,,unknown,,unknown,,unknown,,,,,,,
1300019,,unknown,,unknown,,unknown,,,,,,,
1300020,,unknown,,unknown,,unknown,,,,,,,
1300021,,unknown,,unknown,,unknown,,,,,,,
1300023,,unknown,,unknown,,unknown,,,,,,,
1300025,,unknown,,unknown,,unknown,,,,,,,
1300026,,unknown,,unknown,,unknown,,,,,,,
1300027,,unknown,,unknown,,unknown,,,,,,,
1300028,,unknown,,unknown,,unknown,,,,,,,
1300060,,unknown,,unknown,,unknown,,,,,,,
1300090,,unknown,,unknown,,unknown,,,,,,,
3610890,2024Q2,exact,2023Q4,backcast_award_minus_2q,2023Q3,from_applied_minus_1q,nanQnan,nanQnan,nanQnan,,,,
1300150,,unknown,,unknown,,unknown,,,,,,,
1300180,,unknown,,unknown,,unknown,,,,,,,
2504830,2022Q4,exact,2022Q2,backcast_award_minus_2q,2022Q1,from_applied_minus_1q,nanQnan,2024Q4,nanQnan,,,,
1300214,,unknown,,unknown,,unknown,,,,,,,
1300217,,unknown,,unknown,,unknown,,,,,,,
613470,2017Q1,exact,2016Q3,backcast_award_minus_2q,2016Q2,from_applied_minus_1q,2017Q2,2018Q2,2018Q3,1.0,4.0,1.0,6.0
1300221,,unknown,,unknown,,unknown,,,,,,,
1300222,,unknown,,unknown,,unknown,,,,,,,
1300226,,unknown,,unknown,,unknown,,,,,,,
1300227,,unknown,,unknown,,unknown,,,,,,,
1300230,,unknown,,unknown,,unknown,,,,,,,
1300232,,unknown,,unknown,,unknown,,,,,,,
1300233,,unknown,,unknown,,unknown,,,,,,,
1300234,,unknown,,unknown,,unknown,,,,,,,
1300235,,unknown,,unknown,,unknown,,,,,,,
1300236,,unknown,,unknown,,unknown,,,,,,,
1300237,,unknown,,unknown,,unknown,,,,,,,
1300238,,unknown,,unknown,,unknown,,,,,,,
1300239,,unknown,,unknown,,unknown,,,,,,,
1300240,,unknown,,unknown,,unknown,,,,,,,
1300241,,unknown,,unknown,,unknown,,,,,,,
1300242,,unknown,,unknown,,unknown,,,,,,,
1300243,,unknown,,unknown,,unknown,,,,,,,
1300244,,unknown,,unknown,,unknown,,,,,,,
1300245,,unknown,,unknown,,unknown,,,,,,,
1300246,,unknown,,unknown,,unknown,,,,,,,
1300247,,unknown,,unknown,,unknown,,,,,,,
1300248,,unknown,,unknown,,unknown,,,,,,,
1300249,,unknown,,unknown,,unknown,,,,,,,
1300250,,unknown,,unknown,,unknown,,,,,,,
1300251,,unknown,,unknown,,unknown,,,,,,,
1300252,,unknown,,unknown,,unknown,,,,,,,
1300253,,unknown,,unknown,,unknown,,,,,,,
1300254,,unknown,,unknown,,unknown,,,,,,,
1300255,,unknown,,unknown,,unknown,,,,,,,
1300256,,unknown,,unknown,,unknown,,,,,,,
1300257,,unknown,,unknown,,unknown,,,,,,,
1300258,,unknown,,unknown,,unknown,,,,,,,
1300259,,unknown,,unknown,,unknown,,,,,,,
1300261,,unknown,,unknown,,unknown,,,,,,,
1300262,,unknown,,unknown,,unknown,,,,,,,
1300263,,unknown,,unknown,,unknown,,,,,,,
1300264,,unknown,,unknown,,unknown,,,,,,,
1300265,,unknown,,unknown,,unknown,,,,,,,
1300290,,unknown,,unknown,,unknown,,,,,,,
1300330,,unknown,,unknown,,unknown,,,,,,,
1300360,,unknown,,unknown,,unknown,,,,,,,
1300390,,unknown,,unknown,,unknown,,,,,,,
613530,2023Q4,exact,2023Q2,backcast_award_minus_2q,2023Q1,from_applied_minus_1q,nanQnan,nanQnan,nanQnan,,,,
1300440,,unknown,,unknown,,unknown,,,,,,,
1300480,,unknown,,unknown,,unknown,,,,,,,
1300510,,unknown,,unknown,,unknown,,,,,,,
1300540,,unknown,,unknown,,unknown,,,,,,,
1300570,,unknown,,unknown,,unknown,,,,,,,
1300600,,unknown,,unknown,,unknown,,,,,,,
1300630,,unknown,,unknown,,unknown,,,,,,,
1300660,,unknown,,unknown,,unknown,,,,,,,
1300690,,unknown,,unknown,,unknown,,,,,,,
1300720,,unknown,,unknown,,unknown,,,,,,,
1300750,,unknown,,unknown,,unknown,,,,,,,
1300780,,unknown,,unknown,,unknown,,,,,,,
1300810,,unknown,,unknown,,unknown,,,,,,,
1300840,,unknown,,unknown,,unknown,,,,,,,
5101290,2021Q3,exact,2020Q2,program_calendar,2020Q1,from_applied_minus_1q,2022Q2,2023Q1,2023Q2,3.0,3.0,1.0,7.0
1300900,,unknown,,unknown,,unknown,,,,,,,
1300930,,unknown,,unknown,,unknown,,,,,,,
2305670,2022Q1,exact,2021Q3,backcast_award_minus_2q,2021Q2,from_applied_minus_1q,2022Q2,2023Q1,2023Q2,1.0,3.0,1.0,5.0
2711760,2021Q4,exact,2021Q2,backcast_award_minus_2q,2021Q1,from_applied_minus_1q,2022Q3,2023Q1,2023Q1,3.0,2.0,0.0,5.0
506090,2024Q2,exact,2023Q4,backcast_award_minus_2q,2023Q3,from_applied_minus_1q,nanQnan,nanQnan,nanQnan,,,,
1301080,,unknown,,unknown,,unknown,,,,,,,
1301110,,unknown,,unknown,,unknown,,,,,,,
1301140,,unknown,,unknown,,unknown,,,,,,,
1301170,,unknown,,unknown,,unknown,,,,,,,
1301200,,unknown,,unknown,,unknown,,,,,,,
2300008,2024Q2,exact,2023Q4,backcast_award_minus_2q,2023Q3,from_applied_minus_1q,nanQnan,nanQnan,nanQnan,,,,
1301260,,unknown,,unknown,,unknown,,,,,,,
1301290,,unknown,2020Q2,program_calendar,2020Q1,from_applied_minus_1q,,,,,,,
1301350,,unknown,,unknown,,unknown,,,,,,,
1301380,,unknown,,unknown,,unknown,,,,,,,
1301410,,unknown,,unknown,,unknown,,,,,,,
1301440,,unknown,,unknown,,unknown,,,,,,,
2711880,2021Q4,exact,2021Q2,backcast_award_minus_2q,2021Q1,from_applied_minus_1q,2022Q3,2023Q2,2023Q2,3.0,3.0,0.0,6.0
1301500,,unknown,,unknown,,unknown,,,,,,,
1301530,,unknown,,unknown,,unknown,,,,,,,
1301560,,unknown,,unknown,,unknown,,,,,,,
1301590,,unknown,,unknown,,unknown,,,,,,,
1301620,,unknown,,unknown,,unknown,,,,,,,
1301650,,unknown,,unknown,,unknown,,,,,,,
1301680,,unknown,,unknown,,unknown,,,,,,,
1301710,,unknown,,unknown,,unknown,,,,,,,
2912010,2023Q4,exact,2023Q2,backcast_award_minus_2q,2023Q1,from_applied_minus_1q,nanQnan,nanQnan,nanQnan,,,,
1301770,,unknown,,unknown,,unknown,,,,,,,
1301800,,unknown,,unknown,,unknown,,,,,,,
1301830,,unknown,,unknown,,unknown,,,,,,,
600037,2022Q2,exact,2021Q4,backcast_award_minus_2q,2021Q3,from_applied_minus_1q,2022Q3,nanQnan,nanQnan,1.0,,,
1301870,,unknown,,unknown,,unknown,,,,,,,
1301890,,unknown,,unknown,,unknown,,,,,,,
1301920,,unknown,,unknown,,unknown,,,,,,,
1301950,,unknown,,unknown,,unknown,,,,,,,
1301980,,unknown,,unknown,,unknown,,,,,,,
1302010,,unknown,,unknown,,unknown,,,,,,,
1302040,,unknown,,unknown,,unknown,,,,,,,
1302070,,unknown,,unknown,,unknown,,,,,,,
1302100,,unknown,,unknown,,unknown,,,,,,,
1302130,,unknown,,unknown,,unknown,,,,,,,
1302190,,unknown,,unknown,,unknown,,,,,,,
1302220,,unknown,,unknown,,unknown,,,,,,,
1302250,,unknown,,unknown,,unknown,,,,,,,
3700404,2024Q2,exact,2023Q4,backcast_award_minus_2q,2023Q3,from_applied_minus_1q,nanQnan,nanQnan,nanQnan,,,,
1302310,,unknown,,unknown,,unknown,,,,,,,
1302340,,unknown,,unknown,,unknown,,,,,,,
1302370,,unknown,,unknown,,unknown,,,,,,,
06FIRST,2022Q2,exact,2021Q4,backcast_award_minus_2q,2021Q3,from_applied_minus_1q,2022Q3,2023Q2,2023Q2,1.0,3.0,0.0,4.0
1302430,,unknown,,unknown,,unknown,,,,,,,
1302460,,unknown,,unknown,,unknown,,,,,,,
1302490,,unknown,,unknown,,unknown,,,,,,,
1302520,,unknown,,unknown,,unknown,,,,,,,
1302550,,unknown,2020Q2,program_calendar,2020Q1,from_applied_minus_1q,,,,,,,
1302580,,unknown,,unknown,,unknown,,,,,,,
1302610,,unknown,2020Q2,program_calendar,2020Q1,from_applied_minus_1q,,,,,,,
1302640,,unknown,,unknown,,unknown,,,,,,,
1302670,,unknown,,unknown,,unknown,,,,,,,
1302700,,unknown,,unknown,,unknown,,,,,,,
1302730,,unknown,,unknown,,unknown,,,,,,,
1302790,,unknown,,unknown,,unknown,,,,,,,
1302820,,unknown,,unknown,,unknown,,,,,,,
1302880,,unknown,,unknown,,unknown,,,,,,,
1302910,,unknown,,unknown,,unknown,,,,,,,
1302940,,unknown,,unknown,,unknown,,,,,,,
1302970,,unknown,,unknown,,unknown,,,,,,,
09FIRST,2021Q4,exact,2021Q2,backcast_award_minus_2q,2021Q1,from_applied_minus_1q,2022Q3,2023Q2,2023Q2,3.0,3.0,0.0,6.0
1303030,,unknown,,unknown,,unknown,,,,,,,
1303060,,unknown,,unknown,,unknown,,,,,,,
1303090,,unknown,,unknown,,unknown,,,,,,,
1303120,,unknown,,unknown,,unknown,,,,,,,
1303150,,unknown,,unknown,,unknown,,,,,,,
1303210,,unknown,,unknown,,unknown,,,,,,,
1303240,,unknown,,unknown,,unknown,,,,,,,
1303270,,unknown,,unknown,,unknown,,,,,,,
1303300,,unknown,,unknown,,unknown,,,,,,,
1303330,,unknown,,unknown,,unknown,,,,,,,
25FIRST,2022Q1,exact,2021Q3,backcast_award_minus_2q,2021Q2,from_applied_minus_1q,2022Q2,2023Q1,2023Q2,1.0,3.0,1.0,5.0
1303390,,unknown,,unknown,,unknown,,,,,,,
1303420,,unknown,,unknown,,unknown,,,,,,,
1303450,,unknown,,unknown,,unknown,,,,,,,
1303480,,unknown,,unknown,,unknown,,,,,,,
1303510,,unknown,,unknown,,unknown,,,,,,,
1303540,,unknown,,unknown,,unknown,,,,,,,
1303570,,unknown,2020Q2,program_calendar,2020Q1,from_applied_minus_1q,,,,,,,
1303600,,unknown,,unknown,,unknown,,,,,,,
44FIRST,2022Q2,exact,2021Q4,backcast_award_minus_2q,2021Q3,from_applied_minus_1q,2022Q3,2023Q2,2023Q2,1.0,3.0,0.0,4.0
1303660,,unknown,,unknown,,unknown,,,,,,,
1303690,,unknown,,unknown,,unknown,,,,,,,
1303720,,unknown,,unknown,,unknown,,,,,,,
1303750,,unknown,,unknown,,unknown,,,,,,,
1303780,,unknown,,unknown,,unknown,,,,,,,
1303840,,unknown,,unknown,,unknown,,,,,,,
1303870,,unknown,,unknown,,unknown,,,,,,,
1303930,,unknown,,unknown,,unknown,,,,,,,
1303960,,unknown,,unknown,,unknown,,,,,,,
1303990,,unknown,,unknown,,unknown,,,,,,,
1304020,,unknown,,unknown,,unknown,,,,,,,
2504890,2024Q2,exact,2023Q4,backcast_award_minus_2q,2023Q3,from_applied_minus_1q,nanQnan,nanQnan,nanQnan,,,,
1304080,,unknown,,unknown,,unknown,,,,,,,
1304110,,unknown,,unknown,,unknown,,,,,,,
1304140,,unknown,,unknown,,unknown,,,,,,,
1304170,,unknown,,unknown,,unknown,,,,,,,
1304200,,unknown,,unknown,,unknown,,,,,,,
1304220,,unknown,,unknown,,unknown,,,,,,,
1304260,,unknown,,unknown,,unknown,,,,,,,
1304290,,unknown,,unknown,,unknown,,,,,,,
1304320,,unknown,,unknown,,unknown,,,,,,,
1304350,,unknown,,unknown,,unknown,,,,,,,
402860,2023Q4,exact,2020Q2,program_calendar,2020Q1,from_applied_minus_1q,nanQnan,nanQnan,nanQnan,,,,
1304410,,unknown,,unknown,,unknown,,,,,,,
1304440,,unknown,,unknown,,unknown,,,,,,,
1304470,,unknown,,unknown,,unknown,,,,,,,
1304500,,unknown,,unknown,,unknown,,,,,,,
1304530,,unknown,,unknown,,unknown,,,,,,,
1304540,,unknown,,unknown,,unknown,,,,,,,
1304560,,unknown,2021Q2,program_calendar,2021Q1,from_applied_minus_1q,,,,,,,
1304590,,unknown,,unknown,,unknown,,,,,,,
1304620,,unknown,,unknown,,unknown,,,,,,,
1304650,,unknown,,unknown,,unknown,,,,,,,
1304680,,unknown,,unknown,,unknown,,,,,,,
1304770,,unknown,,unknown,,unknown,,,,,,,
1304800,,unknown,,unknown,,unknown,,,,,,,
1304830,,unknown,,unknown,,unknown,,,,,,,
1304860,,unknown,,unknown,,unknown,,,,,,,
1304890,,unknown,,unknown,,unknown,,,,,,,
1304950,,unknown,,unknown,,unknown,,,,,,,
2101920,2022Q4,exact,2021Q2,program_calendar,2021Q1,from_applied_minus_1q,nanQnan,2023Q4,2023Q4,,,0.0,4.0
1305040,,unknown,,unknown,,unknown,,,,,,,
1305070,,unknown,,unknown,,unknown,,,,,,,
1305100,,unknown,,unknown,,unknown,,,,,,,
1305130,,unknown,,unknown,,unknown,,,,,,,
1305190,,unknown,,unknown,,unknown,,,,,,,
1305220,,unknown,,unknown,,unknown,,,,,,,
2614520,2023Q4,exact,2023Q2,backcast_award_minus_2q,2023Q1,from_applied_minus_1q,nanQnan,nanQnan,nanQnan,,,,
1305280,,unknown,,unknown,,unknown,,,,,,,
1305310,,unknown,,unknown,,unknown,,,,,,,
1305340,,unknown,,unknown,,unknown,,,,,,,
1305370,,unknown,,unknown,,unknown,,,,,,,
1305390,,unknown,,unknown,,unknown,,,,,,,
1305430,,unknown,,unknown,,unknown,,,,,,,
1305460,,unknown,,unknown,,unknown,,,,,,,
1305490,,unknown,,unknown,,unknown,,,,,,,
1305550,,unknown,,unknown,,unknown,,,,,,,
1305580,,unknown,,unknown,,unknown,,,,,,,
1305640,,unknown,,unknown,,unknown,,,,,,,
1305670,,unknown,,unknown,,unknown,,,,,,,
1305700,,unknown,,unknown,,unknown,,,,,,,
1305730,,unknown,,unknown,,unknown,,,,,,,
3011100,2023Q4,exact,2023Q2,backcast_award_minus_2q,2023Q1,from_applied_minus_1q,nanQnan,nanQnan,nanQnan,,,,
1305790,,unknown,2020Q2,program_calendar,2020Q1,from_applied_minus_1q,,,,,,,
1305850,,unknown,,unknown,,unknown,,,,,,,
1305851,,unknown,,unknown,,unknown,,,,,,,
1305852,,unknown,,unknown,,unknown,,,,,,,
1305853,,unknown,,unknown,,unknown,,,,,,,
403010,2023Q4,exact,2023Q2,backcast_award_minus_2q,2023Q1,from_applied_minus_1q,nanQnan,nanQnan,nanQnan,,,,
1600001,,unknown,,unknown,,unknown,,,,,,,
1600002,,unknown,,unknown,,unknown,,,,,,,
1600003,,unknown,,unknown,,unknown,,,,,,,
1600004,,unknown,,unknown,,unknown,,,,,,,
1600005,,unknown,,unknown,,unknown,,,,,,,
1600006,,unknown,,unknown,,unknown,,,,,,,
1600007,,unknown,,unknown,,unknown,,,,,,,
1600008,,unknown,,unknown,,unknown,,,,,,,
1600009,,unknown,,unknown,,unknown,,,,,,,
1600010,,unknown,,unknown,,unknown,,,,,,,
1600011,,unknown,,unknown,,unknown,,,,,,,
1600012,,unknown,,unknown,,unknown,,,,,,,
1600014,,unknown,,unknown,,unknown,,,,,,,
1600015,,unknown,,unknown,,unknown,,,,,,,
1600016,,unknown,,unknown,,unknown,,,,,,,
1600017,,unknown,,unknown,,unknown,,,,,,,
1600030,,unknown,,unknown,,unknown,,,,,,,
1600060,,unknown,,unknown,,unknown,,,,,,,
1600090,,unknown,,unknown,,unknown,,,,,,,
1600138,,unknown,,unknown,,unknown,,,,,,,
1600139,,unknown,,unknown,,unknown,,,,,,,
1600140,,unknown,,unknown,,unknown,,,,,,,
1600141,,unknown,,unknown,,unknown,,,,,,,
1600142,,unknown,,unknown,,unknown,,,,,,,
1600143,,unknown,,unknown,,unknown,,,,,,,
1600144,,unknown,,unknown,,unknown,,,,,,,
1600145,,unknown,,unknown,,unknown,,,,,,,
1600148,,unknown,,unknown,,unknown,,,,,,,
1600149,,unknown,,unknown,,unknown,,,,,,,
1600150,,unknown,,unknown,,unknown,,,,,,,
1600151,,unknown,,unknown,,unknown,,,,,,,
1600152,,unknown,,unknown,,unknown,,,,,,,
1600153,,unknown,,unknown,,unknown,,,,,,,
1600154,,unknown,,unknown,,unknown,,,,,,,
1600156,,unknown,,unknown,,unknown,,,,,,,
1600157,,unknown,,unknown,,unknown,,,,,,,
1600158,,unknown,,unknown,,unknown,,,,,,,
1600159,,unknown,,unknown,,unknown,,,,,,,
1600160,,unknown,,unknown,,unknown,,,,,,,
1600161,,unknown,,unknown,,unknown,,,,,,,
1600162,,unknown,,unknown,,unknown,,,,,,,
1600163,,unknown,,unknown,,unknown,,,,,,,
1600165,,unknown,,unknown,,unknown,,,,,,,
1600166,,unknown,,unknown,,unknown,,,,,,,
1600167,,unknown,,unknown,,unknown,,,,,,,
1600169,,unknown,,unknown,,unknown,,,,,,,
1600170,,unknown,,unknown,,unknown,,,,,,,
1600171,,unknown,,unknown,,unknown,,,,,,,
1600172,,unknown,,unknown,,unknown,,,,,,,
1600173,,unknown,,unknown,,unknown,,,,,,,
1600174,,unknown,,unknown,,unknown,,,,,,,
1600175,,unknown,,unknown,,unknown,,,,,,,
1600176,,unknown,,unknown,,unknown,,,,,,,
1600177,,unknown,,unknown,,unknown,,,,,,,
1600178,,unknown,,unknown,,unknown,,,,,,,
1600179,,unknown,,unknown,,unknown,,,,,,,
1600180,,unknown,,unknown,,unknown,,,,,,,
1600181,,unknown,,unknown,,unknown,,,,,,,
1600182,,unknown,,unknown,,unknown,,,,,,,
1600183,,unknown,,unknown,,unknown,,,,,,,
1600184,,unknown,,unknown,,unknown,,,,,,,
1600186,,unknown,,unknown,,unknown,,,,,,,
1600187,,unknown,,unknown,,unknown,,,,,,,
1600188,,unknown,,unknown,,unknown,,,,,,,
1600189,,unknown,,unknown,,unknown,,,,,,,
1600190,,unknown,,unknown,,unknown,,,,,,,
1600191,,unknown,,unknown,,unknown,,,,,,,
1600192,,unknown,,unknown,,unknown,,,,,,,
1600193,,unknown,,unknown,,unknown,,,,,,,
1600194,,unknown,,unknown,,unknown,,,,,,,
1600195,,unknown,,unknown,,unknown,,,,,,,
1600196,,unknown,,unknown,,unknown,,,,,,,
1600197,,unknown,,unknown,,unknown,,,,,,,
1600198,,unknown,,unknown,,unknown,,,,,,,
1600199,,unknown,,unknown,,unknown,,,,,,,
1600200,,unknown,,unknown,,unknown,,,,,,,
1600201,,unknown,,unknown,,unknown,,,,,,,
1600202,,unknown,,unknown,,unknown,,,,,,,
1600203,,unknown,,unknown,,unknown,,,,,,,
1600204,,unknown,,unknown,,unknown,,,,,,,
1600205,,unknown,,unknown,,unknown,,,,,,,
1600240,,unknown,,unknown,,unknown,,,,,,,
1600270,,unknown,,unknown,,unknown,,,,,,,
1600300,,unknown,,unknown,,unknown,,,,,,,
1600330,,unknown,,unknown,,unknown,,,,,,,
5101350,2022Q4,exact,2022Q2,backcast_award_minus_2q,2022Q1,from_applied_minus_1q,2022Q4,2023Q3,2023Q3,0.0,3.0,0.0,3.0
1600420,,unknown,,unknown,,unknown,,,,,,,
1600450,,unknown,,unknown,,unknown,,,,,,,
1600480,,unknown,,unknown,,unknown,,,,,,,
1600490,,unknown,,unknown,,unknown,,,,,,,
1600510,,unknown,,unknown,,unknown,,,,,,,
1600540,,unknown,,unknown,,unknown,,,,,,,
1600570,,unknown,,unknown,,unknown,,,,,,,
1600600,,unknown,,unknown,,unknown,,,,,,,
1600630,,unknown,,unknown,,unknown,,,,,,,
1600660,,unknown,,unknown,,unknown,,,,,,,
1600690,,unknown,,unknown,,unknown,,,,,,,
1600720,,unknown,,unknown,,unknown,,,,,,,
1600750,,unknown,,unknown,,unknown,,,,,,,
1600780,,unknown,,unknown,,unknown,,,,,,,
1600810,,unknown,,unknown,,unknown,,,,,,,
1600815,,unknown,,unknown,,unknown,,,,,,,
1600840,,unknown,,unknown,,unknown,,,,,,,
1600870,,unknown,,unknown,,unknown,,,,,,,
1600900,,unknown,,unknown,,unknown,,,,,,,
1600930,,unknown,,unknown,,unknown,,,,,,,
1600960,,unknown,2021Q2,program_calendar,2021Q1,from_applied_minus_1q,,,,,,,
1601020,,unknown,,unknown,,unknown,,,,,,,
1601050,,unknown,,unknown,,unknown,,,,,,,
1601080,,unknown,,unknown,,unknown,,,,,,,
1601110,,unknown,,unknown,,unknown,,,,,,,
1601140,,unknown,,unknown,,unknown,,,,,,,
1601170,,unknown,,unknown,,unknown,,,,,,,
613890,2022Q1,exact,2021Q3,backcast_award_minus_2q,2021Q2,from_applied_minus_1q,2022Q2,2023Q1,2023Q2,1.0,3.0,1.0,5.0
1601230,,unknown,,unknown,,unknown,,,,,,,
1601260,,unknown,,unknown,,unknown,,,,,,,
1601290,,unknown,,unknown,,unknown,,,,,,,
1601380,,unknown,,unknown,,unknown,,,,,,,
1601410,,unknown,,unknown,,unknown,,,,,,,
1601440,,unknown,,unknown,,unknown,,,,,,,
1601470,,unknown,,unknown,,unknown,,,,,,,
613920,2017Q2,exact,2016Q4,backcast_award_minus_2q,2016Q3,from_applied_minus_1q,2017Q3,2019Q2,2019Q3,1.0,7.0,1.0,9.0
1601530,,unknown,,unknown,,unknown,,,,,,,
1601570,,unknown,,unknown,,unknown,,,,,,,
1601590,,unknown,,unknown,,unknown,,,,,,,
1601620,,unknown,,unknown,,unknown,,,,,,,
1601650,,unknown,,unknown,,unknown,,,,,,,
1601680,,unknown,,unknown,,unknown,,,,,,,
1601710,,unknown,,unknown,,unknown,,,,,,,
1601740,,unknown,,unknown,,unknown,,,,,,,
1601770,,unknown,,unknown,,unknown,,,,,,,
1601800,,unknown,,unknown,,unknown,,,,,,,
1601830,,unknown,,unknown,,unknown,,,,,,,
1601860,,unknown,,unknown,,unknown,,,,,,,
1601900,,unknown,,unknown,,unknown,,,,,,,
1601920,,unknown,,unknown,,unknown,,,,,,,
1601950,,unknown,,unknown,,unknown,,,,,,,
1601980,,unknown,,unknown,,unknown,,,,,,,
1715450,2024Q2,exact,2023Q4,backcast_award_minus_2q,2023Q3,from_applied_minus_1q,nanQnan,nanQnan,nanQnan,,,,
1602060,,unknown,,unknown,,unknown,,,,,,,
1602070,,unknown,,unknown,,unknown,,,,,,,
1602100,,unknown,,unknown,,unknown,,,,,,,
1602130,,unknown,,unknown,,unknown,,,,,,,
1602160,,unknown,,unknown,,unknown,,,,,,,
1602190,,unknown,,unknown,,unknown,,,,,,,
1602220,,unknown,,unknown,,unknown,,,,,,,
1602250,,unknown,,unknown,,unknown,,,,,,,
1602280,,unknown,,unknown,,unknown,,,,,,,
1602310,,unknown,,unknown,,unknown,,,,,,,
1602340,,unknown,,unknown,,unknown,,,,,,,
1602370,,unknown,,unknown,,unknown,,,,,,,
1602400,,unknown,,unknown,,unknown,,,,,,,
1602430,,unknown,,unknown,,unknown,,,,,,,
1602460,,unknown,,unknown,,unknown,,,,,,,
1602490,,unknown,,unknown,,unknown,,,,,,,
1602520,,unknown,2020Q2,program_calendar,2020Q1,from_applied_minus_1q,,,,,,,
1602550,,unknown,,unknown,,unknown,,,,,,,
1602580,,unknown,,unknown,,unknown,,,,,,,
1602610,,unknown,,unknown,,unknown,,,,,,,
1602640,,unknown,,unknown,,unknown,,,,,,,
1602670,,unknown,,unknown,,unknown,,,,,,,
1602700,,unknown,,unknown,,unknown,,,,,,,
1602730,,unknown,,unknown,,unknown,,,,,,,
1602760,,unknown,,unknown,,unknown,,,,,,,
1602790,,unknown,,unknown,,unknown,,,,,,,
1602820,,unknown,,unknown,,unknown,,,,,,,
1602850,,unknown,,unknown,,unknown,,,,,,,
1602910,,unknown,,unknown,,unknown,,,,,,,
1602940,,unknown,,unknown,,unknown,,,,,,,
1602970,,unknown,,unknown,,unknown,,,,,,,
1603000,,unknown,,unknown,,unknown,,,,,,,
1603030,,unknown,,unknown,,unknown,,,,,,,
1603060,,unknown,,unknown,,unknown,,,,,,,
1603090,,unknown,,unknown,,unknown,,,,,,,
1603120,,unknown,,unknown,,unknown,,,,,,,
1603180,,unknown,,unknown,,unknown,,,,,,,
1603210,,unknown,,unknown,,unknown,,,,,,,
1603240,,unknown,,unknown,,unknown,,,,,,,
1603270,,unknown,,unknown,,unknown,,,,,,,
1603300,,unknown,,unknown,,unknown,,,,,,,
1603330,,unknown,,unknown,,unknown,,,,,,,
1603360,,unknown,,unknown,,unknown,,,,,,,
1603400,,unknown,,unknown,,unknown,,,,,,,
1603420,,unknown,,unknown,,unknown,,,,,,,
1603480,,unknown,,unknown,,unknown,,,,,,,
1603511,,unknown,,unknown,,unknown,,,,,,,
1603512,,unknown,,unknown,,unknown,,,,,,,
1603513,,unknown,,unknown,,unknown,,,,,,,
1603514,,unknown,,unknown,,unknown,,,,,,,
1603515,,unknown,,unknown,,unknown,,,,,,,
1700001,,unknown,,unknown,,unknown,,,,,,,
1700002,,unknown,,unknown,,unknown,,,,,,,
1700003,,unknown,,unknown,,unknown,,,,,,,
1700004,,unknown,,unknown,,unknown,,,,,,,
1700005,,unknown,,unknown,,unknown,,,,,,,
1700006,,unknown,,unknown,,unknown,,,,,,,
1700007,,unknown,,unknown,,unknown,,,,,,,
1700009,,unknown,,unknown,,unknown,,,,,,,
1700010,,unknown,,unknown,,unknown,,,,,,,
1700014,,unknown,,unknown,,unknown,,,,,,,
1700015,,unknown,,unknown,,unknown,,,,,,,
1700023,,unknown,,unknown,,unknown,,,,,,,
1700024,,unknown,,unknown,,unknown,,,,,,,
1700029,,unknown,,unknown,,unknown,,,,,,,
1700030,,unknown,,unknown,,unknown,,,,,,,
1700031,,unknown,,unknown,,unknown,,,,,,,
1700032,,unknown,,unknown,,unknown,,,,,,,
1700039,,unknown,,unknown,,unknown,,,,,,,
1700041,,unknown,,unknown,,unknown,,,,,,,
1700044,,unknown,,unknown,,unknown,,,,,,,
1700045,,unknown,,unknown,,unknown,,,,,,,
1700048,,unknown,,unknown,,unknown,,,,,,,
1700051,,unknown,,unknown,,unknown,,,,,,,
1700052,,unknown,,unknown,,unknown,,,,,,,
1700054,,unknown,,unknown,,unknown,,,,,,,
1700056,,unknown,,unknown,,unknown,,,,,,,
1700059,,unknown,,unknown,,unknown,,,,,,,
1700065,,unknown,,unknown,,unknown,,,,,,,
1700069,,unknown,,unknown,,unknown,,,,,,,
1700074,,unknown,,unknown,,unknown,,,,,,,
1700077,,unknown,,unknown,,unknown,,,,,,,
1700080,,unknown,,unknown,,unknown,,,,,,,
1700081,,unknown,,unknown,,unknown,,,,,,,
1700084,,unknown,,unknown,,unknown,,,,,,,
1700091,,unknown,,unknown,,unknown,,,,,,,
1700092,,unknown,,unknown,,unknown,,,,,,,
1700097,,unknown,,unknown,,unknown,,,,,,,
1700098,,unknown,,unknown,,unknown,,,,,,,
1700099,,unknown,,unknown,,unknown,,,,,,,
1700100,,unknown,,unknown,,unknown,,,,,,,
1700101,,unknown,,unknown,,unknown,,,,,,,
1700102,,unknown,,unknown,,unknown,,,,,,,
1700103,,unknown,,unknown,,unknown,,,,,,,
2801510,2021Q1,exact,2020Q3,backcast_award_minus_2q,2020Q2,from_applied_minus_1q,2021Q4,2022Q4,2022Q4,3.0,4.0,0.0,7.0
1700106,,unknown,,unknown,,unknown,,,,,,,
1700109,,unknown,,unknown,,unknown,,,,,,,
1700110,,unknown,,unknown,,unknown,,,,,,,
1700112,,unknown,,unknown,,unknown,,,,,,,
1700113,,unknown,,unknown,,unknown,,,,,,,
1700114,,unknown,,unknown,,unknown,,,,,,,
1700115,,unknown,,unknown,,unknown,,,,,,,
1700116,,unknown,,unknown,,unknown,,,,,,,
1700118,,unknown,,unknown,,unknown,,,,,,,
1700119,,unknown,,unknown,,unknown,,,,,,,
1700120,,unknown,,unknown,,unknown,,,,,,,
1700122,,unknown,,unknown,,unknown,,,,,,,
1700123,,unknown,,unknown,,unknown,,,,,,,
614070,2021Q1,exact,2020Q3,backcast_award_minus_2q,2020Q2,from_applied_minus_1q,2021Q4,2023Q1,2023Q2,3.0,5.0,1.0,9.0
1700126,,unknown,,unknown,,unknown,,,,,,,
1700147,,unknown,,unknown,,unknown,,,,,,,
1700152,,unknown,,unknown,,unknown,,,,,,,
1700153,,unknown,,unknown,,unknown,,,,,,,
1700162,,unknown,,unknown,,unknown,,,,,,,
1700164,,unknown,,unknown,,unknown,,,,,,,
1700165,,unknown,,unknown,,unknown,,,,,,,
1700166,,unknown,,unknown,,unknown,,,,,,,
1700168,,unknown,,unknown,,unknown,,,,,,,
1700169,,unknown,,unknown,,unknown,,,,,,,
1700170,,unknown,,unknown,,unknown,,,,,,,
1700171,,unknown,,unknown,,unknown,,,,,,,
1700173,,unknown,,unknown,,unknown,,,,,,,
1700174,,unknown,,unknown,,unknown,,,,,,,
1700175,,unknown,,unknown,,unknown,,,,,,,
1700176,,unknown,,unknown,,unknown,,,,,,,
1700177,,unknown,,unknown,,unknown,,,,,,,
1700178,,unknown,,unknown,,unknown,,,,,,,
1700179,,unknown,,unknown,,unknown,,,,,,,
1700180,,unknown,,unknown,,unknown,,,,,,,
1700182,,unknown,,unknown,,unknown,,,,,,,
1700184,,unknown,,unknown,,unknown,,,,,,,
1700186,,unknown,,unknown,,unknown,,,,,,,
1700188,,unknown,,unknown,,unknown,,,,,,,
1700189,,unknown,,unknown,,unknown,,,,,,,
1700190,,unknown,,unknown,,unknown,,,,,,,
1700191,,unknown,,unknown,,unknown,,,,,,,
1700192,,unknown,,unknown,,unknown,,,,,,,
1700193,,unknown,,unknown,,unknown,,,,,,,
1700194,,unknown,,unknown,,unknown,,,,,,,
1700195,,unknown,,unknown,,unknown,,,,,,,
1700197,,unknown,,unknown,,unknown,,,,,,,
1700198,,unknown,,unknown,,unknown,,,,,,,
1700200,,unknown,,unknown,,unknown,,,,,,,
1700201,,unknown,,unknown,,unknown,,,,,,,
1700202,,unknown,,unknown,,unknown,,,,,,,
1700203,,unknown,,unknown,,unknown,,,,,,,
1700204,,unknown,,unknown,,unknown,,,,,,,
1700206,,unknown,,unknown,,unknown,,,,,,,
1700207,,unknown,,unknown,,unknown,,,,,,,
1700208,,unknown,,unknown,,unknown,,,,,,,
1700209,,unknown,,unknown,,unknown,,,,,,,
1700211,,unknown,,unknown,,unknown,,,,,,,
1700213,,unknown,,unknown,,unknown,,,,,,,
1700217,,unknown,,unknown,,unknown,,,,,,,
1700218,,unknown,,unknown,,unknown,,,,,,,
1700220,,unknown,,unknown,,unknown,,,,,,,
1700221,,unknown,,unknown,,unknown,,,,,,,
1700222,,unknown,,unknown,,unknown,,,,,,,
1700223,,unknown,,unknown,,unknown,,,,,,,
1700225,,unknown,,unknown,,unknown,,,,,,,
1700227,,unknown,,unknown,,unknown,,,,,,,
1700228,,unknown,,unknown,,unknown,,,,,,,
1700229,,unknown,,unknown,,unknown,,,,,,,
1700231,,unknown,,unknown,,unknown,,,,,,,
1700233,,unknown,,unknown,,unknown,,,,,,,
1700234,,unknown,,unknown,,unknown,,,,,,,
1700235,,unknown,,unknown,,unknown,,,,,,,
1700236,,unknown,,unknown,,unknown,,,,,,,
1700238,,unknown,,unknown,,unknown,,,,,,,
1700239,,unknown,,unknown,,unknown,,,,,,,
1700242,,unknown,,unknown,,unknown,,,,,,,
1700243,,unknown,,unknown,,unknown,,,,,,,
1700244,,unknown,,unknown,,unknown,,,,,,,
1700245,,unknown,,unknown,,unknown,,,,,,,
1700246,,unknown,,unknown,,unknown,,,,,,,
1700248,,unknown,,unknown,,unknown,,,,,,,
1700249,,unknown,,unknown,,unknown,,,,,,,
1700250,,unknown,,unknown,,unknown,,,,,,,
1700252,,unknown,,unknown,,unknown,,,,,,,
1700255,,unknown,,unknown,,unknown,,,,,,,
1700258,,unknown,,unknown,,unknown,,,,,,,
1700261,,unknown,,unknown,,unknown,,,,,,,
1700262,,unknown,,unknown,,unknown,,,,,,,
1700263,,unknown,,unknown,,unknown,,,,,,,
1700264,,unknown,,unknown,,unknown,,,,,,,
1700265,,unknown,,unknown,,unknown,,,,,,,
1700266,,unknown,,unknown,,unknown,,,,,,,
1700270,,unknown,,unknown,,unknown,,,,,,,
1700271,,unknown,,unknown,,unknown,,,,,,,
1700272,,unknown,,unknown,,unknown,,,,,,,
1700273,,unknown,,unknown,,unknown,,,,,,,
1700274,,unknown,,unknown,,unknown,,,,,,,
1700276,,unknown,,unknown,,unknown,,,,,,,
1700277,,unknown,,unknown,,unknown,,,,,,,
1700278,,unknown,,unknown,,unknown,,,,,,,
1700279,,unknown,,unknown,,unknown,,,,,,,
1700281,,unknown,,unknown,,unknown,,,,,,,
1700283,,unknown,,unknown,,unknown,,,,,,,
1700284,,unknown,,unknown,,unknown,,,,,,,
1700285,,unknown,,unknown,,unknown,,,,,,,
1700286,,unknown,,unknown,,unknown,,,,,,,
1700288,,unknown,,unknown,,unknown,,,,,,,
1700289,,unknown,,unknown,,unknown,,,,,,,
1700292,,unknown,,unknown,,unknown,,,,,,,
1700293,,unknown,,unknown,,unknown,,,,,,,
1700294,,unknown,,unknown,,unknown,,,,,,,
1700295,,unknown,,unknown,,unknown,,,,,,,
1700297,,unknown,,unknown,,unknown,,,,,,,
1700298,,unknown,,unknown,,unknown,,,,,,,
1700299,,unknown,,unknown,,unknown,,,,,,,
1700304,,unknown,,unknown,,unknown,,,,,,,
1700306,,unknown,,unknown,,unknown,,,,,,,
1700308,,unknown,,unknown,,unknown,,,,,,,
1700309,,unknown,,unknown,,unknown,,,,,,,
1700310,,unknown,,unknown,,unknown,,,,,,,
1700311,,unknown,,unknown,,unknown,,,,,,,
1700312,,unknown,,unknown,,unknown,,,,,,,
1700313,,unknown,,unknown,,unknown,,,,,,,
1700314,,unknown,,unknown,,unknown,,,,,,,
1700317,,unknown,,unknown,,unknown,,,,,,,
1700319,,unknown,,unknown,,unknown,,,,,,,
1700320,,unknown,,unknown,,unknown,,,,,,,
1700321,,unknown,,unknown,,unknown,,,,,,,
1700322,,unknown,,unknown,,unknown,,,,,,,
1700323,,unknown,,unknown,,unknown,,,,,,,
1700324,,unknown,,unknown,,unknown,,,,,,,
1700325,,unknown,,unknown,,unknown,,,,,,,
1700326,,unknown,,unknown,,unknown,,,,,,,
1700327,,unknown,,unknown,,unknown,,,,,,,
1700329,,unknown,,unknown,,unknown,,,,,,,
101560,2019Q1,exact,2018Q3,backcast_award_minus_2q,2018Q2,from_applied_minus_1q,2019Q4,2020Q3,2020Q4,3.0,3.0,1.0,7.0
1700332,,unknown,,unknown,,unknown,,,,,,,
1700333,,unknown,,unknown,,unknown,,,,,,,
1701381,,unknown,,unknown,,unknown,,,,,,,
1701382,,unknown,,unknown,,unknown,,,,,,,
1701384,,unknown,,unknown,,unknown,,,,,,,
1701385,,unknown,,unknown,,unknown,,,,,,,
1701387,,unknown,,unknown,,unknown,,,,,,,
1701388,,unknown,,unknown,,unknown,,,,,,,
1701390,,unknown,,unknown,,unknown,,,,,,,
1701391,,unknown,,unknown,,unknown,,,,,,,
1701392,,unknown,,unknown,,unknown,,,,,,,
1701393,,unknown,,unknown,,unknown,,,,,,,
1701394,,unknown,,unknown,,unknown,,,,,,,
1701395,,unknown,,unknown,,unknown,,,,,,,
1701396,,unknown,,unknown,,unknown,,,,,,,
1701397,,unknown,,unknown,,unknown,,,,,,,
1701400,,unknown,,unknown,,unknown,,,,,,,
1701403,,unknown,,unknown,,unknown,,,,,,,
1701404,,unknown,,unknown,,unknown,,,,,,,
1701408,,unknown,,unknown,,unknown,,,,,,,
1701409,,unknown,,unknown,,unknown,,,,,,,
1701410,,unknown,,unknown,,unknown,,,,,,,
1701411,,unknown,,unknown,,unknown,,,,,,,
1701412,,unknown,,unknown,,unknown,,,,,,,
1701413,,unknown,,unknown,,unknown,,,,,,,
1701414,,unknown,,unknown,,unknown,,,,,,,
1701415,,unknown,,unknown,,unknown,,,,,,,
1701416,,unknown,,unknown,,unknown,,,,,,,
1701417,,unknown,,unknown,,unknown,,,,,,,
1701418,,unknown,,unknown,,unknown,,,,,,,
1701419,,unknown,2020Q2,program_calendar,2020Q1,from_applied_minus_1q,,,,,,,
1701420,,unknown,,unknown,,unknown,,,,,,,
1701421,,unknown,,unknown,,unknown,,,,,,,
1701422,,unknown,2020Q2,program_calendar,2020Q1,from_applied_minus_1q,,,,,,,
1701423,,unknown,,unknown,,unknown,,,,,,,
1701424,,unknown,,unknown,,unknown,,,,,,,
1701425,,unknown,,unknown,,unknown,,,,,,,
1701426,,unknown,,unknown,,unknown,,,,,,,
1701428,,unknown,,unknown,,unknown,,,,,,,
1701429,,unknown,,unknown,,unknown,,,,,,,
1701430,,unknown,,unknown,,unknown,,,,,,,
1701431,,unknown,,unknown,,unknown,,,,,,,
1701432,,unknown,,unknown,,unknown,,,,,,,
1701433,,unknown,,unknown,,unknown,,,,,,,
1701434,,unknown,,unknown,,unknown,,,,,,,
1701435,,unknown,,unknown,,unknown,,,,,,,
1701436,,unknown,,unknown,,unknown,,,,,,,
1701437,,unknown,,unknown,,unknown,,,,,,,
1701438,,unknown,,unknown,,unknown,,,,,,,
1701439,,unknown,,unknown,,unknown,,,,,,,
1701441,,unknown,,unknown,,unknown,,,,,,,
1701442,,unknown,,unknown,,unknown,,,,,,,
1703150,,unknown,,unknown,,unknown,,,,,,,
1703210,,unknown,,unknown,,unknown,,,,,,,
1703270,,unknown,,unknown,,unknown,,,,,,,
1703300,,unknown,,unknown,,unknown,,,,,,,
1703420,,unknown,,unknown,,unknown,,,,,,,
1703450,,unknown,,unknown,,unknown,,,,,,,
1703480,,unknown,,unknown,,unknown,,,,,,,
1703510,,unknown,,unknown,,unknown,,,,,,,
1703600,,unknown,,unknown,,unknown,,,,,,,
1703660,,unknown,,unknown,,unknown,,,,,,,
4819700,2023Q4,exact,2023Q2,backcast_award_minus_2q,2023Q1,from_applied_minus_1q,nanQnan,nanQnan,nanQnan,,,,
1703750,,unknown,,unknown,,unknown,,,,,,,
1703780,,unknown,,unknown,,unknown,,,,,,,
1703810,,unknown,,unknown,,unknown,,,,,,,
1703840,,unknown,,unknown,,unknown,,,,,,,
1703870,,unknown,,unknown,,unknown,,,,,,,
1703900,,unknown,,unknown,,unknown,,,,,,,
1703930,,unknown,,unknown,,unknown,,,,,,,
1703960,,unknown,,unknown,,unknown,,,,,,,
1703990,,unknown,,unknown,,unknown,,,,,,,
1704020,,unknown,,unknown,,unknown,,,,,,,
1704050,,unknown,,unknown,,unknown,,,,,,,
1704140,,unknown,,unknown,,unknown,,,,,,,
804080,2021Q1,exact,2020Q3,backcast_award_minus_2q,2020Q2,from_applied_minus_1q,2021Q4,2022Q4,2023Q1,3.0,4.0,1.0,8.0
1704200,,unknown,,unknown,,unknown,,,,,,,
1704230,,unknown,,unknown,,unknown,,,,,,,
1704260,,unknown,,unknown,,unknown,,,,,,,
1704340,,unknown,,unknown,,unknown,,,,,,,
1704380,,unknown,,unknown,,unknown,,,,,,,
1704440,,unknown,,unknown,,unknown,,,,,,,
1704470,,unknown,,unknown,,unknown,,,,,,,
1704560,,unknown,,unknown,,unknown,,,,,,,
1704620,,unknown,,unknown,,unknown,,,,,,,
1704680,,unknown,,unknown,,unknown,,,,,,,
614250,2018Q1,exact,2017Q3,backcast_award_minus_2q,2017Q2,from_applied_minus_1q,2018Q2,2019Q2,2019Q2,1.0,4.0,0.0,5.0
1704740,,unknown,,unknown,,unknown,,,,,,,
1704770,,unknown,,unknown,,unknown,,,,,,,
1704800,,unknown,,unknown,,unknown,,,,,,,
1704920,,unknown,,unknown,,unknown,,,,,,,
1704950,,unknown,,unknown,,unknown,,,,,,,
5101410,2022Q4,exact,2022Q2,backcast_award_minus_2q,2022Q1,from_applied_minus_1q,2023Q2,2023Q4,2023Q4,2.0,2.0,0.0,4.0
1705160,,unknown,,unknown,,unknown,,,,,,,
1705190,,unknown,,unknown,,unknown,,,,,,,
1705220,,unknown,,unknown,,unknown,,,,,,,
1705310,,unknown,,unknown,,unknown,,,,,,,
1705430,,unknown,,unknown,,unknown,,,,,,,
1705460,,unknown,,unknown,,unknown,,,,,,,
1705466,,unknown,,unknown,,unknown,,,,,,,
1705570,,unknown,,unknown,,unknown,,,,,,,
1705580,,unknown,,unknown,,unknown,,,,,,,
1705610,,unknown,,unknown,,unknown,,,,,,,
1705640,,unknown,,unknown,,unknown,,,,,,,
1705760,,unknown,,unknown,,unknown,,,,,,,
1705790,,unknown,,unknown,,unknown,,,,,,,
1705820,,unknown,,unknown,,unknown,,,,,,,
1705880,,unknown,,unknown,,unknown,,,,,,,
1705910,,unknown,,unknown,,unknown,,,,,,,
1705950,,unknown,,unknown,,unknown,,,,,,,
1705970,,unknown,,unknown,,unknown,,,,,,,
1706000,,unknown,,unknown,,unknown,,,,,,,
1706060,,unknown,,unknown,,unknown,,,,,,,
1706090,,unknown,,unknown,,unknown,,,,,,,
1706120,,unknown,,unknown,,unknown,,,,,,,
1706180,,unknown,,unknown,,unknown,,,,,,,
1706270,,unknown,,unknown,,unknown,,,,,,,
1706390,,unknown,,unknown,,unknown,,,,,,,
5302940,2018Q1,exact,2017Q3,backcast_award_minus_2q,2017Q2,from_applied_minus_1q,2018Q2,2019Q2,2019Q3,1.0,4.0,1.0,6.0
1706450,,unknown,,unknown,,unknown,,,,,,,
1706480,,unknown,,unknown,,unknown,,,,,,,
1706510,,unknown,,unknown,,unknown,,,,,,,
1706540,,unknown,,unknown,,unknown,,,,,,,
1706600,,unknown,,unknown,,unknown,,,,,,,
1706750,,unknown,,unknown,,unknown,,,,,,,
1706840,,unknown,,unknown,,unknown,,,,,,,
1706880,,unknown,,unknown,,unknown,,,,,,,
1706930,,unknown,,unknown,,unknown,,,,,,,
1706960,,unknown,,unknown,,unknown,,,,,,,
1707010,,unknown,,unknown,,unknown,,,,,,,
1707050,,unknown,,unknown,,unknown,,,,,,,
614370,2018Q1,exact,2017Q3,backcast_award_minus_2q,2017Q2,from_applied_minus_1q,2018Q2,2020Q1,2020Q2,1.0,7.0,1.0,9.0
1707200,,unknown,,unknown,,unknown,,,,,,,
1707290,,unknown,,unknown,,unknown,,,,,,,
1707320,,unknown,,unknown,,unknown,,,,,,,
1707440,,unknown,,unknown,,unknown,,,,,,,
1707650,,unknown,,unknown,,unknown,,,,,,,
2400330,2019Q3,exact,2020Q2,program_calendar,2020Q1,from_applied_minus_1q,2020Q2,2021Q3,2021Q4,3.0,5.0,1.0,9.0
1707770,,unknown,,unknown,,unknown,,,,,,,
1707830,,unknown,,unknown,,unknown,,,,,,,
1707860,,unknown,,unknown,,unknown,,,,,,,
1707950,,unknown,2021Q2,program_calendar,2021Q1,from_applied_minus_1q,,,,,,,
1707980,,unknown,,unknown,,unknown,,,,,,,
1708010,,unknown,,unknown,,unknown,,,,,,,
5101510,2022Q2,exact,2021Q4,backcast_award_minus_2q,2021Q3,from_applied_minus_1q,2022Q3,2023Q2,2023Q2,1.0,3.0,0.0,4.0
1708070,,unknown,,unknown,,unknown,,,,,,,
1708100,,unknown,,unknown,,unknown,,,,,,,
1708130,,unknown,,unknown,,unknown,,,,,,,
1708160,,unknown,,unknown,,unknown,,,,,,,
1708220,,unknown,,unknown,,unknown,,,,,,,
1708250,,unknown,,unknown,,unknown,,,,,,,
1708280,,unknown,,unknown,,unknown,,,,,,,
1708310,,unknown,,unknown,,unknown,,,,,,,
1708340,,unknown,,unknown,,unknown,,,,,,,
1708370,,unknown,,unknown,,unknown,,,,,,,
4819820,2023Q4,exact,2023Q2,backcast_award_minus_2q,2023Q1,from_applied_minus_1q,nanQnan,nanQnan,nanQnan,,,,
1708430,,unknown,,unknown,,unknown,,,,,,,
1708460,,unknown,,unknown,,unknown,,,,,,,
1708500,,unknown,,unknown,,unknown,,,,,,,
1708550,,unknown,,unknown,,unknown,,,,,,,
1708580,,unknown,,unknown,,unknown,,,,,,,
1708610,,unknown,,unknown,,unknown,,,,,,,
1708640,,unknown,,unknown,,unknown,,,,,,,
1708730,,unknown,,unknown,,unknown,,,,,,,
1708790,,unknown,,unknown,,unknown,,,,,,,
1708970,,unknown,,unknown,,unknown,,,,,,,
1709100,,unknown,,unknown,,unknown,,,,,,,
1709150,,unknown,,unknown,,unknown,,,,,,,
1709170,,unknown,,unknown,,unknown,,,,,,,
1709180,,unknown,,unknown,,unknown,,,,,,,
1709210,,unknown,,unknown,,unknown,,,,,,,
1709270,,unknown,,unknown,,unknown,,,,,,,
1709300,,unknown,,unknown,,unknown,,,,,,,
1709330,,unknown,,unknown,,unknown,,,,,,,
1709400,,unknown,,unknown,,unknown,,,,,,,
1709420,,unknown,,unknown,,unknown,,,,,,,
1709510,,unknown,,unknown,,unknown,,,,,,,
1709540,,unknown,,unknown,,unknown,,,,,,,
1709600,,unknown,,unknown,,unknown,,,,,,,
1709810,,unknown,,unknown,,unknown,,,,,,,
1709850,,unknown,,unknown,,unknown,,,,,,,
614400,2018Q2,exact,2017Q4,backcast_award_minus_2q,2017Q3,from_applied_minus_1q,2018Q3,2019Q4,2020Q1,1.0,5.0,1.0,7.0
1709960,,unknown,,unknown,,unknown,,,,,,,
1709990,,unknown,,unknown,,unknown,,,,,,,
1710200,,unknown,,unknown,,unknown,,,,,,,
1710240,,unknown,,unknown,,unknown,,,,,,,
1710290,,unknown,,unknown,,unknown,,,,,,,
1710340,,unknown,,unknown,,unknown,,,,,,,
1710380,,unknown,,unknown,,unknown,,,,,,,
1710410,,unknown,,unknown,,unknown,,,,,,,
1710440,,unknown,,unknown,,unknown,,,,,,,
1710470,,unknown,,unknown,,unknown,,,,,,,
1710530,,unknown,,unknown,,unknown,,,,,,,
1710570,,unknown,,unknown,,unknown,,,,,,,
614520,2022Q2,exact,2021Q4,backcast_award_minus_2q,2021Q3,from_applied_minus_1q,2022Q3,nanQnan,nanQnan,1.0,,,
1710690,,unknown,,unknown,,unknown,,,,,,,
1710740,,unknown,,unknown,,unknown,,,,,,,
1710790,,unknown,,unknown,,unknown,,,,,,,
1710800,,unknown,,unknown,,unknown,,,,,,,
614550,2024Q2,exact,2023Q4,backcast_award_minus_2q,2023Q3,from_applied_minus_1q,nanQnan,nanQnan,nanQnan,,,,
1710830,,unknown,,unknown,,unknown,,,,,,,
1710860,,unknown,,unknown,,unknown,,,,,,,
1710950,,unknown,,unknown,,unknown,,,,,,,
1710980,,unknown,,unknown,,unknown,,,,,,,
1711010,,unknown,,unknown,,unknown,,,,,,,
1711100,,unknown,,unknown,,unknown,,,,,,,
1711220,,unknown,,unknown,,unknown,,,,,,,
1711250,,unknown,,unknown,,unknown,,,,,,,
1711290,,unknown,,unknown,,unknown,,,,,,,
1711350,2024Q3,exact,2024Q1,backcast_award_minus_2q,2023Q4,from_applied_minus_1q,nanQnan,nanQnan,nanQnan,,,,
1711370,2024Q3,exact,2024Q1,backcast_award_minus_2q,2023Q4,from_applied_minus_1q,nanQnan,nanQnan,nanQnan,,,,
1711400,,unknown,,unknown,,unknown,,,,,,,
1711520,,unknown,,unknown,,unknown,,,,,,,
1711610,,unknown,,unknown,,unknown,,,,,,,
1711700,,unknown,,unknown,,unknown,,,,,,,
1711730,,unknown,,unknown,,unknown,,,,,,,
1711790,,unknown,,unknown,,unknown,,,,,,,
614700,2024Q2,exact,2023Q4,backcast_award_minus_2q,2023Q3,from_applied_minus_1q,nanQnan,nanQnan,nanQnan,,,,
1711880,,unknown,,unknown,,unknown,,,,,,,
1711910,,unknown,,unknown,,unknown,,,,,,,
1711980,,unknown,,unknown,,unknown,,,,,,,
1712000,,unknown,,unknown,,unknown,,,,,,,
1712030,,unknown,,unknown,,unknown,,,,,,,
1712060,,unknown,,unknown,,unknown,,,,,,,
1712090,,unknown,,unknown,,unknown,,,,,,,
1712120,,unknown,,unknown,,unknown,,,,,,,
1712150,,unknown,,unknown,,unknown,,,,,,,
1712210,,unknown,,unknown,,unknown,,,,,,,
1712240,,unknown,,unknown,,unknown,,,,,,,
1302280,2019Q1,exact,2021Q2,program_calendar,2021Q1,from_applied_minus_1q,2019Q4,2020Q3,2020Q4,3.0,3.0,1.0,7.0
1712420,,unknown,,unknown,,unknown,,,,,,,
1712450,,unknown,,unknown,,unknown,,,,,,,
1712480,,unknown,,unknown,,unknown,,,,,,,
1712510,,unknown,,unknown,,unknown,,,,,,,
1712540,,unknown,,unknown,,unknown,,,,,,,
1712570,,unknown,,unknown,,unknown,,,,,,,
1712700,,unknown,,unknown,,unknown,,,,,,,
1712720,,unknown,,unknown,,unknown,,,,,,,
5101560,2021Q1,exact,2021Q2,program_calendar,2021Q1,from_applied_minus_1q,2022Q2,2023Q1,2023Q2,5.0,3.0,1.0,9.0
1712810,,unknown,,unknown,,unknown,,,,,,,
1712840,,unknown,,unknown,,unknown,,,,,,,
1712870,,unknown,,unknown,,unknown,,,,,,,
1712900,,unknown,,unknown,,unknown,,,,,,,
1712930,,unknown,,unknown,,unknown,,,,,,,
1712960,,unknown,,unknown,,unknown,,,,,,,
1712990,,unknown,,unknown,,unknown,,,,,,,
1713050,,unknown,,unknown,,unknown,,,,,,,
1713140,,unknown,,unknown,,unknown,,,,,,,
1716080,2022Q4,exact,2022Q2,backcast_award_minus_2q,2022Q1,from_applied_minus_1q,2023Q2,2024Q2,2024Q4,2.0,4.0,2.0,8.0
1713230,,unknown,,unknown,,unknown,,,,,,,
1713240,,unknown,,unknown,,unknown,,,,,,,
1713260,,unknown,,unknown,,unknown,,,,,,,
1713290,,unknown,,unknown,,unknown,,,,,,,
614790,2019Q1,exact,2018Q3,backcast_award_minus_2q,2018Q2,from_applied_minus_1q,2019Q4,nanQnan,nanQnan,3.0,,,
1713370,,unknown,,unknown,,unknown,,,,,,,
1713410,,unknown,,unknown,,unknown,,,,,,,
1713440,,unknown,,unknown,,unknown,,,,,,,
1713500,,unknown,,unknown,,unknown,,,,,,,
614820,2019Q1,exact,2018Q3,backcast_award_minus_2q,2018Q2,from_applied_minus_1q,2019Q4,nanQnan,nanQnan,3.0,,,
1713560,,unknown,,unknown,,unknown,,,,,,,
1713590,,unknown,,unknown,,unknown,,,,,,,
614880,2019Q4,exact,2019Q2,backcast_award_minus_2q,2019Q1,from_applied_minus_1q,2020Q3,2022Q3,2022Q4,3.0,8.0,1.0,12.0
1713710,,unknown,,unknown,,unknown,,,,,,,
1713770,,unknown,,unknown,,unknown,,,,,,,
1713860,,unknown,,unknown,,unknown,,,,,,,
1713920,,unknown,,unknown,,unknown,,,,,,,
1713940,,unknown,,unknown,,unknown,,,,,,,
1713970,,unknown,,unknown,,unknown,,,,,,,
1714050,,unknown,,unknown,,unknown,,,,,,,
1714100,,unknown,,unknown,,unknown,,,,,,,
1714160,,unknown,,unknown,,unknown,,,,,,,
1714220,,unknown,,unknown,,unknown,,,,,,,
1714250,,unknown,,unknown,,unknown,,,,,,,
1714350,,unknown,,unknown,,unknown,,,,,,,
1714410,,unknown,,unknown,,unknown,,,,,,,
1714430,,unknown,,unknown,,unknown,,,,,,,
3405760,2021Q4,exact,2021Q2,backcast_award_minus_2q,2021Q1,from_applied_minus_1q,2022Q3,2023Q2,2023Q2,3.0,3.0,0.0,6.0
1714490,,unknown,,unknown,,unknown,,,,,,,
1714550,,unknown,,unknown,,unknown,,,,,,,
1714580,,unknown,,unknown,,unknown,,,,,,,
1714640,,unknown,,unknown,,unknown,,,,,,,
1714710,,unknown,,unknown,,unknown,,,,,,,
1714760,,unknown,,unknown,,unknown,,,,,,,
1714820,,unknown,,unknown,,unknown,,,,,,,
1714940,,unknown,,unknown,,unknown,,,,,,,
1715030,,unknown,,unknown,,unknown,,,,,,,
1715090,,unknown,,unknown,,unknown,,,,,,,
1715100,,unknown,,unknown,,unknown,,,,,,,
1715180,,unknown,,unknown,,unknown,,,,,,,
1715400,,unknown,,unknown,,unknown,,,,,,,
1715420,,unknown,,unknown,,unknown,,,,,,,
4626370,2022Q4,exact,2022Q2,backcast_award_minus_2q,2022Q1,from_applied_minus_1q,2023Q2,2023Q4,2023Q4,2.0,2.0,0.0,4.0
1715480,,unknown,,unknown,,unknown,,,,,,,
1715490,,unknown,,unknown,,unknown,,,,,,,
1715630,,unknown,,unknown,,unknown,,,,,,,
1715660,,unknown,,unknown,,unknown,,,,,,,
1715700,,unknown,,unknown,,unknown,,,,,,,
1715750,,unknown,,unknown,,unknown,,,,,,,
1715780,,unknown,,unknown,,unknown,,,,,,,
1715820,,unknown,,unknown,,unknown,,,,,,,
1715840,,unknown,,unknown,,unknown,,,,,,,
1715880,,unknown,,unknown,,unknown,,,,,,,
1715900,2024Q2,exact,2023Q4,backcast_award_minus_2q,2023Q3,from_applied_minus_1q,nanQnan,nanQnan,nanQnan,,,,
1715930,,unknown,,unknown,,unknown,,,,,,,
1716020,,unknown,,unknown,,unknown,,,,,,,
1716050,,unknown,,unknown,,unknown,,,,,,,
4820460,,unknown,,unknown,,unknown,,,,,,,
1716140,,unknown,,unknown,,unknown,,,,,,,
1716230,,unknown,,unknown,,unknown,,,,,,,
1716260,,unknown,,unknown,,unknown,,,,,,,
1716290,,unknown,,unknown,,unknown,,,,,,,
1716320,,unknown,,unknown,,unknown,,,,,,,
1716350,,unknown,,unknown,,unknown,,,,,,,
1716380,,unknown,,unknown,,unknown,,,,,,,
1716410,,unknown,,unknown,,unknown,,,,,,,
1716530,,unknown,,unknown,,unknown,,,,,,,
1716560,,unknown,,unknown,,unknown,,,,,,,
1716590,,unknown,,unknown,,unknown,,,,,,,
1716650,,unknown,,unknown,,unknown,,,,,,,
1716680,,unknown,,unknown,,unknown,,,,,,,
1716800,,unknown,,unknown,,unknown,,,,,,,
1716830,,unknown,,unknown,,unknown,,,,,,,
1716860,,unknown,,unknown,,unknown,,,,,,,
1716920,,unknown,,unknown,,unknown,,,,,,,
1716950,,unknown,,unknown,,unknown,,,,,,,
1717040,,unknown,,unknown,,unknown,,,,,,,
1717160,,unknown,,unknown,,unknown,,,,,,,
1717190,,unknown,,unknown,,unknown,,,,,,,
1717220,,unknown,,unknown,,unknown,,,,,,,
3611880,2022Q2,exact,2021Q4,backcast_award_minus_2q,2021Q3,from_applied_minus_1q,2022Q2,2022Q2,2022Q2,0.0,0.0,0.0,0.0
1717310,,unknown,,unknown,,unknown,,,,,,,
1717340,,unknown,,unknown,,unknown,,,,,,,
1717370,,unknown,,unknown,,unknown,,,,,,,
1717490,,unknown,,unknown,,unknown,,,,,,,
1717520,,unknown,,unknown,,unknown,,,,,,,
1717550,,unknown,,unknown,,unknown,,,,,,,
614950,2018Q3,exact,2018Q1,backcast_award_minus_2q,2017Q4,from_applied_minus_1q,2018Q3,2019Q1,2019Q2,0.0,2.0,1.0,3.0
1717670,,unknown,,unknown,,unknown,,,,,,,
1717700,,unknown,,unknown,,unknown,,,,,,,
1717730,,unknown,,unknown,,unknown,,,,,,,
1717790,,unknown,,unknown,,unknown,,,,,,,
1717800,,unknown,,unknown,,unknown,,,,,,,
1717850,,unknown,,unknown,,unknown,,,,,,,
1718030,,unknown,,unknown,,unknown,,,,,,,
1718060,,unknown,,unknown,,unknown,,,,,,,
1718090,,unknown,,unknown,,unknown,,,,,,,
1718180,,unknown,,unknown,,unknown,,,,,,,
2615730,2019Q3,exact,2019Q1,backcast_award_minus_2q,2018Q4,from_applied_minus_1q,2019Q4,2019Q4,2019Q4,1.0,0.0,0.0,1.0
1601200,2022Q4,exact,2022Q2,backcast_award_minus_2q,2022Q1,from_applied_minus_1q,2023Q2,2024Q2,2024Q2,2.0,4.0,0.0,6.0
1718270,,unknown,,unknown,,unknown,,,,,,,
1718360,,unknown,,unknown,,unknown,,,,,,,
1718390,,unknown,,unknown,,unknown,,,,,,,
1718420,,unknown,,unknown,,unknown,,,,,,,
34GEORG,2021Q4,exact,2021Q2,backcast_award_minus_2q,2021Q1,from_applied_minus_1q,2022Q3,2023Q2,2023Q2,3.0,3.0,0.0,6.0
4502280,2022Q4,exact,2022Q2,backcast_award_minus_2q,2022Q1,from_applied_minus_1q,nanQnan,2024Q1,2024Q1,,,0.0,5.0
1718510,,unknown,,unknown,,unknown,,,,,,,
1718570,,unknown,,unknown,,unknown,,,,,,,
1718600,,unknown,,unknown,,unknown,,,,,,,
4012630,2022Q4,exact,2022Q2,backcast_award_minus_2q,2022Q1,from_applied_minus_1q,2022Q4,2023Q3,2023Q3,0.0,3.0,0.0,3.0
2912780,2022Q4,exact,2022Q2,backcast_award_minus_2q,2022Q1,from_applied_minus_1q,2023Q1,2023Q3,2023Q3,1.0,2.0,0.0,3.0
1718870,,unknown,,unknown,,unknown,,,,,,,
1718960,,unknown,,unknown,,unknown,,,,,,,
1718990,,unknown,,unknown,,unknown,,,,,,,
615180,2013Q1,exact,2012Q3,backcast_award_minus_2q,2012Q2,from_applied_minus_1q,2013Q2,2014Q2,2014Q2,1.0,4.0,0.0,5.0
1719110,,unknown,,unknown,,unknown,,,,,,,
1719200,,unknown,,unknown,,unknown,,,,,,,
1719230,,unknown,,unknown,,unknown,,,,,,,
1719260,,unknown,,unknown,,unknown,,,,,,,
1719290,,unknown,,unknown,,unknown,,,,,,,
1719320,,unknown,,unknown,,unknown,,,,,,,
1200660,2022Q4,exact,2022Q2,backcast_award_minus_2q,2022Q1,from_applied_minus_1q,2023Q3,2024Q1,2024Q1,3.0,2.0,0.0,5.0
1719500,,unknown,,unknown,,unknown,,,,,,,
1719530,,unknown,,unknown,,unknown,,,,,,,
1719560,,unknown,,unknown,,unknown,,,,,,,
1719620,,unknown,,unknown,,unknown,,,,,,,
3807830,2022Q4,exact,2022Q2,backcast_award_minus_2q,2022Q1,from_applied_minus_1q,2022Q4,2023Q2,2023Q2,0.0,2.0,0.0,2.0
691008,2022Q2,exact,2021Q4,backcast_award_minus_2q,2021Q3,from_applied_minus_1q,2022Q3,nanQnan,nanQnan,1.0,,,
2505280,2024Q2,exact,2023Q4,backcast_award_minus_2q,2023Q3,from_applied_minus_1q,nanQnan,nanQnan,nanQnan,,,,
1719920,,unknown,,unknown,,unknown,,,,,,,
1302400,2023Q4,exact,2023Q2,backcast_award_minus_2q,2023Q1,from_applied_minus_1q,nanQnan,nanQnan,nanQnan,,,,
1719970,,unknown,,unknown,,unknown,,,,,,,
1720170,,unknown,,unknown,,unknown,,,,,,,
1720180,,unknown,,unknown,,unknown,,,,,,,
1720190,,unknown,,unknown,,unknown,,,,,,,
1720220,,unknown,,unknown,,unknown,,,,,,,
1720250,,unknown,,unknown,,unknown,,,,,,,
1720280,,unknown,,unknown,,unknown,,,,,,,
1720370,,unknown,,unknown,,unknown,,,,,,,
1720380,,unknown,,unknown,,unknown,,,,,,,
1720430,,unknown,,unknown,,unknown,,,,,,,
1720490,,unknown,,unknown,,unknown,,,,,,,
1720550,,unknown,,unknown,,unknown,,,,,,,
1720580,,unknown,,unknown,,unknown,,,,,,,
1720610,,unknown,,unknown,,unknown,,,,,,,
1720640,,unknown,,unknown,,unknown,,,,,,,
1720760,,unknown,,unknown,,unknown,,,,,,,
1720790,,unknown,,unknown,,unknown,,,,,,,
1720880,,unknown,,unknown,,unknown,,,,,,,
1720910,,unknown,,unknown,,unknown,,,,,,,
1720970,,unknown,,unknown,,unknown,,,,,,,
1721000,,unknown,,unknown,,unknown,,,,,,,
1721030,,unknown,,unknown,,unknown,,,,,,,
1721130,,unknown,,unknown,,unknown,,,,,,,
1721180,,unknown,,unknown,,unknown,,,,,,,
1721270,,unknown,,unknown,,unknown,,,,,,,
1721300,,unknown,,unknown,,unknown,,,,,,,
1721390,,unknown,,unknown,,unknown,,,,,,,
1721420,,unknown,,unknown,,unknown,,,,,,,
1721450,,unknown,,unknown,,unknown,,,,,,,
1721510,,unknown,,unknown,,unknown,,,,,,,
1721590,,unknown,,unknown,,unknown,,,,,,,
1721600,,unknown,,unknown,,unknown,,,,,,,
1721630,,unknown,,unknown,,unknown,,,,,,,
1721680,,unknown,,unknown,,unknown,,,,,,,
1721720,,unknown,,unknown,,unknown,,,,,,,
1721750,,unknown,,unknown,,unknown,,,,,,,
1721780,,unknown,,unknown,,unknown,,,,,,,
615390,2018Q3,exact,2018Q1,backcast_award_minus_2q,2017Q4,from_applied_minus_1q,2018Q4,2020Q3,2020Q4,1.0,7.0,1.0,9.0
1721870,,unknown,,unknown,,unknown,,,,,,,
1721900,,unknown,,unknown,,unknown,,,,,,,
615510,2022Q1,exact,2021Q3,backcast_award_minus_2q,2021Q2,from_applied_minus_1q,2022Q2,nanQnan,nanQnan,1.0,,,
1722050,,unknown,,unknown,,unknown,,,,,,,
1722080,,unknown,,unknown,,unknown,,,,,,,
1722110,,unknown,,unknown,,unknown,,,,,,,
1722130,,unknown,,unknown,,unknown,,,,,,,
1722150,,unknown,,unknown,,unknown,,,,,,,
1722300,,unknown,,unknown,,unknown,,,,,,,
1722350,,unknown,,unknown,,unknown,,,,,,,
1722360,,unknown,,unknown,,unknown,,,,,,,
1722500,,unknown,,unknown,,unknown,,,,,,,
1722530,,unknown,,unknown,,unknown,,,,,,,
1722620,,unknown,,unknown,,unknown,,,,,,,
1722710,,unknown,,unknown,,unknown,,,,,,,
1722730,,unknown,,unknown,,unknown,,,,,,,
1722740,,unknown,,unknown,,unknown,,,,,,,
1722770,,unknown,,unknown,,unknown,,,,,,,
1722800,,unknown,,unknown,,unknown,,,,,,,
1722830,,unknown,,unknown,,unknown,,,,,,,
1722860,,unknown,,unknown,,unknown,,,,,,,
1722870,,unknown,,unknown,,unknown,,,,,,,
1722920,,unknown,,unknown,,unknown,,,,,,,
1722950,,unknown,,unknown,,unknown,,,,,,,
1722980,,unknown,,unknown,,unknown,,,,,,,
1723050,,unknown,,unknown,,unknown,,,,,,,
1723070,,unknown,,unknown,,unknown,,,,,,,
1723090,,unknown,,unknown,,unknown,,,,,,,
1723100,,unknown,,unknown,,unknown,,,,,,,
1723160,,unknown,,unknown,,unknown,,,,,,,
1723200,,unknown,,unknown,,unknown,,,,,,,
1723250,,unknown,,unknown,,unknown,,,,,,,
1723340,,unknown,,unknown,,unknown,,,,,,,
1723350,,unknown,,unknown,,unknown,,,,,,,
1723460,,unknown,,unknown,,unknown,,,,,,,
1723640,,unknown,,unknown,,unknown,,,,,,,
1723700,,unknown,,unknown,,unknown,,,,,,,
1723730,,unknown,,unknown,,unknown,,,,,,,
1723850,,unknown,,unknown,,unknown,,,,,,,
1723880,,unknown,,unknown,,unknown,,,,,,,
1723920,,unknown,,unknown,,unknown,,,,,,,
1723970,,unknown,,unknown,,unknown,,,,,,,
1723985,,unknown,,unknown,,unknown,,,,,,,
1723990,,unknown,,unknown,,unknown,,,,,,,
1724000,,unknown,,unknown,,unknown,,,,,,,
1724060,,unknown,,unknown,,unknown,,,,,,,
1724090,,unknown,,unknown,,unknown,,,,,,,
1724120,,unknown,,unknown,,unknown,,,,,,,
1724270,,unknown,,unknown,,unknown,,,,,,,
1724330,,unknown,,unknown,,unknown,,,,,,,
600046,2017Q4,exact,2017Q2,backcast_award_minus_2q,2017Q1,from_applied_minus_1q,2017Q4,2018Q2,2018Q3,0.0,2.0,1.0,3.0
1724420,,unknown,,unknown,,unknown,,,,,,,
1724480,,unknown,,unknown,,unknown,,,,,,,
1724570,,unknown,,unknown,,unknown,,,,,,,
1724600,,unknown,,unknown,,unknown,,,,,,,
1724650,,unknown,,unknown,,unknown,,,,,,,
1724720,,unknown,,unknown,,unknown,,,,,,,
1724750,,unknown,,unknown,,unknown,,,,,,,
1724780,,unknown,,unknown,,unknown,,,,,,,
1724870,,unknown,,unknown,,unknown,,,,,,,
1724900,,unknown,,unknown,,unknown,,,,,,,
1724940,,unknown,,unknown,,unknown,,,,,,,
1725000,,unknown,,unknown,,unknown,,,,,,,
1725020,,unknown,,unknown,,unknown,,,,,,,
1725050,,unknown,,unknown,,unknown,,,,,,,
1725110,,unknown,,unknown,,unknown,,,,,,,
1725190,,unknown,,unknown,,unknown,,,,,,,
1725260,,unknown,,unknown,,unknown,,,,,,,
1725290,,unknown,,unknown,,unknown,,,,,,,
1725320,,unknown,,unknown,,unknown,,,,,,,
1725500,,unknown,,unknown,,unknown,,,,,,,
1725590,,unknown,,unknown,,unknown,,,,,,,
1725620,,unknown,,unknown,,unknown,,,,,,,
1725650,,unknown,,unknown,,unknown,,,,,,,
1725680,,unknown,,unknown,,unknown,,,,,,,
1725690,,unknown,,unknown,,unknown,,,,,,,
1725740,,unknown,,unknown,,unknown,,,,,,,
1725770,,unknown,,unknown,,unknown,,,,,,,
1725920,,unknown,,unknown,,unknown,,,,,,,
1726100,,unknown,,unknown,,unknown,,,,,,,
1726180,,unknown,,unknown,,unknown,,,,,,,
1726190,,unknown,,unknown,,unknown,,,,,,,
1726250,,unknown,,unknown,,unknown,,,,,,,
1726310,,unknown,,unknown,,unknown,,,,,,,
1726340,,unknown,,unknown,,unknown,,,,,,,
1726370,,unknown,,unknown,,unknown,,,,,,,
1726400,,unknown,,unknown,,unknown,,,,,,,
1726430,,unknown,,unknown,,unknown,,,,,,,
1726490,,unknown,,unknown,,unknown,,,,,,,
1726550,,unknown,,unknown,,unknown,,,,,,,
1726590,,unknown,,unknown,,unknown,,,,,,,
1726610,,unknown,,unknown,,unknown,,,,,,,
1726640,,unknown,,unknown,,unknown,,,,,,,
1726710,,unknown,,unknown,,unknown,,,,,,,
5101650,2022Q4,exact,2022Q2,backcast_award_minus_2q,2022Q1,from_applied_minus_1q,2023Q1,2024Q1,2024Q1,1.0,4.0,0.0,5.0
1726800,,unknown,,unknown,,unknown,,,,,,,
1726820,,unknown,,unknown,,unknown,,,,,,,
1726850,,unknown,,unknown,,unknown,,,,,,,
1726880,,unknown,,unknown,,unknown,,,,,,,
1726970,,unknown,,unknown,,unknown,,,,,,,
1727180,,unknown,,unknown,,unknown,,,,,,,
1727210,,unknown,,unknown,,unknown,,,,,,,
1727290,,unknown,,unknown,,unknown,,,,,,,
1727300,,unknown,,unknown,,unknown,,,,,,,
1727340,,unknown,,unknown,,unknown,,,,,,,
1727360,,unknown,,unknown,,unknown,,,,,,,
1727390,,unknown,,unknown,,unknown,,,,,,,
1727450,,unknown,,unknown,,unknown,,,,,,,
1727540,,unknown,,unknown,,unknown,,,,,,,
1727570,,unknown,,unknown,,unknown,,,,,,,
1727610,,unknown,,unknown,,unknown,,,,,,,
1803930,2024Q2,exact,2023Q4,backcast_award_minus_2q,2023Q3,from_applied_minus_1q,nanQnan,nanQnan,nanQnan,,,,
1727720,,unknown,,unknown,,unknown,,,,,,,
1727740,,unknown,,unknown,,unknown,,,,,,,
1727780,,unknown,,unknown,,unknown,,,,,,,
1727840,,unknown,,unknown,,unknown,,,,,,,
1727930,,unknown,,unknown,,unknown,,,,,,,
1727960,,unknown,,unknown,,unknown,,,,,,,
1727990,,unknown,,unknown,,unknown,,,,,,,
1728110,,unknown,,unknown,,unknown,,,,,,,
1728140,,unknown,,unknown,,unknown,,,,,,,
1728160,,unknown,,unknown,,unknown,,,,,,,
1728200,,unknown,,unknown,,unknown,,,,,,,
1728260,,unknown,,unknown,,unknown,,,,,,,
1728270,,unknown,,unknown,,unknown,,,,,,,
1728500,,unknown,,unknown,,unknown,,,,,,,
1728530,,unknown,,unknown,,unknown,,,,,,,
1728560,,unknown,,unknown,,unknown,,,,,,,
2616440,2024Q2,exact,2023Q4,backcast_award_minus_2q,2023Q3,from_applied_minus_1q,nanQnan,nanQnan,nanQnan,,,,
1728650,,unknown,,unknown,,unknown,,,,,,,
1728700,,unknown,,unknown,,unknown,,,,,,,
1728810,,unknown,,unknown,,unknown,,,,,,,
1728890,,unknown,,unknown,,unknown,,,,,,,
1728920,,unknown,,unknown,,unknown,,,,,,,
1728980,,unknown,,unknown,,unknown,,,,,,,
1729010,,unknown,,unknown,,unknown,,,,,,,
1729020,,unknown,,unknown,,unknown,,,,,,,
1729040,,unknown,,unknown,,unknown,,,,,,,
1729100,,unknown,,unknown,,unknown,,,,,,,
1729130,,unknown,,unknown,,unknown,,,,,,,
1729190,,unknown,,unknown,,unknown,,,,,,,
1729220,,unknown,,unknown,,unknown,,,,,,,
1729250,,unknown,,unknown,,unknown,,,,,,,
1729280,,unknown,,unknown,,unknown,,,,,,,
1729310,,unknown,,unknown,,unknown,,,,,,,
1729340,,unknown,,unknown,,unknown,,,,,,,
1729420,,unknown,,unknown,,unknown,,,,,,,
1729520,,unknown,,unknown,,unknown,,,,,,,
1729670,,unknown,,unknown,,unknown,,,,,,,
1729700,,unknown,,unknown,,unknown,,,,,,,
1729730,,unknown,,unknown,,unknown,,,,,,,
1729760,,unknown,,unknown,,unknown,,,,,,,
1729790,,unknown,,unknown,,unknown,,,,,,,
1729890,,unknown,,unknown,,unknown,,,,,,,
1729940,,unknown,,unknown,,unknown,,,,,,,
1730060,,unknown,,unknown,,unknown,,,,,,,
1730160,,unknown,,unknown,,unknown,,,,,,,
1730200,,unknown,,unknown,,unknown,,,,,,,
1730220,,unknown,,unknown,,unknown,,,,,,,
1730270,,unknown,,unknown,,unknown,,,,,,,
1730300,,unknown,,unknown,,unknown,,,,,,,
1730330,,unknown,,unknown,,unknown,,,,,,,
4013290,2024Q2,exact,2023Q4,backcast_award_minus_2q,2023Q3,from_applied_minus_1q,nanQnan,nanQnan,nanQnan,,,,
1730450,,unknown,,unknown,,unknown,,,,,,,
1730480,,unknown,,unknown,,unknown,,,,,,,
1730510,,unknown,,unknown,,unknown,,,,,,,
1730540,,unknown,2021Q2,program_calendar,2021Q1,from_applied_minus_1q,,,,,,,
1730570,,unknown,,unknown,,unknown,,,,,,,
1730600,,unknown,,unknown,,unknown,,,,,,,
1730630,,unknown,,unknown,,unknown,,,,,,,
1730660,,unknown,,unknown,,unknown,,,,,,,
1730750,,unknown,,unknown,,unknown,,,,,,,
1730780,,unknown,,unknown,,unknown,,,,,,,
1730810,,unknown,,unknown,,unknown,,,,,,,
1730840,,unknown,,unknown,,unknown,,,,,,,
1730870,,unknown,,unknown,,unknown,,,,,,,
1730900,,unknown,,unknown,,unknown,,,,,,,
1730930,,unknown,,unknown,,unknown,,,,,,,
1730990,,unknown,,unknown,,unknown,,,,,,,
1731020,,unknown,,unknown,,unknown,,,,,,,
1731050,,unknown,,unknown,,unknown,,,,,,,
1717280,2023Q4,exact,2023Q2,backcast_award_minus_2q,2023Q1,from_applied_minus_1q,nanQnan,nanQnan,nanQnan,,,,
1731110,,unknown,,unknown,,unknown,,,,,,,
4900360,2024Q2,exact,2023Q4,backcast_award_minus_2q,2023Q3,from_applied_minus_1q,nanQnan,2024Q3,nanQnan,,,,
1731200,,unknown,,unknown,,unknown,,,,,,,
5400360,2022Q1,exact,2021Q3,backcast_award_minus_2q,2021Q2,from_applied_minus_1q,2023Q2,nanQnan,nanQnan,5.0,,,
1731270,,unknown,,unknown,,unknown,,,,,,,
1731290,,unknown,,unknown,,unknown,,,,,,,
1731310,,unknown,,unknown,,unknown,,,,,,,
1731380,,unknown,,unknown,,unknown,,,,,,,
1731410,,unknown,,unknown,,unknown,,,,,,,
1731500,,unknown,,unknown,,unknown,,,,,,,
1731560,,unknown,,unknown,,unknown,,,,,,,
1731620,,unknown,,unknown,,unknown,,,,,,,
1731710,,unknown,,unknown,,unknown,,,,,,,
1731740,,unknown,,unknown,,unknown,,,,,,,
1731770,,unknown,,unknown,,unknown,,,,,,,
1731860,,unknown,,unknown,,unknown,,,,,,,
1731890,,unknown,,unknown,,unknown,,,,,,,
1731920,,unknown,,unknown,,unknown,,,,,,,
1731950,,unknown,,unknown,,unknown,,,,,,,
1732040,,unknown,,unknown,,unknown,,,,,,,
1732090,,unknown,,unknown,,unknown,,,,,,,
1732100,,unknown,,unknown,,unknown,,,,,,,
1732160,,unknown,,unknown,,unknown,,,,,,,
1732190,,unknown,,unknown,,unknown,,,,,,,
1732220,,unknown,,unknown,,unknown,,,,,,,
1732280,,unknown,,unknown,,unknown,,,,,,,
1732370,,unknown,,unknown,,unknown,,,,,,,
1732490,,unknown,,unknown,,unknown,,,,,,,
1732520,,unknown,,unknown,,unknown,,,,,,,
1732550,,unknown,,unknown,,unknown,,,,,,,
1732580,,unknown,,unknown,,unknown,,,,,,,
1732670,,unknown,,unknown,,unknown,,,,,,,
1732700,,unknown,,unknown,,unknown,,,,,,,
1732770,,unknown,,unknown,,unknown,,,,,,,
1732830,,unknown,,unknown,,unknown,,,,,,,
1732850,,unknown,,unknown,,unknown,,,,,,,
1732910,,unknown,,unknown,,unknown,,,,,,,
1732960,,unknown,,unknown,,unknown,,,,,,,
1732970,,unknown,,unknown,,unknown,,,,,,,
1733000,,unknown,,unknown,,unknown,,,,,,,
1733030,,unknown,,unknown,,unknown,,,,,,,
1733090,,unknown,,unknown,,unknown,,,,,,,
1733120,,unknown,,unknown,,unknown,,,,,,,
1733210,,unknown,,unknown,,unknown,,,,,,,
1733240,,unknown,,unknown,,unknown,,,,,,,
1733270,,unknown,,unknown,,unknown,,,,,,,
1733300,,unknown,,unknown,,unknown,,,,,,,
1733380,,unknown,,unknown,,unknown,,,,,,,
1733390,,unknown,,unknown,,unknown,,,,,,,
1733420,,unknown,,unknown,,unknown,,,,,,,
1733450,,unknown,,unknown,,unknown,,,,,,,
1733510,,unknown,,unknown,,unknown,,,,,,,
615690,2020Q4,exact,2020Q2,backcast_award_minus_2q,2020Q1,from_applied_minus_1q,2020Q4,2022Q2,2022Q2,0.0,6.0,0.0,6.0
1733720,,unknown,,unknown,,unknown,,,,,,,
1733750,,unknown,,unknown,,unknown,,,,,,,
1733810,,unknown,,unknown,,unknown,,,,,,,
1733840,,unknown,,unknown,,unknown,,,,,,,
5505640,2022Q4,exact,2022Q2,backcast_award_minus_2q,2022Q1,from_applied_minus_1q,2022Q4,2023Q2,2023Q2,0.0,2.0,0.0,2.0
1733930,,unknown,,unknown,,unknown,,,,,,,
1733950,,unknown,,unknown,,unknown,,,,,,,
1733990,,unknown,,unknown,,unknown,,,,,,,
1734020,,unknown,,unknown,,unknown,,,,,,,
1734100,,unknown,,unknown,,unknown,,,,,,,
1734110,,unknown,,unknown,,unknown,,,,,,,
1734140,,unknown,,unknown,,unknown,,,,,,,
1734170,,unknown,,unknown,,unknown,,,,,,,
1734230,,unknown,,unknown,,unknown,,,,,,,
1734260,,unknown,,unknown,,unknown,,,,,,,
1734290,,unknown,,unknown,,unknown,,,,,,,
1734320,,unknown,,unknown,,unknown,,,,,,,
1734350,,unknown,,unknown,,unknown,,,,,,,
1734380,,unknown,,unknown,,unknown,,,,,,,
1734410,,unknown,,unknown,,unknown,,,,,,,
1734440,,unknown,,unknown,,unknown,,,,,,,
1734470,,unknown,,unknown,,unknown,,,,,,,
1734510,,unknown,,unknown,,unknown,,,,,,,
1734540,,unknown,,unknown,,unknown,,,,,,,
1734590,,unknown,,unknown,,unknown,,,,,,,
1734620,,unknown,,unknown,,unknown,,,,,,,
1734650,,unknown,,unknown,,unknown,,,,,,,
1734710,,unknown,,unknown,,unknown,,,,,,,
3701800,2022Q4,exact,2022Q2,backcast_award_minus_2q,2022Q1,from_applied_minus_1q,2023Q1,2023Q4,2023Q4,1.0,3.0,0.0,4.0
1734770,,unknown,,unknown,,unknown,,,,,,,
1734870,,unknown,,unknown,,unknown,,,,,,,
1734990,,unknown,,unknown,,unknown,,,,,,,
1735010,,unknown,,unknown,,unknown,,,,,,,
1735100,,unknown,,unknown,,unknown,,,,,,,
1735160,,unknown,,unknown,,unknown,,,,,,,
1735190,,unknown,,unknown,,unknown,,,,,,,
1735220,,unknown,,unknown,,unknown,,,,,,,
1735310,,unknown,,unknown,,unknown,,,,,,,
1735340,,unknown,,unknown,,unknown,,,,,,,
1735370,,unknown,,unknown,,unknown,,,,,,,
1735400,,unknown,,unknown,,unknown,,,,,,,
1735460,,unknown,,unknown,,unknown,,,,,,,
1735610,,unknown,,unknown,,unknown,,,,,,,
1735640,,unknown,,unknown,,unknown,,,,,,,
1735770,,unknown,,unknown,,unknown,,,,,,,
1735820,,unknown,,unknown,,unknown,,,,,,,
1735850,,unknown,,unknown,,unknown,,,,,,,
1735940,,unknown,,unknown,,unknown,,,,,,,
1735970,,unknown,,unknown,,unknown,,,,,,,
1736090,,unknown,,unknown,,unknown,,,,,,,
1736180,,unknown,,unknown,,unknown,,,,,,,
1736210,,unknown,,unknown,,unknown,,,,,,,
1736240,,unknown,,unknown,,unknown,,,,,,,
1736300,,unknown,,unknown,,unknown,,,,,,,
1736330,,unknown,,unknown,,unknown,,,,,,,
1736360,,unknown,,unknown,,unknown,,,,,,,
1736450,,unknown,,unknown,,unknown,,,,,,,
1736480,,unknown,,unknown,,unknown,,,,,,,
1736510,,unknown,,unknown,,unknown,,,,,,,
1736570,,unknown,,unknown,,unknown,,,,,,,
1736600,,unknown,,unknown,,unknown,,,,,,,
1736610,,unknown,,unknown,,unknown,,,,,,,
1736640,,unknown,,unknown,,unknown,,,,,,,
1736720,,unknown,,unknown,,unknown,,,,,,,
1736750,,unknown,,unknown,,unknown,,,,,,,
1736780,,unknown,,unknown,,unknown,,,,,,,
5101690,2022Q4,exact,2022Q2,backcast_award_minus_2q,2022Q1,from_applied_minus_1q,2023Q1,2023Q3,2023Q3,1.0,2.0,0.0,3.0
1736840,,unknown,,unknown,,unknown,,,,,,,
1736900,,unknown,,unknown,,unknown,,,,,,,
1736920,,unknown,,unknown,,unknown,,,,,,,
1736960,,unknown,,unknown,,unknown,,,,,,,
1737020,,unknown,,unknown,,unknown,,,,,,,
1737050,,unknown,,unknown,,unknown,,,,,,,
1717580,2024Q2,exact,2023Q4,backcast_award_minus_2q,2023Q3,from_applied_minus_1q,nanQnan,nanQnan,nanQnan,,,,
1737120,,unknown,,unknown,,unknown,,,,,,,
1737140,,unknown,,unknown,,unknown,,,,,,,
1737170,,unknown,,unknown,,unknown,,,,,,,
1737230,,unknown,,unknown,,unknown,,,,,,,
1737320,,unknown,,unknown,,unknown,,,,,,,
4210950,2024Q2,exact,2023Q4,backcast_award_minus_2q,2023Q3,from_applied_minus_1q,nanQnan,nanQnan,nanQnan,,,,
1737380,,unknown,,unknown,,unknown,,,,,,,
1737410,,unknown,,unknown,,unknown,,,,,,,
1737440,,unknown,,unknown,,unknown,,,,,,,
1737470,,unknown,,unknown,,unknown,,,,,,,
1737490,,unknown,,unknown,,unknown,,,,,,,
1737590,,unknown,,unknown,,unknown,,,,,,,
1737650,,unknown,,unknown,,unknown,,,,,,,
4216290,2022Q4,exact,2022Q2,backcast_award_minus_2q,2022Q1,from_applied_minus_1q,2023Q2,2023Q2,2023Q2,2.0,0.0,0.0,2.0
1737800,,unknown,,unknown,,unknown,,,,,,,
5505880,2024Q2,exact,2023Q4,backcast_award_minus_2q,2023Q3,from_applied_minus_1q,nanQnan,nanQnan,nanQnan,,,,
1737860,,unknown,,unknown,,unknown,,,,,,,
1737980,,unknown,,unknown,,unknown,,,,,,,
1738070,,unknown,,unknown,,unknown,,,,,,,
1738100,,unknown,,unknown,,unknown,,,,,,,
1738130,,unknown,,unknown,,unknown,,,,,,,
1738190,,unknown,,unknown,,unknown,,,,,,,
1738220,,unknown,,unknown,,unknown,,,,,,,
1738370,,unknown,,unknown,,unknown,,,,,,,
1738400,,unknown,,unknown,,unknown,,,,,,,
1738460,,unknown,,unknown,,unknown,,,,,,,
1738490,,unknown,,unknown,,unknown,,,,,,,
1738520,,unknown,,unknown,,unknown,,,,,,,
1738550,,unknown,,unknown,,unknown,,,,,,,
1738700,,unknown,,unknown,,unknown,,,,,,,
1738760,,unknown,,unknown,,unknown,,,,,,,
1738790,,unknown,,unknown,,unknown,,,,,,,
1738910,,unknown,,unknown,,unknown,,,,,,,
1738940,,unknown,,unknown,,unknown,,,,,,,
1738970,,unknown,,unknown,,unknown,,,,,,,
1739030,,unknown,,unknown,,unknown,,,,,,,
1739090,,unknown,,unknown,,unknown,,,,,,,
1739120,,unknown,,unknown,,unknown,,,,,,,
1739180,,unknown,,unknown,,unknown,,,,,,,
3905001,2024Q2,exact,2023Q4,backcast_award_minus_2q,2023Q3,from_applied_minus_1q,nanQnan,nanQnan,nanQnan,,,,
1739420,,unknown,,unknown,,unknown,,,,,,,
1739450,,unknown,,unknown,,unknown,,,,,,,
1739460,,unknown,,unknown,,unknown,,,,,,,
1739480,,unknown,,unknown,,unknown,,,,,,,
2913290,2022Q4,exact,2022Q2,backcast_award_minus_2q,2022Q1,from_applied_minus_1q,2022Q4,2023Q3,2023Q3,0.0,3.0,0.0,3.0
1739600,,unknown,,unknown,,unknown,,,,,,,
1739630,,unknown,,unknown,,unknown,,,,,,,
1739660,,unknown,,unknown,,unknown,,,,,,,
1739780,,unknown,,unknown,,unknown,,,,,,,
616050,2018Q2,exact,2017Q4,backcast_award_minus_2q,2017Q3,from_applied_minus_1q,2019Q1,2020Q2,2020Q3,3.0,5.0,1.0,9.0
1739930,,unknown,,unknown,,unknown,,,,,,,
4502310,2020Q1,exact,2019Q3,backcast_award_minus_2q,2019Q2,from_applied_minus_1q,2020Q4,2022Q1,2022Q2,3.0,5.0,1.0,9.0
2801680,2022Q4,exact,2022Q2,backcast_award_minus_2q,2022Q1,from_applied_minus_1q,2023Q1,2024Q1,2024Q1,1.0,4.0,0.0,5.0
1740080,,unknown,,unknown,,unknown,,,,,,,
1740140,,unknown,,unknown,,unknown,,,,,,,
1740200,,unknown,,unknown,,unknown,,,,,,,
1740220,,unknown,,unknown,,unknown,,,,,,,
1740260,,unknown,2021Q2,program_calendar,2021Q1,from_applied_minus_1q,,,,,,,
4106000,2021Q3,exact,2021Q1,backcast_award_minus_2q,2020Q4,from_applied_minus_1q,2022Q2,2023Q1,2023Q2,3.0,3.0,1.0,7.0
1740320,,unknown,,unknown,,unknown,,,,,,,
1740350,,unknown,,unknown,,unknown,,,,,,,
1740410,,unknown,,unknown,,unknown,,,,,,,
1740440,,unknown,,unknown,,unknown,,,,,,,
1740470,,unknown,,unknown,,unknown,,,,,,,
1740480,,unknown,,unknown,,unknown,,,,,,,
1740500,,unknown,,unknown,,unknown,,,,,,,
1740530,,unknown,,unknown,,unknown,,,,,,,
1740620,,unknown,,unknown,,unknown,,,,,,,
1740650,,unknown,,unknown,,unknown,,,,,,,
1740680,,unknown,,unknown,,unknown,,,,,,,
1740740,,unknown,,unknown,,unknown,,,,,,,
1740800,,unknown,,unknown,,unknown,,,,,,,
1740830,,unknown,,unknown,,unknown,,,,,,,
1740890,,unknown,,unknown,,unknown,,,,,,,
1740920,,unknown,,unknown,,unknown,,,,,,,
1740980,,unknown,,unknown,,unknown,,,,,,,
1741010,,unknown,,unknown,,unknown,,,,,,,
600051,2018Q3,exact,2018Q1,backcast_award_minus_2q,2017Q4,from_applied_minus_1q,2018Q4,2020Q3,2020Q4,1.0,7.0,1.0,9.0
1741070,,unknown,,unknown,,unknown,,,,,,,
616230,2020Q3,exact,2020Q1,backcast_award_minus_2q,2019Q4,from_applied_minus_1q,2021Q2,2022Q4,2022Q4,3.0,6.0,0.0,9.0
1741250,,unknown,,unknown,,unknown,,,,,,,
1741280,,unknown,,unknown,,unknown,,,,,,,
1741360,,unknown,,unknown,,unknown,,,,,,,
1741520,,unknown,,unknown,,unknown,,,,,,,
1741550,,unknown,,unknown,,unknown,,,,,,,
1741580,,unknown,,unknown,,unknown,,,,,,,
1741600,,unknown,,unknown,,unknown,,,,,,,
1741690,,unknown,,unknown,,unknown,,,,,,,
1741700,,unknown,,unknown,,unknown,,,,,,,
1741750,,unknown,,unknown,,unknown,,,,,,,
1741790,,unknown,,unknown,,unknown,,,,,,,
1741820,,unknown,,unknown,,unknown,,,,,,,
1741980,,unknown,,unknown,,unknown,,,,,,,
4013530,2022Q4,exact,2022Q2,backcast_award_minus_2q,2022Q1,from_applied_minus_1q,2022Q4,2023Q1,2023Q2,0.0,1.0,1.0,2.0
1742180,,unknown,,unknown,,unknown,,,,,,,
1742210,,unknown,,unknown,,unknown,,,,,,,
1742240,,unknown,,unknown,,unknown,,,,,,,
1742300,,unknown,,unknown,,unknown,,,,,,,
1742310,,unknown,,unknown,,unknown,,,,,,,
4900072,2023Q4,exact,2023Q2,backcast_award_minus_2q,2023Q1,from_applied_minus_1q,nanQnan,nanQnan,nanQnan,,,,
1742480,,unknown,,unknown,,unknown,,,,,,,
1742510,,unknown,,unknown,,unknown,,,,,,,
1742570,,unknown,,unknown,,unknown,,,,,,,
1742600,,unknown,,unknown,,unknown,,,,,,,
1742630,,unknown,,unknown,,unknown,,,,,,,
1742660,,unknown,,unknown,,unknown,,,,,,,
1742690,,unknown,,unknown,,unknown,,,,,,,
1742720,,unknown,,unknown,,unknown,,,,,,,
1742790,,unknown,,unknown,,unknown,,,,,,,
1742810,,unknown,,unknown,,unknown,,,,,,,
1742840,,unknown,,unknown,,unknown,,,,,,,
1742900,,unknown,,unknown,,unknown,,,,,,,
1742960,,unknown,,unknown,,unknown,,,,,,,
1742990,,unknown,,unknown,,unknown,,,,,,,
1743020,,unknown,,unknown,,unknown,,,,,,,
1743050,,unknown,,unknown,,unknown,,,,,,,
1743110,,unknown,,unknown,,unknown,,,,,,,
1743330,,unknown,,unknown,,unknown,,,,,,,
1743380,,unknown,,unknown,,unknown,,,,,,,
1743800,,unknown,,unknown,,unknown,,,,,,,
1743860,,unknown,,unknown,,unknown,,,,,,,
616260,2020Q3,exact,2020Q1,backcast_award_minus_2q,2019Q4,from_applied_minus_1q,2021Q2,nanQnan,nanQnan,3.0,,,
1743960,,unknown,,unknown,,unknown,,,,,,,
1743962,,unknown,,unknown,,unknown,,,,,,,
1743963,,unknown,,unknown,,unknown,,,,,,,
1743965,,unknown,,unknown,,unknown,,,,,,,
1800006,,unknown,,unknown,,unknown,,,,,,,
1800007,,unknown,,unknown,,unknown,,,,,,,
6600002,2022Q4,exact,2022Q2,backcast_award_minus_2q,2022Q1,from_applied_minus_1q,nanQnan,nanQnan,nanQnan,,,,
1800009,,unknown,,unknown,,unknown,,,,,,,
1800010,,unknown,,unknown,,unknown,,,,,,,
1800011,,unknown,,unknown,,unknown,,,,,,,
1800013,,unknown,,unknown,,unknown,,,,,,,
1800014,,unknown,,unknown,,unknown,,,,,,,
1800016,,unknown,,unknown,,unknown,,,,,,,
1800018,,unknown,,unknown,,unknown,,,,,,,
1800020,,unknown,,unknown,,unknown,,,,,,,
1800021,,unknown,,unknown,,unknown,,,,,,,
1800023,,unknown,,unknown,,unknown,,,,,,,
1800024,,unknown,,unknown,,unknown,,,,,,,
1800025,,unknown,,unknown,,unknown,,,,,,,
1800027,,unknown,,unknown,,unknown,,,,,,,
1800028,,unknown,,unknown,,unknown,,,,,,,
1800030,,unknown,,unknown,,unknown,,,,,,,
1800033,,unknown,,unknown,,unknown,,,,,,,
1800034,,unknown,,unknown,,unknown,,,,,,,
1800036,,unknown,,unknown,,unknown,,,,,,,
1800037,,unknown,,unknown,,unknown,,,,,,,
1800038,,unknown,,unknown,,unknown,,,,,,,
1800040,,unknown,,unknown,,unknown,,,,,,,
1800041,,unknown,,unknown,,unknown,,,,,,,
1800042,,unknown,,unknown,,unknown,,,,,,,
1800043,,unknown,,unknown,,unknown,,,,,,,
1800045,,unknown,,unknown,,unknown,,,,,,,
1800046,,unknown,,unknown,,unknown,,,,,,,
1800048,,unknown,,unknown,,unknown,,,,,,,
1800050,,unknown,,unknown,,unknown,,,,,,,
1800051,,unknown,,unknown,,unknown,,,,,,,
1800052,,unknown,,unknown,,unknown,,,,,,,
1800054,,unknown,,unknown,,unknown,,,,,,,
1800057,,unknown,,unknown,,unknown,,,,,,,
1800058,,unknown,,unknown,,unknown,,,,,,,
1800060,,unknown,,unknown,,unknown,,,,,,,
1800061,,unknown,,unknown,,unknown,,,,,,,
1800064,,unknown,,unknown,,unknown,,,,,,,
1800065,,unknown,,unknown,,unknown,,,,,,,
1800067,,unknown,,unknown,,unknown,,,,,,,
1800070,,unknown,,unknown,,unknown,,,,,,,
1800071,,unknown,,unknown,,unknown,,,,,,,
1800077,,unknown,,unknown,,unknown,,,,,,,
1800078,,unknown,,unknown,,unknown,,,,,,,
1800079,,unknown,,unknown,,unknown,,,,,,,
1800080,,unknown,,unknown,,unknown,,,,,,,
1800082,,unknown,,unknown,,unknown,,,,,,,
1800083,,unknown,,unknown,,unknown,,,,,,,
1800086,,unknown,,unknown,,unknown,,,,,,,
1800088,,unknown,,unknown,,unknown,,,,,,,
1800090,,unknown,,unknown,,unknown,,,,,,,
1800093,,unknown,,unknown,,unknown,,,,,,,
1800094,,unknown,,unknown,,unknown,,,,,,,
1800098,,unknown,,unknown,,unknown,,,,,,,
1800099,,unknown,,unknown,,unknown,,,,,,,
1800101,,unknown,,unknown,,unknown,,,,,,,
1800102,,unknown,,unknown,,unknown,,,,,,,
1800105,,unknown,,unknown,,unknown,,,,,,,
1800107,,unknown,,unknown,,unknown,,,,,,,
1800108,,unknown,,unknown,,unknown,,,,,,,
1800110,,unknown,,unknown,,unknown,,,,,,,
1800113,,unknown,,unknown,,unknown,,,,,,,
1800116,,unknown,,unknown,,unknown,,,,,,,
100202,2024Q2,exact,2023Q4,backcast_award_minus_2q,2023Q3,from_applied_minus_1q,nanQnan,nanQnan,nanQnan,,,,
1800120,,unknown,,unknown,,unknown,,,,,,,
1800122,,unknown,,unknown,,unknown,,,,,,,
1800123,,unknown,,unknown,,unknown,,,,,,,
1800124,,unknown,,unknown,,unknown,,,,,,,
1800129,,unknown,,unknown,,unknown,,,,,,,
1800130,,unknown,,unknown,,unknown,,,,,,,
1800131,,unknown,,unknown,,unknown,,,,,,,
1800133,,unknown,,unknown,,unknown,,,,,,,
1800134,,unknown,,unknown,,unknown,,,,,,,
1800135,,unknown,,unknown,,unknown,,,,,,,
1800137,,unknown,,unknown,,unknown,,,,,,,
1800138,,unknown,,unknown,,unknown,,,,,,,
1800140,,unknown,,unknown,,unknown,,,,,,,
1800142,,unknown,,unknown,,unknown,,,,,,,
1800145,,unknown,,unknown,,unknown,,,,,,,
1800146,,unknown,,unknown,,unknown,,,,,,,
1800147,,unknown,,unknown,,unknown,,,,,,,
1800148,,unknown,,unknown,,unknown,,,,,,,
1800149,,unknown,,unknown,,unknown,,,,,,,
1800150,,unknown,,unknown,,unknown,,,,,,,
1800159,,unknown,,unknown,,unknown,,,,,,,
1800161,,unknown,,unknown,,unknown,,,,,,,
1800163,,unknown,,unknown,,unknown,,,,,,,
1800164,,unknown,,unknown,,unknown,,,,,,,
1800165,,unknown,,unknown,,unknown,,,,,,,
1800168,,unknown,,unknown,,unknown,,,,,,,
1800169,,unknown,,unknown,,unknown,,,,,,,
1800170,,unknown,,unknown,,unknown,,,,,,,
2801710,2024Q2,exact,2023Q4,backcast_award_minus_2q,2023Q3,from_applied_minus_1q,nanQnan,nanQnan,nanQnan,,,,
1800172,,unknown,,unknown,,unknown,,,,,,,
1800175,,unknown,,unknown,,unknown,,,,,,,
1800176,,unknown,,unknown,,unknown,,,,,,,
1800178,,unknown,,unknown,,unknown,,,,,,,
1800179,,unknown,,unknown,,unknown,,,,,,,
1800180,,unknown,,unknown,,unknown,,,,,,,
1800181,,unknown,,unknown,,unknown,,,,,,,
1800182,,unknown,,unknown,,unknown,,,,,,,
1800183,,unknown,,unknown,,unknown,,,,,,,
1800184,,unknown,,unknown,,unknown,,,,,,,
1800185,,unknown,,unknown,,unknown,,,,,,,
1800187,,unknown,,unknown,,unknown,,,,,,,
1800188,,unknown,,unknown,,unknown,,,,,,,
1800189,,unknown,,unknown,,unknown,,,,,,,
1800191,,unknown,,unknown,,unknown,,,,,,,
1800192,,unknown,,unknown,,unknown,,,,,,,
1800193,,unknown,,unknown,,unknown,,,,,,,
1800194,,unknown,,unknown,,unknown,,,,,,,
3406390,2024Q2,exact,2023Q4,backcast_award_minus_2q,2023Q3,from_applied_minus_1q,nanQnan,nanQnan,nanQnan,,,,
1800197,,unknown,,unknown,,unknown,,,,,,,
1800198,,unknown,,unknown,,unknown,,,,,,,
1800199,,unknown,,unknown,,unknown,,,,,,,
1800200,,unknown,,unknown,,unknown,,,,,,,
1800202,,unknown,,unknown,,unknown,,,,,,,
1800203,,unknown,,unknown,,unknown,,,,,,,
1800204,,unknown,,unknown,,unknown,,,,,,,
1800205,,unknown,,unknown,,unknown,,,,,,,
1800206,,unknown,,unknown,,unknown,,,,,,,
1800207,,unknown,,unknown,,unknown,,,,,,,
1800208,,unknown,,unknown,,unknown,,,,,,,
1800209,,unknown,,unknown,,unknown,,,,,,,
1800210,,unknown,,unknown,,unknown,,,,,,,
1800211,,unknown,,unknown,,unknown,,,,,,,
1800212,,unknown,,unknown,,unknown,,,,,,,
1800213,,unknown,,unknown,,unknown,,,,,,,
1800214,,unknown,,unknown,,unknown,,,,,,,
1800215,,unknown,,unknown,,unknown,,,,,,,
1800216,,unknown,,unknown,,unknown,,,,,,,
1800217,,unknown,,unknown,,unknown,,,,,,,
1800218,,unknown,,unknown,,unknown,,,,,,,
1800219,,unknown,,unknown,,unknown,,,,,,,
1800220,,unknown,,unknown,,unknown,,,,,,,
1800221,,unknown,,unknown,,unknown,,,,,,,
1800222,,unknown,,unknown,,unknown,,,,,,,
1800223,,unknown,,unknown,,unknown,,,,,,,
1800224,,unknown,,unknown,,unknown,,,,,,,
1800225,,unknown,,unknown,,unknown,,,,,,,
1800226,,unknown,,unknown,,unknown,,,,,,,
1800227,,unknown,,unknown,,unknown,,,,,,,
1800228,,unknown,,unknown,,unknown,,,,,,,
1800229,,unknown,,unknown,,unknown,,,,,,,
1800230,,unknown,,unknown,,unknown,,,,,,,
1800231,,unknown,,unknown,,unknown,,,,,,,
1800232,,unknown,,unknown,,unknown,,,,,,,
1800240,,unknown,,unknown,,unknown,,,,,,,
1800270,,unknown,,unknown,,unknown,,,,,,,
1800330,,unknown,,unknown,,unknown,,,,,,,
3406450,2021Q4,exact,2021Q2,backcast_award_minus_2q,2021Q1,from_applied_minus_1q,nanQnan,nanQnan,nanQnan,,,,
1800390,,unknown,,unknown,,unknown,,,,,,,
1800420,,unknown,,unknown,,unknown,,,,,,,
1800450,,unknown,,unknown,,unknown,,,,,,,
1800480,,unknown,,unknown,,unknown,,,,,,,
1800570,,unknown,,unknown,,unknown,,,,,,,
1800600,,unknown,,unknown,,unknown,,,,,,,
4211310,2022Q4,exact,2022Q2,backcast_award_minus_2q,2022Q1,from_applied_minus_1q,2023Q2,2024Q4,nanQnan,2.0,6.0,,
1800660,,unknown,,unknown,,unknown,,,,,,,
1800690,,unknown,,unknown,,unknown,,,,,,,
1800720,,unknown,,unknown,,unknown,,,,,,,
1800750,,unknown,,unknown,,unknown,,,,,,,
1800840,,unknown,,unknown,,unknown,,,,,,,
1800900,,unknown,,unknown,,unknown,,,,,,,
1800960,,unknown,,unknown,,unknown,,,,,,,
1801020,,unknown,,unknown,,unknown,,,,,,,
1801050,,unknown,,unknown,,unknown,,,,,,,
1801060,,unknown,,unknown,,unknown,,,,,,,
1801170,,unknown,,unknown,,unknown,,,,,,,
3701950,2022Q4,exact,2022Q2,backcast_award_minus_2q,2022Q1,from_applied_minus_1q,nanQnan,2024Q1,2024Q1,,,0.0,5.0
1801230,,unknown,,unknown,,unknown,,,,,,,
1801290,,unknown,,unknown,,unknown,,,,,,,
2006840,2022Q4,exact,2022Q2,backcast_award_minus_2q,2022Q1,from_applied_minus_1q,2023Q2,2023Q3,2023Q3,2.0,1.0,0.0,3.0
1801440,,unknown,,unknown,,unknown,,,,,,,
1801470,,unknown,,unknown,,unknown,,,,,,,
1801560,,unknown,,unknown,,unknown,,,,,,,
1801590,,unknown,,unknown,,unknown,,,,,,,
1801710,,unknown,,unknown,,unknown,,,,,,,
3013260,2023Q4,exact,2023Q2,backcast_award_minus_2q,2023Q1,from_applied_minus_1q,nanQnan,nanQnan,nanQnan,,,,
1801770,,unknown,,unknown,,unknown,,,,,,,
1801890,,unknown,,unknown,,unknown,,,,,,,
1801920,,unknown,,unknown,,unknown,,,,,,,
1802040,,unknown,,unknown,,unknown,,,,,,,
1802130,,unknown,,unknown,,unknown,,,,,,,
1802160,,unknown,,unknown,,unknown,,,,,,,
1802190,,unknown,,unknown,,unknown,,,,,,,
1802220,,unknown,,unknown,,unknown,,,,,,,
1802280,,unknown,,unknown,,unknown,,,,,,,
1802400,,unknown,,unknown,,unknown,,,,,,,
1802420,,unknown,,unknown,,unknown,,,,,,,
1802430,,unknown,,unknown,,unknown,,,,,,,
1802440,,unknown,,unknown,,unknown,,,,,,,
1810650,2021Q3,exact,2021Q1,backcast_award_minus_2q,2020Q4,from_applied_minus_1q,2022Q2,2023Q1,2023Q2,3.0,3.0,1.0,7.0
4503912,2022Q4,exact,2022Q2,backcast_award_minus_2q,2022Q1,from_applied_minus_1q,nanQnan,2024Q1,2024Q1,,,0.0,5.0
1802520,,unknown,,unknown,,unknown,,,,,,,
1802550,,unknown,,unknown,,unknown,,,,,,,
1802580,,unknown,,unknown,,unknown,,,,,,,
1802610,,unknown,,unknown,,unknown,,,,,,,
1802640,,unknown,,unknown,,unknown,,,,,,,
1802660,,unknown,,unknown,,unknown,,,,,,,
5101800,2019Q4,exact,2019Q2,backcast_award_minus_2q,2019Q1,from_applied_minus_1q,2020Q3,2021Q1,2021Q2,3.0,2.0,1.0,6.0
1802800,,unknown,,unknown,,unknown,,,,,,,
1802830,,unknown,,unknown,,unknown,,,,,,,
1802850,,unknown,,unknown,,unknown,,,,,,,
1802880,2024Q2,exact,2023Q4,backcast_award_minus_2q,2023Q3,from_applied_minus_1q,nanQnan,nanQnan,nanQnan,,,,
1802910,,unknown,,unknown,,unknown,,,,,,,
1802940,,unknown,,unknown,,unknown,,,,,,,
1802970,,unknown,,unknown,,unknown,,,,,,,
2913620,2023Q4,exact,2023Q2,backcast_award_minus_2q,2023Q1,from_applied_minus_1q,nanQnan,nanQnan,nanQnan,,,,
1803030,,unknown,,unknown,,unknown,,,,,,,
1803060,,unknown,,unknown,,unknown,,,,,,,
1803090,,unknown,,unknown,,unknown,,,,,,,
1803120,,unknown,,unknown,,unknown,,,,,,,
1803150,,unknown,,unknown,,unknown,,,,,,,
1803180,,unknown,,unknown,,unknown,,,,,,,
1803210,,unknown,,unknown,,unknown,,,,,,,
1803240,,unknown,,unknown,,unknown,,,,,,,
1803270,,unknown,2020Q2,program_calendar,2020Q1,from_applied_minus_1q,,,,,,,
1803300,,unknown,,unknown,,unknown,,,,,,,
1803330,,unknown,,unknown,,unknown,,,,,,,
1803450,,unknown,,unknown,,unknown,,,,,,,
1803480,,unknown,,unknown,,unknown,,,,,,,
1803510,,unknown,,unknown,,unknown,,,,,,,
1803570,,unknown,,unknown,,unknown,,,,,,,
1803630,,unknown,,unknown,,unknown,,,,,,,
1803660,,unknown,,unknown,,unknown,,,,,,,
1803690,,unknown,,unknown,,unknown,,,,,,,
1803700,,unknown,,unknown,,unknown,,,,,,,
1803720,,unknown,,unknown,,unknown,,,,,,,
1803750,,unknown,,unknown,,unknown,,,,,,,
1803780,,unknown,,unknown,,unknown,,,,,,,
1803810,,unknown,,unknown,,unknown,,,,,,,
1803840,,unknown,,unknown,,unknown,,,,,,,
1803870,,unknown,,unknown,,unknown,,,,,,,
616470,2019Q3,exact,2019Q1,backcast_award_minus_2q,2018Q4,from_applied_minus_1q,2020Q2,2020Q4,2021Q1,3.0,2.0,1.0,6.0
1803940,,unknown,,unknown,,unknown,,,,,,,
1803960,,unknown,,unknown,,unknown,,,,,,,
1803990,,unknown,,unknown,,unknown,,,,,,,
1804050,,unknown,,unknown,,unknown,,,,,,,
1804080,,unknown,,unknown,,unknown,,,,,,,
1804110,,unknown,,unknown,,unknown,,,,,,,
1804140,,unknown,,unknown,,unknown,,,,,,,
1804170,,unknown,,unknown,,unknown,,,,,,,
1804230,,unknown,,unknown,,unknown,,,,,,,
1804260,,unknown,,unknown,,unknown,,,,,,,
1804320,,unknown,,unknown,,unknown,,,,,,,
1804350,,unknown,,unknown,,unknown,,,,,,,
1804470,,unknown,,unknown,,unknown,,,,,,,
1804500,,unknown,,unknown,,unknown,,,,,,,
1804560,,unknown,,unknown,,unknown,,,,,,,
1804590,,unknown,,unknown,,unknown,,,,,,,
1804620,,unknown,,unknown,,unknown,,,,,,,
1804710,,unknown,,unknown,,unknown,,,,,,,
616500,2019Q3,exact,2019Q1,backcast_award_minus_2q,2018Q4,from_applied_minus_1q,2020Q2,2024Q1,2024Q1,3.0,15.0,0.0,18.0
1804800,,unknown,,unknown,,unknown,,,,,,,
1804980,,unknown,,unknown,,unknown,,,,,,,
1805190,,unknown,,unknown,,unknown,,,,,,,
1805240,,unknown,,unknown,,unknown,,,,,,,
1805280,,unknown,,unknown,,unknown,,,,,,,
1805340,,unknown,,unknown,,unknown,,,,,,,
1805370,,unknown,,unknown,,unknown,,,,,,,
1805400,,unknown,,unknown,,unknown,,,,,,,
1805450,,unknown,,unknown,,unknown,,,,,,,
1805460,,unknown,,unknown,,unknown,,,,,,,
1805520,,unknown,,unknown,,unknown,,,,,,,
1805550,,unknown,,unknown,,unknown,,,,,,,
1805580,,unknown,,unknown,,unknown,,,,,,,
1805670,,unknown,,unknown,,unknown,,,,,,,
1805700,,unknown,,unknown,,unknown,,,,,,,
1805790,,unknown,,unknown,,unknown,,,,,,,
1805880,,unknown,,unknown,,unknown,,,,,,,
1805910,,unknown,,unknown,,unknown,,,,,,,
1806030,,unknown,,unknown,,unknown,,,,,,,
1806060,,unknown,,unknown,,unknown,,,,,,,
1806080,,unknown,,unknown,,unknown,,,,,,,
1806090,,unknown,2020Q2,program_calendar,2020Q1,from_applied_minus_1q,,,,,,,
1806100,,unknown,,unknown,,unknown,,,,,,,
1806120,,unknown,,unknown,,unknown,,,,,,,
1806240,,unknown,,unknown,,unknown,,,,,,,
1806270,,unknown,,unknown,,unknown,,,,,,,
1806390,,unknown,,unknown,,unknown,,,,,,,
1806480,,unknown,,unknown,,unknown,,,,,,,
1806510,,unknown,,unknown,,unknown,,,,,,,
1806570,,unknown,,unknown,,unknown,,,,,,,
1806600,,unknown,,unknown,,unknown,,,,,,,
1806630,,unknown,,unknown,,unknown,,,,,,,
1806660,,unknown,,unknown,,unknown,,,,,,,
1806840,,unknown,,unknown,,unknown,,,,,,,
1806870,,unknown,,unknown,,unknown,,,,,,,
1806900,,unknown,,unknown,,unknown,,,,,,,
1807020,,unknown,,unknown,,unknown,,,,,,,
1807080,,unknown,,unknown,,unknown,,,,,,,
1807110,,unknown,,unknown,,unknown,,,,,,,
1807140,,unknown,,unknown,,unknown,,,,,,,
1807230,,unknown,,unknown,,unknown,,,,,,,
1807260,,unknown,,unknown,,unknown,,,,,,,
1807290,,unknown,,unknown,,unknown,,,,,,,
1807320,,unknown,,unknown,,unknown,,,,,,,
3303600,2024Q2,exact,2023Q4,backcast_award_minus_2q,2023Q3,from_applied_minus_1q,nanQnan,nanQnan,nanQnan,,,,
1807380,,unknown,,unknown,,unknown,,,,,,,
1807410,,unknown,,unknown,,unknown,,,,,,,
1807440,,unknown,,unknown,,unknown,,,,,,,
1807470,,unknown,,unknown,,unknown,,,,,,,
1807560,,unknown,,unknown,,unknown,,,,,,,
1807620,,unknown,,unknown,,unknown,,,,,,,
1807650,,unknown,,unknown,,unknown,,,,,,,
1807680,,unknown,,unknown,,unknown,,,,,,,
1807710,,unknown,,unknown,,unknown,,,,,,,
1807770,,unknown,,unknown,,unknown,,,,,,,
1807800,,unknown,,unknown,,unknown,,,,,,,
1807830,,unknown,,unknown,,unknown,,,,,,,
1807860,,unknown,,unknown,,unknown,,,,,,,
1807890,,unknown,,unknown,,unknown,,,,,,,
1807900,,unknown,,unknown,,unknown,,,,,,,
1807920,,unknown,,unknown,,unknown,,,,,,,
1807950,,unknown,,unknown,,unknown,,,,,,,
1807980,,unknown,,unknown,,unknown,,,,,,,
1808010,,unknown,,unknown,,unknown,,,,,,,
1808040,,unknown,,unknown,,unknown,,,,,,,
1808070,,unknown,,unknown,,unknown,,,,,,,
1808100,,unknown,,unknown,,unknown,,,,,,,
1808120,,unknown,,unknown,,unknown,,,,,,,
1808130,,unknown,,unknown,,unknown,,,,,,,
1808160,,unknown,,unknown,,unknown,,,,,,,
4602640,2022Q4,exact,2022Q2,backcast_award_minus_2q,2022Q1,from_applied_minus_1q,2022Q4,2023Q2,2023Q2,0.0,2.0,0.0,2.0
1808220,,unknown,,unknown,,unknown,,,,,,,
1808250,,unknown,,unknown,,unknown,,,,,,,
1808280,,unknown,,unknown,,unknown,,,,,,,
1808310,,unknown,,unknown,,unknown,,,,,,,
1808320,,unknown,,unknown,,unknown,,,,,,,
1808340,,unknown,,unknown,,unknown,,,,,,,
1808460,,unknown,,unknown,,unknown,,,,,,,
1808490,,unknown,,unknown,,unknown,,,,,,,
1808640,,unknown,,unknown,,unknown,,,,,,,
1808760,,unknown,,unknown,,unknown,,,,,,,
1808820,,unknown,,unknown,,unknown,,,,,,,
1808850,,unknown,,unknown,,unknown,,,,,,,
1808900,,unknown,,unknown,,unknown,,,,,,,
1808910,,unknown,,unknown,,unknown,,,,,,,
1808940,,unknown,,unknown,,unknown,,,,,,,
1808970,,unknown,,unknown,,unknown,,,,,,,
1809000,,unknown,,unknown,,unknown,,,,,,,
1809060,,unknown,,unknown,,unknown,,,,,,,
1809120,,unknown,,unknown,,unknown,,,,,,,
1809130,,unknown,,unknown,,unknown,,,,,,,
1809150,,unknown,,unknown,,unknown,,,,,,,
1809180,,unknown,,unknown,,unknown,,,,,,,
1809300,,unknown,,unknown,,unknown,,,,,,,
1809360,,unknown,,unknown,,unknown,,,,,,,
616570,2020Q1,exact,2019Q3,backcast_award_minus_2q,2019Q2,from_applied_minus_1q,2020Q4,2022Q1,2022Q2,3.0,5.0,1.0,9.0
1809480,,unknown,,unknown,,unknown,,,,,,,
1809510,,unknown,,unknown,,unknown,,,,,,,
1809600,,unknown,,unknown,,unknown,,,,,,,
1809630,,unknown,,unknown,,unknown,,,,,,,
1809690,,unknown,,unknown,,unknown,,,,,,,
1809720,,unknown,,unknown,,unknown,,,,,,,
1809750,,unknown,,unknown,,unknown,,,,,,,
1809810,,unknown,,unknown,,unknown,,,,,,,
1809840,,unknown,,unknown,,unknown,,,,,,,
1809990,,unknown,,unknown,,unknown,,,,,,,
1810020,,unknown,,unknown,,unknown,,,,,,,
1810080,,unknown,,unknown,,unknown,,,,,,,
1810110,,unknown,,unknown,,unknown,,,,,,,
1810140,,unknown,,unknown,,unknown,,,,,,,
1810170,,unknown,,unknown,,unknown,,,,,,,
1810230,,unknown,,unknown,,unknown,,,,,,,
1810260,,unknown,,unknown,,unknown,,,,,,,
2600007,2022Q4,exact,2022Q2,backcast_award_minus_2q,2022Q1,from_applied_minus_1q,nanQnan,2023Q3,2023Q3,,,0.0,3.0
1810310,,unknown,,unknown,,unknown,,,,,,,
1810350,,unknown,,unknown,,unknown,,,,,,,
1810360,,unknown,,unknown,,unknown,,,,,,,
1810380,,unknown,,unknown,,unknown,,,,,,,
1810410,,unknown,,unknown,,unknown,,,,,,,
1810440,,unknown,,unknown,,unknown,,,,,,,
1810450,,unknown,,unknown,,unknown,,,,,,,
1810470,,unknown,,unknown,,unknown,,,,,,,
1810500,,unknown,,unknown,,unknown,,,,,,,
1810530,,unknown,2020Q2,program_calendar,2020Q1,from_applied_minus_1q,,,,,,,
1810560,,unknown,,unknown,,unknown,,,,,,,
1810590,,unknown,,unknown,,unknown,,,,,,,
1810620,,unknown,,unknown,,unknown,,,,,,,
1810640,,unknown,,unknown,,unknown,,,,,,,
4701680,2023Q4,exact,2023Q2,backcast_award_minus_2q,2023Q1,from_applied_minus_1q,nanQnan,nanQnan,nanQnan,,,,
1810660,,unknown,,unknown,,unknown,,,,,,,
1810680,,unknown,,unknown,,unknown,,,,,,,
1810710,,unknown,,unknown,,unknown,,,,,,,
1810740,,unknown,,unknown,,unknown,,,,,,,
1810770,,unknown,,unknown,,unknown,,,,,,,
1810800,,unknown,,unknown,,unknown,,,,,,,
1810830,,unknown,,unknown,,unknown,,,,,,,
1810860,,unknown,,unknown,,unknown,,,,,,,
1810870,,unknown,,unknown,,unknown,,,,,,,
1810900,,unknown,,unknown,,unknown,,,,,,,
1810920,,unknown,,unknown,,unknown,,,,,,,
1810950,,unknown,,unknown,,unknown,,,,,,,
1810980,,unknown,,unknown,,unknown,,,,,,,
1811100,,unknown,,unknown,,unknown,,,,,,,
1811190,,unknown,,unknown,,unknown,,,,,,,
1811220,,unknown,,unknown,,unknown,,,,,,,
1811250,,unknown,,unknown,,unknown,,,,,,,
1811260,,unknown,,unknown,,unknown,,,,,,,
1811340,,unknown,,unknown,,unknown,,,,,,,
1811370,,unknown,,unknown,,unknown,,,,,,,
1811400,,unknown,,unknown,,unknown,,,,,,,
1811430,,unknown,,unknown,,unknown,,,,,,,
1811460,,unknown,,unknown,,unknown,,,,,,,
1811490,,unknown,,unknown,,unknown,,,,,,,
1811580,,unknown,,unknown,,unknown,,,,,,,
1811600,,unknown,,unknown,,unknown,,,,,,,
1811610,,unknown,,unknown,,unknown,,,,,,,
1811700,,unknown,,unknown,,unknown,,,,,,,
1811730,,unknown,,unknown,,unknown,,,,,,,
1811910,,unknown,,unknown,,unknown,,,,,,,
1811930,,unknown,,unknown,,unknown,,,,,,,
1811970,,unknown,,unknown,,unknown,,,,,,,
1812060,,unknown,,unknown,,unknown,,,,,,,
1812090,,unknown,,unknown,,unknown,,,,,,,
1812120,,unknown,,unknown,,unknown,,,,,,,
1812150,,unknown,,unknown,,unknown,,,,,,,
1812180,,unknown,,unknown,,unknown,,,,,,,
1812240,,unknown,,unknown,,unknown,,,,,,,
1812360,,unknown,,unknown,,unknown,,,,,,,
1812390,,unknown,,unknown,,unknown,,,,,,,
1812420,,unknown,,unknown,,unknown,,,,,,,
1812450,,unknown,,unknown,,unknown,,,,,,,
1718200,2022Q4,exact,2022Q2,backcast_award_minus_2q,2022Q1,from_applied_minus_1q,2022Q4,2023Q4,2023Q4,0.0,4.0,0.0,4.0
1812810,2024Q2,exact,2023Q4,backcast_award_minus_2q,2023Q3,from_applied_minus_1q,nanQnan,nanQnan,nanQnan,,,,
1812870,,unknown,,unknown,,unknown,,,,,,,
1812880,,unknown,,unknown,,unknown,,,,,,,
1812900,,unknown,,unknown,,unknown,,,,,,,
1812930,,unknown,,unknown,,unknown,,,,,,,
1718240,2024Q2,exact,2023Q4,backcast_award_minus_2q,2023Q3,from_applied_minus_1q,nanQnan,nanQnan,nanQnan,,,,
1813050,,unknown,,unknown,,unknown,,,,,,,
1813080,,unknown,,unknown,,unknown,,,,,,,
1813110,,unknown,,unknown,,unknown,,,,,,,
1813200,,unknown,,unknown,,unknown,,,,,,,
1813230,,unknown,,unknown,,unknown,,,,,,,
1813231,,unknown,,unknown,,unknown,,,,,,,
1813232,,unknown,,unknown,,unknown,,,,,,,
1813233,,unknown,,unknown,,unknown,,,,,,,
1813234,,unknown,,unknown,,unknown,,,,,,,
1900006,,unknown,,unknown,,unknown,,,,,,,
1900009,,unknown,,unknown,,unknown,,,,,,,
1900015,,unknown,,unknown,,unknown,,,,,,,
1900021,,unknown,,unknown,,unknown,,,,,,,
2200220,2022Q4,exact,2022Q2,backcast_award_minus_2q,2022Q1,from_applied_minus_1q,nanQnan,2024Q1,2024Q1,,,0.0,5.0
1900023,,unknown,,unknown,,unknown,,,,,,,
1900024,,unknown,,unknown,,unknown,,,,,,,
1900025,,unknown,,unknown,,unknown,,,,,,,
1900026,,unknown,,unknown,,unknown,,,,,,,
1900027,,unknown,2020Q2,program_calendar,2020Q1,from_applied_minus_1q,,,,,,,
1900028,,unknown,,unknown,,unknown,,,,,,,
4211580,2022Q4,exact,2022Q2,backcast_award_minus_2q,2022Q1,from_applied_minus_1q,nanQnan,2024Q1,2024Q1,,,0.0,5.0
1900032,,unknown,,unknown,,unknown,,,,,,,
1900040,,unknown,,unknown,,unknown,,,,,,,
1900060,,unknown,,unknown,,unknown,,,,,,,
1900488,,unknown,,unknown,,unknown,,,,,,,
1903060,,unknown,,unknown,,unknown,,,,,,,
1903090,2024Q2,exact,2023Q4,backcast_award_minus_2q,2023Q3,from_applied_minus_1q,nanQnan,nanQnan,nanQnan,,,,
1903150,,unknown,,unknown,,unknown,,,,,,,
5400510,2022Q1,exact,2021Q3,backcast_award_minus_2q,2021Q2,from_applied_minus_1q,2023Q2,nanQnan,nanQnan,5.0,,,
5101860,2022Q2,exact,2021Q4,backcast_award_minus_2q,2021Q3,from_applied_minus_1q,2022Q3,2023Q2,2023Q2,1.0,3.0,0.0,4.0
1903300,,unknown,,unknown,,unknown,,,,,,,
1903360,,unknown,,unknown,,unknown,,,,,,,
1903390,,unknown,,unknown,,unknown,,,,,,,
1903450,,unknown,,unknown,,unknown,,,,,,,
1903480,,unknown,2020Q2,program_calendar,2020Q1,from_applied_minus_1q,,,,,,,
1903540,,unknown,,unknown,,unknown,,,,,,,
1903570,,unknown,,unknown,,unknown,,,,,,,
2617880,2022Q4,exact,2022Q2,backcast_award_minus_2q,2022Q1,from_applied_minus_1q,2023Q2,2023Q3,2023Q3,2.0,1.0,0.0,3.0
1903690,,unknown,,unknown,,unknown,,,,,,,
1903750,,unknown,2020Q2,program_calendar,2020Q1,from_applied_minus_1q,,,,,,,
1903780,,unknown,,unknown,,unknown,,,,,,,
1903850,,unknown,,unknown,,unknown,,,,,,,
1903930,,unknown,,unknown,,unknown,,,,,,,
901920,2023Q4,exact,2023Q2,backcast_award_minus_2q,2023Q1,from_applied_minus_1q,nanQnan,nanQnan,nanQnan,,,,
1904080,,unknown,,unknown,,unknown,,,,,,,
1904200,,unknown,,unknown,,unknown,,,,,,,
1904380,,unknown,,unknown,,unknown,,,,,,,
3808890,2023Q4,exact,2023Q2,backcast_award_minus_2q,2023Q1,from_applied_minus_1q,nanQnan,nanQnan,nanQnan,,,,
1904560,,unknown,,unknown,,unknown,,,,,,,
1904620,,unknown,,unknown,,unknown,,,,,,,
1904650,,unknown,,unknown,,unknown,,,,,,,
1904680,,unknown,,unknown,,unknown,,,,,,,
1904740,,unknown,,unknown,,unknown,,,,,,,
1904830,,unknown,,unknown,,unknown,,,,,,,
1904860,,unknown,,unknown,,unknown,,,,,,,
1904950,,unknown,,unknown,,unknown,,,,,,,
1905070,,unknown,2020Q2,program_calendar,2020Q1,from_applied_minus_1q,,,,,,,
1905130,,unknown,,unknown,,unknown,,,,,,,
1905190,,unknown,,unknown,,unknown,,,,,,,
1905430,,unknown,,unknown,,unknown,,,,,,,
1905490,,unknown,,unknown,,unknown,,,,,,,
1905750,,unknown,2021Q2,program_calendar,2021Q1,from_applied_minus_1q,,,,,,,
1905790,,unknown,2020Q2,program_calendar,2020Q1,from_applied_minus_1q,,,,,,,
1905940,,unknown,,unknown,,unknown,,,,,,,
1905970,,unknown,,unknown,,unknown,,,,,,,
1906000,,unknown,,unknown,,unknown,,,,,,,
1906060,,unknown,,unknown,,unknown,,,,,,,
1906240,,unknown,,unknown,,unknown,,,,,,,
1906270,,unknown,,unknown,,unknown,,,,,,,
1906330,,unknown,,unknown,,unknown,,,,,,,
1906510,,unknown,,unknown,,unknown,,,,,,,
1718450,2023Q4,exact,2023Q2,backcast_award_minus_2q,2023Q1,from_applied_minus_1q,nanQnan,nanQnan,nanQnan,,,,
1906660,,unknown,2020Q2,program_calendar,2020Q1,from_applied_minus_1q,,,,,,,
1906750,,unknown,,unknown,,unknown,,,,,,,
1906780,,unknown,2020Q2,program_calendar,2020Q1,from_applied_minus_1q,,,,,,,
1906810,,unknown,,unknown,,unknown,,,,,,,
1906840,,unknown,,unknown,,unknown,,,,,,,
1906900,,unknown,,unknown,,unknown,,,,,,,
2505970,2022Q1,exact,2021Q3,backcast_award_minus_2q,2021Q2,from_applied_minus_1q,2022Q2,2023Q1,2023Q2,1.0,3.0,1.0,5.0
1906960,,unknown,,unknown,,unknown,,,,,,,
1907050,,unknown,,unknown,,unknown,,,,,,,
1907080,,unknown,,unknown,,unknown,,,,,,,
1907110,,unknown,,unknown,,unknown,,,,,,,
1907170,,unknown,,unknown,,unknown,,,,,,,
1907350,,unknown,,unknown,,unknown,,,,,,,
1907380,,unknown,,unknown,,unknown,,,,,,,
1907410,,unknown,,unknown,,unknown,,,,,,,
1907440,,unknown,,unknown,,unknown,,,,,,,
1907470,,unknown,,unknown,,unknown,,,,,,,
1907590,,unknown,,unknown,,unknown,,,,,,,
1907620,,unknown,,unknown,,unknown,,,,,,,
1907710,,unknown,,unknown,,unknown,,,,,,,
1907860,,unknown,,unknown,,unknown,,,,,,,
1907900,,unknown,,unknown,,unknown,,,,,,,
1907920,,unknown,,unknown,,unknown,,,,,,,
1907980,,unknown,,unknown,,unknown,,,,,,,
3614010,2024Q2,exact,2023Q4,backcast_award_minus_2q,2023Q3,from_applied_minus_1q,nanQnan,nanQnan,nanQnan,,,,
1908130,,unknown,,unknown,,unknown,,,,,,,
1908220,,unknown,,unknown,,unknown,,,,,,,
1908310,,unknown,,unknown,,unknown,,,,,,,
1908520,,unknown,,unknown,,unknown,,,,,,,
1908550,,unknown,,unknown,,unknown,,,,,,,
1908580,,unknown,,unknown,,unknown,,,,,,,
1908610,,unknown,,unknown,,unknown,,,,,,,
1908730,,unknown,,unknown,,unknown,,,,,,,
1908880,,unknown,,unknown,,unknown,,,,,,,
1908910,,unknown,,unknown,,unknown,,,,,,,
1908940,,unknown,2020Q2,program_calendar,2020Q1,from_applied_minus_1q,,,,,,,
1908970,,unknown,,unknown,,unknown,,,,,,,
1909060,,unknown,,unknown,,unknown,,,,,,,
1909120,,unknown,,unknown,,unknown,,,,,,,
1909480,,unknown,,unknown,,unknown,,,,,,,
1909540,,unknown,,unknown,,unknown,,,,,,,
1909570,,unknown,,unknown,,unknown,,,,,,,
1909600,,unknown,,unknown,,unknown,,,,,,,
1909990,,unknown,,unknown,,unknown,,,,,,,
1910050,,unknown,,unknown,,unknown,,,,,,,
1910110,,unknown,,unknown,,unknown,,,,,,,
3013560,2022Q1,exact,2021Q3,backcast_award_minus_2q,2021Q2,from_applied_minus_1q,2022Q2,2023Q1,2023Q1,1.0,3.0,0.0,4.0
1910340,,unknown,,unknown,,unknown,,,,,,,
1910350,,unknown,,unknown,,unknown,,,,,,,
1910410,,unknown,,unknown,,unknown,,,,,,,
1910500,,unknown,,unknown,,unknown,,,,,,,
1910690,,unknown,,unknown,,unknown,,,,,,,
1910950,,unknown,,unknown,,unknown,,,,,,,
1910980,,unknown,,unknown,,unknown,,,,,,,
1911040,,unknown,,unknown,,unknown,,,,,,,
1911070,,unknown,,unknown,,unknown,,,,,,,
1911250,,unknown,,unknown,,unknown,,,,,,,
1911340,,unknown,,unknown,,unknown,,,,,,,
1911790,,unknown,,unknown,,unknown,,,,,,,
1911820,,unknown,,unknown,,unknown,,,,,,,
1911850,,unknown,,unknown,,unknown,,,,,,,
1912120,,unknown,,unknown,,unknown,,,,,,,
1912230,,unknown,,unknown,,unknown,,,,,,,
1912330,,unknown,,unknown,,unknown,,,,,,,
1912480,,unknown,,unknown,,unknown,,,,,,,
1912510,,unknown,,unknown,,unknown,,,,,,,
1912600,,unknown,,unknown,,unknown,,,,,,,
1912660,,unknown,,unknown,,unknown,,,,,,,
1912690,,unknown,,unknown,,unknown,,,,,,,
1912750,,unknown,,unknown,,unknown,,,,,,,
1912810,,unknown,,unknown,,unknown,,,,,,,
1913110,,unknown,,unknown,,unknown,,,,,,,
1913200,,unknown,,unknown,,unknown,,,,,,,
1913230,,unknown,,unknown,,unknown,,,,,,,
1913290,,unknown,,unknown,,unknown,,,,,,,
1913320,,unknown,,unknown,,unknown,,,,,,,
1913350,,unknown,,unknown,,unknown,,,,,,,
1913380,,unknown,,unknown,,unknown,,,,,,,
1913440,,unknown,,unknown,,unknown,,,,,,,
1913470,,unknown,,unknown,,unknown,,,,,,,
1913500,,unknown,,unknown,,unknown,,,,,,,
1913660,,unknown,,unknown,,unknown,,,,,,,
1914010,,unknown,,unknown,,unknown,,,,,,,
1914160,,unknown,2020Q2,program_calendar,2020Q1,from_applied_minus_1q,,,,,,,
1914280,,unknown,,unknown,,unknown,,,,,,,
1914310,,unknown,,unknown,,unknown,,,,,,,
1914340,,unknown,,unknown,,unknown,,,,,,,
1914370,,unknown,,unknown,,unknown,,,,,,,
1914580,,unknown,,unknown,,unknown,,,,,,,
1914640,,unknown,,unknown,,unknown,,,,,,,
1914670,,unknown,,unknown,,unknown,,,,,,,
1914700,,unknown,,unknown,,unknown,,,,,,,
1914730,,unknown,,unknown,,unknown,,,,,,,
1914850,,unknown,,unknown,,unknown,,,,,,,
1500030,,unknown,,unknown,,unknown,,,,,,,
1915180,,unknown,,unknown,,unknown,,,,,,,
1915210,,unknown,,unknown,,unknown,,,,,,,
1915330,,unknown,,unknown,,unknown,,,,,,,
1915450,,unknown,,unknown,,unknown,,,,,,,
1915630,,unknown,,unknown,,unknown,,,,,,,
1915660,,unknown,,unknown,,unknown,,,,,,,
1915750,,unknown,,unknown,,unknown,,,,,,,
1915840,,unknown,,unknown,,unknown,,,,,,,
1916110,,unknown,,unknown,,unknown,,,,,,,
1916140,,unknown,,unknown,,unknown,,,,,,,
1916320,,unknown,,unknown,,unknown,,,,,,,
1916420,,unknown,,unknown,,unknown,,,,,,,
1916440,,unknown,,unknown,,unknown,,,,,,,
1916530,,unknown,,unknown,,unknown,,,,,,,
1916620,,unknown,,unknown,,unknown,,,,,,,
1916680,,unknown,,unknown,,unknown,,,,,,,
1917100,,unknown,,unknown,,unknown,,,,,,,
1917220,,unknown,,unknown,,unknown,,,,,,,
1917250,,unknown,,unknown,,unknown,,,,,,,
3171610,2022Q4,exact,2022Q2,backcast_award_minus_2q,2022Q1,from_applied_minus_1q,nanQnan,2024Q1,2024Q1,,,0.0,5.0
1917550,,unknown,,unknown,,unknown,,,,,,,
1917820,,unknown,2020Q2,program_calendar,2020Q1,from_applied_minus_1q,,,,,,,
1917880,,unknown,,unknown,,unknown,,,,,,,
1918030,,unknown,,unknown,,unknown,,,,,,,
1918120,,unknown,,unknown,,unknown,,,,,,,
1918180,,unknown,,unknown,,unknown,,,,,,,
1918240,,unknown,,unknown,,unknown,,,,,,,
1918330,,unknown,,unknown,,unknown,,,,,,,
1918480,,unknown,,unknown,,unknown,,,,,,,
1918510,,unknown,,unknown,,unknown,,,,,,,
1918540,,unknown,,unknown,,unknown,,,,,,,
804590,2021Q3,exact,2021Q1,backcast_award_minus_2q,2020Q4,from_applied_minus_1q,2022Q2,2023Q1,2023Q2,3.0,3.0,1.0,7.0
1918690,,unknown,,unknown,,unknown,,,,,,,
1918720,,unknown,2020Q2,program_calendar,2020Q1,from_applied_minus_1q,,,,,,,
1918750,,unknown,,unknown,,unknown,,,,,,,
1918780,,unknown,,unknown,,unknown,,,,,,,
1918840,,unknown,,unknown,,unknown,,,,,,,
1918930,,unknown,,unknown,,unknown,,,,,,,
616740,2023Q2,exact,2022Q4,backcast_award_minus_2q,2022Q3,from_applied_minus_1q,2023Q3,2024Q1,2024Q1,1.0,2.0,0.0,3.0
1919140,,unknown,,unknown,,unknown,,,,,,,
1919200,,unknown,,unknown,,unknown,,,,,,,
1919440,,unknown,,unknown,,unknown,,,,,,,
1919590,,unknown,,unknown,,unknown,,,,,,,
1919650,,unknown,,unknown,,unknown,,,,,,,
1919710,,unknown,,unknown,,unknown,,,,,,,
1919740,,unknown,,unknown,,unknown,,,,,,,
1919770,,unknown,,unknown,,unknown,,,,,,,
1919800,,unknown,,unknown,,unknown,,,,,,,
1919860,,unknown,,unknown,,unknown,,,,,,,
1919890,,unknown,,unknown,,unknown,,,,,,,
1920040,,unknown,,unknown,,unknown,,,,,,,
1920100,,unknown,,unknown,,unknown,,,,,,,
1920130,,unknown,,unknown,,unknown,,,,,,,
1920190,,unknown,,unknown,,unknown,,,,,,,
1920250,,unknown,,unknown,,unknown,,,,,,,
1920340,,unknown,,unknown,,unknown,,,,,,,
1920460,,unknown,,unknown,,unknown,,,,,,,
1920580,,unknown,,unknown,,unknown,,,,,,,
1920610,,unknown,,unknown,,unknown,,,,,,,
1920760,,unknown,,unknown,,unknown,,,,,,,
1920820,,unknown,,unknown,,unknown,,,,,,,
1920830,,unknown,,unknown,,unknown,,,,,,,
1920850,,unknown,,unknown,,unknown,,,,,,,
1920910,,unknown,,unknown,,unknown,,,,,,,
1920940,,unknown,,unknown,,unknown,,,,,,,
1921000,,unknown,,unknown,,unknown,,,,,,,
1921090,,unknown,,unknown,,unknown,,,,,,,
1921210,,unknown,,unknown,,unknown,,,,,,,
1921240,,unknown,,unknown,,unknown,,,,,,,
1921600,,unknown,,unknown,,unknown,,,,,,,
1921630,,unknown,,unknown,,unknown,,,,,,,
1921660,,unknown,,unknown,,unknown,,,,,,,
1921720,,unknown,,unknown,,unknown,,,,,,,
1921810,,unknown,,unknown,,unknown,,,,,,,
1921840,,unknown,,unknown,,unknown,,,,,,,
1921870,,unknown,,unknown,,unknown,,,,,,,
1922110,,unknown,,unknown,,unknown,,,,,,,
1922380,,unknown,,unknown,,unknown,,,,,,,
1922440,,unknown,,unknown,,unknown,,,,,,,
1922470,,unknown,,unknown,,unknown,,,,,,,
1922530,,unknown,,unknown,,unknown,,,,,,,
1923110,,unknown,,unknown,,unknown,,,,,,,
1923160,,unknown,,unknown,,unknown,,,,,,,
1923190,,unknown,,unknown,,unknown,,,,,,,
1923340,,unknown,,unknown,,unknown,,,,,,,
1924000,,unknown,,unknown,,unknown,,,,,,,
1924120,,unknown,,unknown,,unknown,,,,,,,
1924150,,unknown,,unknown,,unknown,,,,,,,
1924660,,unknown,,unknown,,unknown,,,,,,,
1924870,,unknown,,unknown,,unknown,,,,,,,
1924960,,unknown,,unknown,,unknown,,,,,,,
1925050,,unknown,,unknown,,unknown,,,,,,,
1925200,,unknown,,unknown,,unknown,,,,,,,
1925320,,unknown,,unknown,,unknown,,,,,,,
1925380,,unknown,,unknown,,unknown,,,,,,,
1925410,,unknown,,unknown,,unknown,,,,,,,
1925590,,unknown,,unknown,,unknown,,,,,,,
1925620,,unknown,2021Q2,program_calendar,2021Q1,from_applied_minus_1q,,,,,,,
1925920,,unknown,,unknown,,unknown,,,,,,,
1925980,,unknown,,unknown,,unknown,,,,,,,
1926070,,unknown,,unknown,,unknown,,,,,,,
600044,2018Q1,exact,2017Q3,backcast_award_minus_2q,2017Q2,from_applied_minus_1q,2018Q2,2020Q1,2020Q2,1.0,7.0,1.0,9.0
1926280,,unknown,2020Q2,program_calendar,2020Q1,from_applied_minus_1q,,,,,,,
1926370,,unknown,,unknown,,unknown,,,,,,,
4014160,2022Q1,exact,2021Q3,backcast_award_minus_2q,2021Q2,from_applied_minus_1q,2022Q2,2023Q1,2023Q2,1.0,3.0,1.0,5.0
1926580,,unknown,,unknown,,unknown,,,,,,,
1926640,,unknown,,unknown,,unknown,,,,,,,
1926670,,unknown,,unknown,,unknown,,,,,,,
1926730,,unknown,,unknown,,unknown,,,,,,,
1926790,,unknown,,unknown,,unknown,,,,,,,
1926820,,unknown,,unknown,,unknown,,,,,,,
1926850,,unknown,,unknown,,unknown,,,,,,,
1926910,,unknown,,unknown,,unknown,,,,,,,
1927000,,unknown,,unknown,,unknown,,,,,,,
1927060,,unknown,,unknown,,unknown,,,,,,,
1927240,,unknown,,unknown,,unknown,,,,,,,
1927270,,unknown,,unknown,,unknown,,,,,,,
1927390,,unknown,,unknown,,unknown,,,,,,,
1927480,,unknown,,unknown,,unknown,,,,,,,
1927500,,unknown,,unknown,,unknown,,,,,,,
1927600,,unknown,,unknown,,unknown,,,,,,,
1927870,,unknown,,unknown,,unknown,,,,,,,
1927960,,unknown,,unknown,,unknown,,,,,,,
616920,2018Q1,exact,2017Q3,backcast_award_minus_2q,2017Q2,from_applied_minus_1q,2018Q2,2018Q4,2019Q1,1.0,2.0,1.0,4.0
1928020,,unknown,,unknown,,unknown,,,,,,,
1928050,,unknown,,unknown,,unknown,,,,,,,
1928110,,unknown,,unknown,,unknown,,,,,,,
3303690,2022Q4,exact,2022Q2,backcast_award_minus_2q,2022Q1,from_applied_minus_1q,2023Q1,2024Q2,2024Q2,1.0,5.0,0.0,6.0
1928200,,unknown,,unknown,,unknown,,,,,,,
1928230,,unknown,,unknown,,unknown,,,,,,,
1928560,,unknown,,unknown,,unknown,,,,,,,
1928680,,unknown,,unknown,,unknown,,,,,,,
1928980,,unknown,,unknown,,unknown,,,,,,,
1929010,,unknown,,unknown,,unknown,,,,,,,
1929280,,unknown,,unknown,,unknown,,,,,,,
1929310,,unknown,,unknown,,unknown,,,,,,,
1929490,,unknown,,unknown,,unknown,,,,,,,
1929580,,unknown,2020Q2,program_calendar,2020Q1,from_applied_minus_1q,,,,,,,
1929730,,unknown,,unknown,,unknown,,,,,,,
1929760,,unknown,,unknown,,unknown,,,,,,,
1930240,,unknown,,unknown,,unknown,,,,,,,
1930480,,unknown,,unknown,,unknown,,,,,,,
1930510,,unknown,,unknown,,unknown,,,,,,,
1930540,,unknown,,unknown,,unknown,,,,,,,
1930560,,unknown,,unknown,,unknown,,,,,,,
1930630,,unknown,,unknown,,unknown,,,,,,,
1930720,,unknown,,unknown,,unknown,,,,,,,
1930750,,unknown,,unknown,,unknown,,,,,,,
1930780,,unknown,,unknown,,unknown,,,,,,,
1930870,,unknown,,unknown,,unknown,,,,,,,
1930900,,unknown,,unknown,,unknown,,,,,,,
1930930,,unknown,,unknown,,unknown,,,,,,,
1930960,,unknown,,unknown,,unknown,,,,,,,
1930990,,unknown,,unknown,,unknown,,,,,,,
1931020,,unknown,,unknown,,unknown,,,,,,,
1931080,,unknown,,unknown,,unknown,,,,,,,
1931110,,unknown,,unknown,,unknown,,,,,,,
5101890,2024Q2,exact,2023Q4,backcast_award_minus_2q,2023Q3,from_applied_minus_1q,nanQnan,nanQnan,nanQnan,,,,
1931350,,unknown,,unknown,,unknown,,,,,,,
1931470,,unknown,,unknown,,unknown,,,,,,,
1931620,,unknown,,unknown,,unknown,,,,,,,
1931680,,unknown,,unknown,,unknown,,,,,,,
1931800,,unknown,,unknown,,unknown,,,,,,,
1931830,,unknown,,unknown,,unknown,,,,,,,
1931860,,unknown,,unknown,,unknown,,,,,,,
1931920,,unknown,,unknown,,unknown,,,,,,,
1931950,,unknown,,unknown,,unknown,,,,,,,
1932010,,unknown,,unknown,,unknown,,,,,,,
1999001,,unknown,,unknown,,unknown,,,,,,,
1999005,,unknown,,unknown,,unknown,,,,,,,
1999007,,unknown,,unknown,,unknown,,,,,,,
1999009,,unknown,,unknown,,unknown,,,,,,,
1999010,,unknown,,unknown,,unknown,,,,,,,
1999011,,unknown,,unknown,,unknown,,,,,,,
1999012,,unknown,,unknown,,unknown,,,,,,,
1999013,,unknown,,unknown,,unknown,,,,,,,
1999015,,unknown,,unknown,,unknown,,,,,,,
1999017,,unknown,,unknown,,unknown,,,,,,,
1999019,,unknown,,unknown,,unknown,,,,,,,
1999020,,unknown,,unknown,,unknown,,,,,,,
2000001,,unknown,,unknown,,unknown,,,,,,,
2000002,,unknown,,unknown,,unknown,,,,,,,
2000003,,unknown,,unknown,,unknown,,,,,,,
2000004,,unknown,,unknown,,unknown,,,,,,,
2000006,,unknown,,unknown,,unknown,,,,,,,
2000007,,unknown,,unknown,,unknown,,,,,,,
2000012,,unknown,,unknown,,unknown,,,,,,,
2000013,,unknown,,unknown,,unknown,,,,,,,
2000014,,unknown,,unknown,,unknown,,,,,,,
2000015,,unknown,,unknown,,unknown,,,,,,,
2000016,,unknown,,unknown,,unknown,,,,,,,
2000017,,unknown,,unknown,,unknown,,,,,,,
2000018,,unknown,,unknown,,unknown,,,,,,,
2000019,,unknown,,unknown,,unknown,,,,,,,
2000020,,unknown,,unknown,,unknown,,,,,,,
2000022,,unknown,,unknown,,unknown,,,,,,,
2000023,,unknown,,unknown,,unknown,,,,,,,
2000024,,unknown,,unknown,,unknown,,,,,,,
2000028,,unknown,,unknown,,unknown,,,,,,,
2000029,,unknown,,unknown,,unknown,,,,,,,
2000030,,unknown,,unknown,,unknown,,,,,,,
2000033,,unknown,,unknown,,unknown,,,,,,,
2000034,,unknown,,unknown,,unknown,,,,,,,
2000035,,unknown,,unknown,,unknown,,,,,,,
2000037,,unknown,,unknown,,unknown,,,,,,,
2000039,,unknown,,unknown,,unknown,,,,,,,
2000040,,unknown,,unknown,,unknown,,,,,,,
2000041,,unknown,,unknown,,unknown,,,,,,,
2000042,,unknown,,unknown,,unknown,,,,,,,
2000043,,unknown,,unknown,,unknown,,,,,,,
2000044,,unknown,,unknown,,unknown,,,,,,,
2000045,,unknown,,unknown,,unknown,,,,,,,
2000046,,unknown,,unknown,,unknown,,,,,,,
2000047,,unknown,,unknown,,unknown,,,,,,,
2000048,,unknown,,unknown,,unknown,,,,,,,
2000049,,unknown,,unknown,,unknown,,,,,,,
2000051,,unknown,,unknown,,unknown,,,,,,,
2000052,,unknown,,unknown,,unknown,,,,,,,
2000053,,unknown,,unknown,,unknown,,,,,,,
2000346,,unknown,,unknown,,unknown,,,,,,,
2000347,,unknown,,unknown,,unknown,,,,,,,
2000348,,unknown,,unknown,,unknown,,,,,,,
2000349,,unknown,,unknown,,unknown,,,,,,,
2000350,,unknown,,unknown,,unknown,,,,,,,
2000351,,unknown,,unknown,,unknown,,,,,,,
2000353,,unknown,,unknown,,unknown,,,,,,,
2000354,,unknown,,unknown,,unknown,,,,,,,
2000355,,unknown,,unknown,,unknown,,,,,,,
2000356,,unknown,,unknown,,unknown,,,,,,,
2000357,,unknown,,unknown,,unknown,,,,,,,
2000358,,unknown,,unknown,,unknown,,,,,,,
2000359,,unknown,,unknown,,unknown,,,,,,,
2000360,,unknown,,unknown,,unknown,,,,,,,
2000361,,unknown,,unknown,,unknown,,,,,,,
2000362,,unknown,,unknown,,unknown,,,,,,,
2000363,,unknown,,unknown,,unknown,,,,,,,
2000364,,unknown,,unknown,,unknown,,,,,,,
2000365,,unknown,,unknown,,unknown,,,,,,,
2000366,,unknown,,unknown,,unknown,,,,,,,
2000367,,unknown,,unknown,,unknown,,,,,,,
2000368,,unknown,,unknown,,unknown,,,,,,,
2000369,,unknown,,unknown,,unknown,,,,,,,
2000370,,unknown,,unknown,,unknown,,,,,,,
2000371,,unknown,,unknown,,unknown,,,,,,,
2000372,,unknown,,unknown,,unknown,,,,,,,
2000373,,unknown,,unknown,,unknown,,,,,,,
2000374,,unknown,,unknown,,unknown,,,,,,,
2000375,,unknown,,unknown,,unknown,,,,,,,
2000376,,unknown,,unknown,,unknown,,,,,,,
2000377,,unknown,,unknown,,unknown,,,,,,,
2000378,,unknown,,unknown,,unknown,,,,,,,
2000379,,unknown,,unknown,,unknown,,,,,,,
2000380,,unknown,,unknown,,unknown,,,,,,,
2000381,,unknown,,unknown,,unknown,,,,,,,
2000382,,unknown,,unknown,,unknown,,,,,,,
2003180,,unknown,,unknown,,unknown,,,,,,,
2003200,,unknown,,unknown,,unknown,,,,,,,
2003210,,unknown,,unknown,,unknown,,,,,,,
1718810,2023Q4,exact,2023Q2,backcast_award_minus_2q,2023Q1,from_applied_minus_1q,nanQnan,nanQnan,nanQnan,,,,
2003270,,unknown,,unknown,,unknown,,,,,,,
2003300,,unknown,,unknown,,unknown,,,,,,,
2003360,,unknown,,unknown,,unknown,,,,,,,
2003390,,unknown,,unknown,,unknown,,,,,,,
2003430,,unknown,,unknown,,unknown,,,,,,,
2003450,,unknown,,unknown,,unknown,,,,,,,
2003480,,unknown,,unknown,,unknown,,,,,,,
2003510,,unknown,,unknown,,unknown,,,,,,,
2003540,,unknown,,unknown,,unknown,,,,,,,
2003570,,unknown,,unknown,,unknown,,,,,,,
2003630,,unknown,,unknown,,unknown,,,,,,,
2003720,,unknown,,unknown,,unknown,,,,,,,
2003780,,unknown,,unknown,,unknown,,,,,,,
2003810,,unknown,,unknown,,unknown,,,,,,,
2003870,,unknown,,unknown,,unknown,,,,,,,
2003900,,unknown,,unknown,,unknown,,,,,,,
2003960,2024Q2,exact,2023Q4,backcast_award_minus_2q,2023Q3,from_applied_minus_1q,nanQnan,nanQnan,nanQnan,,,,
2004020,,unknown,,unknown,,unknown,,,,,,,
2004050,,unknown,,unknown,,unknown,,,,,,,
2004080,,unknown,,unknown,,unknown,,,,,,,
2004140,,unknown,,unknown,,unknown,,,,,,,
2004170,,unknown,,unknown,,unknown,,,,,,,
2004200,,unknown,,unknown,,unknown,,,,,,,
2004230,,unknown,,unknown,,unknown,,,,,,,
2004260,,unknown,,unknown,,unknown,,,,,,,
2004290,,unknown,,unknown,,unknown,,,,,,,
2004350,,unknown,,unknown,,unknown,,,,,,,
2004380,,unknown,,unknown,,unknown,,,,,,,
1718840,2022Q4,exact,2022Q2,backcast_award_minus_2q,2022Q1,from_applied_minus_1q,2022Q4,2023Q4,2023Q4,0.0,4.0,0.0,4.0
2004440,,unknown,,unknown,,unknown,,,,,,,
3171820,2022Q4,exact,2022Q2,backcast_award_minus_2q,2022Q1,from_applied_minus_1q,2023Q2,2023Q4,2023Q4,2.0,2.0,0.0,4.0
2004500,,unknown,,unknown,,unknown,,,,,,,
2004560,,unknown,,unknown,,unknown,,,,,,,
2004590,,unknown,,unknown,,unknown,,,,,,,
2004620,,unknown,,unknown,,unknown,,,,,,,
2004650,,unknown,,unknown,,unknown,,,,,,,
2004670,,unknown,,unknown,,unknown,,,,,,,
2004710,,unknown,,unknown,,unknown,,,,,,,
2004740,,unknown,,unknown,,unknown,,,,,,,
2004770,,unknown,,unknown,,unknown,,,,,,,
2004790,,unknown,,unknown,,unknown,,,,,,,
2004800,,unknown,,unknown,,unknown,,,,,,,
2004830,,unknown,,unknown,,unknown,,,,,,,
2004890,,unknown,,unknown,,unknown,,,,,,,
2004920,,unknown,,unknown,,unknown,,,,,,,
2004950,,unknown,,unknown,,unknown,,,,,,,
2004980,,unknown,,unknown,,unknown,,,,,,,
2005010,,unknown,,unknown,,unknown,,,,,,,
2005040,,unknown,,unknown,,unknown,,,,,,,
2005070,,unknown,,unknown,,unknown,,,,,,,
2005100,,unknown,,unknown,,unknown,,,,,,,
2005130,,unknown,,unknown,,unknown,,,,,,,
2005190,,unknown,,unknown,,unknown,,,,,,,
2005250,,unknown,,unknown,,unknown,,,,,,,
2005280,,unknown,2020Q2,program_calendar,2020Q1,from_applied_minus_1q,,,,,,,
2005310,,unknown,,unknown,,unknown,,,,,,,
2005370,,unknown,2021Q2,program_calendar,2021Q1,from_applied_minus_1q,,,,,,,
2005400,,unknown,,unknown,,unknown,,,,,,,
2005460,,unknown,,unknown,,unknown,,,,,,,
2005490,,unknown,,unknown,,unknown,,,,,,,
2005520,,unknown,,unknown,,unknown,,,,,,,
2005550,,unknown,,unknown,,unknown,,,,,,,
2005580,,unknown,,unknown,,unknown,,,,,,,
2005610,,unknown,,unknown,,unknown,,,,,,,
2005640,,unknown,,unknown,,unknown,,,,,,,
2005700,,unknown,,unknown,,unknown,,,,,,,
2005730,,unknown,,unknown,,unknown,,,,,,,
2005760,,unknown,,unknown,,unknown,,,,,,,
2005790,,unknown,,unknown,,unknown,,,,,,,
600014,2022Q4,exact,2022Q2,backcast_award_minus_2q,2022Q1,from_applied_minus_1q,2023Q2,2024Q2,2024Q2,2.0,4.0,0.0,6.0
2005820,,unknown,,unknown,,unknown,,,,,,,
2005850,,unknown,,unknown,,unknown,,,,,,,
2005870,,unknown,,unknown,,unknown,,,,,,,
2005940,,unknown,,unknown,,unknown,,,,,,,
2006000,,unknown,,unknown,,unknown,,,,,,,
2006060,,unknown,,unknown,,unknown,,,,,,,
2006090,,unknown,,unknown,,unknown,,,,,,,
2006120,,unknown,,unknown,,unknown,,,,,,,
2006180,,unknown,,unknown,,unknown,,,,,,,
2006210,,unknown,,unknown,,unknown,,,,,,,
2006240,,unknown,,unknown,,unknown,,,,,,,
2006270,,unknown,,unknown,,unknown,,,,,,,
2006300,,unknown,,unknown,,unknown,,,,,,,
2006330,,unknown,,unknown,,unknown,,,,,,,
2006360,,unknown,,unknown,,unknown,,,,,,,
2006390,,unknown,,unknown,,unknown,,,,,,,
2006420,,unknown,,unknown,,unknown,,,,,,,
2006450,,unknown,,unknown,,unknown,,,,,,,
2006480,,unknown,,unknown,,unknown,,,,,,,
2006510,,unknown,,unknown,,unknown,,,,,,,
2006540,,unknown,,unknown,,unknown,,,,,,,
2006570,,unknown,,unknown,,unknown,,,,,,,
2006580,,unknown,,unknown,,unknown,,,,,,,
5303540,2020Q2,exact,2019Q4,backcast_award_minus_2q,2019Q3,from_applied_minus_1q,2021Q1,2022Q2,2022Q3,3.0,5.0,1.0,9.0
2006660,,unknown,,unknown,,unknown,,,,,,,
2006690,,unknown,,unknown,,unknown,,,,,,,
2006720,,unknown,,unknown,,unknown,,,,,,,
2006780,,unknown,,unknown,,unknown,,,,,,,
4014520,2024Q2,exact,2023Q4,backcast_award_minus_2q,2023Q3,from_applied_minus_1q,nanQnan,nanQnan,nanQnan,,,,
2006870,,unknown,,unknown,,unknown,,,,,,,
4100023,2021Q3,exact,2020Q2,program_calendar,2020Q1,from_applied_minus_1q,2022Q2,2023Q1,2023Q2,3.0,3.0,1.0,7.0
2006960,,unknown,,unknown,,unknown,,,,,,,
2006990,,unknown,,unknown,,unknown,,,,,,,
2007020,,unknown,,unknown,,unknown,,,,,,,
2007050,,unknown,2021Q2,program_calendar,2021Q1,from_applied_minus_1q,,,,,,,
2007080,,unknown,,unknown,,unknown,,,,,,,
2007110,,unknown,,unknown,,unknown,,,,,,,
2007170,,unknown,,unknown,,unknown,,,,,,,
2007260,,unknown,,unknown,,unknown,,,,,,,
2007290,,unknown,,unknown,,unknown,,,,,,,
2007320,,unknown,,unknown,,unknown,,,,,,,
2007350,,unknown,,unknown,,unknown,,,,,,,
2007380,,unknown,,unknown,,unknown,,,,,,,
2007440,,unknown,,unknown,,unknown,,,,,,,
2007470,,unknown,2020Q2,program_calendar,2020Q1,from_applied_minus_1q,,,,,,,
2007500,,unknown,,unknown,,unknown,,,,,,,
2007530,,unknown,,unknown,,unknown,,,,,,,
2007560,,unknown,,unknown,,unknown,,,,,,,
2007590,,unknown,,unknown,,unknown,,,,,,,
2007620,,unknown,,unknown,,unknown,,,,,,,
2007650,,unknown,,unknown,,unknown,,,,,,,
2007680,,unknown,2020Q2,program_calendar,2020Q1,from_applied_minus_1q,,,,,,,
2007710,,unknown,,unknown,,unknown,,,,,,,
1200870,2023Q4,exact,2021Q2,program_calendar,2021Q1,from_applied_minus_1q,2024Q2,nanQnan,nanQnan,2.0,,,
2007750,,unknown,,unknown,,unknown,,,,,,,
2007800,,unknown,,unknown,,unknown,,,,,,,
2007860,,unknown,,unknown,,unknown,,,,,,,
2007890,,unknown,,unknown,,unknown,,,,,,,
2007950,,unknown,,unknown,,unknown,,,,,,,
2007970,,unknown,,unknown,,unknown,,,,,,,
2008040,,unknown,,unknown,,unknown,,,,,,,
2008070,,unknown,,unknown,,unknown,,,,,,,
2008100,,unknown,,unknown,,unknown,,,,,,,
2008130,,unknown,,unknown,,unknown,,,,,,,
2008190,,unknown,,unknown,,unknown,,,,,,,
2008220,,unknown,,unknown,,unknown,,,,,,,
2008250,,unknown,,unknown,,unknown,,,,,,,
2008280,,unknown,,unknown,,unknown,,,,,,,
2008310,,unknown,,unknown,,unknown,,,,,,,
2008340,,unknown,,unknown,,unknown,,,,,,,
2008370,,unknown,,unknown,,unknown,,,,,,,
2801860,2023Q4,exact,2023Q2,backcast_award_minus_2q,2023Q1,from_applied_minus_1q,nanQnan,nanQnan,nanQnan,,,,
2008430,,unknown,,unknown,,unknown,,,,,,,
2008550,,unknown,,unknown,,unknown,,,,,,,
2008610,,unknown,,unknown,,unknown,,,,,,,
2008670,,unknown,,unknown,,unknown,,,,,,,
2008700,,unknown,,unknown,,unknown,,,,,,,
2008730,,unknown,,unknown,,unknown,,,,,,,
2008790,,unknown,,unknown,,unknown,,,,,,,
2008880,,unknown,,unknown,,unknown,,,,,,,
2008910,,unknown,,unknown,,unknown,,,,,,,
2008940,,unknown,,unknown,,unknown,,,,,,,
2008970,,unknown,,unknown,,unknown,,,,,,,
2009000,,unknown,,unknown,,unknown,,,,,,,
2009030,,unknown,2021Q2,program_calendar,2021Q1,from_applied_minus_1q,,,,,,,
2009060,,unknown,,unknown,,unknown,,,,,,,
2009090,,unknown,,unknown,,unknown,,,,,,,
2009140,,unknown,,unknown,,unknown,,,,,,,
2009180,,unknown,2020Q2,program_calendar,2020Q1,from_applied_minus_1q,,,,,,,
2009240,,unknown,,unknown,,unknown,,,,,,,
2009320,,unknown,,unknown,,unknown,,,,,,,
2009360,,unknown,,unknown,,unknown,,,,,,,
2009390,,unknown,,unknown,,unknown,,,,,,,
2009420,,unknown,,unknown,,unknown,,,,,,,
2009450,,unknown,,unknown,,unknown,,,,,,,
2009480,,unknown,,unknown,,unknown,,,,,,,
2009510,,unknown,,unknown,,unknown,,,,,,,
2009570,,unknown,,unknown,,unknown,,,,,,,
2009600,,unknown,,unknown,,unknown,,,,,,,
2009630,,unknown,,unknown,,unknown,,,,,,,
2009660,,unknown,,unknown,,unknown,,,,,,,
2009720,,unknown,,unknown,,unknown,,,,,,,
2009780,,unknown,,unknown,,unknown,,,,,,,
2009840,,unknown,,unknown,,unknown,,,,,,,
2009850,,unknown,,unknown,,unknown,,,,,,,
2009900,,unknown,,unknown,,unknown,,,,,,,
2009930,,unknown,,unknown,,unknown,,,,,,,
2009960,,unknown,,unknown,,unknown,,,,,,,
2009990,,unknown,,unknown,,unknown,,,,,,,
2010020,,unknown,,unknown,,unknown,,,,,,,
2010050,,unknown,,unknown,,unknown,,,,,,,
2010080,,unknown,,unknown,,unknown,,,,,,,
2010140,,unknown,,unknown,,unknown,,,,,,,
2010170,,unknown,,unknown,,unknown,,,,,,,
2010230,,unknown,,unknown,,unknown,,,,,,,
2010260,,unknown,,unknown,,unknown,,,,,,,
2010290,,unknown,,unknown,,unknown,,,,,,,
2010320,,unknown,,unknown,,unknown,,,,,,,
2010350,,unknown,,unknown,,unknown,,,,,,,
2010410,,unknown,,unknown,,unknown,,,,,,,
2010440,,unknown,,unknown,,unknown,,,,,,,
2010470,,unknown,,unknown,,unknown,,,,,,,
2010500,,unknown,,unknown,,unknown,,,,,,,
2010560,,unknown,,unknown,,unknown,,,,,,,
2010590,,unknown,,unknown,,unknown,,,,,,,
2010620,,unknown,,unknown,,unknown,,,,,,,
2010650,,unknown,,unknown,,unknown,,,,,,,
2010680,,unknown,,unknown,,unknown,,,,,,,
2010710,,unknown,,unknown,,unknown,,,,,,,
2010740,,unknown,,unknown,,unknown,,,,,,,
2010770,,unknown,,unknown,,unknown,,,,,,,
2010800,,unknown,,unknown,,unknown,,,,,,,
2010890,,unknown,,unknown,,unknown,,,,,,,
2010920,,unknown,,unknown,,unknown,,,,,,,
2010950,2024Q2,exact,2023Q4,backcast_award_minus_2q,2023Q3,from_applied_minus_1q,nanQnan,nanQnan,nanQnan,,,,
2010980,,unknown,,unknown,,unknown,,,,,,,
2011040,,unknown,,unknown,,unknown,,,,,,,
2011080,,unknown,,unknown,,unknown,,,,,,,
2011100,,unknown,,unknown,,unknown,,,,,,,
2011130,,unknown,,unknown,,unknown,,,,,,,
2011190,,unknown,,unknown,,unknown,,,,,,,
2011220,,unknown,,unknown,,unknown,,,,,,,
2011250,,unknown,,unknown,,unknown,,,,,,,
2011280,,unknown,,unknown,,unknown,,,,,,,
2011310,,unknown,,unknown,,unknown,,,,,,,
2011370,,unknown,,unknown,,unknown,,,,,,,
2011400,,unknown,,unknown,,unknown,,,,,,,
2011430,,unknown,,unknown,,unknown,,,,,,,
2011490,,unknown,,unknown,,unknown,,,,,,,
2011520,,unknown,,unknown,,unknown,,,,,,,
2011550,,unknown,,unknown,,unknown,,,,,,,
2011610,,unknown,,unknown,,unknown,,,,,,,
2011640,,unknown,,unknown,,unknown,,,,,,,
2011700,,unknown,,unknown,,unknown,,,,,,,
2011760,,unknown,,unknown,,unknown,,,,,,,
2011790,,unknown,,unknown,,unknown,,,,,,,
2011820,,unknown,,unknown,,unknown,,,,,,,
2011850,,unknown,,unknown,,unknown,,,,,,,
2011880,,unknown,,unknown,,unknown,,,,,,,
2011910,,unknown,,unknown,,unknown,,,,,,,
2011970,,unknown,,unknown,,unknown,,,,,,,
2012000,,unknown,,unknown,,unknown,,,,,,,
2506090,2024Q2,exact,2023Q4,backcast_award_minus_2q,2023Q3,from_applied_minus_1q,nanQnan,nanQnan,nanQnan,,,,
2012060,,unknown,,unknown,,unknown,,,,,,,
2012090,,unknown,,unknown,,unknown,,,,,,,
2012120,,unknown,,unknown,,unknown,,,,,,,
2012150,,unknown,,unknown,,unknown,,,,,,,
2012180,,unknown,2020Q2,program_calendar,2020Q1,from_applied_minus_1q,,,,,,,
2012210,,unknown,,unknown,,unknown,,,,,,,
4823310,,unknown,,unknown,,unknown,,,,,,,
2012300,,unknown,,unknown,,unknown,,,,,,,
2012330,,unknown,,unknown,,unknown,,,,,,,
2012360,,unknown,,unknown,,unknown,,,,,,,
2012390,,unknown,,unknown,,unknown,,,,,,,
2012420,,unknown,,unknown,,unknown,,,,,,,
2012450,,unknown,,unknown,,unknown,,,,,,,
2012510,,unknown,,unknown,,unknown,,,,,,,
2012540,,unknown,,unknown,,unknown,,,,,,,
2012600,,unknown,,unknown,,unknown,,,,,,,
2012630,,unknown,,unknown,,unknown,,,,,,,
2012780,,unknown,,unknown,,unknown,,,,,,,
2012810,,unknown,,unknown,,unknown,,,,,,,
2012840,,unknown,,unknown,,unknown,,,,,,,
2012870,,unknown,,unknown,,unknown,,,,,,,
2012900,,unknown,,unknown,,unknown,,,,,,,
2914460,2022Q4,exact,2022Q2,backcast_award_minus_2q,2022Q1,from_applied_minus_1q,2023Q1,2023Q3,2023Q3,1.0,2.0,0.0,3.0
2013020,,unknown,,unknown,,unknown,,,,,,,
2013050,,unknown,,unknown,,unknown,,,,,,,
2013110,,unknown,,unknown,,unknown,,,,,,,
2100030,,unknown,,unknown,,unknown,,,,,,,
2100070,,unknown,,unknown,,unknown,,,,,,,
2100081,,unknown,,unknown,,unknown,,,,,,,
2100090,,unknown,,unknown,,unknown,,,,,,,
2100094,,unknown,,unknown,,unknown,,,,,,,
2100095,,unknown,,unknown,,unknown,,,,,,,
2100120,,unknown,,unknown,,unknown,,,,,,,
2100150,,unknown,,unknown,,unknown,,,,,,,
34HOLCO,2021Q4,exact,2021Q2,backcast_award_minus_2q,2021Q1,from_applied_minus_1q,2022Q3,2023Q2,2023Q2,3.0,3.0,0.0,6.0
2100210,,unknown,,unknown,,unknown,,,,,,,
2801890,2022Q4,exact,2022Q2,backcast_award_minus_2q,2022Q1,from_applied_minus_1q,nanQnan,2023Q4,2023Q4,,,0.0,4.0
2100270,,unknown,,unknown,,unknown,,,,,,,
2100289,,unknown,,unknown,,unknown,,,,,,,
2100290,,unknown,,unknown,,unknown,,,,,,,
2100291,,unknown,,unknown,,unknown,,,,,,,
2100300,,unknown,,unknown,,unknown,,,,,,,
2100330,,unknown,,unknown,,unknown,,,,,,,
2100360,,unknown,,unknown,,unknown,,,,,,,
1719420,2019Q1,exact,2018Q3,backcast_award_minus_2q,2018Q2,from_applied_minus_1q,2019Q4,2021Q1,2021Q2,3.0,5.0,1.0,9.0
2100420,,unknown,,unknown,,unknown,,,,,,,
2100480,,unknown,,unknown,,unknown,,,,,,,
2100510,,unknown,,unknown,,unknown,,,,,,,
2100540,,unknown,,unknown,,unknown,,,,,,,
617340,2020Q3,exact,2020Q1,backcast_award_minus_2q,2019Q4,from_applied_minus_1q,2021Q2,nanQnan,nanQnan,3.0,,,
2100620,,unknown,,unknown,,unknown,,,,,,,
2100630,,unknown,,unknown,,unknown,,,,,,,
2100660,,unknown,2020Q2,program_calendar,2020Q1,from_applied_minus_1q,,,,,,,
2100690,,unknown,2020Q2,program_calendar,2020Q1,from_applied_minus_1q,,,,,,,
2100720,,unknown,,unknown,,unknown,,,,,,,
2100750,,unknown,,unknown,,unknown,,,,,,,
2100780,,unknown,,unknown,,unknown,,,,,,,
2100810,,unknown,,unknown,,unknown,,,,,,,
617430,2019Q3,exact,2019Q1,backcast_award_minus_2q,2018Q4,from_applied_minus_1q,2020Q2,2020Q4,2021Q1,3.0,2.0,1.0,6.0
2100870,,unknown,,unknown,,unknown,,,,,,,
2100900,,unknown,,unknown,,unknown,,,,,,,
2100930,,unknown,,unknown,,unknown,,,,,,,
2100960,,unknown,,unknown,,unknown,,,,,,,
2100990,,unknown,,unknown,,unknown,,,,,,,
2506270,2024Q2,exact,2023Q4,backcast_award_minus_2q,2023Q3,from_applied_minus_1q,nanQnan,nanQnan,nanQnan,,,,
2101050,,unknown,,unknown,,unknown,,,,,,,
2101110,,unknown,,unknown,,unknown,,,,,,,
2618540,2022Q4,exact,2022Q2,backcast_award_minus_2q,2022Q1,from_applied_minus_1q,2023Q1,2023Q3,2023Q4,1.0,2.0,1.0,4.0
2101200,,unknown,,unknown,,unknown,,,,,,,
2101230,,unknown,,unknown,,unknown,,,,,,,
2101260,,unknown,,unknown,,unknown,,,,,,,
2101290,,unknown,,unknown,,unknown,,,,,,,
2101320,,unknown,,unknown,,unknown,,,,,,,
2101350,,unknown,2020Q2,program_calendar,2020Q1,from_applied_minus_1q,,,,,,,
2101380,,unknown,,unknown,,unknown,,,,,,,
2101410,,unknown,,unknown,,unknown,,,,,,,
2101440,,unknown,,unknown,,unknown,,,,,,,
2101470,,unknown,,unknown,,unknown,,,,,,,
2101500,,unknown,,unknown,,unknown,,,,,,,
2101530,,unknown,,unknown,,unknown,,,,,,,
2101590,,unknown,,unknown,,unknown,,,,,,,
2101620,,unknown,,unknown,,unknown,,,,,,,
2101650,,unknown,,unknown,,unknown,,,,,,,
2101680,,unknown,,unknown,,unknown,,,,,,,
2101710,,unknown,,unknown,,unknown,,,,,,,
2101740,,unknown,,unknown,,unknown,,,,,,,
2101760,,unknown,,unknown,,unknown,,,,,,,
2101800,,unknown,,unknown,,unknown,,,,,,,
2101860,,unknown,,unknown,,unknown,,,,,,,
4106510,2023Q3,exact,2023Q1,backcast_award_minus_2q,2022Q4,from_applied_minus_1q,2023Q4,nanQnan,nanQnan,1.0,,,
2101950,,unknown,,unknown,,unknown,,,,,,,
2101980,,unknown,,unknown,,unknown,,,,,,,
2102010,,unknown,,unknown,,unknown,,,,,,,
2102040,,unknown,,unknown,,unknown,,,,,,,
2102070,,unknown,,unknown,,unknown,,,,,,,
2102100,,unknown,,unknown,,unknown,,,,,,,
2102130,,unknown,,unknown,,unknown,,,,,,,
2102160,,unknown,,unknown,,unknown,,,,,,,
2102220,,unknown,,unknown,,unknown,,,,,,,
2102250,,unknown,,unknown,,unknown,,,,,,,
2102280,,unknown,,unknown,,unknown,,,,,,,
2102300,,unknown,,unknown,,unknown,,,,,,,
2102340,,unknown,,unknown,,unknown,,,,,,,
2102400,,unknown,,unknown,,unknown,,,,,,,
2102460,,unknown,,unknown,,unknown,,,,,,,
2102490,,unknown,,unknown,,unknown,,,,,,,
2102520,,unknown,,unknown,,unknown,,,,,,,
2102540,,unknown,,unknown,,unknown,,,,,,,
2102580,,unknown,,unknown,,unknown,,,,,,,
2102640,,unknown,,unknown,,unknown,,,,,,,
2102670,,unknown,,unknown,,unknown,,,,,,,
2102710,,unknown,2020Q2,program_calendar,2020Q1,from_applied_minus_1q,,,,,,,
2102760,,unknown,,unknown,,unknown,,,,,,,
2102790,,unknown,,unknown,,unknown,,,,,,,
2102860,,unknown,,unknown,,unknown,,,,,,,
1719660,2022Q4,exact,2020Q2,program_calendar,2020Q1,from_applied_minus_1q,2022Q4,2023Q1,2023Q2,0.0,1.0,1.0,2.0
2102940,,unknown,2020Q2,program_calendar,2020Q1,from_applied_minus_1q,,,,,,,
2102990,,unknown,2021Q2,program_calendar,2021Q1,from_applied_minus_1q,,,,,,,
2103000,,unknown,,unknown,,unknown,,,,,,,
2103030,,unknown,,unknown,,unknown,,,,,,,
2103060,,unknown,2020Q2,program_calendar,2020Q1,from_applied_minus_1q,,,,,,,
2103090,,unknown,,unknown,,unknown,,,,,,,
2103120,,unknown,,unknown,,unknown,,,,,,,
2103150,,unknown,,unknown,,unknown,,,,,,,
2103180,,unknown,,unknown,,unknown,,,,,,,
2103210,,unknown,2020Q2,program_calendar,2020Q1,from_applied_minus_1q,,,,,,,
2103240,,unknown,,unknown,,unknown,,,,,,,
2103270,,unknown,2021Q2,program_calendar,2021Q1,from_applied_minus_1q,,,,,,,
1719680,2024Q2,exact,2023Q4,backcast_award_minus_2q,2023Q3,from_applied_minus_1q,nanQnan,nanQnan,2019Q2,,,,-20.0
2103360,,unknown,,unknown,,unknown,,,,,,,
2103390,,unknown,,unknown,,unknown,,,,,,,
2103480,,unknown,,unknown,,unknown,,,,,,,
2103510,,unknown,,unknown,,unknown,,,,,,,
2103540,,unknown,2020Q2,program_calendar,2020Q1,from_applied_minus_1q,,,,,,,
2103630,,unknown,,unknown,,unknown,,,,,,,
2103690,,unknown,,unknown,,unknown,,,,,,,
2103720,,unknown,,unknown,,unknown,,,,,,,
2103750,,unknown,,unknown,,unknown,,,,,,,
2103780,,unknown,,unknown,,unknown,,,,,,,
2103810,,unknown,,unknown,,unknown,,,,,,,
2103840,,unknown,,unknown,,unknown,,,,,,,
2103870,,unknown,,unknown,,unknown,,,,,,,
2103900,,unknown,,unknown,,unknown,,,,,,,
2103960,,unknown,,unknown,,unknown,,,,,,,
2103990,,unknown,2020Q2,program_calendar,2020Q1,from_applied_minus_1q,,,,,,,
2104020,,unknown,,unknown,,unknown,,,,,,,
2104050,,unknown,2020Q2,program_calendar,2020Q1,from_applied_minus_1q,,,,,,,
2104080,,unknown,,unknown,,unknown,,,,,,,
2104110,,unknown,,unknown,,unknown,,,,,,,
2104140,,unknown,,unknown,,unknown,,,,,,,
2104170,,unknown,,unknown,,unknown,,,,,,,
2104200,,unknown,,unknown,,unknown,,,,,,,
2104250,,unknown,,unknown,,unknown,,,,,,,
2104290,,unknown,,unknown,,unknown,,,,,,,
2104380,,unknown,,unknown,,unknown,,,,,,,
2104410,,unknown,,unknown,,unknown,,,,,,,
2104440,,unknown,,unknown,,unknown,,,,,,,
2104470,,unknown,,unknown,,unknown,,,,,,,
2104500,,unknown,,unknown,,unknown,,,,,,,
2104530,,unknown,,unknown,,unknown,,,,,,,
2104560,,unknown,,unknown,,unknown,,,,,,,
2104590,,unknown,,unknown,,unknown,,,,,,,
2104620,,unknown,2021Q2,program_calendar,2021Q1,from_applied_minus_1q,,,,,,,
2618570,2022Q4,exact,2022Q2,backcast_award_minus_2q,2022Q1,from_applied_minus_1q,2023Q1,2023Q3,2023Q3,1.0,2.0,0.0,3.0
2104680,,unknown,,unknown,,unknown,,,,,,,
2104710,,unknown,,unknown,,unknown,,,,,,,
2104740,,unknown,,unknown,,unknown,,,,,,,
2104770,,unknown,,unknown,,unknown,,,,,,,
2104800,,unknown,2021Q2,program_calendar,2021Q1,from_applied_minus_1q,,,,,,,
2104830,,unknown,,unknown,,unknown,,,,,,,
2104860,,unknown,,unknown,,unknown,,,,,,,
2104890,,unknown,,unknown,,unknown,,,,,,,
2104950,,unknown,,unknown,,unknown,,,,,,,
2104980,,unknown,,unknown,,unknown,,,,,,,
2105040,,unknown,,unknown,,unknown,,,,,,,
2105070,,unknown,,unknown,,unknown,,,,,,,
2105100,,unknown,2020Q2,program_calendar,2020Q1,from_applied_minus_1q,,,,,,,
2105130,,unknown,,unknown,,unknown,,,,,,,
2105160,,unknown,,unknown,,unknown,,,,,,,
2105190,,unknown,,unknown,,unknown,,,,,,,
1601500,2024Q2,exact,2023Q4,backcast_award_minus_2q,2023Q3,from_applied_minus_1q,nanQnan,nanQnan,nanQnan,,,,
2105260,,unknown,,unknown,,unknown,,,,,,,
2105320,,unknown,,unknown,,unknown,,,,,,,
2105400,,unknown,,unknown,,unknown,,,,,,,
2105430,,unknown,,unknown,,unknown,,,,,,,
2105460,,unknown,,unknown,,unknown,,,,,,,
2105490,,unknown,,unknown,,unknown,,,,,,,
2105520,,unknown,,unknown,,unknown,,,,,,,
2105550,,unknown,,unknown,,unknown,,,,,,,
4823640,2022Q4,exact,2021Q2,program_calendar,2021Q1,from_applied_minus_1q,nanQnan,2024Q1,2024Q1,,,0.0,5.0
2105610,,unknown,,unknown,,unknown,,,,,,,
2400420,2019Q3,exact,2019Q1,backcast_award_minus_2q,2018Q4,from_applied_minus_1q,2020Q2,2021Q3,2021Q4,3.0,5.0,1.0,9.0
2105700,,unknown,,unknown,,unknown,,,,,,,
2105730,,unknown,,unknown,,unknown,,,,,,,
2105760,,unknown,,unknown,,unknown,,,,,,,
2105790,,unknown,,unknown,,unknown,,,,,,,
2105820,,unknown,,unknown,,unknown,,,,,,,
2105880,,unknown,,unknown,,unknown,,,,,,,
2105910,,unknown,,unknown,,unknown,,,,,,,
2105940,,unknown,,unknown,,unknown,,,,,,,
3303930,2024Q2,exact,2023Q4,backcast_award_minus_2q,2023Q3,from_applied_minus_1q,nanQnan,nanQnan,nanQnan,,,,
2106000,,unknown,2020Q2,program_calendar,2020Q1,from_applied_minus_1q,,,,,,,
2200017,,unknown,,unknown,,unknown,,,,,,,
2200018,,unknown,,unknown,,unknown,,,,,,,
2200022,,unknown,,unknown,,unknown,,,,,,,
2200023,,unknown,,unknown,,unknown,,,,,,,
2200025,,unknown,,unknown,,unknown,,,,,,,
2200030,,unknown,,unknown,,unknown,,,,,,,
2200032,,unknown,,unknown,,unknown,,,,,,,
2200033,,unknown,,unknown,,unknown,,,,,,,
2200035,,unknown,,unknown,,unknown,,,,,,,
2200036,,unknown,,unknown,,unknown,,,,,,,
2200038,,unknown,,unknown,,unknown,,,,,,,
2200039,,unknown,,unknown,,unknown,,,,,,,
2200040,,unknown,,unknown,,unknown,,,,,,,
2200041,,unknown,,unknown,,unknown,,,,,,,
2200047,,unknown,,unknown,,unknown,,,,,,,
2200054,,unknown,,unknown,,unknown,,,,,,,
2200060,,unknown,,unknown,,unknown,,,,,,,
2200090,,unknown,,unknown,,unknown,,,,,,,
2200120,,unknown,,unknown,,unknown,,,,,,,
600060,2021Q1,exact,2020Q3,backcast_award_minus_2q,2020Q2,from_applied_minus_1q,2021Q1,2022Q1,2022Q1,0.0,4.0,0.0,4.0
2200126,,unknown,,unknown,,unknown,,,,,,,
2200146,,unknown,,unknown,,unknown,,,,,,,
2200148,,unknown,,unknown,,unknown,,,,,,,
2200150,,unknown,,unknown,,unknown,,,,,,,
2200151,,unknown,,unknown,,unknown,,,,,,,
2200156,,unknown,,unknown,,unknown,,,,,,,
2200157,,unknown,,unknown,,unknown,,,,,,,
2200158,,unknown,,unknown,,unknown,,,,,,,
2200159,,unknown,,unknown,,unknown,,,,,,,
2200160,,unknown,,unknown,,unknown,,,,,,,
2200180,,unknown,2020Q2,program_calendar,2020Q1,from_applied_minus_1q,,,,,,,
1719830,2022Q1,exact,2021Q3,backcast_award_minus_2q,2021Q2,from_applied_minus_1q,2022Q2,2023Q1,2023Q2,1.0,3.0,1.0,5.0
2200187,,unknown,,unknown,,unknown,,,,,,,
2200188,,unknown,,unknown,,unknown,,,,,,,
2200189,,unknown,,unknown,,unknown,,,,,,,
2200190,,unknown,,unknown,,unknown,,,,,,,
2200192,,unknown,,unknown,,unknown,,,,,,,
2200195,,unknown,,unknown,,unknown,,,,,,,
2200196,,unknown,,unknown,,unknown,,,,,,,
2200197,,unknown,,unknown,,unknown,,,,,,,
2200198,,unknown,,unknown,,unknown,,,,,,,
2200203,,unknown,,unknown,,unknown,,,,,,,
2200206,,unknown,,unknown,,unknown,,,,,,,
2200207,,unknown,,unknown,,unknown,,,,,,,
2200208,,unknown,,unknown,,unknown,,,,,,,
3615180,2024Q2,exact,2023Q4,backcast_award_minus_2q,2023Q3,from_applied_minus_1q,nanQnan,nanQnan,nanQnan,,,,
2200211,,unknown,,unknown,,unknown,,,,,,,
2200213,,unknown,,unknown,,unknown,,,,,,,
2200215,,unknown,,unknown,,unknown,,,,,,,
2200216,,unknown,,unknown,,unknown,,,,,,,
2200217,,unknown,,unknown,,unknown,,,,,,,
2200219,,unknown,,unknown,,unknown,,,,,,,
1914880,2022Q4,exact,2022Q2,backcast_award_minus_2q,2022Q1,from_applied_minus_1q,2023Q1,2023Q3,2023Q4,1.0,2.0,1.0,4.0
2200226,,unknown,,unknown,,unknown,,,,,,,
2200230,,unknown,,unknown,,unknown,,,,,,,
2200231,,unknown,,unknown,,unknown,,,,,,,
2200233,,unknown,,unknown,,unknown,,,,,,,
2200235,,unknown,,unknown,,unknown,,,,,,,
2200236,,unknown,,unknown,,unknown,,,,,,,
2200237,,unknown,,unknown,,unknown,,,,,,,
2200238,,unknown,,unknown,,unknown,,,,,,,
2200240,2024Q2,exact,2023Q4,backcast_award_minus_2q,2023Q3,from_applied_minus_1q,nanQnan,nanQnan,nanQnan,,,,
2200241,,unknown,,unknown,,unknown,,,,,,,
2200242,,unknown,,unknown,,unknown,,,,,,,
2200243,,unknown,,unknown,,unknown,,,,,,,
1719960,2024Q2,exact,2023Q4,backcast_award_minus_2q,2023Q3,from_applied_minus_1q,nanQnan,nanQnan,nanQnan,,,,
2200247,,unknown,,unknown,,unknown,,,,,,,
618210,2022Q3,exact,2022Q1,backcast_award_minus_2q,2021Q4,from_applied_minus_1q,2022Q4,nanQnan,nanQnan,1.0,,,
2200249,,unknown,,unknown,,unknown,,,,,,,
2200252,,unknown,,unknown,,unknown,,,,,,,
2200253,,unknown,,unknown,,unknown,,,,,,,
2200254,,unknown,,unknown,,unknown,,,,,,,
2200255,,unknown,,unknown,,unknown,,,,,,,
2200258,,unknown,,unknown,,unknown,,,,,,,
2200259,,unknown,,unknown,,unknown,,,,,,,
2200262,,unknown,,unknown,,unknown,,,,,,,
2200263,,unknown,,unknown,,unknown,,,,,,,
2200265,,unknown,,unknown,,unknown,,,,,,,
2200267,,unknown,,unknown,,unknown,,,,,,,
2200268,,unknown,,unknown,,unknown,,,,,,,
2200270,,unknown,,unknown,,unknown,,,,,,,
2200275,,unknown,,unknown,,unknown,,,,,,,
1707170,2023Q4,exact,2023Q2,backcast_award_minus_2q,2023Q1,from_applied_minus_1q,nanQnan,nanQnan,nanQnan,,,,
2200277,,unknown,,unknown,,unknown,,,,,,,
2200278,,unknown,,unknown,,unknown,,,,,,,
2200279,,unknown,,unknown,,unknown,,,,,,,
2200280,,unknown,,unknown,,unknown,,,,,,,
2200281,2024Q3,exact,2024Q1,backcast_award_minus_2q,2023Q4,from_applied_minus_1q,nanQnan,nanQnan,nanQnan,,,,
2200282,,unknown,,unknown,,unknown,,,,,,,
2200283,,unknown,,unknown,,unknown,,,,,,,
2200284,,unknown,,unknown,,unknown,,,,,,,
2200285,,unknown,,unknown,,unknown,,,,,,,
2200286,,unknown,,unknown,,unknown,,,,,,,
2200287,,unknown,,unknown,,unknown,,,,,,,
1804770,2023Q4,exact,2023Q2,backcast_award_minus_2q,2023Q1,from_applied_minus_1q,nanQnan,nanQnan,nanQnan,,,,
2200289,,unknown,,unknown,,unknown,,,,,,,
2200290,,unknown,,unknown,,unknown,,,,,,,
618390,2023Q2,exact,2022Q4,backcast_award_minus_2q,2022Q3,from_applied_minus_1q,2023Q3,nanQnan,nanQnan,1.0,,,
2200292,,unknown,,unknown,,unknown,,,,,,,
2200293,,unknown,,unknown,,unknown,,,,,,,
2200294,,unknown,,unknown,,unknown,,,,,,,
2200295,,unknown,,unknown,,unknown,,,,,,,
34INTEG,2023Q1,exact,2022Q3,backcast_award_minus_2q,2022Q2,from_applied_minus_1q,2023Q2,2024Q1,2024Q1,1.0,3.0,0.0,4.0
2200297,,unknown,,unknown,,unknown,,,,,,,
2200298,,unknown,,unknown,,unknown,,,,,,,
2200299,,unknown,,unknown,,unknown,,,,,,,
2200300,,unknown,,unknown,,unknown,,,,,,,
2200301,,unknown,,unknown,,unknown,,,,,,,
2200303,,unknown,,unknown,,unknown,,,,,,,
2200304,,unknown,,unknown,,unknown,,,,,,,
2200305,,unknown,,unknown,,unknown,,,,,,,
2200306,,unknown,,unknown,,unknown,,,,,,,
2007740,2024Q2,exact,2021Q2,program_calendar,2021Q1,from_applied_minus_1q,nanQnan,nanQnan,nanQnan,,,,
2200308,,unknown,,unknown,,unknown,,,,,,,
2200309,,unknown,,unknown,,unknown,,,,,,,
2200311,,unknown,,unknown,,unknown,,,,,,,
2506480,2024Q2,exact,2023Q4,backcast_award_minus_2q,2023Q3,from_applied_minus_1q,nanQnan,nanQnan,nanQnan,,,,
2200313,,unknown,,unknown,,unknown,,,,,,,
2200314,,unknown,,unknown,,unknown,,,,,,,
2200315,,unknown,,unknown,,unknown,,,,,,,
403960,2022Q4,exact,2022Q2,backcast_award_minus_2q,2022Q1,from_applied_minus_1q,2023Q1,2023Q4,2023Q4,1.0,3.0,0.0,4.0
2200317,,unknown,,unknown,,unknown,,,,,,,
2200318,,unknown,,unknown,,unknown,,,,,,,
2200319,,unknown,,unknown,,unknown,,,,,,,
5303750,2024Q2,exact,2023Q4,backcast_award_minus_2q,2023Q3,from_applied_minus_1q,nanQnan,nanQnan,nanQnan,,,,
2200321,,unknown,,unknown,,unknown,,,,,,,
2200322,,unknown,,unknown,,unknown,,,,,,,
2200323,,unknown,,unknown,,unknown,,,,,,,
2200324,,unknown,,unknown,,unknown,,,,,,,
2200325,,unknown,,unknown,,unknown,,,,,,,
2200326,,unknown,,unknown,,unknown,,,,,,,
2200327,,unknown,,unknown,,unknown,,,,,,,
2200328,,unknown,,unknown,,unknown,,,,,,,
2200329,,unknown,,unknown,,unknown,,,,,,,
2200330,,unknown,2020Q2,program_calendar,2020Q1,from_applied_minus_1q,,,,,,,
2200331,,unknown,,unknown,,unknown,,,,,,,
2200360,,unknown,,unknown,,unknown,,,,,,,
2200390,,unknown,,unknown,,unknown,,,,,,,
2200420,,unknown,,unknown,,unknown,,,,,,,
2200450,,unknown,,unknown,,unknown,,,,,,,
2200480,2024Q2,exact,2023Q4,backcast_award_minus_2q,2023Q3,from_applied_minus_1q,nanQnan,nanQnan,nanQnan,,,,
2200510,,unknown,,unknown,,unknown,,,,,,,
5500082,2024Q2,exact,2023Q4,backcast_award_minus_2q,2023Q3,from_applied_minus_1q,nanQnan,nanQnan,nanQnan,,,,
2200570,,unknown,,unknown,,unknown,,,,,,,
2200600,,unknown,,unknown,,unknown,,,,,,,
2200630,,unknown,,unknown,,unknown,,,,,,,
2200660,,unknown,,unknown,,unknown,,,,,,,
2200690,,unknown,,unknown,,unknown,,,,,,,
2200720,,unknown,,unknown,,unknown,,,,,,,
2200750,,unknown,,unknown,,unknown,,,,,,,
2200780,,unknown,,unknown,,unknown,,,,,,,
2200810,,unknown,,unknown,,unknown,,,,,,,
3615570,2021Q1,exact,2020Q3,backcast_award_minus_2q,2020Q2,from_applied_minus_1q,2021Q4,2023Q3,2023Q3,3.0,7.0,0.0,10.0
2200870,,unknown,,unknown,,unknown,,,,,,,
2200900,,unknown,,unknown,,unknown,,,,,,,
2200960,,unknown,,unknown,,unknown,,,,,,,
2200990,,unknown,,unknown,,unknown,,,,,,,
2201020,,unknown,,unknown,,unknown,,,,,,,
34JCARP,2022Q3,exact,2022Q1,backcast_award_minus_2q,2021Q4,from_applied_minus_1q,2022Q4,2023Q3,2023Q3,1.0,3.0,0.0,4.0
2802160,2022Q1,exact,2021Q2,program_calendar,2021Q1,from_applied_minus_1q,2022Q2,2023Q1,2023Q2,1.0,3.0,1.0,5.0
4702070,2024Q2,exact,2023Q4,backcast_award_minus_2q,2023Q3,from_applied_minus_1q,nanQnan,nanQnan,nanQnan,,,,
2201140,,unknown,,unknown,,unknown,,,,,,,
2201170,,unknown,,unknown,,unknown,,,,,,,
2201200,,unknown,,unknown,,unknown,,,,,,,
2201230,,unknown,,unknown,,unknown,,,,,,,
2201260,,unknown,,unknown,,unknown,,,,,,,
2102910,2024Q2,exact,2023Q4,backcast_award_minus_2q,2023Q3,from_applied_minus_1q,nanQnan,nanQnan,nanQnan,,,,
2201320,,unknown,,unknown,,unknown,,,,,,,
2201350,,unknown,,unknown,,unknown,,,,,,,
2201380,,unknown,,unknown,,unknown,,,,,,,
2201410,,unknown,,unknown,,unknown,,,,,,,
2201440,,unknown,,unknown,,unknown,,,,,,,
2201470,,unknown,,unknown,,unknown,,,,,,,
2802190,2022Q4,exact,2022Q2,backcast_award_minus_2q,2022Q1,from_applied_minus_1q,2024Q1,2024Q2,nanQnan,5.0,1.0,,
2201530,,unknown,,unknown,,unknown,,,,,,,
2201560,,unknown,,unknown,,unknown,,,,,,,
2201590,,unknown,,unknown,,unknown,,,,,,,
2201620,,unknown,,unknown,,unknown,,,,,,,
2201650,,unknown,,unknown,,unknown,,,,,,,
2201680,,unknown,2020Q2,program_calendar,2020Q1,from_applied_minus_1q,,,,,,,
2201710,,unknown,,unknown,,unknown,,,,,,,
2201740,,unknown,,unknown,,unknown,,,,,,,
2201770,,unknown,2020Q2,program_calendar,2020Q1,from_applied_minus_1q,,,,,,,
2201800,,unknown,,unknown,,unknown,,,,,,,
2201830,,unknown,,unknown,,unknown,,,,,,,
2201860,,unknown,,unknown,,unknown,,,,,,,
2201890,,unknown,,unknown,,unknown,,,,,,,
2201920,,unknown,,unknown,,unknown,,,,,,,
2201950,,unknown,,unknown,,unknown,,,,,,,
2201980,,unknown,,unknown,,unknown,,,,,,,
2202010,,unknown,,unknown,,unknown,,,,,,,
2280100,,unknown,,unknown,,unknown,,,,,,,
2280101,,unknown,,unknown,,unknown,,,,,,,
2280102,,unknown,,unknown,,unknown,,,,,,,
2300004,,unknown,,unknown,,unknown,,,,,,,
2300005,,unknown,,unknown,,unknown,,,,,,,
2619620,2022Q4,exact,2022Q2,backcast_award_minus_2q,2022Q1,from_applied_minus_1q,2023Q1,2024Q3,2024Q4,1.0,6.0,1.0,8.0
2300009,,unknown,,unknown,,unknown,,,,,,,
2300049,,unknown,,unknown,,unknown,,,,,,,
2300050,,unknown,,unknown,,unknown,,,,,,,
2300052,,unknown,,unknown,,unknown,,,,,,,
2300053,,unknown,,unknown,,unknown,,,,,,,
2300057,,unknown,,unknown,,unknown,,,,,,,
2300058,,unknown,,unknown,,unknown,,,,,,,
2300059,,unknown,,unknown,,unknown,,,,,,,
2300061,,unknown,,unknown,,unknown,,,,,,,
2300062,,unknown,,unknown,,unknown,,,,,,,
2300063,,unknown,,unknown,,unknown,,,,,,,
2300064,,unknown,,unknown,,unknown,,,,,,,
2300065,,unknown,,unknown,,unknown,,,,,,,
2300066,,unknown,,unknown,,unknown,,,,,,,
2300067,,unknown,,unknown,,unknown,,,,,,,
2300068,,unknown,,unknown,,unknown,,,,,,,
2300069,nanQnan,exact,,unknown,,unknown,2022Q4,2024Q3,nanQnan,,7.0,,
2302220,,unknown,,unknown,,unknown,,,,,,,
2302280,,unknown,,unknown,,unknown,,,,,,,
2302500,,unknown,,unknown,,unknown,,,,,,,
2302510,,unknown,,unknown,,unknown,,,,,,,
2302610,,unknown,,unknown,,unknown,,,,,,,
2302640,,unknown,,unknown,,unknown,,,,,,,
2302730,,unknown,,unknown,,unknown,,,,,,,
2302820,,unknown,,unknown,,unknown,,,,,,,
2302850,,unknown,,unknown,,unknown,,,,,,,
2302880,,unknown,,unknown,,unknown,,,,,,,
2302950,,unknown,,unknown,,unknown,,,,,,,
2302960,,unknown,,unknown,,unknown,,,,,,,
2302980,,unknown,,unknown,,unknown,,,,,,,
3407740,2023Q1,exact,2022Q3,backcast_award_minus_2q,2022Q2,from_applied_minus_1q,nanQnan,nanQnan,nanQnan,,,,
2303210,,unknown,,unknown,,unknown,,,,,,,
2303290,,unknown,,unknown,,unknown,,,,,,,
2303390,,unknown,,unknown,,unknown,,,,,,,
2303480,,unknown,,unknown,,unknown,,,,,,,
2303510,,unknown,,unknown,,unknown,,,,,,,
2303600,,unknown,,unknown,,unknown,,,,,,,
2303610,,unknown,,unknown,,unknown,,,,,,,
4400510,2024Q2,exact,2023Q4,backcast_award_minus_2q,2023Q3,from_applied_minus_1q,nanQnan,nanQnan,nanQnan,,,,
2303780,,unknown,,unknown,,unknown,,,,,,,
2303870,,unknown,,unknown,,unknown,,,,,,,
618690,2022Q3,exact,2022Q1,backcast_award_minus_2q,2021Q4,from_applied_minus_1q,2022Q4,nanQnan,nanQnan,1.0,,,
2303980,,unknown,,unknown,,unknown,,,,,,,
2303990,,unknown,,unknown,,unknown,,,,,,,
2304080,nanQnan,exact,,unknown,,unknown,2023Q2,2024Q1,2024Q1,,3.0,0.0,
2304110,,unknown,,unknown,,unknown,,,,,,,
2304160,,unknown,,unknown,,unknown,,,,,,,
2304440,,unknown,,unknown,,unknown,,,,,,,
2304500,,unknown,,unknown,,unknown,,,,,,,
2304620,,unknown,,unknown,,unknown,,,,,,,
2304650,,unknown,,unknown,,unknown,,,,,,,
2304830,,unknown,,unknown,,unknown,,,,,,,
4502520,2022Q4,exact,2022Q2,backcast_award_minus_2q,2022Q1,from_applied_minus_1q,nanQnan,2024Q1,2024Q1,,,0.0,5.0
2304880,,unknown,,unknown,,unknown,,,,,,,
2304890,,unknown,,unknown,,unknown,,,,,,,
2304895,,unknown,,unknown,,unknown,,,,,,,
2304897,,unknown,,unknown,,unknown,,,,,,,
2304900,,unknown,,unknown,,unknown,,,,,,,
2305160,,unknown,,unknown,,unknown,,,,,,,
2305280,,unknown,,unknown,,unknown,,,,,,,
2305300,,unknown,,unknown,,unknown,,,,,,,
2305310,,unknown,,unknown,,unknown,,,,,,,
2305360,,unknown,,unknown,,unknown,,,,,,,
101890,2024Q2,exact,2023Q4,backcast_award_minus_2q,2023Q3,from_applied_minus_1q,nanQnan,nanQnan,nanQnan,,,,
2305400,,unknown,,unknown,,unknown,,,,,,,
2305500,,unknown,,unknown,,unknown,,,,,,,
34JAYSB,2021Q4,exact,2021Q2,backcast_award_minus_2q,2021Q1,from_applied_minus_1q,2022Q3,2023Q2,2023Q2,3.0,3.0,0.0,6.0
2305970,,unknown,,unknown,,unknown,,,,,,,
2305980,,unknown,,unknown,,unknown,,,,,,,
2306000,,unknown,,unknown,,unknown,,,,,,,
2306030,,unknown,,unknown,,unknown,,,,,,,
2306060,,unknown,,unknown,,unknown,,,,,,,
2306150,,unknown,,unknown,,unknown,,,,,,,
2306160,,unknown,,unknown,,unknown,,,,,,,
2306180,,unknown,,unknown,,unknown,,,,,,,
2306250,,unknown,,unknown,,unknown,,,,,,,
2306260,,unknown,,unknown,,unknown,,,,,,,
2306330,,unknown,,unknown,,unknown,,,,,,,
2306510,,unknown,,unknown,,unknown,,,,,,,
2306600,,unknown,,unknown,,unknown,,,,,,,
2306610,,unknown,,unknown,,unknown,,,,,,,
2306780,,unknown,,unknown,,unknown,,,,,,,
2306810,,unknown,,unknown,,unknown,,,,,,,
2306870,,unknown,,unknown,,unknown,,,,,,,
2306900,,unknown,,unknown,,unknown,,,,,,,
2307100,,unknown,,unknown,,unknown,,,,,,,
2307110,,unknown,,unknown,,unknown,,,,,,,
1303000,2022Q4,exact,2022Q2,backcast_award_minus_2q,2022Q1,from_applied_minus_1q,2022Q4,2023Q2,2023Q2,0.0,2.0,0.0,2.0
2307180,,unknown,,unknown,,unknown,,,,,,,
2307200,,unknown,,unknown,,unknown,,,,,,,
2307250,,unknown,,unknown,,unknown,,,,,,,
2307320,,unknown,,unknown,,unknown,,,,,,,
2307440,,unknown,,unknown,,unknown,,,,,,,
2307450,,unknown,,unknown,,unknown,,,,,,,
2307530,,unknown,,unknown,,unknown,,,,,,,
2307590,,unknown,,unknown,,unknown,,,,,,,
2307710,,unknown,,unknown,,unknown,,,,,,,
2307770,,unknown,,unknown,,unknown,,,,,,,
2307800,,unknown,,unknown,,unknown,,,,,,,
2307980,,unknown,,unknown,,unknown,,,,,,,
2308135,,unknown,,unknown,,unknown,,,,,,,
2308140,,unknown,,unknown,,unknown,,,,,,,
2308160,,unknown,,unknown,,unknown,,,,,,,
2308250,,unknown,,unknown,,unknown,,,,,,,
2308280,,unknown,,unknown,,unknown,,,,,,,
2308340,,unknown,,unknown,,unknown,,,,,,,
2308400,,unknown,,unknown,,unknown,,,,,,,
2308490,,unknown,,unknown,,unknown,,,,,,,
1200990,2024Q2,exact,2023Q4,backcast_award_minus_2q,2023Q3,from_applied_minus_1q,nanQnan,nanQnan,nanQnan,,,,
2308580,,unknown,,unknown,,unknown,,,,,,,
2308700,,unknown,,unknown,,unknown,,,,,,,
2308760,,unknown,,unknown,,unknown,,,,,,,
2308940,,unknown,,unknown,,unknown,,,,,,,
2309090,,unknown,,unknown,,unknown,,,,,,,
2309100,,unknown,,unknown,,unknown,,,,,,,
2309110,,unknown,,unknown,,unknown,,,,,,,
2309240,,unknown,,unknown,,unknown,,,,,,,
2309330,,unknown,,unknown,,unknown,,,,,,,
2309390,,unknown,,unknown,,unknown,,,,,,,
2309560,,unknown,,unknown,,unknown,,,,,,,
2309630,,unknown,,unknown,,unknown,,,,,,,
2309650,,unknown,,unknown,,unknown,,,,,,,
2309810,,unknown,,unknown,,unknown,,,,,,,
2309930,,unknown,,unknown,,unknown,,,,,,,
2309990,,unknown,,unknown,,unknown,,,,,,,
2310140,,unknown,,unknown,,unknown,,,,,,,
2310190,,unknown,,unknown,,unknown,,,,,,,
2310320,,unknown,,unknown,,unknown,,,,,,,
2200840,2023Q4,exact,2023Q2,backcast_award_minus_2q,2023Q1,from_applied_minus_1q,nanQnan,nanQnan,nanQnan,,,,
2310500,,unknown,,unknown,,unknown,,,,,,,
2310530,,unknown,,unknown,,unknown,,,,,,,
2310560,,unknown,,unknown,,unknown,,,,,,,
2310590,,unknown,,unknown,,unknown,,,,,,,
2310620,,unknown,,unknown,,unknown,,,,,,,
3615810,2024Q2,exact,2023Q4,backcast_award_minus_2q,2023Q3,from_applied_minus_1q,nanQnan,nanQnan,nanQnan,,,,
2310680,,unknown,,unknown,,unknown,,,,,,,
2310710,,unknown,,unknown,,unknown,,,,,,,
42JEROM,2022Q1,exact,2021Q3,backcast_award_minus_2q,2021Q2,from_applied_minus_1q,2022Q2,2023Q3,2023Q3,1.0,5.0,0.0,6.0
3407830,2021Q1,exact,2020Q3,backcast_award_minus_2q,2020Q2,from_applied_minus_1q,2021Q4,2023Q1,2023Q2,3.0,5.0,1.0,9.0
2310860,,unknown,,unknown,,unknown,,,,,,,
2310890,,unknown,,unknown,,unknown,,,,,,,
2310980,,unknown,,unknown,,unknown,,,,,,,
2311010,,unknown,,unknown,,unknown,,,,,,,
2311100,,unknown,,unknown,,unknown,,,,,,,
4702160,2022Q4,exact,2022Q2,backcast_award_minus_2q,2022Q1,from_applied_minus_1q,2023Q1,2023Q2,2023Q2,1.0,1.0,0.0,2.0
2311160,,unknown,,unknown,,unknown,,,,,,,
2311220,,unknown,,unknown,,unknown,,,,,,,
2311250,,unknown,,unknown,,unknown,,,,,,,
2311280,,unknown,,unknown,,unknown,,,,,,,
2311310,,unknown,,unknown,,unknown,,,,,,,
2311370,,unknown,,unknown,,unknown,,,,,,,
2311430,,unknown,,unknown,,unknown,,,,,,,
2311520,,unknown,,unknown,,unknown,,,,,,,
2311550,,unknown,,unknown,,unknown,,,,,,,
2311580,,unknown,,unknown,,unknown,,,,,,,
2311610,,unknown,,unknown,,unknown,,,,,,,
2311670,,unknown,,unknown,,unknown,,,,,,,
2311700,,unknown,,unknown,,unknown,,,,,,,
2311730,,unknown,,unknown,,unknown,,,,,,,
2311790,,unknown,,unknown,,unknown,,,,,,,
2311820,,unknown,,unknown,,unknown,,,,,,,
3702370,2022Q4,exact,2022Q2,backcast_award_minus_2q,2022Q1,from_applied_minus_1q,2023Q1,2023Q4,2023Q4,1.0,3.0,0.0,4.0
2311910,,unknown,,unknown,,unknown,,,,,,,
404010,2023Q4,exact,2023Q2,backcast_award_minus_2q,2023Q1,from_applied_minus_1q,2024Q3,2024Q4,nanQnan,3.0,1.0,,
2312140,,unknown,,unknown,,unknown,,,,,,,
2312180,,unknown,,unknown,,unknown,,,,,,,
2312260,,unknown,,unknown,,unknown,,,,,,,
2312300,,unknown,,unknown,,unknown,,,,,,,
2312320,,unknown,,unknown,,unknown,,,,,,,
2312330,,unknown,,unknown,,unknown,,,,,,,
2312360,,unknown,,unknown,,unknown,,,,,,,
2312370,,unknown,,unknown,,unknown,,,,,,,
34JOSHU,2023Q1,exact,2022Q3,backcast_award_minus_2q,2022Q2,from_applied_minus_1q,2023Q2,2024Q1,2024Q1,1.0,3.0,0.0,4.0
2312750,,unknown,,unknown,,unknown,,,,,,,
2312810,,unknown,,unknown,,unknown,,,,,,,
2312960,,unknown,,unknown,,unknown,,,,,,,
2312980,,unknown,,unknown,,unknown,,,,,,,
2313070,,unknown,,unknown,,unknown,,,,,,,
2313080,,unknown,,unknown,,unknown,,,,,,,
2313110,,unknown,,unknown,,unknown,,,,,,,
2313140,,unknown,,unknown,,unknown,,,,,,,
619260,2017Q2,exact,2016Q4,backcast_award_minus_2q,2016Q3,from_applied_minus_1q,2017Q3,2018Q2,2018Q3,1.0,3.0,1.0,5.0
2313210,,unknown,,unknown,,unknown,,,,,,,
2313350,,unknown,,unknown,,unknown,,,,,,,
2619950,2019Q3,exact,2019Q1,backcast_award_minus_2q,2018Q4,from_applied_minus_1q,2019Q4,2019Q4,2019Q4,1.0,0.0,0.0,1.0
2313500,,unknown,,unknown,,unknown,,,,,,,
2313530,,unknown,,unknown,,unknown,,,,,,,
2313560,,unknown,,unknown,,unknown,,,,,,,
2313590,,unknown,,unknown,,unknown,,,,,,,
2313710,,unknown,,unknown,,unknown,,,,,,,
2313740,,unknown,,unknown,,unknown,,,,,,,
2313860,,unknown,,unknown,,unknown,,,,,,,
A9901547,2020Q1,exact,2019Q3,backcast_award_minus_2q,2019Q2,from_applied_minus_1q,2020Q4,2021Q2,2021Q3,3.0,2.0,1.0,6.0
2313980,,unknown,,unknown,,unknown,,,,,,,
2314010,,unknown,,unknown,,unknown,,,,,,,
2314040,,unknown,,unknown,,unknown,,,,,,,
5400600,2022Q1,exact,2021Q3,backcast_award_minus_2q,2021Q2,from_applied_minus_1q,2023Q1,2023Q4,nanQnan,4.0,3.0,,
2314130,,unknown,,unknown,,unknown,,,,,,,
2314160,,unknown,,unknown,,unknown,,,,,,,
2314190,,unknown,,unknown,,unknown,,,,,,,
2314210,,unknown,,unknown,,unknown,,,,,,,
3702430,2023Q4,exact,2023Q2,backcast_award_minus_2q,2023Q1,from_applied_minus_1q,nanQnan,nanQnan,nanQnan,,,,
2314300,,unknown,,unknown,,unknown,,,,,,,
2314330,,unknown,,unknown,,unknown,,,,,,,
2314410,,unknown,,unknown,,unknown,,,,,,,
2314440,,unknown,,unknown,,unknown,,,,,,,
2314470,,unknown,,unknown,,unknown,,,,,,,
2314530,,unknown,,unknown,,unknown,,,,,,,
2314560,,unknown,,unknown,,unknown,,,,,,,
2314590,,unknown,,unknown,,unknown,,,,,,,
2314610,,unknown,,unknown,,unknown,,,,,,,
3616080,2022Q1,exact,2021Q3,backcast_award_minus_2q,2021Q2,from_applied_minus_1q,2022Q2,2023Q1,2023Q3,1.0,3.0,2.0,6.0
2314700,,unknown,,unknown,,unknown,,,,,,,
2314761,,unknown,,unknown,,unknown,,,,,,,
2314762,,unknown,,unknown,,unknown,,,,,,,
2314765,,unknown,,unknown,,unknown,,,,,,,
2314767,,unknown,,unknown,,unknown,,,,,,,
3407890,2021Q1,exact,2020Q3,backcast_award_minus_2q,2020Q2,from_applied_minus_1q,nanQnan,nanQnan,nanQnan,,,,
2314771,,unknown,,unknown,,unknown,,,,,,,
2314772,,unknown,,unknown,,unknown,,,,,,,
2314773,,unknown,,unknown,,unknown,,,,,,,
2314775,,unknown,,unknown,,unknown,,,,,,,
2314776,,unknown,,unknown,,unknown,,,,,,,
2314777,,unknown,,unknown,,unknown,,,,,,,
2314778,,unknown,,unknown,,unknown,,,,,,,
2314779,,unknown,,unknown,,unknown,,,,,,,
2916500,2022Q4,exact,2022Q2,backcast_award_minus_2q,2022Q1,from_applied_minus_1q,2023Q1,2023Q4,2023Q4,1.0,3.0,0.0,4.0
2314782,,unknown,,unknown,,unknown,,,,,,,
2314783,,unknown,,unknown,,unknown,,,,,,,
2314784,,unknown,,unknown,,unknown,,,,,,,
2314785,,unknown,,unknown,,unknown,,,,,,,
2680620,2024Q2,exact,2023Q4,backcast_award_minus_2q,2023Q3,from_applied_minus_1q,nanQnan,nanQnan,nanQnan,,,,
2314788,,unknown,,unknown,,unknown,,,,,,,
2314789,,unknown,,unknown,,unknown,,,,,,,
2314790,,unknown,,unknown,,unknown,,,,,,,
2314791,,unknown,,unknown,,unknown,,,,,,,
2314793,,unknown,,unknown,,unknown,,,,,,,
2314794,,unknown,,unknown,,unknown,,,,,,,
2314795,,unknown,,unknown,,unknown,,,,,,,
2314796,,unknown,,unknown,,unknown,,,,,,,
2314803,,unknown,,unknown,,unknown,,,,,,,
2314805,,unknown,,unknown,,unknown,,,,,,,
2314806,,unknown,,unknown,,unknown,,,,,,,
2314807,,unknown,,unknown,,unknown,,,,,,,
2314808,,unknown,,unknown,,unknown,,,,,,,
2314809,,unknown,,unknown,,unknown,,,,,,,
2314810,,unknown,,unknown,,unknown,,,,,,,
2314811,,unknown,,unknown,,unknown,,,,,,,
2314812,,unknown,,unknown,,unknown,,,,,,,
2314813,,unknown,,unknown,,unknown,,,,,,,
2314814,,unknown,,unknown,,unknown,,,,,,,
2314815,,unknown,,unknown,,unknown,,,,,,,
2314816,,unknown,,unknown,,unknown,,,,,,,
2314817,,unknown,,unknown,,unknown,,,,,,,
2314818,,unknown,,unknown,,unknown,,,,,,,
2314819,,unknown,,unknown,,unknown,,,,,,,
2314820,,unknown,,unknown,,unknown,,,,,,,
2314821,,unknown,,unknown,,unknown,,,,,,,
2314822,,unknown,,unknown,,unknown,,,,,,,
2314823,,unknown,,unknown,,unknown,,,,,,,
2314824,,unknown,,unknown,,unknown,,,,,,,
2314825,,unknown,,unknown,,unknown,,,,,,,
2314831,,unknown,,unknown,,unknown,,,,,,,
2314832,,unknown,,unknown,,unknown,,,,,,,
2314833,,unknown,,unknown,,unknown,,,,,,,
2314834,,unknown,,unknown,,unknown,,,,,,,
2314835,,unknown,,unknown,,unknown,,,,,,,
2314836,,unknown,,unknown,,unknown,,,,,,,
2314837,,unknown,,unknown,,unknown,,,,,,,
2314838,,unknown,,unknown,,unknown,,,,,,,
2314839,,unknown,,unknown,,unknown,,,,,,,
2314840,,unknown,,unknown,,unknown,,,,,,,
2314841,,unknown,,unknown,,unknown,,,,,,,
2314842,,unknown,,unknown,,unknown,,,,,,,
2400027,,unknown,,unknown,,unknown,,,,,,,
5303960,2020Q2,exact,2019Q4,backcast_award_minus_2q,2019Q3,from_applied_minus_1q,2021Q1,2022Q2,2022Q3,3.0,5.0,1.0,9.0
2620340,2024Q2,exact,2023Q4,backcast_award_minus_2q,2023Q3,from_applied_minus_1q,nanQnan,nanQnan,nanQnan,,,,
619440,2022Q2,exact,2021Q4,backcast_award_minus_2q,2021Q3,from_applied_minus_1q,2022Q3,nanQnan,nanQnan,1.0,,,
691012,2019Q3,exact,2019Q1,backcast_award_minus_2q,2018Q4,from_applied_minus_1q,2020Q2,2022Q3,2022Q4,3.0,9.0,1.0,13.0
2400150,,unknown,,unknown,,unknown,,,,,,,
2400180,,unknown,,unknown,,unknown,,,,,,,
2400210,,unknown,,unknown,,unknown,,,,,,,
2400240,,unknown,,unknown,,unknown,,,,,,,
619540,2023Q4,exact,2023Q2,backcast_award_minus_2q,2023Q1,from_applied_minus_1q,nanQnan,nanQnan,nanQnan,,,,
2400300,,unknown,,unknown,,unknown,,,,,,,
34KEYPO,2021Q4,exact,2021Q2,backcast_award_minus_2q,2021Q1,from_applied_minus_1q,2022Q3,2023Q2,2023Q2,3.0,3.0,0.0,6.0
2400360,,unknown,,unknown,,unknown,,,,,,,
2400390,,unknown,,unknown,,unknown,,,,,,,
4000048,2024Q2,exact,2023Q4,backcast_award_minus_2q,2023Q3,from_applied_minus_1q,nanQnan,nanQnan,nanQnan,,,,
2400450,,unknown,,unknown,,unknown,,,,,,,
4000069,2022Q4,exact,2022Q2,backcast_award_minus_2q,2022Q1,from_applied_minus_1q,2023Q1,2023Q4,2023Q4,1.0,3.0,0.0,4.0
4825620,2022Q4,exact,2022Q2,backcast_award_minus_2q,2022Q1,from_applied_minus_1q,2023Q2,2023Q4,2023Q4,2.0,2.0,0.0,4.0
2400540,,unknown,,unknown,,unknown,,,,,,,
2400570,,unknown,,unknown,,unknown,,,,,,,
2400600,,unknown,,unknown,,unknown,,,,,,,
2400630,,unknown,,unknown,,unknown,,,,,,,
2400660,,unknown,,unknown,,unknown,,,,,,,
2400690,,unknown,,unknown,,unknown,,,,,,,
2400720,,unknown,,unknown,,unknown,,,,,,,
2500001,,unknown,,unknown,,unknown,,,,,,,
2500002,,unknown,,unknown,,unknown,,,,,,,
2500013,,unknown,,unknown,,unknown,,,,,,,
2500014,,unknown,,unknown,,unknown,,,,,,,
2500021,,unknown,,unknown,,unknown,,,,,,,
2500022,,unknown,,unknown,,unknown,,,,,,,
2500024,,unknown,,unknown,,unknown,,,,,,,
2500025,,unknown,,unknown,,unknown,,,,,,,
2500026,,unknown,,unknown,,unknown,,,,,,,
2500027,,unknown,,unknown,,unknown,,,,,,,
2500028,,unknown,,unknown,,unknown,,,,,,,
2500029,,unknown,,unknown,,unknown,,,,,,,
2500030,,unknown,,unknown,,unknown,,,,,,,
2500031,,unknown,,unknown,,unknown,,,,,,,
2500032,,unknown,,unknown,,unknown,,,,,,,
2500033,,unknown,,unknown,,unknown,,,,,,,
2500034,,unknown,,unknown,,unknown,,,,,,,
2500035,,unknown,,unknown,,unknown,,,,,,,
2500036,,unknown,,unknown,,unknown,,,,,,,
2500038,,unknown,,unknown,,unknown,,,,,,,
2500039,,unknown,,unknown,,unknown,,,,,,,
2500040,,unknown,,unknown,,unknown,,,,,,,
2500041,,unknown,,unknown,,unknown,,,,,,,
2500043,,unknown,,unknown,,unknown,,,,,,,
2500044,,unknown,,unknown,,unknown,,,,,,,
2500045,,unknown,,unknown,,unknown,,,,,,,
2500046,,unknown,,unknown,,unknown,,,,,,,
2500049,,unknown,,unknown,,unknown,,,,,,,
2500051,,unknown,,unknown,,unknown,,,,,,,
2500052,,unknown,,unknown,,unknown,,,,,,,
2500053,,unknown,,unknown,,unknown,,,,,,,
2500054,,unknown,,unknown,,unknown,,,,,,,
2500055,,unknown,,unknown,,unknown,,,,,,,
2500057,,unknown,,unknown,,unknown,,,,,,,
2500058,,unknown,,unknown,,unknown,,,,,,,
2500060,,unknown,,unknown,,unknown,,,,,,,
2500062,,unknown,,unknown,,unknown,,,,,,,
2500063,,unknown,,unknown,,unknown,,,,,,,
2500065,,unknown,,unknown,,unknown,,,,,,,
2500066,,unknown,,unknown,,unknown,,,,,,,
2500067,,unknown,,unknown,,unknown,,,,,,,
2500068,,unknown,,unknown,,unknown,,,,,,,
2500070,,unknown,,unknown,,unknown,,,,,,,
2500071,,unknown,,unknown,,unknown,,,,,,,
2500073,,unknown,,unknown,,unknown,,,,,,,
2500075,,unknown,,unknown,,unknown,,,,,,,
2500076,,unknown,,unknown,,unknown,,,,,,,
2500077,,unknown,,unknown,,unknown,,,,,,,
2500079,,unknown,,unknown,,unknown,,,,,,,
2500080,,unknown,,unknown,,unknown,,,,,,,
2500082,,unknown,,unknown,,unknown,,,,,,,
2500083,,unknown,,unknown,,unknown,,,,,,,
2500084,,unknown,,unknown,,unknown,,,,,,,
4825660,2022Q4,exact,2022Q2,backcast_award_minus_2q,2022Q1,from_applied_minus_1q,2023Q2,2024Q2,2024Q2,2.0,4.0,0.0,6.0
2500086,,unknown,,unknown,,unknown,,,,,,,
2500087,,unknown,,unknown,,unknown,,,,,,,
2500089,,unknown,,unknown,,unknown,,,,,,,
2500090,,unknown,,unknown,,unknown,,,,,,,
2500517,,unknown,,unknown,,unknown,,,,,,,
2500518,,unknown,,unknown,,unknown,,,,,,,
2500519,,unknown,,unknown,,unknown,,,,,,,
2500522,,unknown,,unknown,,unknown,,,,,,,
2500525,,unknown,,unknown,,unknown,,,,,,,
2500526,,unknown,,unknown,,unknown,,,,,,,
2500527,,unknown,,unknown,,unknown,,,,,,,
2500533,,unknown,,unknown,,unknown,,,,,,,
2500536,,unknown,,unknown,,unknown,,,,,,,
2500537,,unknown,,unknown,,unknown,,,,,,,
2500541,,unknown,,unknown,,unknown,,,,,,,
2500542,,unknown,,unknown,,unknown,,,,,,,
2500543,,unknown,,unknown,,unknown,,,,,,,
2500544,,unknown,,unknown,,unknown,,,,,,,
2500545,,unknown,,unknown,,unknown,,,,,,,
2500546,,unknown,,unknown,,unknown,,,,,,,
2500547,,unknown,,unknown,,unknown,,,,,,,
2500549,,unknown,,unknown,,unknown,,,,,,,
2500550,,unknown,,unknown,,unknown,,,,,,,
2500551,,unknown,,unknown,,unknown,,,,,,,
2500552,,unknown,,unknown,,unknown,,,,,,,
619700,2012Q1,exact,2021Q2,program_calendar,2021Q1,from_applied_minus_1q,2012Q2,2014Q1,2014Q1,1.0,7.0,0.0,8.0
2500555,,unknown,,unknown,,unknown,,,,,,,
2500556,,unknown,,unknown,,unknown,,,,,,,
2500557,,unknown,,unknown,,unknown,,,,,,,
2500559,,unknown,,unknown,,unknown,,,,,,,
2500560,,unknown,,unknown,,unknown,,,,,,,
2500561,,unknown,,unknown,,unknown,,,,,,,
2500562,,unknown,,unknown,,unknown,,,,,,,
2500563,,unknown,,unknown,,unknown,,,,,,,
2500565,,unknown,,unknown,,unknown,,,,,,,
2500566,,unknown,,unknown,,unknown,,,,,,,
2500567,,unknown,,unknown,,unknown,,,,,,,
2500568,,unknown,,unknown,,unknown,,,,,,,
2500569,,unknown,,unknown,,unknown,,,,,,,
2500570,,unknown,,unknown,,unknown,,,,,,,
2500571,,unknown,,unknown,,unknown,,,,,,,
2500572,,unknown,,unknown,,unknown,,,,,,,
2500573,,unknown,,unknown,,unknown,,,,,,,
2500574,,unknown,,unknown,,unknown,,,,,,,
2500575,,unknown,,unknown,,unknown,,,,,,,
2500577,,unknown,,unknown,,unknown,,,,,,,
2500578,,unknown,,unknown,,unknown,,,,,,,
2500579,,unknown,,unknown,,unknown,,,,,,,
2500580,,unknown,,unknown,,unknown,,,,,,,
2500581,,unknown,,unknown,,unknown,,,,,,,
2500582,,unknown,,unknown,,unknown,,,,,,,
2500583,,unknown,,unknown,,unknown,,,,,,,
3616260,2024Q2,exact,2023Q4,backcast_award_minus_2q,2023Q3,from_applied_minus_1q,nanQnan,nanQnan,nanQnan,,,,
2500585,,unknown,,unknown,,unknown,,,,,,,
2500586,,unknown,,unknown,,unknown,,,,,,,
2500587,,unknown,,unknown,,unknown,,,,,,,
2500588,,unknown,,unknown,,unknown,,,,,,,
2500589,,unknown,,unknown,,unknown,,,,,,,
2500590,,unknown,,unknown,,unknown,,,,,,,
2501650,,unknown,,unknown,,unknown,,,,,,,
2931140,2022Q4,exact,2022Q2,backcast_award_minus_2q,2022Q1,from_applied_minus_1q,2023Q2,2023Q3,2023Q3,2.0,1.0,0.0,3.0
2501740,,unknown,,unknown,,unknown,,,,,,,
2501780,,unknown,,unknown,,unknown,,,,,,,
2501800,,unknown,,unknown,,unknown,,,,,,,
2501860,,unknown,,unknown,,unknown,,,,,,,
803510,2024Q2,exact,2023Q4,backcast_award_minus_2q,2023Q3,from_applied_minus_1q,nanQnan,nanQnan,nanQnan,,,,
2200246,2024Q2,exact,2023Q4,backcast_award_minus_2q,2023Q3,from_applied_minus_1q,nanQnan,nanQnan,nanQnan,,,,
3700385,2023Q4,exact,2023Q2,backcast_award_minus_2q,2023Q1,from_applied_minus_1q,nanQnan,nanQnan,nanQnan,,,,
2200248,2024Q2,exact,2023Q4,backcast_award_minus_2q,2023Q3,from_applied_minus_1q,nanQnan,nanQnan,nanQnan,,,,
2502040,,unknown,,unknown,,unknown,,,,,,,
2502100,,unknown,,unknown,,unknown,,,,,,,
2502110,,unknown,,unknown,,unknown,,,,,,,
2502160,,unknown,,unknown,,unknown,,,,,,,
2502190,,unknown,,unknown,,unknown,,,,,,,
2502220,,unknown,,unknown,,unknown,,,,,,,
2502250,,unknown,,unknown,,unknown,,,,,,,
2502310,,unknown,,unknown,,unknown,,,,,,,
2502400,,unknown,,unknown,,unknown,,,,,,,
2502430,,unknown,,unknown,,unknown,,,,,,,
2502460,,unknown,,unknown,,unknown,,,,,,,
2502490,,unknown,,unknown,,unknown,,,,,,,
2502520,,unknown,,unknown,,unknown,,,,,,,
2502530,,unknown,,unknown,,unknown,,,,,,,
2502580,,unknown,,unknown,,unknown,,,,,,,
3700123,2024Q2,exact,2023Q4,backcast_award_minus_2q,2023Q3,from_applied_minus_1q,nanQnan,nanQnan,nanQnan,,,,
2502670,,unknown,,unknown,,unknown,,,,,,,
2502710,,unknown,,unknown,,unknown,,,,,,,
2502715,,unknown,,unknown,,unknown,,,,,,,
2502740,,unknown,,unknown,,unknown,,,,,,,
3700375,2023Q4,exact,2023Q2,backcast_award_minus_2q,2023Q1,from_applied_minus_1q,nanQnan,nanQnan,nanQnan,,,,
2502820,,unknown,,unknown,,unknown,,,,,,,
2502880,,unknown,,unknown,,unknown,,,,,,,
2502940,,unknown,,unknown,,unknown,,,,,,,
2502970,,unknown,,unknown,,unknown,,,,,,,
2503030,,unknown,,unknown,,unknown,,,,,,,
2503060,,unknown,,unknown,,unknown,,,,,,,
2503070,,unknown,,unknown,,unknown,,,,,,,
2503080,,unknown,,unknown,,unknown,,,,,,,
2503090,,unknown,,unknown,,unknown,,,,,,,
2503120,,unknown,,unknown,,unknown,,,,,,,
2503150,,unknown,,unknown,,unknown,,,,,,,
2503240,,unknown,,unknown,,unknown,,,,,,,
2307140,2024Q2,exact,2023Q4,backcast_award_minus_2q,2023Q3,from_applied_minus_1q,nanQnan,nanQnan,nanQnan,,,,
2503300,,unknown,,unknown,,unknown,,,,,,,
34KLARR,2023Q1,exact,2022Q3,backcast_award_minus_2q,2022Q2,from_applied_minus_1q,2023Q2,2024Q1,2024Q1,1.0,3.0,0.0,4.0
2503330,,unknown,,unknown,,unknown,,,,,,,
2503360,,unknown,,unknown,,unknown,,,,,,,
2503390,,unknown,,unknown,,unknown,,,,,,,
2503510,,unknown,,unknown,,unknown,,,,,,,
2503540,,unknown,,unknown,,unknown,,,,,,,
2503660,,unknown,,unknown,,unknown,,,,,,,
2503720,,unknown,,unknown,,unknown,,,,,,,
2503750,,unknown,,unknown,,unknown,,,,,,,
2916830,2024Q2,exact,2023Q4,backcast_award_minus_2q,2023Q3,from_applied_minus_1q,nanQnan,nanQnan,nanQnan,,,,
2911280,2020Q3,exact,2020Q1,backcast_award_minus_2q,2019Q4,from_applied_minus_1q,2021Q1,2021Q1,2021Q1,2.0,0.0,0.0,2.0
2503870,,unknown,,unknown,,unknown,,,,,,,
2503900,,unknown,,unknown,,unknown,,,,,,,
2503990,,unknown,,unknown,,unknown,,,,,,,
2504020,,unknown,,unknown,,unknown,,,,,,,
2504050,,unknown,,unknown,,unknown,,,,,,,
2504080,,unknown,,unknown,,unknown,,,,,,,
2504140,,unknown,,unknown,,unknown,,,,,,,
2504200,,unknown,,unknown,,unknown,,,,,,,
2504230,,unknown,,unknown,,unknown,,,,,,,
2504260,,unknown,,unknown,,unknown,,,,,,,
2504290,,unknown,,unknown,,unknown,,,,,,,
620070,2018Q1,exact,2021Q2,program_calendar,2021Q1,from_applied_minus_1q,2018Q2,2020Q1,2020Q2,1.0,7.0,1.0,9.0
2504360,,unknown,,unknown,,unknown,,,,,,,
2504410,,unknown,,unknown,,unknown,,,,,,,
2504440,,unknown,,unknown,,unknown,,,,,,,
2504500,,unknown,,unknown,,unknown,,,,,,,
2504530,,unknown,,unknown,,unknown,,,,,,,
2504560,,unknown,,unknown,,unknown,,,,,,,
2504590,,unknown,,unknown,,unknown,,,,,,,
2504620,,unknown,,unknown,,unknown,,,,,,,
2504650,,unknown,,unknown,,unknown,,,,,,,
2504710,,unknown,,unknown,,unknown,,,,,,,
2504770,,unknown,,unknown,,unknown,,,,,,,
2504800,,unknown,,unknown,,unknown,,,,,,,
4825890,2023Q4,exact,2023Q2,backcast_award_minus_2q,2023Q1,from_applied_minus_1q,nanQnan,nanQnan,nanQnan,,,,
2504860,,unknown,,unknown,,unknown,,,,,,,
620250,2019Q3,exact,2019Q1,backcast_award_minus_2q,2018Q4,from_applied_minus_1q,2020Q2,2021Q4,2022Q1,3.0,6.0,1.0,10.0
2504920,,unknown,,unknown,,unknown,,,,,,,
2504950,,unknown,,unknown,,unknown,,,,,,,
2504980,,unknown,,unknown,,unknown,,,,,,,
2505010,,unknown,,unknown,,unknown,,,,,,,
2505020,,unknown,,unknown,,unknown,,,,,,,
2505070,,unknown,,unknown,,unknown,,,,,,,
2505100,,unknown,,unknown,,unknown,,,,,,,
2505130,,unknown,,unknown,,unknown,,,,,,,
2505160,,unknown,,unknown,,unknown,,,,,,,
2505220,,unknown,,unknown,,unknown,,,,,,,
2505270,,unknown,,unknown,,unknown,,,,,,,
2916920,2022Q4,exact,2022Q2,backcast_award_minus_2q,2022Q1,from_applied_minus_1q,2023Q1,2023Q1,2023Q2,1.0,0.0,1.0,2.0
2505340,,unknown,,unknown,,unknown,,,,,,,
2505370,,unknown,,unknown,,unknown,,,,,,,
2505400,,unknown,,unknown,,unknown,,,,,,,
2505470,,unknown,,unknown,,unknown,,,,,,,
2505480,,unknown,,unknown,,unknown,,,,,,,
2505485,,unknown,,unknown,,unknown,,,,,,,
2505490,,unknown,,unknown,,unknown,,,,,,,
2505500,,unknown,,unknown,,unknown,,,,,,,
2505580,,unknown,,unknown,,unknown,,,,,,,
2505610,,unknown,,unknown,,unknown,,,,,,,
2505670,,unknown,,unknown,,unknown,,,,,,,
2505730,,unknown,,unknown,,unknown,,,,,,,
2505740,,unknown,,unknown,,unknown,,,,,,,
2505760,,unknown,,unknown,,unknown,,,,,,,
2505790,,unknown,,unknown,,unknown,,,,,,,
2505880,,unknown,,unknown,,unknown,,,,,,,
2505940,,unknown,,unknown,,unknown,,,,,,,
1201020,2022Q4,exact,2022Q2,backcast_award_minus_2q,2022Q1,from_applied_minus_1q,2022Q4,2023Q3,2023Q3,0.0,3.0,0.0,3.0
2506000,,unknown,,unknown,,unknown,,,,,,,
3616410,2024Q2,exact,2023Q4,backcast_award_minus_2q,2023Q3,from_applied_minus_1q,nanQnan,nanQnan,nanQnan,,,,
2506150,,unknown,,unknown,,unknown,,,,,,,
2506210,,unknown,,unknown,,unknown,,,,,,,
2506240,,unknown,,unknown,,unknown,,,,,,,
3501470,2022Q4,exact,2022Q2,backcast_award_minus_2q,2022Q1,from_applied_minus_1q,2023Q1,2023Q4,2023Q4,1.0,3.0,0.0,4.0
2506300,,unknown,,unknown,,unknown,,,,,,,
2506330,,unknown,,unknown,,unknown,,,,,,,
2506390,,unknown,,unknown,,unknown,,,,,,,
2506420,,unknown,,unknown,,unknown,,,,,,,
4107230,2024Q1,exact,2023Q3,backcast_award_minus_2q,2023Q2,from_applied_minus_1q,nanQnan,nanQnan,nanQnan,,,,
2506510,,unknown,,unknown,,unknown,,,,,,,
2506540,,unknown,,unknown,,unknown,,,,,,,
1721840,2022Q1,exact,2021Q3,backcast_award_minus_2q,2021Q2,from_applied_minus_1q,2022Q2,2023Q1,2023Q2,1.0,3.0,1.0,5.0
2506690,,unknown,,unknown,,unknown,,,,,,,
2506720,,unknown,,unknown,,unknown,,,,,,,
2506750,,unknown,,unknown,,unknown,,,,,,,
2506780,,unknown,,unknown,,unknown,,,,,,,
2506810,,unknown,,unknown,,unknown,,,,,,,
2506840,,unknown,,unknown,,unknown,,,,,,,
2506900,,unknown,,unknown,,unknown,,,,,,,
2506930,,unknown,,unknown,,unknown,,,,,,,
2506960,,unknown,,unknown,,unknown,,,,,,,
2506990,,unknown,,unknown,,unknown,,,,,,,
2507020,,unknown,,unknown,,unknown,,,,,,,
2507050,,unknown,,unknown,,unknown,,,,,,,
2507080,,unknown,,unknown,,unknown,,,,,,,
2507110,,unknown,,unknown,,unknown,,,,,,,
2507140,,unknown,,unknown,,unknown,,,,,,,
2507170,,unknown,,unknown,,unknown,,,,,,,
2507230,,unknown,,unknown,,unknown,,,,,,,
5307050,2020Q2,exact,2019Q4,backcast_award_minus_2q,2019Q3,from_applied_minus_1q,2021Q1,2021Q2,2021Q3,3.0,1.0,1.0,5.0
2507290,,unknown,,unknown,,unknown,,,,,,,
2507320,,unknown,,unknown,,unknown,,,,,,,
2507350,,unknown,,unknown,,unknown,,,,,,,
620640,2018Q3,exact,2018Q1,backcast_award_minus_2q,2017Q4,from_applied_minus_1q,2018Q4,2020Q3,2020Q4,1.0,7.0,1.0,9.0
2507410,,unknown,,unknown,,unknown,,,,,,,
2507440,,unknown,,unknown,,unknown,,,,,,,
2507470,,unknown,,unknown,,unknown,,,,,,,
2507500,,unknown,,unknown,,unknown,,,,,,,
2507530,,unknown,,unknown,,unknown,,,,,,,
2507560,,unknown,,unknown,,unknown,,,,,,,
2507590,,unknown,,unknown,,unknown,,,,,,,
2507620,,unknown,,unknown,,unknown,,,,,,,
2507680,,unknown,,unknown,,unknown,,,,,,,
2507740,,unknown,,unknown,,unknown,,,,,,,
2507770,,unknown,,unknown,,unknown,,,,,,,
2507830,,unknown,,unknown,,unknown,,,,,,,
2507860,,unknown,,unknown,,unknown,,,,,,,
2507890,,unknown,,unknown,,unknown,,,,,,,
2507920,,unknown,,unknown,,unknown,,,,,,,
2507980,,unknown,,unknown,,unknown,,,,,,,
2507985,,unknown,,unknown,,unknown,,,,,,,
2507990,,unknown,,unknown,,unknown,,,,,,,
2508040,,unknown,,unknown,,unknown,,,,,,,
2508050,,unknown,,unknown,,unknown,,,,,,,
2508160,,unknown,,unknown,,unknown,,,,,,,
2508220,,unknown,,unknown,,unknown,,,,,,,
2508250,,unknown,,unknown,,unknown,,,,,,,
2508280,,unknown,,unknown,,unknown,,,,,,,
2508310,,unknown,,unknown,,unknown,,,,,,,
2508320,,unknown,,unknown,,unknown,,,,,,,
2508340,,unknown,,unknown,,unknown,,,,,,,
2508370,,unknown,,unknown,,unknown,,,,,,,
5304230,2023Q4,exact,2023Q2,backcast_award_minus_2q,2023Q1,from_applied_minus_1q,nanQnan,nanQnan,nanQnan,,,,
2508440,,unknown,,unknown,,unknown,,,,,,,
2508530,,unknown,,unknown,,unknown,,,,,,,
4213020,2024Q2,exact,2023Q4,backcast_award_minus_2q,2023Q3,from_applied_minus_1q,nanQnan,nanQnan,nanQnan,,,,
2508610,,unknown,,unknown,,unknown,,,,,,,
2508640,,unknown,,unknown,,unknown,,,,,,,
2508650,,unknown,,unknown,,unknown,,,,,,,
2508670,,unknown,,unknown,,unknown,,,,,,,
2508700,,unknown,,unknown,,unknown,,,,,,,
2508730,,unknown,,unknown,,unknown,,,,,,,
2508760,,unknown,,unknown,,unknown,,,,,,,
2508790,,unknown,,unknown,,unknown,,,,,,,
2508820,,unknown,,unknown,,unknown,,,,,,,
2508850,,unknown,,unknown,,unknown,,,,,,,
2508860,,unknown,,unknown,,unknown,,,,,,,
2508880,,unknown,,unknown,,unknown,,,,,,,
2508910,,unknown,,unknown,,unknown,,,,,,,
2508940,,unknown,,unknown,,unknown,,,,,,,
2508950,,unknown,,unknown,,unknown,,,,,,,
2508960,,unknown,,unknown,,unknown,,,,,,,
2509000,,unknown,,unknown,,unknown,,,,,,,
2509030,,unknown,,unknown,,unknown,,,,,,,
2509060,,unknown,,unknown,,unknown,,,,,,,
2509090,,unknown,,unknown,,unknown,,,,,,,
2509140,,unknown,,unknown,,unknown,,,,,,,
2509150,,unknown,,unknown,,unknown,,,,,,,
2509180,,unknown,,unknown,,unknown,,,,,,,
2509210,,unknown,,unknown,,unknown,,,,,,,
2509270,,unknown,,unknown,,unknown,,,,,,,
2509300,,unknown,,unknown,,unknown,,,,,,,
2509310,,unknown,,unknown,,unknown,,,,,,,
2509360,,unknown,,unknown,,unknown,,,,,,,
2509390,,unknown,,unknown,,unknown,,,,,,,
2509420,,unknown,,unknown,,unknown,,,,,,,
2509450,,unknown,,unknown,,unknown,,,,,,,
2509540,,unknown,,unknown,,unknown,,,,,,,
2509600,,unknown,,unknown,,unknown,,,,,,,
2509630,,unknown,,unknown,,unknown,,,,,,,
2509690,,unknown,,unknown,,unknown,,,,,,,
2509720,,unknown,,unknown,,unknown,,,,,,,
2509780,,unknown,,unknown,,unknown,,,,,,,
2509840,,unknown,,unknown,,unknown,,,,,,,
620790,2022Q4,exact,2022Q2,backcast_award_minus_2q,2022Q1,from_applied_minus_1q,2023Q2,2024Q4,nanQnan,2.0,6.0,,
2509900,,unknown,,unknown,,unknown,,,,,,,
2509930,,unknown,,unknown,,unknown,,,,,,,
2509990,,unknown,,unknown,,unknown,,,,,,,
2510050,,unknown,,unknown,,unknown,,,,,,,
2510080,,unknown,,unknown,,unknown,,,,,,,
2510140,,unknown,,unknown,,unknown,,,,,,,
2510170,,unknown,,unknown,,unknown,,,,,,,
2510200,,unknown,,unknown,,unknown,,,,,,,
2510230,,unknown,,unknown,,unknown,,,,,,,
2717780,2016Q1,exact,2015Q3,backcast_award_minus_2q,2015Q2,from_applied_minus_1q,2016Q2,2017Q3,2017Q4,1.0,5.0,1.0,7.0
2510470,,unknown,,unknown,,unknown,,,,,,,
2510500,,unknown,,unknown,,unknown,,,,,,,
2510530,,unknown,,unknown,,unknown,,,,,,,
2510560,,unknown,,unknown,,unknown,,,,,,,
2510590,,unknown,,unknown,,unknown,,,,,,,
2510615,,unknown,,unknown,,unknown,,,,,,,
2510620,,unknown,,unknown,,unknown,,,,,,,
2510710,,unknown,,unknown,,unknown,,,,,,,
2510770,,unknown,,unknown,,unknown,,,,,,,
2510800,,unknown,,unknown,,unknown,,,,,,,
2510830,,unknown,,unknown,,unknown,,,,,,,
2510860,,unknown,,unknown,,unknown,,,,,,,
2510890,,unknown,,unknown,,unknown,,,,,,,
2510920,,unknown,,unknown,,unknown,,,,,,,
2510930,,unknown,,unknown,,unknown,,,,,,,
2510950,,unknown,,unknown,,unknown,,,,,,,
2510980,,unknown,,unknown,,unknown,,,,,,,
2511010,,unknown,,unknown,,unknown,,,,,,,
2511020,,unknown,,unknown,,unknown,,,,,,,
2511040,,unknown,,unknown,,unknown,,,,,,,
2511050,,unknown,,unknown,,unknown,,,,,,,
2511060,,unknown,,unknown,,unknown,,,,,,,
2511130,,unknown,,unknown,,unknown,,,,,,,
2511150,,unknown,,unknown,,unknown,,,,,,,
2511220,,unknown,,unknown,,unknown,,,,,,,
2511250,,unknown,,unknown,,unknown,,,,,,,
2511310,,unknown,,unknown,,unknown,,,,,,,
2511340,,unknown,,unknown,,unknown,,,,,,,
2511370,,unknown,,unknown,,unknown,,,,,,,
2511400,,unknown,,unknown,,unknown,,,,,,,
2511430,,unknown,,unknown,,unknown,,,,,,,
2511460,,unknown,,unknown,,unknown,,,,,,,
2511490,,unknown,,unknown,,unknown,,,,,,,
2511520,,unknown,,unknown,,unknown,,,,,,,
2511580,,unknown,,unknown,,unknown,,,,,,,
2511670,,unknown,,unknown,,unknown,,,,,,,
2511730,,unknown,,unknown,,unknown,,,,,,,
2511735,,unknown,,unknown,,unknown,,,,,,,
2511740,,unknown,,unknown,,unknown,,,,,,,
2511760,,unknown,,unknown,,unknown,,,,,,,
5304260,2020Q2,exact,2019Q4,backcast_award_minus_2q,2019Q3,from_applied_minus_1q,2021Q1,2022Q2,2022Q3,3.0,5.0,1.0,9.0
2511850,,unknown,,unknown,,unknown,,,,,,,
2511880,,unknown,,unknown,,unknown,,,,,,,
2511910,,unknown,,unknown,,unknown,,,,,,,
2511940,,unknown,,unknown,,unknown,,,,,,,
2511970,,unknown,,unknown,,unknown,,,,,,,
2512000,,unknown,,unknown,,unknown,,,,,,,
2512030,,unknown,,unknown,,unknown,,,,,,,
2512060,,unknown,,unknown,,unknown,,,,,,,
2512100,,unknown,,unknown,,unknown,,,,,,,
2512180,,unknown,,unknown,,unknown,,,,,,,
2512210,,unknown,,unknown,,unknown,,,,,,,
2512240,,unknown,,unknown,,unknown,,,,,,,
2512270,,unknown,,unknown,,unknown,,,,,,,
2512300,,unknown,,unknown,,unknown,,,,,,,
2512390,,unknown,,unknown,,unknown,,,,,,,
2512420,,unknown,,unknown,,unknown,,,,,,,
2512510,,unknown,,unknown,,unknown,,,,,,,
2512570,,unknown,,unknown,,unknown,,,,,,,
2512600,,unknown,,unknown,,unknown,,,,,,,
2512630,,unknown,,unknown,,unknown,,,,,,,
2512660,,unknown,,unknown,,unknown,,,,,,,
2512690,,unknown,,unknown,,unknown,,,,,,,
2512750,,unknown,,unknown,,unknown,,,,,,,
2512780,,unknown,,unknown,,unknown,,,,,,,
2512810,,unknown,,unknown,,unknown,,,,,,,
2512840,,unknown,,unknown,,unknown,,,,,,,
2512870,,unknown,,unknown,,unknown,,,,,,,
2512930,,unknown,,unknown,,unknown,,,,,,,
2512950,,unknown,,unknown,,unknown,,,,,,,
2512990,,unknown,,unknown,,unknown,,,,,,,
2513050,,unknown,,unknown,,unknown,,,,,,,
2513080,,unknown,,unknown,,unknown,,,,,,,
2513110,,unknown,,unknown,,unknown,,,,,,,
2513170,,unknown,,unknown,,unknown,,,,,,,
2513200,,unknown,,unknown,,unknown,,,,,,,
3408220,2022Q3,exact,2022Q1,backcast_award_minus_2q,2021Q4,from_applied_minus_1q,2022Q4,2023Q3,2023Q3,1.0,3.0,0.0,4.0
2513260,,unknown,,unknown,,unknown,,,,,,,
2513290,,unknown,,unknown,,unknown,,,,,,,
2513321,,unknown,,unknown,,unknown,,,,,,,
2513322,,unknown,,unknown,,unknown,,,,,,,
2513323,,unknown,,unknown,,unknown,,,,,,,
2600001,,unknown,,unknown,,unknown,,,,,,,
2600004,,unknown,,unknown,,unknown,,,,,,,
2600005,,unknown,,unknown,,unknown,,,,,,,
2917850,2024Q2,exact,2023Q4,backcast_award_minus_2q,2023Q3,from_applied_minus_1q,nanQnan,nanQnan,nanQnan,,,,
5507770,2024Q2,exact,2023Q4,backcast_award_minus_2q,2023Q3,from_applied_minus_1q,nanQnan,nanQnan,nanQnan,,,,
2600010,,unknown,,unknown,,unknown,,,,,,,
2600011,,unknown,,unknown,,unknown,,,,,,,
2600012,,unknown,,unknown,,unknown,,,,,,,
2600013,,unknown,,unknown,,unknown,,,,,,,
2600014,,unknown,,unknown,,unknown,,,,,,,
2600015,,unknown,,unknown,,unknown,,,,,,,
2600016,,unknown,,unknown,,unknown,,,,,,,
2600017,,unknown,,unknown,,unknown,,,,,,,
3200240,2023Q4,exact,2023Q2,backcast_award_minus_2q,2023Q1,from_applied_minus_1q,nanQnan,nanQnan,nanQnan,,,,
2600019,,unknown,,unknown,,unknown,,,,,,,
2600020,,unknown,,unknown,,unknown,,,,,,,
2600067,,unknown,,unknown,,unknown,,,,,,,
2600068,,unknown,,unknown,,unknown,,,,,,,
2600069,,unknown,,unknown,,unknown,,,,,,,
2600070,,unknown,,unknown,,unknown,,,,,,,
2600071,,unknown,,unknown,,unknown,,,,,,,
2600073,,unknown,,unknown,,unknown,,,,,,,
2600074,,unknown,,unknown,,unknown,,,,,,,
2600076,,unknown,,unknown,,unknown,,,,,,,
2600078,,unknown,,unknown,,unknown,,,,,,,
2600079,,unknown,,unknown,,unknown,,,,,,,
2600082,,unknown,,unknown,,unknown,,,,,,,
2600087,,unknown,,unknown,,unknown,,,,,,,
2600088,,unknown,,unknown,,unknown,,,,,,,
2600090,,unknown,,unknown,,unknown,,,,,,,
2600092,,unknown,,unknown,,unknown,,,,,,,
2600093,,unknown,,unknown,,unknown,,,,,,,
2600096,,unknown,,unknown,,unknown,,,,,,,
2600097,,unknown,,unknown,,unknown,,,,,,,
2600098,,unknown,,unknown,,unknown,,,,,,,
2600099,,unknown,,unknown,,unknown,,,,,,,
2600100,,unknown,,unknown,,unknown,,,,,,,
2600101,,unknown,,unknown,,unknown,,,,,,,
2600103,,unknown,,unknown,,unknown,,,,,,,
2600105,,unknown,,unknown,,unknown,,,,,,,
2600106,,unknown,,unknown,,unknown,,,,,,,
2600112,,unknown,,unknown,,unknown,,,,,,,
2600113,,unknown,,unknown,,unknown,,,,,,,
2600114,,unknown,,unknown,,unknown,,,,,,,
2600115,,unknown,,unknown,,unknown,,,,,,,
2600121,,unknown,,unknown,,unknown,,,,,,,
2600125,,unknown,,unknown,,unknown,,,,,,,
2600131,,unknown,,unknown,,unknown,,,,,,,
2600136,,unknown,,unknown,,unknown,,,,,,,
2600137,,unknown,,unknown,,unknown,,,,,,,
2600139,,unknown,,unknown,,unknown,,,,,,,
2600140,,unknown,,unknown,,unknown,,,,,,,
2600142,,unknown,,unknown,,unknown,,,,,,,
2600143,,unknown,,unknown,,unknown,,,,,,,
2600145,,unknown,,unknown,,unknown,,,,,,,
2600148,,unknown,,unknown,,unknown,,,,,,,
2600149,,unknown,,unknown,,unknown,,,,,,,
2600150,,unknown,,unknown,,unknown,,,,,,,
2600151,,unknown,,unknown,,unknown,,,,,,,
2600152,,unknown,,unknown,,unknown,,,,,,,
2600153,,unknown,,unknown,,unknown,,,,,,,
2600156,,unknown,,unknown,,unknown,,,,,,,
2600157,,unknown,,unknown,,unknown,,,,,,,
2600159,,unknown,,unknown,,unknown,,,,,,,
2600161,,unknown,,unknown,,unknown,,,,,,,
2600163,,unknown,,unknown,,unknown,,,,,,,
2600164,,unknown,,unknown,,unknown,,,,,,,
2600166,,unknown,,unknown,,unknown,,,,,,,
2600168,,unknown,,unknown,,unknown,,,,,,,
2600169,,unknown,,unknown,,unknown,,,,,,,
2600170,,unknown,,unknown,,unknown,,,,,,,
2600171,,unknown,,unknown,,unknown,,,,,,,
2717910,2024Q2,exact,2023Q4,backcast_award_minus_2q,2023Q3,from_applied_minus_1q,nanQnan,nanQnan,nanQnan,,,,
2600174,,unknown,,unknown,,unknown,,,,,,,
2600175,,unknown,,unknown,,unknown,,,,,,,
2600178,,unknown,,unknown,,unknown,,,,,,,
2600181,,unknown,,unknown,,unknown,,,,,,,
2600182,,unknown,,unknown,,unknown,,,,,,,
2600184,,unknown,,unknown,,unknown,,,,,,,
2600185,,unknown,,unknown,,unknown,,,,,,,
2600186,,unknown,,unknown,,unknown,,,,,,,
2600191,,unknown,,unknown,,unknown,,,,,,,
2600192,,unknown,,unknown,,unknown,,,,,,,
2600193,,unknown,,unknown,,unknown,,,,,,,
2600194,,unknown,,unknown,,unknown,,,,,,,
2600195,,unknown,,unknown,,unknown,,,,,,,
2600197,,unknown,,unknown,,unknown,,,,,,,
2600200,,unknown,,unknown,,unknown,,,,,,,
2600203,,unknown,,unknown,,unknown,,,,,,,
2600204,,unknown,,unknown,,unknown,,,,,,,
2600206,,unknown,,unknown,,unknown,,,,,,,
2600207,,unknown,,unknown,,unknown,,,,,,,
2600208,,unknown,,unknown,,unknown,,,,,,,
2600209,,unknown,,unknown,,unknown,,,,,,,
2600210,,unknown,,unknown,,unknown,,,,,,,
2600211,,unknown,,unknown,,unknown,,,,,,,
2600213,,unknown,,unknown,,unknown,,,,,,,
2600214,,unknown,,unknown,,unknown,,,,,,,
2600215,,unknown,,unknown,,unknown,,,,,,,
2600216,,unknown,,unknown,,unknown,,,,,,,
2600217,,unknown,,unknown,,unknown,,,,,,,
2600218,,unknown,,unknown,,unknown,,,,,,,
2600219,,unknown,,unknown,,unknown,,,,,,,
2600220,,unknown,,unknown,,unknown,,,,,,,
2600223,,unknown,,unknown,,unknown,,,,,,,
2600224,,unknown,,unknown,,unknown,,,,,,,
2600225,,unknown,,unknown,,unknown,,,,,,,
2600227,,unknown,,unknown,,unknown,,,,,,,
2600228,,unknown,,unknown,,unknown,,,,,,,
2600229,,unknown,,unknown,,unknown,,,,,,,
2600230,,unknown,,unknown,,unknown,,,,,,,
2600232,,unknown,,unknown,,unknown,,,,,,,
2600234,,unknown,,unknown,,unknown,,,,,,,
2600237,,unknown,,unknown,,unknown,,,,,,,
2600239,,unknown,,unknown,,unknown,,,,,,,
2600242,,unknown,,unknown,,unknown,,,,,,,
2600243,,unknown,,unknown,,unknown,,,,,,,
2600244,,unknown,,unknown,,unknown,,,,,,,
2600245,,unknown,,unknown,,unknown,,,,,,,
2600249,,unknown,,unknown,,unknown,,,,,,,
2600250,,unknown,,unknown,,unknown,,,,,,,
2600251,,unknown,,unknown,,unknown,,,,,,,
2600252,,unknown,,unknown,,unknown,,,,,,,
2600254,,unknown,,unknown,,unknown,,,,,,,
2600255,,unknown,,unknown,,unknown,,,,,,,
2600262,,unknown,,unknown,,unknown,,,,,,,
2600263,,unknown,,unknown,,unknown,,,,,,,
2600264,,unknown,,unknown,,unknown,,,,,,,
2600265,,unknown,,unknown,,unknown,,,,,,,
2600267,,unknown,,unknown,,unknown,,,,,,,
2600269,,unknown,,unknown,,unknown,,,,,,,
2600270,,unknown,,unknown,,unknown,,,,,,,
2600271,,unknown,,unknown,,unknown,,,,,,,
2600273,,unknown,,unknown,,unknown,,,,,,,
2600274,,unknown,,unknown,,unknown,,,,,,,
2600275,,unknown,,unknown,,unknown,,,,,,,
2600277,,unknown,,unknown,,unknown,,,,,,,
2600278,,unknown,,unknown,,unknown,,,,,,,
2600280,,unknown,,unknown,,unknown,,,,,,,
2600281,,unknown,,unknown,,unknown,,,,,,,
2600283,,unknown,,unknown,,unknown,,,,,,,
2600284,,unknown,,unknown,,unknown,,,,,,,
101980,2024Q2,exact,2023Q4,backcast_award_minus_2q,2023Q3,from_applied_minus_1q,nanQnan,nanQnan,nanQnan,,,,
2600286,,unknown,,unknown,,unknown,,,,,,,
2600287,,unknown,,unknown,,unknown,,,,,,,
2600288,,unknown,,unknown,,unknown,,,,,,,
2600289,,unknown,,unknown,,unknown,,,,,,,
2600291,,unknown,,unknown,,unknown,,,,,,,
2600292,,unknown,,unknown,,unknown,,,,,,,
2600294,,unknown,,unknown,,unknown,,,,,,,
2600295,,unknown,,unknown,,unknown,,,,,,,
2600296,,unknown,,unknown,,unknown,,,,,,,
2600297,,unknown,,unknown,,unknown,,,,,,,
2600300,,unknown,,unknown,,unknown,,,,,,,
2600301,,unknown,,unknown,,unknown,,,,,,,
2600302,,unknown,,unknown,,unknown,,,,,,,
2600305,,unknown,,unknown,,unknown,,,,,,,
2600306,,unknown,,unknown,,unknown,,,,,,,
2600307,,unknown,,unknown,,unknown,,,,,,,
2600308,,unknown,,unknown,,unknown,,,,,,,
2600310,,unknown,,unknown,,unknown,,,,,,,
2600311,,unknown,,unknown,,unknown,,,,,,,
2600312,,unknown,,unknown,,unknown,,,,,,,
2600314,,unknown,,unknown,,unknown,,,,,,,
2600315,,unknown,,unknown,,unknown,,,,,,,
2600316,,unknown,,unknown,,unknown,,,,,,,
2600317,,unknown,,unknown,,unknown,,,,,,,
2600322,,unknown,,unknown,,unknown,,,,,,,
2600330,,unknown,,unknown,,unknown,,,,,,,
2600331,,unknown,,unknown,,unknown,,,,,,,
2600333,,unknown,,unknown,,unknown,,,,,,,
2600945,,unknown,,unknown,,unknown,,,,,,,
2600946,,unknown,,unknown,,unknown,,,,,,,
2600947,,unknown,,unknown,,unknown,,,,,,,
2600949,,unknown,,unknown,,unknown,,,,,,,
2600950,,unknown,,unknown,,unknown,,,,,,,
2600951,,unknown,,unknown,,unknown,,,,,,,
2600952,,unknown,,unknown,,unknown,,,,,,,
2600955,,unknown,,unknown,,unknown,,,,,,,
2600956,,unknown,,unknown,,unknown,,,,,,,
2600958,,unknown,,unknown,,unknown,,,,,,,
2600959,,unknown,,unknown,,unknown,,,,,,,
2600960,,unknown,,unknown,,unknown,,,,,,,
2600961,,unknown,,unknown,,unknown,,,,,,,
2600963,,unknown,,unknown,,unknown,,,,,,,
2600964,,unknown,,unknown,,unknown,,,,,,,
2600965,,unknown,,unknown,,unknown,,,,,,,
2600966,,unknown,,unknown,,unknown,,,,,,,
2600967,,unknown,,unknown,,unknown,,,,,,,
2600968,,unknown,,unknown,,unknown,,,,,,,
2600969,,unknown,,unknown,,unknown,,,,,,,
2600970,,unknown,,unknown,,unknown,,,,,,,
2600971,,unknown,,unknown,,unknown,,,,,,,
2600972,,unknown,,unknown,,unknown,,,,,,,
2600973,,unknown,,unknown,,unknown,,,,,,,
2600974,,unknown,,unknown,,unknown,,,,,,,
2600977,,unknown,,unknown,,unknown,,,,,,,
2600979,,unknown,,unknown,,unknown,,,,,,,
2600980,,unknown,,unknown,,unknown,,,,,,,
2600981,,unknown,,unknown,,unknown,,,,,,,
2600982,,unknown,,unknown,,unknown,,,,,,,
2600983,,unknown,,unknown,,unknown,,,,,,,
2600984,,unknown,,unknown,,unknown,,,,,,,
2600985,,unknown,,unknown,,unknown,,,,,,,
2600986,,unknown,,unknown,,unknown,,,,,,,
2600988,,unknown,,unknown,,unknown,,,,,,,
2600989,,unknown,,unknown,,unknown,,,,,,,
2600990,,unknown,,unknown,,unknown,,,,,,,
2600992,,unknown,,unknown,,unknown,,,,,,,
2600993,,unknown,,unknown,,unknown,,,,,,,
2600995,,unknown,,unknown,,unknown,,,,,,,
2600996,,unknown,,unknown,,unknown,,,,,,,
2600997,,unknown,,unknown,,unknown,,,,,,,
2600998,,unknown,,unknown,,unknown,,,,,,,
2601000,,unknown,,unknown,,unknown,,,,,,,
2601003,,unknown,,unknown,,unknown,,,,,,,
2601006,,unknown,,unknown,,unknown,,,,,,,
2601008,,unknown,,unknown,,unknown,,,,,,,
2601010,,unknown,,unknown,,unknown,,,,,,,
2601011,,unknown,,unknown,,unknown,,,,,,,
2601012,,unknown,,unknown,,unknown,,,,,,,
2601013,,unknown,,unknown,,unknown,,,,,,,
2601014,,unknown,,unknown,,unknown,,,,,,,
2601016,,unknown,,unknown,,unknown,,,,,,,
2601017,,unknown,,unknown,,unknown,,,,,,,
2601018,,unknown,,unknown,,unknown,,,,,,,
2601020,,unknown,,unknown,,unknown,,,,,,,
2601021,,unknown,,unknown,,unknown,,,,,,,
2601023,,unknown,,unknown,,unknown,,,,,,,
2601027,,unknown,,unknown,,unknown,,,,,,,
2601028,,unknown,,unknown,,unknown,,,,,,,
2601029,,unknown,,unknown,,unknown,,,,,,,
2601031,,unknown,,unknown,,unknown,,,,,,,
2601032,,unknown,,unknown,,unknown,,,,,,,
2601033,,unknown,,unknown,,unknown,,,,,,,
2601034,,unknown,,unknown,,unknown,,,,,,,
2601035,,unknown,,unknown,,unknown,,,,,,,
2601036,,unknown,,unknown,,unknown,,,,,,,
2601037,,unknown,,unknown,,unknown,,,,,,,
2601040,,unknown,,unknown,,unknown,,,,,,,
2601041,,unknown,,unknown,,unknown,,,,,,,
2601042,,unknown,,unknown,,unknown,,,,,,,
2601043,,unknown,,unknown,,unknown,,,,,,,
2601044,,unknown,,unknown,,unknown,,,,,,,
2601045,,unknown,,unknown,,unknown,,,,,,,
2601046,,unknown,,unknown,,unknown,,,,,,,
2601047,,unknown,,unknown,,unknown,,,,,,,
2601048,,unknown,,unknown,,unknown,,,,,,,
2601050,,unknown,,unknown,,unknown,,,,,,,
2601051,,unknown,,unknown,,unknown,,,,,,,
2601053,,unknown,,unknown,,unknown,,,,,,,
2601055,,unknown,,unknown,,unknown,,,,,,,
2601056,,unknown,,unknown,,unknown,,,,,,,
2601058,,unknown,,unknown,,unknown,,,,,,,
2601061,,unknown,,unknown,,unknown,,,,,,,
2601062,,unknown,,unknown,,unknown,,,,,,,
2601064,,unknown,,unknown,,unknown,,,,,,,
2601066,,unknown,,unknown,,unknown,,,,,,,
2601067,,unknown,,unknown,,unknown,,,,,,,
2601068,,unknown,,unknown,,unknown,,,,,,,
2601070,,unknown,,unknown,,unknown,,,,,,,
2601071,,unknown,,unknown,,unknown,,,,,,,
2601072,,unknown,,unknown,,unknown,,,,,,,
2601074,,unknown,,unknown,,unknown,,,,,,,
2601075,,unknown,,unknown,,unknown,,,,,,,
2601076,,unknown,,unknown,,unknown,,,,,,,
2601077,,unknown,,unknown,,unknown,,,,,,,
2601080,,unknown,,unknown,,unknown,,,,,,,
2601082,,unknown,,unknown,,unknown,,,,,,,
2601083,,unknown,,unknown,,unknown,,,,,,,
2601088,,unknown,,unknown,,unknown,,,,,,,
2601089,,unknown,,unknown,,unknown,,,,,,,
2601090,,unknown,,unknown,,unknown,,,,,,,
2601092,,unknown,,unknown,,unknown,,,,,,,
2601093,,unknown,,unknown,,unknown,,,,,,,
2601095,,unknown,,unknown,,unknown,,,,,,,
2601096,,unknown,,unknown,,unknown,,,,,,,
2601097,,unknown,,unknown,,unknown,,,,,,,
2601099,,unknown,,unknown,,unknown,,,,,,,
2601100,,unknown,,unknown,,unknown,,,,,,,
2601101,,unknown,,unknown,,unknown,,,,,,,
2600018,2022Q4,exact,2022Q2,backcast_award_minus_2q,2022Q1,from_applied_minus_1q,nanQnan,2023Q3,2023Q3,,,0.0,3.0
2601104,,unknown,,unknown,,unknown,,,,,,,
2601106,,unknown,,unknown,,unknown,,,,,,,
2601107,,unknown,,unknown,,unknown,,,,,,,
2601108,,unknown,,unknown,,unknown,,,,,,,
2601110,,unknown,,unknown,,unknown,,,,,,,
2601111,,unknown,,unknown,,unknown,,,,,,,
2601112,,unknown,,unknown,,unknown,,,,,,,
2601114,,unknown,,unknown,,unknown,,,,,,,
2601115,,unknown,,unknown,,unknown,,,,,,,
2601116,,unknown,,unknown,,unknown,,,,,,,
2601117,,unknown,,unknown,,unknown,,,,,,,
2601118,,unknown,,unknown,,unknown,,,,,,,
2601119,,unknown,,unknown,,unknown,,,,,,,
2601120,,unknown,,unknown,,unknown,,,,,,,
2601121,,unknown,,unknown,,unknown,,,,,,,
2601122,,unknown,,unknown,,unknown,,,,,,,
2601123,,unknown,,unknown,,unknown,,,,,,,
2601124,,unknown,,unknown,,unknown,,,,,,,
2601125,,unknown,,unknown,,unknown,,,,,,,
2601129,,unknown,,unknown,,unknown,,,,,,,
2601131,,unknown,,unknown,,unknown,,,,,,,
2601132,,unknown,,unknown,,unknown,,,,,,,
2601133,,unknown,,unknown,,unknown,,,,,,,
2601135,,unknown,,unknown,,unknown,,,,,,,
2601136,,unknown,,unknown,,unknown,,,,,,,
2601137,,unknown,,unknown,,unknown,,,,,,,
2601139,,unknown,,unknown,,unknown,,,,,,,
2601140,,unknown,,unknown,,unknown,,,,,,,
2601141,,unknown,,unknown,,unknown,,,,,,,
2601890,,unknown,,unknown,,unknown,,,,,,,
2601920,,unknown,,unknown,,unknown,,,,,,,
2601950,,unknown,,unknown,,unknown,,,,,,,
2601980,,unknown,,unknown,,unknown,,,,,,,
2602010,,unknown,,unknown,,unknown,,,,,,,
2602040,,unknown,,unknown,,unknown,,,,,,,
2621150,2023Q4,exact,2023Q2,backcast_award_minus_2q,2023Q1,from_applied_minus_1q,nanQnan,nanQnan,nanQnan,,,,
2602190,,unknown,,unknown,,unknown,,,,,,,
2602220,,unknown,,unknown,,unknown,,,,,,,
1722020,2024Q2,exact,2023Q4,backcast_award_minus_2q,2023Q3,from_applied_minus_1q,nanQnan,nanQnan,nanQnan,,,,
2602550,,unknown,,unknown,,unknown,,,,,,,
2602640,,unknown,,unknown,,unknown,,,,,,,
2602670,,unknown,,unknown,,unknown,,,,,,,
2602730,,unknown,,unknown,,unknown,,,,,,,
3616740,2024Q2,exact,2023Q4,backcast_award_minus_2q,2023Q3,from_applied_minus_1q,nanQnan,nanQnan,nanQnan,,,,
2717940,2023Q1,exact,2022Q3,backcast_award_minus_2q,2022Q2,from_applied_minus_1q,2024Q2,nanQnan,nanQnan,5.0,,,
3501500,2022Q4,exact,2022Q2,backcast_award_minus_2q,2022Q1,from_applied_minus_1q,2023Q3,2024Q1,2024Q1,3.0,2.0,0.0,5.0
2603270,,unknown,,unknown,,unknown,,,,,,,
2603480,,unknown,,unknown,,unknown,,,,,,,
2603510,,unknown,,unknown,,unknown,,,,,,,
2603540,,unknown,,unknown,,unknown,,,,,,,
2603570,,unknown,,unknown,,unknown,,,,,,,
621060,2020Q2,exact,2019Q4,backcast_award_minus_2q,2019Q3,from_applied_minus_1q,2021Q1,2022Q2,2022Q3,3.0,5.0,1.0,9.0
2603660,,unknown,,unknown,,unknown,,,,,,,
2603690,,unknown,,unknown,,unknown,,,,,,,
2603810,,unknown,,unknown,,unknown,,,,,,,
2603870,,unknown,,unknown,,unknown,,,,,,,
2603900,,unknown,,unknown,,unknown,,,,,,,
2603960,,unknown,,unknown,,unknown,,,,,,,
2603990,,unknown,,unknown,,unknown,,,,,,,
2604020,,unknown,,unknown,,unknown,,,,,,,
2604170,,unknown,,unknown,,unknown,,,,,,,
2604260,,unknown,,unknown,,unknown,,,,,,,
2604290,,unknown,,unknown,,unknown,,,,,,,
2604320,,unknown,,unknown,,unknown,,,,,,,
2604350,,unknown,,unknown,,unknown,,,,,,,
2604440,,unknown,,unknown,,unknown,,,,,,,
2604470,,unknown,,unknown,,unknown,,,,,,,
621090,2022Q2,exact,2021Q4,backcast_award_minus_2q,2021Q3,from_applied_minus_1q,2022Q3,nanQnan,nanQnan,1.0,,,
2604530,,unknown,,unknown,,unknown,,,,,,,
2604620,,unknown,,unknown,,unknown,,,,,,,
2604650,,unknown,,unknown,,unknown,,,,,,,
2604740,,unknown,,unknown,,unknown,,,,,,,
2604800,,unknown,,unknown,,unknown,,,,,,,
2604830,,unknown,,unknown,,unknown,,,,,,,
2604950,,unknown,,unknown,,unknown,,,,,,,
2605010,,unknown,,unknown,,unknown,,,,,,,
2605100,,unknown,,unknown,,unknown,,,,,,,
2605430,,unknown,,unknown,,unknown,,,,,,,
2605690,,unknown,,unknown,,unknown,,,,,,,
2605780,,unknown,,unknown,,unknown,,,,,,,
2605820,,unknown,,unknown,,unknown,,,,,,,
2605850,,unknown,,unknown,,unknown,,,,,,,
2606000,,unknown,,unknown,,unknown,,,,,,,
2606090,,unknown,,unknown,,unknown,,,,,,,
2606270,,unknown,,unknown,,unknown,,,,,,,
2606300,,unknown,,unknown,,unknown,,,,,,,
2606500,,unknown,,unknown,,unknown,,,,,,,
2606510,,unknown,,unknown,,unknown,,,,,,,
2606570,,unknown,,unknown,,unknown,,,,,,,
2606600,,unknown,,unknown,,unknown,,,,,,,
2606630,,unknown,2020Q2,program_calendar,2020Q1,from_applied_minus_1q,,,,,,,
2606720,,unknown,,unknown,,unknown,,,,,,,
2606780,,unknown,,unknown,,unknown,,,,,,,
2606840,,unknown,,unknown,,unknown,,,,,,,
2606870,,unknown,,unknown,,unknown,,,,,,,
4213320,2023Q4,exact,2023Q2,backcast_award_minus_2q,2023Q1,from_applied_minus_1q,nanQnan,nanQnan,nanQnan,,,,
4502640,2022Q4,exact,2022Q2,backcast_award_minus_2q,2022Q1,from_applied_minus_1q,nanQnan,2024Q1,2024Q1,,,0.0,5.0
2606960,,unknown,,unknown,,unknown,,,,,,,
2606990,,unknown,,unknown,,unknown,,,,,,,
404290,2023Q4,exact,2023Q2,backcast_award_minus_2q,2023Q1,from_applied_minus_1q,nanQnan,nanQnan,nanQnan,,,,
2607080,,unknown,,unknown,,unknown,,,,,,,
2607140,,unknown,,unknown,,unknown,,,,,,,
2607170,,unknown,,unknown,,unknown,,,,,,,
2607320,,unknown,,unknown,,unknown,,,,,,,
2607410,,unknown,,unknown,,unknown,,,,,,,
2607470,,unknown,,unknown,,unknown,,,,,,,
2607530,,unknown,,unknown,,unknown,,,,,,,
2607560,,unknown,,unknown,,unknown,,,,,,,
2008400,2023Q4,exact,2023Q2,backcast_award_minus_2q,2023Q1,from_applied_minus_1q,nanQnan,nanQnan,nanQnan,,,,
2607620,,unknown,,unknown,,unknown,,,,,,,
2607690,,unknown,,unknown,,unknown,,,,,,,
2607710,,unknown,,unknown,,unknown,,,,,,,
2607800,,unknown,,unknown,,unknown,,,,,,,
2607890,,unknown,,unknown,,unknown,,,,,,,
2608010,,unknown,,unknown,,unknown,,,,,,,
2608040,,unknown,,unknown,,unknown,,,,,,,
2608070,,unknown,,unknown,,unknown,,,,,,,
2608130,,unknown,,unknown,,unknown,,,,,,,
2608160,,unknown,,unknown,,unknown,,,,,,,
2608280,,unknown,,unknown,,unknown,,,,,,,
2506660,2022Q4,exact,2022Q2,backcast_award_minus_2q,2022Q1,from_applied_minus_1q,2023Q1,2023Q4,2023Q4,1.0,3.0,0.0,4.0
4017250,2023Q4,exact,2023Q2,backcast_award_minus_2q,2023Q1,from_applied_minus_1q,nanQnan,nanQnan,nanQnan,,,,
2608520,,unknown,,unknown,,unknown,,,,,,,
2608580,,unknown,,unknown,,unknown,,,,,,,
2608610,,unknown,,unknown,,unknown,,,,,,,
2608640,,unknown,,unknown,,unknown,,,,,,,
2608670,,unknown,,unknown,,unknown,,,,,,,
2608730,,unknown,,unknown,,unknown,,,,,,,
2608770,,unknown,,unknown,,unknown,,,,,,,
2608880,,unknown,,unknown,,unknown,,,,,,,
2608910,,unknown,,unknown,,unknown,,,,,,,
2608940,,unknown,,unknown,,unknown,,,,,,,
2802520,2024Q2,exact,2023Q4,backcast_award_minus_2q,2023Q3,from_applied_minus_1q,nanQnan,nanQnan,nanQnan,,,,
2609560,,unknown,,unknown,,unknown,,,,,,,
5102190,2022Q4,exact,2022Q2,backcast_award_minus_2q,2022Q1,from_applied_minus_1q,2022Q4,2023Q4,2023Q4,0.0,4.0,0.0,4.0
2609630,,unknown,,unknown,,unknown,,,,,,,
2609750,,unknown,,unknown,,unknown,,,,,,,
2609840,,unknown,,unknown,,unknown,,,,,,,
2609900,,unknown,,unknown,,unknown,,,,,,,
2609930,,unknown,,unknown,,unknown,,,,,,,
2610020,,unknown,,unknown,,unknown,,,,,,,
2610050,,unknown,,unknown,,unknown,,,,,,,
2610080,,unknown,,unknown,,unknown,,,,,,,
2610110,,unknown,,unknown,,unknown,,,,,,,
2610140,,unknown,,unknown,,unknown,,,,,,,
2610200,,unknown,,unknown,,unknown,,,,,,,
2610230,,unknown,,unknown,,unknown,,,,,,,
2610380,,unknown,,unknown,,unknown,,,,,,,
2610410,,unknown,,unknown,,unknown,,,,,,,
2610560,,unknown,,unknown,,unknown,,,,,,,
609665,2024Q2,exact,2023Q4,backcast_award_minus_2q,2023Q3,from_applied_minus_1q,nanQnan,nanQnan,nanQnan,,,,
2610620,,unknown,,unknown,,unknown,,,,,,,
2610650,,unknown,,unknown,,unknown,,,,,,,
2610750,,unknown,,unknown,,unknown,,,,,,,
2610830,,unknown,,unknown,,unknown,,,,,,,
2610860,,unknown,,unknown,,unknown,,,,,,,
2610980,,unknown,,unknown,,unknown,,,,,,,
2611030,,unknown,,unknown,,unknown,,,,,,,
2611140,,unknown,,unknown,,unknown,,,,,,,
2611190,,unknown,,unknown,,unknown,,,,,,,
2611400,,unknown,,unknown,,unknown,,,,,,,
2611430,,unknown,,unknown,,unknown,,,,,,,
2611550,,unknown,,unknown,,unknown,,,,,,,
621330,2022Q1,exact,2021Q3,backcast_award_minus_2q,2021Q2,from_applied_minus_1q,2022Q2,nanQnan,nanQnan,1.0,,,
2611610,,unknown,,unknown,,unknown,,,,,,,
2611640,,unknown,,unknown,,unknown,,,,,,,
2611670,,unknown,,unknown,,unknown,,,,,,,
2611700,,unknown,,unknown,,unknown,,,,,,,
2611910,,unknown,,unknown,,unknown,,,,,,,
2611970,,unknown,,unknown,,unknown,,,,,,,
2612030,,unknown,,unknown,,unknown,,,,,,,
2612150,,unknown,,unknown,,unknown,,,,,,,
2612240,,unknown,,unknown,,unknown,,,,,,,
2612300,,unknown,,unknown,,unknown,,,,,,,
2612330,,unknown,,unknown,,unknown,,,,,,,
2612420,,unknown,,unknown,,unknown,,,,,,,
2612450,,unknown,,unknown,,unknown,,,,,,,
2612480,,unknown,,unknown,,unknown,,,,,,,
2612540,,unknown,,unknown,,unknown,,,,,,,
2612560,,unknown,,unknown,,unknown,,,,,,,
2612600,,unknown,,unknown,,unknown,,,,,,,
2612660,,unknown,,unknown,,unknown,,,,,,,
2612690,,unknown,,unknown,,unknown,,,,,,,
2612810,,unknown,,unknown,,unknown,,,,,,,
2612930,,unknown,,unknown,,unknown,,,,,,,
2612960,,unknown,,unknown,,unknown,,,,,,,
2612990,,unknown,,unknown,,unknown,,,,,,,
2613050,,unknown,,unknown,,unknown,,,,,,,
2613090,,unknown,,unknown,,unknown,,,,,,,
2613110,,unknown,,unknown,,unknown,,,,,,,
2613140,,unknown,,unknown,,unknown,,,,,,,
2613500,,unknown,,unknown,,unknown,,,,,,,
2613530,,unknown,,unknown,,unknown,,,,,,,
2613560,,unknown,,unknown,,unknown,,,,,,,
2613680,,unknown,,unknown,,unknown,,,,,,,
2614070,,unknown,,unknown,,unknown,,,,,,,
2614100,,unknown,,unknown,,unknown,,,,,,,
2614230,,unknown,,unknown,,unknown,,,,,,,
2614250,,unknown,,unknown,,unknown,,,,,,,
2614280,,unknown,,unknown,,unknown,,,,,,,
2614460,,unknown,,unknown,,unknown,,,,,,,
3702610,2022Q4,exact,2022Q2,backcast_award_minus_2q,2022Q1,from_applied_minus_1q,2023Q1,2023Q4,2023Q4,1.0,3.0,0.0,4.0
2614550,,unknown,,unknown,,unknown,,,,,,,
2614570,,unknown,,unknown,,unknown,,,,,,,
2614610,,unknown,,unknown,,unknown,,,,,,,
2614690,,unknown,,unknown,,unknown,,,,,,,
2614700,,unknown,,unknown,,unknown,,,,,,,
2614730,,unknown,,unknown,,unknown,,,,,,,
2614760,,unknown,,unknown,,unknown,,,,,,,
2614790,,unknown,,unknown,,unknown,,,,,,,
2614820,,unknown,,unknown,,unknown,,,,,,,
2615060,,unknown,,unknown,,unknown,,,,,,,
2615150,,unknown,,unknown,,unknown,,,,,,,
2615390,,unknown,,unknown,,unknown,,,,,,,
2615420,,unknown,,unknown,,unknown,,,,,,,
2615450,,unknown,,unknown,,unknown,,,,,,,
2615510,,unknown,,unknown,,unknown,,,,,,,
2615540,,unknown,,unknown,,unknown,,,,,,,
2615600,,unknown,,unknown,,unknown,,,,,,,
3408520,2021Q4,exact,2021Q2,backcast_award_minus_2q,2021Q1,from_applied_minus_1q,2022Q3,2023Q2,2023Q2,3.0,3.0,0.0,6.0
2615750,,unknown,,unknown,,unknown,,,,,,,
2615830,,unknown,,unknown,,unknown,,,,,,,
2615870,,unknown,,unknown,,unknown,,,,,,,
2615970,,unknown,,unknown,,unknown,,,,,,,
2615990,,unknown,,unknown,,unknown,,,,,,,
2616020,,unknown,,unknown,,unknown,,,,,,,
2616050,,unknown,,unknown,,unknown,,,,,,,
2616080,,unknown,,unknown,,unknown,,,,,,,
2616110,,unknown,,unknown,,unknown,,,,,,,
2616320,,unknown,,unknown,,unknown,,,,,,,
2616350,,unknown,,unknown,,unknown,,,,,,,
2616380,,unknown,,unknown,,unknown,,,,,,,
2616410,,unknown,,unknown,,unknown,,,,,,,
2103330,2022Q4,exact,2022Q2,backcast_award_minus_2q,2022Q1,from_applied_minus_1q,2023Q2,2023Q4,2023Q4,2.0,2.0,0.0,4.0
2616470,,unknown,,unknown,,unknown,,,,,,,
2616500,,unknown,,unknown,,unknown,,,,,,,
2616560,,unknown,,unknown,,unknown,,,,,,,
2616830,,unknown,,unknown,,unknown,,,,,,,
2617160,,unknown,,unknown,,unknown,,,,,,,
2617220,,unknown,,unknown,,unknown,,,,,,,
2617250,,unknown,,unknown,,unknown,,,,,,,
2617340,,unknown,,unknown,,unknown,,,,,,,
2617370,,unknown,,unknown,,unknown,,,,,,,
2617400,,unknown,,unknown,,unknown,,,,,,,
2617520,,unknown,,unknown,,unknown,,,,,,,
2617550,,unknown,,unknown,,unknown,,,,,,,
2617640,,unknown,,unknown,,unknown,,,,,,,
2617700,,unknown,,unknown,,unknown,,,,,,,
2617730,,unknown,,unknown,,unknown,,,,,,,
2617760,,unknown,,unknown,,unknown,,,,,,,
2617820,,unknown,,unknown,,unknown,,,,,,,
2617860,,unknown,,unknown,,unknown,,,,,,,
2918460,2020Q4,exact,2020Q2,backcast_award_minus_2q,2020Q1,from_applied_minus_1q,2021Q2,2021Q2,2021Q2,2.0,0.0,0.0,2.0
2617910,,unknown,,unknown,,unknown,,,,,,,
2617940,,unknown,,unknown,,unknown,,,,,,,
2617970,,unknown,,unknown,,unknown,,,,,,,
2618030,,unknown,,unknown,,unknown,,,,,,,
2618180,,unknown,,unknown,,unknown,,,,,,,
2618270,,unknown,,unknown,,unknown,,,,,,,
2618360,,unknown,,unknown,,unknown,,,,,,,
2618390,,unknown,,unknown,,unknown,,,,,,,
2618420,,unknown,,unknown,,unknown,,,,,,,
2618450,,unknown,,unknown,,unknown,,,,,,,
2618480,,unknown,2020Q2,program_calendar,2020Q1,from_applied_minus_1q,,,,,,,
2618510,,unknown,,unknown,,unknown,,,,,,,
5400630,2022Q1,exact,2021Q3,backcast_award_minus_2q,2021Q2,from_applied_minus_1q,2023Q2,nanQnan,nanQnan,5.0,,,
4502820,2021Q1,exact,2020Q3,backcast_award_minus_2q,2020Q2,from_applied_minus_1q,2021Q4,2022Q2,2022Q3,3.0,2.0,1.0,6.0
2618600,,unknown,,unknown,,unknown,,,,,,,
2618720,,unknown,,unknown,,unknown,,,,,,,
2618810,,unknown,,unknown,,unknown,,,,,,,
2618840,,unknown,2020Q2,program_calendar,2020Q1,from_applied_minus_1q,,,,,,,
2618930,,unknown,,unknown,,unknown,,,,,,,
2618990,,unknown,,unknown,,unknown,,,,,,,
2619050,,unknown,,unknown,,unknown,,,,,,,
2619100,,unknown,,unknown,,unknown,,,,,,,
2619170,,unknown,,unknown,,unknown,,,,,,,
2619250,,unknown,,unknown,,unknown,,,,,,,
2619290,,unknown,,unknown,,unknown,,,,,,,
2619410,,unknown,,unknown,,unknown,,,,,,,
2619470,,unknown,,unknown,,unknown,,,,,,,
2619530,,unknown,,unknown,,unknown,,,,,,,
2619580,,unknown,,unknown,,unknown,,,,,,,
621570,2023Q3,exact,2023Q1,backcast_award_minus_2q,2022Q4,from_applied_minus_1q,2023Q4,nanQnan,nanQnan,1.0,,,
2619800,,unknown,,unknown,,unknown,,,,,,,
2619830,,unknown,,unknown,,unknown,,,,,,,
2619890,,unknown,,unknown,,unknown,,,,,,,
2619920,,unknown,,unknown,,unknown,,,,,,,
5304380,2024Q2,exact,2023Q4,backcast_award_minus_2q,2023Q3,from_applied_minus_1q,nanQnan,nanQnan,nanQnan,,,,
2620010,,unknown,,unknown,,unknown,,,,,,,
2620050,,unknown,,unknown,,unknown,,,,,,,
2620070,,unknown,,unknown,,unknown,,,,,,,
2620160,,unknown,,unknown,,unknown,,,,,,,
2620280,,unknown,,unknown,,unknown,,,,,,,
2620310,,unknown,,unknown,,unknown,,,,,,,
400190,2022Q4,exact,2022Q2,backcast_award_minus_2q,2022Q1,from_applied_minus_1q,2023Q2,2023Q3,2023Q3,2.0,1.0,0.0,3.0
2620380,,unknown,,unknown,,unknown,,,,,,,
2620400,,unknown,,unknown,,unknown,,,,,,,
2620550,,unknown,,unknown,,unknown,,,,,,,
2620610,,unknown,,unknown,,unknown,,,,,,,
2620670,,unknown,,unknown,,unknown,,,,,,,
2620700,,unknown,,unknown,,unknown,,,,,,,
2620730,,unknown,,unknown,,unknown,,,,,,,
2620820,,unknown,,unknown,,unknown,,,,,,,
2620850,,unknown,,unknown,,unknown,,,,,,,
2620880,,unknown,,unknown,,unknown,,,,,,,
2620910,,unknown,,unknown,,unknown,,,,,,,
2620940,,unknown,,unknown,,unknown,,,,,,,
2620980,,unknown,,unknown,,unknown,,,,,,,
2621120,2024Q2,exact,2023Q4,backcast_award_minus_2q,2023Q3,from_applied_minus_1q,nanQnan,nanQnan,nanQnan,,,,
621600,2019Q3,exact,2019Q1,backcast_award_minus_2q,2018Q4,from_applied_minus_1q,2020Q2,2021Q4,2022Q1,3.0,6.0,1.0,10.0
2621180,,unknown,,unknown,,unknown,,,,,,,
2621210,,unknown,,unknown,,unknown,,,,,,,
2621240,,unknown,,unknown,,unknown,,,,,,,
2621390,,unknown,,unknown,,unknown,,,,,,,
2621420,,unknown,,unknown,,unknown,,,,,,,
2621450,,unknown,,unknown,,unknown,,,,,,,
2621570,,unknown,2020Q2,program_calendar,2020Q1,from_applied_minus_1q,,,,,,,
2621600,,unknown,,unknown,,unknown,,,,,,,
2621690,,unknown,,unknown,,unknown,,,,,,,
2621750,,unknown,,unknown,,unknown,,,,,,,
2621810,,unknown,,unknown,,unknown,,,,,,,
2621840,,unknown,,unknown,,unknown,,,,,,,
2621870,,unknown,,unknown,,unknown,,,,,,,
2622050,,unknown,,unknown,,unknown,,,,,,,
3904422,2024Q2,exact,2023Q4,backcast_award_minus_2q,2023Q3,from_applied_minus_1q,nanQnan,nanQnan,nanQnan,,,,
2622230,,unknown,,unknown,,unknown,,,,,,,
2622260,,unknown,,unknown,,unknown,,,,,,,
2622290,,unknown,,unknown,,unknown,,,,,,,
2622320,,unknown,,unknown,,unknown,,,,,,,
2622350,,unknown,,unknown,,unknown,,,,,,,
2622380,,unknown,,unknown,,unknown,,,,,,,
2622410,,unknown,,unknown,,unknown,,,,,,,
2622470,,unknown,,unknown,,unknown,,,,,,,
2622500,,unknown,,unknown,,unknown,,,,,,,
2622620,,unknown,,unknown,,unknown,,,,,,,
2622740,,unknown,,unknown,,unknown,,,,,,,
2622800,,unknown,,unknown,,unknown,,,,,,,
2622830,,unknown,,unknown,,unknown,,,,,,,
2622860,,unknown,,unknown,,unknown,,,,,,,
2622970,,unknown,,unknown,,unknown,,,,,,,
2622980,,unknown,,unknown,,unknown,,,,,,,
2623040,,unknown,,unknown,,unknown,,,,,,,
2623070,,unknown,,unknown,,unknown,,,,,,,
2623100,,unknown,,unknown,,unknown,,,,,,,
2623130,,unknown,,unknown,,unknown,,,,,,,
4400570,2024Q2,exact,2023Q4,backcast_award_minus_2q,2023Q3,from_applied_minus_1q,nanQnan,nanQnan,nanQnan,,,,
2623250,,unknown,,unknown,,unknown,,,,,,,
3172840,2024Q2,exact,2023Q4,backcast_award_minus_2q,2023Q3,from_applied_minus_1q,nanQnan,nanQnan,nanQnan,,,,
2623310,,unknown,,unknown,,unknown,,,,,,,
2623460,,unknown,,unknown,,unknown,,,,,,,
2623490,,unknown,,unknown,,unknown,,,,,,,
2623520,,unknown,,unknown,,unknown,,,,,,,
2623550,,unknown,,unknown,,unknown,,,,,,,
2623580,,unknown,,unknown,,unknown,,,,,,,
2623610,,unknown,,unknown,,unknown,,,,,,,
2623670,,unknown,,unknown,,unknown,,,,,,,
2623790,,unknown,,unknown,,unknown,,,,,,,
2623820,,unknown,,unknown,,unknown,,,,,,,
2623830,,unknown,,unknown,,unknown,,,,,,,
2623850,,unknown,,unknown,,unknown,,,,,,,
2623910,,unknown,,unknown,,unknown,,,,,,,
2624000,,unknown,,unknown,,unknown,,,,,,,
2624120,,unknown,2020Q2,program_calendar,2020Q1,from_applied_minus_1q,,,,,,,
2624150,,unknown,,unknown,,unknown,,,,,,,
2624180,,unknown,,unknown,,unknown,,,,,,,
2624420,,unknown,,unknown,,unknown,,,,,,,
2624540,,unknown,,unknown,,unknown,,,,,,,
2624570,,unknown,,unknown,,unknown,,,,,,,
2624600,,unknown,,unknown,,unknown,,,,,,,
2624630,,unknown,,unknown,,unknown,,,,,,,
2624690,,unknown,,unknown,,unknown,,,,,,,
2624720,,unknown,,unknown,,unknown,,,,,,,
2624750,,unknown,,unknown,,unknown,,,,,,,
2624810,,unknown,,unknown,,unknown,,,,,,,
2624840,,unknown,,unknown,,unknown,,,,,,,
2624960,,unknown,,unknown,,unknown,,,,,,,
2625020,,unknown,,unknown,,unknown,,,,,,,
2625140,,unknown,,unknown,,unknown,,,,,,,
2625230,,unknown,,unknown,,unknown,,,,,,,
2625290,,unknown,,unknown,,unknown,,,,,,,
2625320,,unknown,,unknown,,unknown,,,,,,,
2625350,,unknown,,unknown,,unknown,,,,,,,
2625400,,unknown,,unknown,,unknown,,,,,,,
2625560,,unknown,,unknown,,unknown,,,,,,,
2625650,,unknown,,unknown,,unknown,,,,,,,
2625680,,unknown,,unknown,,unknown,,,,,,,
2625740,,unknown,,unknown,,unknown,,,,,,,
2625780,,unknown,,unknown,,unknown,,,,,,,
2625800,,unknown,,unknown,,unknown,,,,,,,
2625920,,unknown,,unknown,,unknown,,,,,,,
2625950,,unknown,,unknown,,unknown,,,,,,,
508940,2023Q4,exact,2023Q2,backcast_award_minus_2q,2023Q1,from_applied_minus_1q,2024Q2,nanQnan,nanQnan,2.0,,,
2626010,,unknown,,unknown,,unknown,,,,,,,
2626040,,unknown,,unknown,,unknown,,,,,,,
2626100,,unknown,,unknown,,unknown,,,,,,,
2626130,,unknown,,unknown,,unknown,,,,,,,
2626190,,unknown,,unknown,,unknown,,,,,,,
2626220,,unknown,,unknown,,unknown,,,,,,,
2626280,,unknown,,unknown,,unknown,,,,,,,
2626370,,unknown,,unknown,,unknown,,,,,,,
2626400,,unknown,,unknown,,unknown,,,,,,,
2626430,,unknown,,unknown,,unknown,,,,,,,
2626490,,unknown,,unknown,,unknown,,,,,,,
2626520,,unknown,,unknown,,unknown,,,,,,,
2626550,,unknown,,unknown,,unknown,,,,,,,
2626760,,unknown,,unknown,,unknown,,,,,,,
2626940,,unknown,,unknown,,unknown,,,,,,,
2626970,,unknown,,unknown,,unknown,,,,,,,
2627060,,unknown,,unknown,,unknown,,,,,,,
2627150,,unknown,,unknown,,unknown,,,,,,,
2627180,,unknown,,unknown,,unknown,,,,,,,
2627210,,unknown,,unknown,,unknown,,,,,,,
621810,2019Q3,exact,2019Q1,backcast_award_minus_2q,2018Q4,from_applied_minus_1q,2020Q2,2024Q1,2024Q1,3.0,15.0,0.0,18.0
2627420,,unknown,,unknown,,unknown,,,,,,,
2627660,,unknown,,unknown,,unknown,,,,,,,
2627690,,unknown,,unknown,,unknown,,,,,,,
621870,2019Q3,exact,2019Q1,backcast_award_minus_2q,2018Q4,from_applied_minus_1q,2020Q2,2020Q4,2021Q1,3.0,2.0,1.0,6.0
2627810,,unknown,,unknown,,unknown,,,,,,,
3304290,2024Q2,exact,2023Q4,backcast_award_minus_2q,2023Q3,from_applied_minus_1q,nanQnan,nanQnan,nanQnan,,,,
2627900,,unknown,,unknown,,unknown,,,,,,,
2627930,,unknown,,unknown,,unknown,,,,,,,
2627960,,unknown,,unknown,,unknown,,,,,,,
2628020,,unknown,,unknown,,unknown,,,,,,,
2628140,,unknown,,unknown,,unknown,,,,,,,
2628170,,unknown,,unknown,,unknown,,,,,,,
2628200,,unknown,,unknown,,unknown,,,,,,,
2628500,,unknown,,unknown,,unknown,,,,,,,
2628530,,unknown,,unknown,,unknown,,,,,,,
2628560,,unknown,,unknown,,unknown,,,,,,,
3304350,2024Q2,exact,2023Q4,backcast_award_minus_2q,2023Q3,from_applied_minus_1q,nanQnan,nanQnan,nanQnan,,,,
2628830,,unknown,,unknown,,unknown,,,,,,,
2628890,,unknown,,unknown,,unknown,,,,,,,
2628950,,unknown,,unknown,,unknown,,,,,,,
2629120,,unknown,,unknown,,unknown,,,,,,,
2629130,,unknown,,unknown,,unknown,,,,,,,
2629160,,unknown,,unknown,,unknown,,,,,,,
2629190,,unknown,,unknown,,unknown,,,,,,,
2629220,,unknown,,unknown,,unknown,,,,,,,
2629250,,unknown,,unknown,,unknown,,,,,,,
2629340,,unknown,,unknown,,unknown,,,,,,,
2629370,,unknown,,unknown,,unknown,,,,,,,
2629400,,unknown,,unknown,,unknown,,,,,,,
4827690,2024Q2,exact,2023Q4,backcast_award_minus_2q,2023Q3,from_applied_minus_1q,nanQnan,nanQnan,nanQnan,,,,
2629490,,unknown,,unknown,,unknown,,,,,,,
2629520,,unknown,,unknown,,unknown,,,,,,,
2629540,,unknown,,unknown,,unknown,,,,,,,
2629580,,unknown,,unknown,,unknown,,,,,,,
2629670,,unknown,,unknown,,unknown,,,,,,,
2629760,,unknown,,unknown,,unknown,,,,,,,
2629790,,unknown,,unknown,,unknown,,,,,,,
2629910,,unknown,,unknown,,unknown,,,,,,,
2629940,,unknown,,unknown,,unknown,,,,,,,
2630030,,unknown,,unknown,,unknown,,,,,,,
2630060,,unknown,,unknown,,unknown,,,,,,,
2630090,,unknown,,unknown,,unknown,,,,,,,
2630120,,unknown,,unknown,,unknown,,,,,,,
509000,2023Q4,exact,2023Q2,backcast_award_minus_2q,2023Q1,from_applied_minus_1q,nanQnan,nanQnan,nanQnan,,,,
2630300,,unknown,,unknown,,unknown,,,,,,,
2630360,,unknown,,unknown,,unknown,,,,,,,
2630390,,unknown,,unknown,,unknown,,,,,,,
2630450,,unknown,,unknown,,unknown,,,,,,,
2630480,,unknown,,unknown,,unknown,,,,,,,
404440,2024Q2,exact,2023Q4,backcast_award_minus_2q,2023Q3,from_applied_minus_1q,nanQnan,nanQnan,nanQnan,,,,
622050,2018Q4,exact,2018Q2,backcast_award_minus_2q,2018Q1,from_applied_minus_1q,2019Q3,2019Q4,2020Q1,3.0,1.0,1.0,5.0
2630840,,unknown,,unknown,,unknown,,,,,,,
2630930,,unknown,,unknown,,unknown,,,,,,,
2630960,,unknown,,unknown,,unknown,,,,,,,
2630990,,unknown,,unknown,,unknown,,,,,,,
2631020,,unknown,,unknown,,unknown,,,,,,,
2631320,,unknown,,unknown,,unknown,,,,,,,
2631380,,unknown,,unknown,,unknown,,,,,,,
2632070,,unknown,,unknown,,unknown,,,,,,,
2632220,,unknown,,unknown,,unknown,,,,,,,
2632250,,unknown,,unknown,,unknown,,,,,,,
2632280,,unknown,,unknown,,unknown,,,,,,,
2632300,,unknown,,unknown,,unknown,,,,,,,
2200276,2023Q4,exact,2023Q2,backcast_award_minus_2q,2023Q1,from_applied_minus_1q,nanQnan,nanQnan,nanQnan,,,,
2632340,,unknown,,unknown,,unknown,,,,,,,
2632370,,unknown,,unknown,,unknown,,,,,,,
2632550,,unknown,,unknown,,unknown,,,,,,,
2632610,,unknown,,unknown,,unknown,,,,,,,
2632640,,unknown,,unknown,,unknown,,,,,,,
2632670,,unknown,,unknown,,unknown,,,,,,,
2632820,,unknown,,unknown,,unknown,,,,,,,
2632850,,unknown,,unknown,,unknown,,,,,,,
2632880,,unknown,,unknown,,unknown,,,,,,,
2632910,,unknown,,unknown,,unknown,,,,,,,
2632940,,unknown,,unknown,,unknown,,,,,,,
2632970,,unknown,,unknown,,unknown,,,,,,,
2633000,,unknown,,unknown,,unknown,,,,,,,
3016880,2024Q2,exact,2023Q4,backcast_award_minus_2q,2023Q3,from_applied_minus_1q,nanQnan,nanQnan,nanQnan,,,,
2633090,,unknown,,unknown,,unknown,,,,,,,
2633120,,unknown,,unknown,,unknown,,,,,,,
2633360,,unknown,,unknown,,unknown,,,,,,,
2633410,,unknown,,unknown,,unknown,,,,,,,
2633420,,unknown,,unknown,,unknown,,,,,,,
2633510,,unknown,,unknown,,unknown,,,,,,,
2633540,,unknown,,unknown,,unknown,,,,,,,
2633720,,unknown,,unknown,,unknown,,,,,,,
2633750,,unknown,,unknown,,unknown,,,,,,,
2633810,,unknown,,unknown,,unknown,,,,,,,
1917460,2022Q4,exact,2022Q2,backcast_award_minus_2q,2022Q1,from_applied_minus_1q,2023Q1,2023Q4,2023Q4,1.0,3.0,0.0,4.0
5508220,2022Q4,exact,2022Q2,backcast_award_minus_2q,2022Q1,from_applied_minus_1q,nanQnan,2024Q1,2024Q1,,,0.0,5.0
4018090,2022Q4,exact,2022Q2,backcast_award_minus_2q,2022Q1,from_applied_minus_1q,2023Q2,2023Q4,2023Q4,2.0,2.0,0.0,4.0
2633930,,unknown,,unknown,,unknown,,,,,,,
622440,2022Q2,exact,2021Q4,backcast_award_minus_2q,2021Q3,from_applied_minus_1q,2022Q3,nanQnan,nanQnan,1.0,,,
3017190,2024Q2,exact,2023Q4,backcast_award_minus_2q,2023Q3,from_applied_minus_1q,nanQnan,nanQnan,nanQnan,,,,
2634410,,unknown,,unknown,,unknown,,,,,,,
622500,2023Q4,exact,2023Q2,backcast_award_minus_2q,2023Q1,from_applied_minus_1q,nanQnan,nanQnan,nanQnan,,,,
2634470,,unknown,,unknown,,unknown,,,,,,,
2634560,,unknown,,unknown,,unknown,,,,,,,
1303360,2022Q4,exact,2022Q2,backcast_award_minus_2q,2022Q1,from_applied_minus_1q,2023Q1,2023Q2,2023Q2,1.0,1.0,0.0,2.0
2634650,,unknown,,unknown,,unknown,,,,,,,
2634680,,unknown,,unknown,,unknown,,,,,,,
2634710,,unknown,,unknown,,unknown,,,,,,,
2634860,,unknown,,unknown,,unknown,,,,,,,
2634920,,unknown,,unknown,,unknown,,,,,,,
2634950,,unknown,,unknown,,unknown,,,,,,,
2635010,,unknown,,unknown,,unknown,,,,,,,
2635040,,unknown,,unknown,,unknown,,,,,,,
2635130,,unknown,,unknown,,unknown,,,,,,,
2635160,,unknown,,unknown,,unknown,,,,,,,
2635190,,unknown,,unknown,,unknown,,,,,,,
2635220,,unknown,,unknown,,unknown,,,,,,,
2635310,,unknown,,unknown,,unknown,,,,,,,
2635340,,unknown,,unknown,,unknown,,,,,,,
2635460,,unknown,,unknown,,unknown,,,,,,,
2635520,,unknown,,unknown,,unknown,,,,,,,
2635550,,unknown,,unknown,,unknown,,,,,,,
2635730,,unknown,,unknown,,unknown,,,,,,,
2635790,,unknown,,unknown,,unknown,,,,,,,
2635820,,unknown,,unknown,,unknown,,,,,,,
2635850,,unknown,,unknown,,unknown,,,,,,,
2635910,,unknown,,unknown,,unknown,,,,,,,
2635940,,unknown,,unknown,,unknown,,,,,,,
2635970,,unknown,,unknown,,unknown,,,,,,,
2636060,,unknown,,unknown,,unknown,,,,,,,
2636120,,unknown,,unknown,,unknown,,,,,,,
2636240,,unknown,,unknown,,unknown,,,,,,,
2636270,,unknown,,unknown,,unknown,,,,,,,
2636300,,unknown,,unknown,,unknown,,,,,,,
2636330,,unknown,,unknown,,unknown,,,,,,,
2636390,,unknown,,unknown,,unknown,,,,,,,
2636420,,unknown,,unknown,,unknown,,,,,,,
2636480,,unknown,,unknown,,unknown,,,,,,,
4828110,2023Q4,exact,2023Q2,backcast_award_minus_2q,2023Q1,from_applied_minus_1q,nanQnan,nanQnan,nanQnan,,,,
2636540,,unknown,,unknown,,unknown,,,,,,,
2636570,,unknown,,unknown,,unknown,,,,,,,
2636600,,unknown,,unknown,,unknown,,,,,,,
5304500,2022Q1,exact,2021Q3,backcast_award_minus_2q,2021Q2,from_applied_minus_1q,2022Q2,2023Q1,2023Q2,1.0,3.0,1.0,5.0
5304530,2020Q2,exact,2019Q4,backcast_award_minus_2q,2019Q3,from_applied_minus_1q,2021Q1,2022Q3,2022Q4,3.0,6.0,1.0,10.0
2680000,,unknown,,unknown,,unknown,,,,,,,
2680100,,unknown,,unknown,,unknown,,,,,,,
2680120,,unknown,,unknown,,unknown,,,,,,,
2680140,,unknown,,unknown,,unknown,,,,,,,
2680160,,unknown,,unknown,,unknown,,,,,,,
2680180,,unknown,,unknown,,unknown,,,,,,,
2680200,,unknown,,unknown,,unknown,,,,,,,
2680220,,unknown,,unknown,,unknown,,,,,,,
2680240,,unknown,,unknown,,unknown,,,,,,,
2680260,,unknown,,unknown,,unknown,,,,,,,
2680280,,unknown,,unknown,,unknown,,,,,,,
2680300,,unknown,,unknown,,unknown,,,,,,,
2680320,,unknown,,unknown,,unknown,,,,,,,
2680340,,unknown,,unknown,,unknown,,,,,,,
2680360,,unknown,,unknown,,unknown,,,,,,,
2680380,,unknown,,unknown,,unknown,,,,,,,
2680400,,unknown,,unknown,,unknown,,,,,,,
2680420,,unknown,,unknown,,unknown,,,,,,,
2680440,,unknown,,unknown,,unknown,,,,,,,
2680460,,unknown,,unknown,,unknown,,,,,,,
2680480,,unknown,,unknown,,unknown,,,,,,,
2680500,,unknown,,unknown,,unknown,,,,,,,
2680504,,unknown,,unknown,,unknown,,,,,,,
2680505,,unknown,,unknown,,unknown,,,,,,,
2680520,,unknown,,unknown,,unknown,,,,,,,
2680540,,unknown,,unknown,,unknown,,,,,,,
2680560,,unknown,,unknown,,unknown,,,,,,,
2680580,,unknown,,unknown,,unknown,,,,,,,
2680600,,unknown,,unknown,,unknown,,,,,,,
691078,2022Q4,exact,2022Q2,backcast_award_minus_2q,2022Q1,from_applied_minus_1q,nanQnan,2024Q3,nanQnan,,,,
2680660,,unknown,,unknown,,unknown,,,,,,,
2680680,,unknown,,unknown,,unknown,,,,,,,
2680700,,unknown,,unknown,,unknown,,,,,,,
2680720,,unknown,,unknown,,unknown,,,,,,,
2680740,,unknown,,unknown,,unknown,,,,,,,
2680750,,unknown,,unknown,,unknown,,,,,,,
601797,2017Q2,exact,2016Q4,backcast_award_minus_2q,2016Q3,from_applied_minus_1q,2018Q3,2019Q1,2019Q2,5.0,2.0,1.0,8.0
2680770,,unknown,,unknown,,unknown,,,,,,,
2680790,,unknown,,unknown,,unknown,,,,,,,
2680800,,unknown,,unknown,,unknown,,,,,,,
2680820,,unknown,,unknown,,unknown,,,,,,,
2680830,,unknown,,unknown,,unknown,,,,,,,
2680850,,unknown,,unknown,,unknown,,,,,,,
2680860,,unknown,,unknown,,unknown,,,,,,,
2680880,,unknown,,unknown,,unknown,,,,,,,
2680900,,unknown,,unknown,,unknown,,,,,,,
2680920,,unknown,,unknown,,unknown,,,,,,,
2680930,,unknown,,unknown,,unknown,,,,,,,
2680940,,unknown,,unknown,,unknown,,,,,,,
2680960,,unknown,,unknown,,unknown,,,,,,,
2680965,,unknown,,unknown,,unknown,,,,,,,
2680975,,unknown,,unknown,,unknown,,,,,,,
2680980,,unknown,,unknown,,unknown,,,,,,,
2680985,,unknown,,unknown,,unknown,,,,,,,
2680990,,unknown,,unknown,,unknown,,,,,,,
2680995,,unknown,,unknown,,unknown,,,,,,,
2680996,,unknown,,unknown,,unknown,,,,,,,
2680997,,unknown,,unknown,,unknown,,,,,,,
2680998,,unknown,,unknown,,unknown,,,,,,,
2680999,,unknown,,unknown,,unknown,,,,,,,
2700001,,unknown,,unknown,,unknown,,,,,,,
2700005,,unknown,,unknown,,unknown,,,,,,,
2700006,,unknown,,unknown,,unknown,,,,,,,
2700007,,unknown,,unknown,,unknown,,,,,,,
2700008,,unknown,,unknown,,unknown,,,,,,,
2700013,,unknown,,unknown,,unknown,,,,,,,
2700014,,unknown,,unknown,,unknown,,,,,,,
2700015,,unknown,,unknown,,unknown,,,,,,,
2700016,,unknown,,unknown,,unknown,,,,,,,
2700017,,unknown,,unknown,,unknown,,,,,,,
2700019,,unknown,,unknown,,unknown,,,,,,,
2700022,,unknown,,unknown,,unknown,,,,,,,
2700023,,unknown,,unknown,,unknown,,,,,,,
2700024,,unknown,,unknown,,unknown,,,,,,,
2700025,,unknown,,unknown,,unknown,,,,,,,
2700026,,unknown,,unknown,,unknown,,,,,,,
2700028,,unknown,,unknown,,unknown,,,,,,,
2700031,,unknown,,unknown,,unknown,,,,,,,
2700034,,unknown,,unknown,,unknown,,,,,,,
2700036,,unknown,,unknown,,unknown,,,,,,,
2700038,,unknown,,unknown,,unknown,,,,,,,
2700039,,unknown,,unknown,,unknown,,,,,,,
2700040,,unknown,,unknown,,unknown,,,,,,,
2700041,,unknown,,unknown,,unknown,,,,,,,
2700043,,unknown,,unknown,,unknown,,,,,,,
2700045,,unknown,,unknown,,unknown,,,,,,,
2700046,,unknown,,unknown,,unknown,,,,,,,
2700047,,unknown,,unknown,,unknown,,,,,,,
2700050,,unknown,,unknown,,unknown,,,,,,,
2700051,,unknown,,unknown,,unknown,,,,,,,
2700054,,unknown,,unknown,,unknown,,,,,,,
2700055,,unknown,,unknown,,unknown,,,,,,,
2700058,,unknown,,unknown,,unknown,,,,,,,
2700063,,unknown,,unknown,,unknown,,,,,,,
2700071,,unknown,,unknown,,unknown,,,,,,,
2700073,,unknown,,unknown,,unknown,,,,,,,
2700078,,unknown,,unknown,,unknown,,,,,,,
2700079,,unknown,,unknown,,unknown,,,,,,,
2700080,,unknown,,unknown,,unknown,,,,,,,
2700081,,unknown,,unknown,,unknown,,,,,,,
2700082,,unknown,,unknown,,unknown,,,,,,,
2700083,,unknown,,unknown,,unknown,,,,,,,
2700084,,unknown,,unknown,,unknown,,,,,,,
2700085,,unknown,,unknown,,unknown,,,,,,,
2700086,,unknown,,unknown,,unknown,,,,,,,
2700088,,unknown,,unknown,,unknown,,,,,,,
2700089,,unknown,,unknown,,unknown,,,,,,,
2700090,,unknown,,unknown,,unknown,,,,,,,
2700091,,unknown,,unknown,,unknown,,,,,,,
2700092,,unknown,,unknown,,unknown,,,,,,,
2700093,,unknown,,unknown,,unknown,,,,,,,
2700096,,unknown,,unknown,,unknown,,,,,,,
2700099,,unknown,,unknown,,unknown,,,,,,,
2700100,,unknown,,unknown,,unknown,,,,,,,
2700101,,unknown,,unknown,,unknown,,,,,,,
2700102,,unknown,,unknown,,unknown,,,,,,,
2700103,,unknown,,unknown,,unknown,,,,,,,
2700104,,unknown,,unknown,,unknown,,,,,,,
2700105,,unknown,,unknown,,unknown,,,,,,,
2700106,,unknown,,unknown,,unknown,,,,,,,
2700107,,unknown,,unknown,,unknown,,,,,,,
2700108,,unknown,,unknown,,unknown,,,,,,,
2700109,,unknown,,unknown,,unknown,,,,,,,
2700110,,unknown,,unknown,,unknown,,,,,,,
2700115,,unknown,,unknown,,unknown,,,,,,,
2700116,,unknown,,unknown,,unknown,,,,,,,
2700117,,unknown,,unknown,,unknown,,,,,,,
2700118,,unknown,,unknown,,unknown,,,,,,,
2700123,,unknown,,unknown,,unknown,,,,,,,
2700124,,unknown,,unknown,,unknown,,,,,,,
2700125,,unknown,,unknown,,unknown,,,,,,,
2700127,,unknown,,unknown,,unknown,,,,,,,
2700128,,unknown,,unknown,,unknown,,,,,,,
2700129,,unknown,,unknown,,unknown,,,,,,,
2700130,,unknown,,unknown,,unknown,,,,,,,
2700132,,unknown,,unknown,,unknown,,,,,,,
2700133,,unknown,,unknown,,unknown,,,,,,,
2700138,,unknown,,unknown,,unknown,,,,,,,
2700139,,unknown,,unknown,,unknown,,,,,,,
2700140,,unknown,,unknown,,unknown,,,,,,,
2700142,,unknown,,unknown,,unknown,,,,,,,
2700145,,unknown,,unknown,,unknown,,,,,,,
2700147,,unknown,,unknown,,unknown,,,,,,,
2700148,,unknown,,unknown,,unknown,,,,,,,
2700150,,unknown,,unknown,,unknown,,,,,,,
2700152,,unknown,,unknown,,unknown,,,,,,,
2700156,,unknown,,unknown,,unknown,,,,,,,
2700157,,unknown,,unknown,,unknown,,,,,,,
2700159,,unknown,,unknown,,unknown,,,,,,,
2700160,,unknown,,unknown,,unknown,,,,,,,
2700162,,unknown,,unknown,,unknown,,,,,,,
2700163,,unknown,,unknown,,unknown,,,,,,,
2700167,,unknown,,unknown,,unknown,,,,,,,
2700173,,unknown,,unknown,,unknown,,,,,,,
2700174,,unknown,,unknown,,unknown,,,,,,,
2700177,,unknown,,unknown,,unknown,,,,,,,
2700178,,unknown,,unknown,,unknown,,,,,,,
2700179,,unknown,,unknown,,unknown,,,,,,,
2700180,,unknown,,unknown,,unknown,,,,,,,
2700181,,unknown,,unknown,,unknown,,,,,,,
2700182,,unknown,,unknown,,unknown,,,,,,,
2700183,,unknown,,unknown,,unknown,,,,,,,
2700184,,unknown,,unknown,,unknown,,,,,,,
2700185,,unknown,,unknown,,unknown,,,,,,,
2700186,,unknown,,unknown,,unknown,,,,,,,
2700187,,unknown,,unknown,,unknown,,,,,,,
2700189,,unknown,,unknown,,unknown,,,,,,,
2700190,,unknown,,unknown,,unknown,,,,,,,
2700191,,unknown,,unknown,,unknown,,,,,,,
2700192,,unknown,,unknown,,unknown,,,,,,,
2700193,,unknown,,unknown,,unknown,,,,,,,
2700194,,unknown,,unknown,,unknown,,,,,,,
2700195,,unknown,,unknown,,unknown,,,,,,,
2700196,,unknown,,unknown,,unknown,,,,,,,
2700199,,unknown,,unknown,,unknown,,,,,,,
2700202,,unknown,,unknown,,unknown,,,,,,,
2700203,,unknown,,unknown,,unknown,,,,,,,
2700205,,unknown,,unknown,,unknown,,,,,,,
2700208,,unknown,,unknown,,unknown,,,,,,,
2700209,,unknown,,unknown,,unknown,,,,,,,
2700211,,unknown,,unknown,,unknown,,,,,,,
2700212,,unknown,,unknown,,unknown,,,,,,,
2700213,,unknown,,unknown,,unknown,,,,,,,
2700214,,unknown,,unknown,,unknown,,,,,,,
2700218,,unknown,,unknown,,unknown,,,,,,,
2700220,,unknown,,unknown,,unknown,,,,,,,
2700221,,unknown,,unknown,,unknown,,,,,,,
2700224,,unknown,,unknown,,unknown,,,,,,,
2700225,,unknown,,unknown,,unknown,,,,,,,
2700226,,unknown,,unknown,,unknown,,,,,,,
2700230,,unknown,,unknown,,unknown,,,,,,,
2700231,,unknown,,unknown,,unknown,,,,,,,
2700235,,unknown,,unknown,,unknown,,,,,,,
2700237,,unknown,,unknown,,unknown,,,,,,,
2700238,,unknown,,unknown,,unknown,,,,,,,
2700240,,unknown,,unknown,,unknown,,,,,,,
2700241,,unknown,,unknown,,unknown,,,,,,,
2700245,,unknown,,unknown,,unknown,,,,,,,
2700246,,unknown,,unknown,,unknown,,,,,,,
2700247,,unknown,,unknown,,unknown,,,,,,,
2700249,,unknown,,unknown,,unknown,,,,,,,
2700252,,unknown,,unknown,,unknown,,,,,,,
2700253,,unknown,,unknown,,unknown,,,,,,,
2700254,,unknown,,unknown,,unknown,,,,,,,
2700255,,unknown,,unknown,,unknown,,,,,,,
2700256,,unknown,,unknown,,unknown,,,,,,,
2700260,,unknown,,unknown,,unknown,,,,,,,
2700261,,unknown,,unknown,,unknown,,,,,,,
2700262,,unknown,,unknown,,unknown,,,,,,,
2700263,,unknown,,unknown,,unknown,,,,,,,
2700272,,unknown,,unknown,,unknown,,,,,,,
2700273,,unknown,,unknown,,unknown,,,,,,,
2700275,,unknown,,unknown,,unknown,,,,,,,
2700276,,unknown,,unknown,,unknown,,,,,,,
2700277,,unknown,,unknown,,unknown,,,,,,,
2700278,,unknown,,unknown,,unknown,,,,,,,
2700281,,unknown,,unknown,,unknown,,,,,,,
2700284,,unknown,,unknown,,unknown,,,,,,,
2700287,,unknown,,unknown,,unknown,,,,,,,
2700288,,unknown,,unknown,,unknown,,,,,,,
2700289,,unknown,,unknown,,unknown,,,,,,,
2700290,,unknown,,unknown,,unknown,,,,,,,
2700291,,unknown,,unknown,,unknown,,,,,,,
2700292,,unknown,,unknown,,unknown,,,,,,,
2700293,,unknown,,unknown,,unknown,,,,,,,
2700294,,unknown,,unknown,,unknown,,,,,,,
2700295,,unknown,,unknown,,unknown,,,,,,,
2700296,,unknown,,unknown,,unknown,,,,,,,
2700298,,unknown,,unknown,,unknown,,,,,,,
2700299,,unknown,,unknown,,unknown,,,,,,,
2700304,,unknown,,unknown,,unknown,,,,,,,
2700308,,unknown,,unknown,,unknown,,,,,,,
2700309,,unknown,,unknown,,unknown,,,,,,,
2700311,,unknown,,unknown,,unknown,,,,,,,
2700312,,unknown,,unknown,,unknown,,,,,,,
2700313,,unknown,,unknown,,unknown,,,,,,,
2700315,,unknown,,unknown,,unknown,,,,,,,
2700316,,unknown,,unknown,,unknown,,,,,,,
2700318,,unknown,,unknown,,unknown,,,,,,,
2700319,,unknown,,unknown,,unknown,,,,,,,
2700320,,unknown,,unknown,,unknown,,,,,,,
2700321,,unknown,,unknown,,unknown,,,,,,,
2700322,,unknown,,unknown,,unknown,,,,,,,
2700323,,unknown,,unknown,,unknown,,,,,,,
2700324,,unknown,,unknown,,unknown,,,,,,,
2700325,,unknown,,unknown,,unknown,,,,,,,
2700326,,unknown,,unknown,,unknown,,,,,,,
2700327,,unknown,,unknown,,unknown,,,,,,,
2700328,,unknown,,unknown,,unknown,,,,,,,
2700331,,unknown,,unknown,,unknown,,,,,,,
2700333,,unknown,,unknown,,unknown,,,,,,,
2700335,,unknown,,unknown,,unknown,,,,,,,
2700337,,unknown,,unknown,,unknown,,,,,,,
2700339,,unknown,,unknown,,unknown,,,,,,,
2700341,,unknown,,unknown,,unknown,,,,,,,
2700342,,unknown,,unknown,,unknown,,,,,,,
2700343,,unknown,,unknown,,unknown,,,,,,,
2700344,,unknown,,unknown,,unknown,,,,,,,
2700345,,unknown,,unknown,,unknown,,,,,,,
2700346,,unknown,,unknown,,unknown,,,,,,,
2700349,,unknown,,unknown,,unknown,,,,,,,
2700350,,unknown,,unknown,,unknown,,,,,,,
2700351,,unknown,,unknown,,unknown,,,,,,,
2700352,,unknown,,unknown,,unknown,,,,,,,
2700353,,unknown,,unknown,,unknown,,,,,,,
2700354,,unknown,,unknown,,unknown,,,,,,,
2700355,,unknown,,unknown,,unknown,,,,,,,
2700358,,unknown,,unknown,,unknown,,,,,,,
2700360,,unknown,,unknown,,unknown,,,,,,,
2700361,,unknown,,unknown,,unknown,,,,,,,
2700362,,unknown,,unknown,,unknown,,,,,,,
2700363,,unknown,,unknown,,unknown,,,,,,,
2700364,,unknown,,unknown,,unknown,,,,,,,
2700366,,unknown,,unknown,,unknown,,,,,,,
2700367,,unknown,,unknown,,unknown,,,,,,,
2700368,,unknown,,unknown,,unknown,,,,,,,
2700369,,unknown,,unknown,,unknown,,,,,,,
2700370,,unknown,,unknown,,unknown,,,,,,,
622710,2017Q2,exact,2016Q4,backcast_award_minus_2q,2016Q3,from_applied_minus_1q,2017Q3,2019Q3,2022Q3,1.0,8.0,12.0,21.0
2700376,,unknown,,unknown,,unknown,,,,,,,
2700378,,unknown,,unknown,,unknown,,,,,,,
2700379,,unknown,,unknown,,unknown,,,,,,,
2700380,,unknown,,unknown,,unknown,,,,,,,
2700382,,unknown,,unknown,,unknown,,,,,,,
622740,2023Q2,exact,2022Q4,backcast_award_minus_2q,2022Q3,from_applied_minus_1q,2023Q3,nanQnan,nanQnan,1.0,,,
2700384,,unknown,,unknown,,unknown,,,,,,,
2700385,,unknown,,unknown,,unknown,,,,,,,
2700386,,unknown,,unknown,,unknown,,,,,,,
2700388,,unknown,,unknown,,unknown,,,,,,,
2700389,,unknown,,unknown,,unknown,,,,,,,
2700390,,unknown,,unknown,,unknown,,,,,,,
2700391,,unknown,,unknown,,unknown,,,,,,,
2700393,,unknown,,unknown,,unknown,,,,,,,
2700394,,unknown,,unknown,,unknown,,,,,,,
2700395,,unknown,,unknown,,unknown,,,,,,,
2700396,,unknown,,unknown,,unknown,,,,,,,
2700397,,unknown,,unknown,,unknown,,,,,,,
2700398,,unknown,,unknown,,unknown,,,,,,,
2700399,,unknown,,unknown,,unknown,,,,,,,
2700401,,unknown,,unknown,,unknown,,,,,,,
2700402,,unknown,,unknown,,unknown,,,,,,,
2700403,,unknown,,unknown,,unknown,,,,,,,
2700404,,unknown,,unknown,,unknown,,,,,,,
2700406,,unknown,,unknown,,unknown,,,,,,,
2700407,,unknown,,unknown,,unknown,,,,,,,
2700408,,unknown,,unknown,,unknown,,,,,,,
2700410,,unknown,,unknown,,unknown,,,,,,,
2700412,,unknown,,unknown,,unknown,,,,,,,
2700413,,unknown,,unknown,,unknown,,,,,,,
2700415,,unknown,,unknown,,unknown,,,,,,,
2700417,,unknown,,unknown,,unknown,,,,,,,
2700420,,unknown,,unknown,,unknown,,,,,,,
2700423,,unknown,,unknown,,unknown,,,,,,,
2700424,,unknown,,unknown,,unknown,,,,,,,
2700425,,unknown,,unknown,,unknown,,,,,,,
2700426,,unknown,,unknown,,unknown,,,,,,,
2700429,,unknown,,unknown,,unknown,,,,,,,
2700430,,unknown,,unknown,,unknown,,,,,,,
2700433,,unknown,,unknown,,unknown,,,,,,,
2700437,,unknown,,unknown,,unknown,,,,,,,
2700438,,unknown,,unknown,,unknown,,,,,,,
2700439,,unknown,,unknown,,unknown,,,,,,,
2700442,,unknown,,unknown,,unknown,,,,,,,
2700444,,unknown,,unknown,,unknown,,,,,,,
2700445,,unknown,,unknown,,unknown,,,,,,,
2700446,,unknown,,unknown,,unknown,,,,,,,
2700447,,unknown,,unknown,,unknown,,,,,,,
2700448,,unknown,,unknown,,unknown,,,,,,,
2700449,,unknown,,unknown,,unknown,,,,,,,
2700450,,unknown,,unknown,,unknown,,,,,,,
2700451,,unknown,,unknown,,unknown,,,,,,,
2700453,,unknown,,unknown,,unknown,,,,,,,
2700454,,unknown,,unknown,,unknown,,,,,,,
2700455,,unknown,,unknown,,unknown,,,,,,,
2700456,,unknown,,unknown,,unknown,,,,,,,
2700458,,unknown,,unknown,,unknown,,,,,,,
2700459,,unknown,,unknown,,unknown,,,,,,,
2700460,,unknown,,unknown,,unknown,,,,,,,
2700462,,unknown,,unknown,,unknown,,,,,,,
2700463,,unknown,,unknown,,unknown,,,,,,,
2700464,,unknown,,unknown,,unknown,,,,,,,
2700465,,unknown,,unknown,,unknown,,,,,,,
2700466,,unknown,,unknown,,unknown,,,,,,,
2700467,,unknown,,unknown,,unknown,,,,,,,
2700468,,unknown,,unknown,,unknown,,,,,,,
2700469,,unknown,,unknown,,unknown,,,,,,,
2700470,,unknown,,unknown,,unknown,,,,,,,
2700471,,unknown,,unknown,,unknown,,,,,,,
2700472,,unknown,,unknown,,unknown,,,,,,,
2700473,,unknown,,unknown,,unknown,,,,,,,
2700474,,unknown,,unknown,,unknown,,,,,,,
2700475,,unknown,,unknown,,unknown,,,,,,,
2700476,,unknown,,unknown,,unknown,,,,,,,
2700477,,unknown,,unknown,,unknown,,,,,,,
2700478,,unknown,,unknown,,unknown,,,,,,,
2700479,,unknown,,unknown,,unknown,,,,,,,
2700480,,unknown,,unknown,,unknown,,,,,,,
2700481,,unknown,,unknown,,unknown,,,,,,,
2700482,,unknown,,unknown,,unknown,,,,,,,
2700483,,unknown,,unknown,,unknown,,,,,,,
622920,2022Q2,exact,2021Q4,backcast_award_minus_2q,2021Q3,from_applied_minus_1q,2022Q3,2024Q1,nanQnan,1.0,6.0,,
2702264,,unknown,,unknown,,unknown,,,,,,,
2702640,,unknown,,unknown,,unknown,,,,,,,
2702720,,unknown,,unknown,,unknown,,,,,,,
2702730,,unknown,,unknown,,unknown,,,,,,,
2702760,,unknown,,unknown,,unknown,,,,,,,
2702910,,unknown,,unknown,,unknown,,,,,,,
2702930,,unknown,,unknown,,unknown,,,,,,,
2702970,,unknown,,unknown,,unknown,,,,,,,
2703030,,unknown,,unknown,,unknown,,,,,,,
2703060,,unknown,,unknown,,unknown,,,,,,,
2703150,,unknown,,unknown,,unknown,,,,,,,
2703180,,unknown,,unknown,,unknown,,,,,,,
2703300,,unknown,,unknown,,unknown,,,,,,,
2703450,,unknown,,unknown,,unknown,,,,,,,
2703540,,unknown,,unknown,,unknown,,,,,,,
2703570,,unknown,,unknown,,unknown,,,,,,,
2703660,,unknown,,unknown,,unknown,,,,,,,
2703690,,unknown,,unknown,,unknown,,,,,,,
2703750,,unknown,2021Q2,program_calendar,2021Q1,from_applied_minus_1q,,,,,,,
2703870,,unknown,2020Q2,program_calendar,2020Q1,from_applied_minus_1q,,,,,,,
2704050,,unknown,,unknown,,unknown,,,,,,,
2704440,,unknown,,unknown,,unknown,,,,,,,
2704470,,unknown,,unknown,,unknown,,,,,,,
2705430,,unknown,,unknown,,unknown,,,,,,,
2705460,,unknown,,unknown,,unknown,,,,,,,
2705660,,unknown,,unknown,,unknown,,,,,,,
2705730,,unknown,,unknown,,unknown,,,,,,,
2705760,,unknown,,unknown,,unknown,,,,,,,
5102250,2019Q4,exact,2020Q2,program_calendar,2020Q1,from_applied_minus_1q,2020Q3,2021Q2,2021Q2,3.0,3.0,0.0,6.0
2705850,,unknown,,unknown,,unknown,,,,,,,
2706060,,unknown,,unknown,,unknown,,,,,,,
2706090,,unknown,,unknown,,unknown,,,,,,,
2706150,,unknown,,unknown,,unknown,,,,,,,
2706240,,unknown,,unknown,,unknown,,,,,,,
2706300,,unknown,,unknown,,unknown,,,,,,,
2707110,,unknown,,unknown,,unknown,,,,,,,
2707200,,unknown,,unknown,,unknown,,,,,,,
2707290,,unknown,,unknown,,unknown,,,,,,,
2707320,,unknown,,unknown,,unknown,,,,,,,
2707350,,unknown,2020Q2,program_calendar,2020Q1,from_applied_minus_1q,,,,,,,
2707380,,unknown,,unknown,,unknown,,,,,,,
2707410,,unknown,,unknown,,unknown,,,,,,,
2707450,,unknown,,unknown,,unknown,,,,,,,
2707470,,unknown,,unknown,,unknown,,,,,,,
2707500,,unknown,,unknown,,unknown,,,,,,,
2707590,,unknown,,unknown,,unknown,,,,,,,
2708070,,unknown,,unknown,,unknown,,,,,,,
2708100,,unknown,,unknown,,unknown,,,,,,,
2708190,,unknown,,unknown,,unknown,,,,,,,
2708220,,unknown,,unknown,,unknown,,,,,,,
2708880,,unknown,,unknown,,unknown,,,,,,,
2708910,,unknown,,unknown,,unknown,,,,,,,
2708940,,unknown,,unknown,,unknown,,,,,,,
2708955,,unknown,,unknown,,unknown,,,,,,,
2709330,,unknown,,unknown,,unknown,,,,,,,
2709360,,unknown,,unknown,,unknown,,,,,,,
2709420,,unknown,,unknown,,unknown,,,,,,,
2709440,,unknown,,unknown,,unknown,,,,,,,
2709480,,unknown,,unknown,,unknown,,,,,,,
5102280,2019Q4,exact,2019Q2,backcast_award_minus_2q,2019Q1,from_applied_minus_1q,2020Q3,2021Q1,2021Q2,3.0,2.0,1.0,6.0
2709540,,unknown,,unknown,,unknown,,,,,,,
2709690,,unknown,,unknown,,unknown,,,,,,,
2709720,,unknown,,unknown,,unknown,,,,,,,
2709750,,unknown,,unknown,,unknown,,,,,,,
2710060,,unknown,,unknown,,unknown,,,,,,,
2710090,,unknown,,unknown,,unknown,,,,,,,
2710140,,unknown,,unknown,,unknown,,,,,,,
2710170,,unknown,,unknown,,unknown,,,,,,,
2710230,,unknown,,unknown,,unknown,,,,,,,
2710260,,unknown,,unknown,,unknown,,,,,,,
2711010,,unknown,,unknown,,unknown,,,,,,,
2711040,,unknown,,unknown,,unknown,,,,,,,
2711085,,unknown,,unknown,,unknown,,,,,,,
2711130,,unknown,,unknown,,unknown,,,,,,,
2711190,,unknown,,unknown,,unknown,,,,,,,
2711220,,unknown,,unknown,,unknown,,,,,,,
4828410,2023Q4,exact,2023Q2,backcast_award_minus_2q,2023Q1,from_applied_minus_1q,nanQnan,nanQnan,nanQnan,,,,
2711370,,unknown,,unknown,,unknown,,,,,,,
2711460,,unknown,,unknown,,unknown,,,,,,,
2711520,,unknown,,unknown,,unknown,,,,,,,
2711670,,unknown,,unknown,,unknown,,,,,,,
5900085,2022Q4,exact,2022Q2,backcast_award_minus_2q,2022Q1,from_applied_minus_1q,nanQnan,2023Q4,2023Q4,,,0.0,4.0
2711820,,unknown,,unknown,,unknown,,,,,,,
2500584,2022Q4,exact,2022Q2,backcast_award_minus_2q,2022Q1,from_applied_minus_1q,2023Q2,2023Q4,2023Q4,2.0,2.0,0.0,4.0
2711910,,unknown,,unknown,,unknown,,,,,,,
2712180,,unknown,,unknown,,unknown,,,,,,,
2712210,,unknown,,unknown,,unknown,,,,,,,
2712240,,unknown,,unknown,,unknown,,,,,,,
2712270,,unknown,,unknown,,unknown,,,,,,,
2712300,,unknown,,unknown,,unknown,,,,,,,
2712360,,unknown,,unknown,,unknown,,,,,,,
2712420,,unknown,,unknown,,unknown,,,,,,,
2712480,,unknown,,unknown,,unknown,,,,,,,
2712580,,unknown,,unknown,,unknown,,,,,,,
2712900,,unknown,,unknown,,unknown,,,,,,,
2713020,,unknown,,unknown,,unknown,,,,,,,
2713040,,unknown,,unknown,,unknown,,,,,,,
2713110,,unknown,,unknown,,unknown,,,,,,,
2713140,,unknown,,unknown,,unknown,,,,,,,
2713170,,unknown,,unknown,,unknown,,,,,,,
2713380,,unknown,,unknown,,unknown,,,,,,,
2713530,,unknown,,unknown,,unknown,,,,,,,
2713560,,unknown,,unknown,,unknown,,,,,,,
2713590,,unknown,,unknown,,unknown,,,,,,,
2713680,,unknown,,unknown,,unknown,,,,,,,
2713860,,unknown,,unknown,,unknown,,,,,,,
2713890,,unknown,,unknown,,unknown,,,,,,,
2713920,,unknown,,unknown,,unknown,,,,,,,
2713930,,unknown,,unknown,,unknown,,,,,,,
2713980,,unknown,,unknown,,unknown,,,,,,,
2714010,,unknown,,unknown,,unknown,,,,,,,
2714040,,unknown,,unknown,,unknown,,,,,,,
2714070,,unknown,,unknown,,unknown,,,,,,,
2714190,,unknown,,unknown,,unknown,,,,,,,
2714220,,unknown,2021Q2,program_calendar,2021Q1,from_applied_minus_1q,,,,,,,
2714260,,unknown,,unknown,,unknown,,,,,,,
2714280,,unknown,,unknown,,unknown,,,,,,,
2714970,,unknown,,unknown,,unknown,,,,,,,
2715000,,unknown,,unknown,,unknown,,,,,,,
2715030,,unknown,2021Q2,program_calendar,2021Q1,from_applied_minus_1q,,,,,,,
2715510,,unknown,,unknown,,unknown,,,,,,,
2715540,,unknown,,unknown,,unknown,,,,,,,
2715750,,unknown,,unknown,,unknown,,,,,,,
2716830,,unknown,,unknown,,unknown,,,,,,,
2716980,,unknown,,unknown,,unknown,,,,,,,
2717010,,unknown,,unknown,,unknown,,,,,,,
2717100,,unknown,,unknown,,unknown,,,,,,,
2717120,,unknown,,unknown,,unknown,,,,,,,
2717220,,unknown,,unknown,,unknown,,,,,,,
2717250,,unknown,,unknown,,unknown,,,,,,,
2717460,,unknown,,unknown,,unknown,,,,,,,
2717520,,unknown,,unknown,,unknown,,,,,,,
2717570,,unknown,,unknown,,unknown,,,,,,,
600015,2018Q3,exact,2018Q1,backcast_award_minus_2q,2017Q4,from_applied_minus_1q,2019Q2,2020Q2,2020Q3,3.0,4.0,1.0,8.0
2717880,,unknown,,unknown,,unknown,,,,,,,
2622200,2024Q2,exact,2023Q4,backcast_award_minus_2q,2023Q3,from_applied_minus_1q,nanQnan,nanQnan,nanQnan,,,,
5102340,2022Q4,exact,2022Q2,backcast_award_minus_2q,2022Q1,from_applied_minus_1q,2023Q2,2023Q2,2023Q2,2.0,0.0,0.0,2.0
2718060,,unknown,,unknown,,unknown,,,,,,,
2718070,,unknown,,unknown,,unknown,,,,,,,
2718090,,unknown,,unknown,,unknown,,,,,,,
2718210,,unknown,,unknown,,unknown,,,,,,,
2718240,,unknown,,unknown,,unknown,,,,,,,
2718270,,unknown,,unknown,,unknown,,,,,,,
2718330,,unknown,,unknown,,unknown,,,,,,,
2718360,,unknown,2020Q2,program_calendar,2020Q1,from_applied_minus_1q,,,,,,,
2718390,,unknown,,unknown,,unknown,,,,,,,
2718540,,unknown,,unknown,,unknown,,,,,,,
2718570,,unknown,,unknown,,unknown,,,,,,,
2718660,,unknown,,unknown,,unknown,,,,,,,
2718750,,unknown,,unknown,,unknown,,,,,,,
2718780,,unknown,,unknown,,unknown,,,,,,,
2718810,,unknown,,unknown,,unknown,,,,,,,
2718920,,unknown,,unknown,,unknown,,,,,,,
2718940,,unknown,,unknown,,unknown,,,,,,,
2718960,,unknown,,unknown,,unknown,,,,,,,
2719170,,unknown,,unknown,,unknown,,,,,,,
2719320,,unknown,,unknown,,unknown,,,,,,,
2720550,,unknown,,unknown,,unknown,,,,,,,
2720580,,unknown,,unknown,,unknown,,,,,,,
2720670,,unknown,,unknown,,unknown,,,,,,,
2721210,,unknown,,unknown,,unknown,,,,,,,
623160,2017Q2,exact,2016Q4,backcast_award_minus_2q,2016Q3,from_applied_minus_1q,2017Q3,2020Q1,2020Q2,1.0,10.0,1.0,12.0
2721270,,unknown,,unknown,,unknown,,,,,,,
2721320,,unknown,,unknown,,unknown,,,,,,,
2721390,,unknown,,unknown,,unknown,,,,,,,
2721420,,unknown,,unknown,,unknown,,,,,,,
2721450,,unknown,,unknown,,unknown,,,,,,,
2721480,,unknown,,unknown,,unknown,,,,,,,
2722920,,unknown,,unknown,,unknown,,,,,,,
3200300,2023Q4,exact,2023Q2,backcast_award_minus_2q,2023Q1,from_applied_minus_1q,nanQnan,nanQnan,nanQnan,,,,
2723010,,unknown,,unknown,,unknown,,,,,,,
2723310,,unknown,,unknown,,unknown,,,,,,,
2723370,,unknown,,unknown,,unknown,,,,,,,
2723380,,unknown,,unknown,,unknown,,,,,,,
2723400,,unknown,,unknown,,unknown,,,,,,,
2723430,,unknown,,unknown,,unknown,,,,,,,
2723490,,unknown,,unknown,,unknown,,,,,,,
2723520,,unknown,,unknown,,unknown,,,,,,,
2723550,,unknown,,unknown,,unknown,,,,,,,
2723580,,unknown,,unknown,,unknown,,,,,,,
2723820,,unknown,,unknown,,unknown,,,,,,,
2723850,,unknown,,unknown,,unknown,,,,,,,
2723880,,unknown,,unknown,,unknown,,,,,,,
2723910,,unknown,,unknown,,unknown,,,,,,,
623340,2019Q3,exact,2019Q1,backcast_award_minus_2q,2018Q4,from_applied_minus_1q,2020Q2,2020Q3,2020Q4,3.0,1.0,1.0,5.0
2725050,,unknown,,unknown,,unknown,,,,,,,
2725080,,unknown,,unknown,,unknown,,,,,,,
2725140,,unknown,,unknown,,unknown,,,,,,,
2919840,,unknown,,unknown,,unknown,,,,,,,
2728050,,unknown,,unknown,,unknown,,,,,,,
2728080,,unknown,,unknown,,unknown,,,,,,,
2728110,,unknown,,unknown,,unknown,,,,,,,
2728140,,unknown,,unknown,,unknown,,,,,,,
2728170,,unknown,,unknown,,unknown,,,,,,,
2728200,,unknown,,unknown,,unknown,,,,,,,
2728230,,unknown,,unknown,,unknown,,,,,,,
2728290,,unknown,,unknown,,unknown,,,,,,,
2728320,,unknown,,unknown,,unknown,,,,,,,
2728350,,unknown,,unknown,,unknown,,,,,,,
2728380,,unknown,,unknown,,unknown,,,,,,,
2728950,,unknown,,unknown,,unknown,,,,,,,
2728960,,unknown,,unknown,,unknown,,,,,,,
2728970,,unknown,2020Q2,program_calendar,2020Q1,from_applied_minus_1q,,,,,,,
2730030,,unknown,,unknown,,unknown,,,,,,,
2730060,,unknown,,unknown,,unknown,,,,,,,
2730090,,unknown,,unknown,,unknown,,,,,,,
2730150,,unknown,,unknown,,unknown,,,,,,,
2730450,,unknown,,unknown,,unknown,,,,,,,
2730480,,unknown,,unknown,,unknown,,,,,,,
3702820,2023Q4,exact,2023Q2,backcast_award_minus_2q,2023Q1,from_applied_minus_1q,nanQnan,nanQnan,nanQnan,,,,
2730870,,unknown,,unknown,,unknown,,,,,,,
2731750,,unknown,,unknown,,unknown,,,,,,,
2731780,,unknown,,unknown,,unknown,,,,,,,
404500,2024Q2,exact,2023Q4,backcast_award_minus_2q,2023Q3,from_applied_minus_1q,nanQnan,nanQnan,nanQnan,,,,
2732070,,unknown,,unknown,,unknown,,,,,,,
2732250,,unknown,,unknown,,unknown,,,,,,,
5508520,2023Q4,exact,2023Q2,backcast_award_minus_2q,2023Q1,from_applied_minus_1q,nanQnan,nanQnan,nanQnan,,,,
2732430,,unknown,,unknown,,unknown,,,,,,,
2732460,,unknown,,unknown,,unknown,,,,,,,
2732520,,unknown,,unknown,,unknown,,,,,,,
2732550,,unknown,,unknown,,unknown,,,,,,,
2732700,,unknown,,unknown,,unknown,,,,,,,
2732820,,unknown,,unknown,,unknown,,,,,,,
2732850,,unknown,,unknown,,unknown,,,,,,,
2732880,,unknown,,unknown,,unknown,,,,,,,
2732970,,unknown,,unknown,,unknown,,,,,,,
2733000,,unknown,,unknown,,unknown,,,,,,,
2733210,,unknown,,unknown,,unknown,,,,,,,
2733270,,unknown,,unknown,,unknown,,,,,,,
2733300,,unknown,,unknown,,unknown,,,,,,,
2733330,,unknown,,unknown,,unknown,,,,,,,
2733390,,unknown,,unknown,,unknown,,,,,,,
2733420,,unknown,,unknown,,unknown,,,,,,,
2733450,,unknown,,unknown,,unknown,,,,,,,
2733480,,unknown,,unknown,,unknown,,,,,,,
2733510,,unknown,,unknown,,unknown,,,,,,,
2733540,,unknown,,unknown,,unknown,,,,,,,
2733600,,unknown,,unknown,,unknown,,,,,,,
2733720,,unknown,,unknown,,unknown,,,,,,,
2733780,,unknown,,unknown,,unknown,,,,,,,
2733790,,unknown,,unknown,,unknown,,,,,,,
2733810,,unknown,,unknown,,unknown,,,,,,,
2201050,2022Q4,exact,2022Q2,backcast_award_minus_2q,2022Q1,from_applied_minus_1q,nanQnan,2023Q4,2023Q4,,,0.0,4.0
2733870,,unknown,,unknown,,unknown,,,,,,,
2733900,,unknown,,unknown,,unknown,,,,,,,
2738160,,unknown,,unknown,,unknown,,,,,,,
2738190,,unknown,,unknown,,unknown,,,,,,,
2738280,,unknown,,unknown,,unknown,,,,,,,
2738850,,unknown,,unknown,,unknown,,,,,,,
2738880,,unknown,,unknown,,unknown,,,,,,,
2740665,,unknown,,unknown,,unknown,,,,,,,
2740680,,unknown,,unknown,,unknown,,,,,,,
2740740,,unknown,,unknown,,unknown,,,,,,,
2740810,,unknown,,unknown,,unknown,,,,,,,
2740830,,unknown,,unknown,,unknown,,,,,,,
2740860,,unknown,,unknown,,unknown,,,,,,,
2740920,,unknown,,unknown,,unknown,,,,,,,
2741060,,unknown,,unknown,,unknown,,,,,,,
2741430,,unknown,,unknown,,unknown,,,,,,,
2741460,,unknown,,unknown,,unknown,,,,,,,
2741850,,unknown,,unknown,,unknown,,,,,,,
2741880,,unknown,,unknown,,unknown,,,,,,,
2741910,,unknown,,unknown,,unknown,,,,,,,
2742120,,unknown,,unknown,,unknown,,,,,,,
2742160,,unknown,,unknown,,unknown,,,,,,,
2742270,,unknown,,unknown,,unknown,,,,,,,
2742330,,unknown,,unknown,,unknown,,,,,,,
2742360,,unknown,,unknown,,unknown,,,,,,,
2742720,,unknown,,unknown,,unknown,,,,,,,
2742750,,unknown,,unknown,,unknown,,,,,,,
2742780,,unknown,,unknown,,unknown,,,,,,,
2744070,,unknown,,unknown,,unknown,,,,,,,
2744160,,unknown,,unknown,,unknown,,,,,,,
2744190,,unknown,,unknown,,unknown,,,,,,,
2745735,,unknown,,unknown,,unknown,,,,,,,
2791353,,unknown,,unknown,,unknown,,,,,,,
2791443,,unknown,,unknown,,unknown,,,,,,,
2791445,,unknown,,unknown,,unknown,,,,,,,
2791446,,unknown,,unknown,,unknown,,,,,,,
2791447,,unknown,,unknown,,unknown,,,,,,,
2791449,,unknown,,unknown,,unknown,,,,,,,
2791450,,unknown,,unknown,,unknown,,,,,,,
2791451,,unknown,,unknown,,unknown,,,,,,,
2791455,,unknown,,unknown,,unknown,,,,,,,
2791456,,unknown,,unknown,,unknown,,,,,,,
2791457,,unknown,,unknown,,unknown,,,,,,,
2791458,,unknown,,unknown,,unknown,,,,,,,
2791459,,unknown,,unknown,,unknown,,,,,,,
2800031,,unknown,,unknown,,unknown,,,,,,,
2800183,,unknown,,unknown,,unknown,,,,,,,
2800185,,unknown,,unknown,,unknown,,,,,,,
2800186,,unknown,,unknown,,unknown,,,,,,,
2800187,,unknown,,unknown,,unknown,,,,,,,
2800188,,unknown,,unknown,,unknown,,,,,,,
2800189,,unknown,,unknown,,unknown,,,,,,,
2800190,,unknown,,unknown,,unknown,,,,,,,
2800191,,unknown,,unknown,,unknown,,,,,,,
2800192,,unknown,,unknown,,unknown,,,,,,,
2800193,,unknown,,unknown,,unknown,,,,,,,
2800194,,unknown,,unknown,,unknown,,,,,,,
2800195,,unknown,,unknown,,unknown,,,,,,,
2800196,,unknown,,unknown,,unknown,,,,,,,
2800197,,unknown,,unknown,,unknown,,,,,,,
2800198,,unknown,,unknown,,unknown,,,,,,,
2800199,,unknown,,unknown,,unknown,,,,,,,
3904827,2022Q4,exact,2022Q2,backcast_award_minus_2q,2022Q1,from_applied_minus_1q,2023Q1,2024Q1,2024Q1,1.0,4.0,0.0,5.0
623430,2017Q1,exact,2016Q3,backcast_award_minus_2q,2016Q2,from_applied_minus_1q,2017Q2,2019Q4,2020Q1,1.0,10.0,1.0,12.0
2800390,,unknown,,unknown,,unknown,,,,,,,
2800420,,unknown,,unknown,,unknown,,,,,,,
2800450,,unknown,,unknown,,unknown,,,,,,,
2800510,,unknown,,unknown,,unknown,,,,,,,
2800540,,unknown,,unknown,,unknown,,,,,,,
2800570,,unknown,,unknown,,unknown,,,,,,,
2800600,,unknown,,unknown,,unknown,,,,,,,
3618180,2022Q4,exact,2022Q2,backcast_award_minus_2q,2022Q1,from_applied_minus_1q,2023Q1,2024Q1,2024Q1,1.0,4.0,0.0,5.0
2800750,,unknown,,unknown,,unknown,,,,,,,
2800820,,unknown,,unknown,,unknown,,,,,,,
2800840,,unknown,,unknown,,unknown,,,,,,,
623530,2020Q2,exact,2019Q4,backcast_award_minus_2q,2019Q3,from_applied_minus_1q,2021Q1,2022Q2,2022Q3,3.0,5.0,1.0,9.0
2800900,,unknown,,unknown,,unknown,,,,,,,
2800930,,unknown,,unknown,,unknown,,,,,,,
2800990,,unknown,,unknown,,unknown,,,,,,,
2801020,,unknown,,unknown,,unknown,,,,,,,
2801050,,unknown,,unknown,,unknown,,,,,,,
2801090,,unknown,2020Q2,program_calendar,2020Q1,from_applied_minus_1q,,,,,,,
2801110,,unknown,,unknown,,unknown,,,,,,,
2801140,,unknown,,unknown,,unknown,,,,,,,
2801170,,unknown,,unknown,,unknown,,,,,,,
2801189,,unknown,,unknown,,unknown,,,,,,,
2801191,,unknown,,unknown,,unknown,,,,,,,
2801194,,unknown,,unknown,,unknown,,,,,,,
2801196,,unknown,,unknown,,unknown,,,,,,,
2801200,,unknown,,unknown,,unknown,,,,,,,
2801220,,unknown,,unknown,,unknown,,,,,,,
5102360,2022Q1,exact,2021Q3,backcast_award_minus_2q,2021Q2,from_applied_minus_1q,2022Q2,2023Q3,2023Q3,1.0,5.0,0.0,6.0
2801290,,unknown,,unknown,,unknown,,,,,,,
2801320,,unknown,,unknown,,unknown,,,,,,,
2801380,,unknown,,unknown,,unknown,,,,,,,
2801410,,unknown,,unknown,,unknown,,,,,,,
2801440,,unknown,,unknown,,unknown,,,,,,,
2801470,,unknown,,unknown,,unknown,,,,,,,
2801490,,unknown,,unknown,,unknown,,,,,,,
1201230,2021Q2,exact,2020Q4,backcast_award_minus_2q,2020Q3,from_applied_minus_1q,2022Q1,2022Q4,2024Q1,3.0,3.0,5.0,11.0
2801530,,unknown,,unknown,,unknown,,,,,,,
2801560,,unknown,,unknown,,unknown,,,,,,,
2801590,,unknown,,unknown,,unknown,,,,,,,
2801620,,unknown,,unknown,,unknown,,,,,,,
1724390,2024Q2,exact,2023Q4,backcast_award_minus_2q,2023Q3,from_applied_minus_1q,nanQnan,nanQnan,nanQnan,,,,
3812020,2024Q2,exact,2023Q4,backcast_award_minus_2q,2023Q3,from_applied_minus_1q,nanQnan,nanQnan,nanQnan,,,,
2801740,,unknown,,unknown,,unknown,,,,,,,
2801770,,unknown,,unknown,,unknown,,,,,,,
2801800,,unknown,,unknown,,unknown,,,,,,,
2801830,,unknown,,unknown,,unknown,,,,,,,
3812030,2022Q4,exact,2022Q2,backcast_award_minus_2q,2022Q1,from_applied_minus_1q,2023Q2,2023Q3,2023Q3,2.0,1.0,0.0,3.0
2507260,2024Q2,exact,2023Q4,backcast_award_minus_2q,2023Q3,from_applied_minus_1q,nanQnan,nanQnan,nanQnan,,,,
2801950,,unknown,,unknown,,unknown,,,,,,,
2802040,,unknown,,unknown,,unknown,,,,,,,
2802100,,unknown,,unknown,,unknown,,,,,,,
1918630,2024Q2,exact,2023Q4,backcast_award_minus_2q,2023Q3,from_applied_minus_1q,nanQnan,nanQnan,nanQnan,,,,
3618510,2024Q2,exact,2023Q4,backcast_award_minus_2q,2023Q3,from_applied_minus_1q,nanQnan,nanQnan,nanQnan,,,,
2802220,,unknown,,unknown,,unknown,,,,,,,
2802250,,unknown,,unknown,,unknown,,,,,,,
2802280,,unknown,,unknown,,unknown,,,,,,,
2802310,,unknown,,unknown,,unknown,,,,,,,
2802340,,unknown,,unknown,,unknown,,,,,,,
2802370,,unknown,,unknown,,unknown,,,,,,,
2802400,,unknown,,unknown,,unknown,,,,,,,
2802430,,unknown,,unknown,,unknown,,,,,,,
2802460,,unknown,,unknown,,unknown,,,,,,,
2802490,,unknown,,unknown,,unknown,,,,,,,
4503908,2022Q4,exact,2022Q2,backcast_award_minus_2q,2022Q1,from_applied_minus_1q,nanQnan,2024Q1,2024Q1,,,0.0,5.0
2802550,,unknown,,unknown,,unknown,,,,,,,
2802610,,unknown,,unknown,,unknown,,,,,,,
2802640,,unknown,,unknown,,unknown,,,,,,,
2802670,,unknown,2021Q2,program_calendar,2021Q1,from_applied_minus_1q,,,,,,,
2802700,,unknown,,unknown,,unknown,,,,,,,
2802730,,unknown,,unknown,,unknown,,,,,,,
2802790,,unknown,,unknown,,unknown,,,,,,,
2802820,,unknown,,unknown,,unknown,,,,,,,
2802850,,unknown,,unknown,,unknown,,,,,,,
2802880,,unknown,,unknown,,unknown,,,,,,,
2802910,,unknown,,unknown,,unknown,,,,,,,
2802940,,unknown,,unknown,,unknown,,,,,,,
2803000,,unknown,,unknown,,unknown,,,,,,,
2803030,,unknown,,unknown,,unknown,,,,,,,
2803060,,unknown,,unknown,,unknown,,,,,,,
2803090,,unknown,,unknown,,unknown,,,,,,,
2803120,,unknown,,unknown,,unknown,,,,,,,
2803150,,unknown,,unknown,,unknown,,,,,,,
2803180,,unknown,,unknown,,unknown,,,,,,,
2803210,,unknown,,unknown,,unknown,,,,,,,
2803240,,unknown,,unknown,,unknown,,,,,,,
2803270,,unknown,,unknown,,unknown,,,,,,,
2803300,,unknown,,unknown,,unknown,,,,,,,
2803360,,unknown,,unknown,,unknown,,,,,,,
2803390,,unknown,,unknown,,unknown,,,,,,,
2803450,,unknown,,unknown,,unknown,,,,,,,
2803480,,unknown,,unknown,,unknown,,,,,,,
2803510,,unknown,,unknown,,unknown,,,,,,,
2803520,,unknown,,unknown,,unknown,,,,,,,
2803530,,unknown,,unknown,,unknown,,,,,,,
2803540,,unknown,,unknown,,unknown,,,,,,,
2803570,,unknown,,unknown,,unknown,,,,,,,
2803600,,unknown,,unknown,,unknown,,,,,,,
5508730,2024Q2,exact,2023Q4,backcast_award_minus_2q,2023Q3,from_applied_minus_1q,nanQnan,nanQnan,nanQnan,,,,
623940,2020Q3,exact,2020Q1,backcast_award_minus_2q,2019Q4,from_applied_minus_1q,2021Q2,2022Q3,2022Q4,3.0,5.0,1.0,9.0
2803690,,unknown,,unknown,,unknown,,,,,,,
2803720,,unknown,,unknown,,unknown,,,,,,,
2803750,,unknown,,unknown,,unknown,,,,,,,
2803780,,unknown,,unknown,,unknown,,,,,,,
2803810,,unknown,,unknown,,unknown,,,,,,,
2803830,,unknown,,unknown,,unknown,,,,,,,
2803870,,unknown,,unknown,,unknown,,,,,,,
2803900,,unknown,,unknown,,unknown,,,,,,,
2803930,,unknown,,unknown,,unknown,,,,,,,
2803960,,unknown,,unknown,,unknown,,,,,,,
2803990,,unknown,,unknown,,unknown,,,,,,,
2804020,,unknown,,unknown,,unknown,,,,,,,
2804050,,unknown,,unknown,,unknown,,,,,,,
2804080,,unknown,,unknown,,unknown,,,,,,,
2804110,,unknown,,unknown,,unknown,,,,,,,
2804170,,unknown,,unknown,,unknown,,,,,,,
2507380,2019Q4,exact,2019Q2,backcast_award_minus_2q,2019Q1,from_applied_minus_1q,2020Q3,2022Q2,2022Q3,3.0,7.0,1.0,11.0
2804260,,unknown,,unknown,,unknown,,,,,,,
2804290,,unknown,,unknown,,unknown,,,,,,,
2804320,,unknown,,unknown,,unknown,,,,,,,
2804350,,unknown,,unknown,,unknown,,,,,,,
2804380,,unknown,,unknown,,unknown,,,,,,,
2804440,,unknown,,unknown,,unknown,,,,,,,
5102400,2024Q2,exact,2023Q4,backcast_award_minus_2q,2023Q3,from_applied_minus_1q,nanQnan,nanQnan,nanQnan,,,,
2804500,,unknown,,unknown,,unknown,,,,,,,
2804530,,unknown,,unknown,,unknown,,,,,,,
2804560,,unknown,,unknown,,unknown,,,,,,,
2804590,,unknown,,unknown,,unknown,,,,,,,
2804650,,unknown,,unknown,,unknown,,,,,,,
2804680,,unknown,,unknown,,unknown,,,,,,,
2804710,,unknown,,unknown,,unknown,,,,,,,
2804770,,unknown,,unknown,,unknown,,,,,,,
2804800,,unknown,,unknown,,unknown,,,,,,,
2804801,,unknown,,unknown,,unknown,,,,,,,
2900001,,unknown,,unknown,,unknown,,,,,,,
4829250,2022Q1,exact,2021Q3,backcast_award_minus_2q,2021Q2,from_applied_minus_1q,2022Q2,2023Q4,2023Q4,1.0,6.0,0.0,7.0
5304800,2020Q2,exact,2019Q4,backcast_award_minus_2q,2019Q3,from_applied_minus_1q,2021Q1,2022Q1,2022Q2,3.0,4.0,1.0,8.0
2900004,,unknown,,unknown,,unknown,,,,,,,
2900005,,unknown,,unknown,,unknown,,,,,,,
2900006,,unknown,,unknown,,unknown,,,,,,,
2900007,,unknown,,unknown,,unknown,,,,,,,
2900008,,unknown,,unknown,,unknown,,,,,,,
2900009,,unknown,,unknown,,unknown,,,,,,,
2900013,,unknown,,unknown,,unknown,,,,,,,
2900014,,unknown,,unknown,,unknown,,,,,,,
2900015,,unknown,,unknown,,unknown,,,,,,,
2900016,,unknown,,unknown,,unknown,,,,,,,
4702700,2024Q2,exact,2023Q4,backcast_award_minus_2q,2023Q3,from_applied_minus_1q,nanQnan,nanQnan,nanQnan,,,,
2900019,,unknown,,unknown,,unknown,,,,,,,
2900020,,unknown,,unknown,,unknown,,,,,,,
2900021,,unknown,,unknown,,unknown,,,,,,,
2900022,,unknown,,unknown,,unknown,,,,,,,
2900024,,unknown,,unknown,,unknown,,,,,,,
2900025,,unknown,,unknown,,unknown,,,,,,,
2900027,,unknown,,unknown,,unknown,,,,,,,
2900028,,unknown,,unknown,,unknown,,,,,,,
2900029,,unknown,,unknown,,unknown,,,,,,,
2900030,,unknown,,unknown,,unknown,,,,,,,
2900031,,unknown,,unknown,,unknown,,,,,,,
2900574,,unknown,,unknown,,unknown,,,,,,,
2900576,,unknown,,unknown,,unknown,,,,,,,
2900579,,unknown,,unknown,,unknown,,,,,,,
2900585,,unknown,,unknown,,unknown,,,,,,,
2900586,,unknown,,unknown,,unknown,,,,,,,
2900589,,unknown,,unknown,,unknown,,,,,,,
2900590,,unknown,,unknown,,unknown,,,,,,,
2900591,,unknown,,unknown,,unknown,,,,,,,
2900592,,unknown,,unknown,,unknown,,,,,,,
2900593,,unknown,,unknown,,unknown,,,,,,,
2900597,,unknown,,unknown,,unknown,,,,,,,
2900601,,unknown,,unknown,,unknown,,,,,,,
2900603,,unknown,,unknown,,unknown,,,,,,,
2900604,,unknown,,unknown,,unknown,,,,,,,
2900605,,unknown,,unknown,,unknown,,,,,,,
2900606,,unknown,,unknown,,unknown,,,,,,,
2900607,,unknown,,unknown,,unknown,,,,,,,
2900608,,unknown,,unknown,,unknown,,,,,,,
2900609,,unknown,,unknown,,unknown,,,,,,,
2900611,,unknown,,unknown,,unknown,,,,,,,
2900612,,unknown,,unknown,,unknown,,,,,,,
2900615,,unknown,,unknown,,unknown,,,,,,,
2900616,,unknown,,unknown,,unknown,,,,,,,
2900617,,unknown,,unknown,,unknown,,,,,,,
2900618,,unknown,,unknown,,unknown,,,,,,,
2901000,,unknown,,unknown,,unknown,,,,,,,
2902850,,unknown,,unknown,,unknown,,,,,,,
2902880,,unknown,,unknown,,unknown,,,,,,,
2623160,2023Q4,exact,2023Q2,backcast_award_minus_2q,2023Q1,from_applied_minus_1q,nanQnan,nanQnan,nanQnan,,,,
2902970,,unknown,,unknown,,unknown,,,,,,,
2903000,,unknown,,unknown,,unknown,,,,,,,
2903040,,unknown,,unknown,,unknown,,,,,,,
2903060,,unknown,,unknown,,unknown,,,,,,,
2903120,,unknown,,unknown,,unknown,,,,,,,
2903150,,unknown,,unknown,,unknown,,,,,,,
2903200,,unknown,,unknown,,unknown,,,,,,,
2903270,,unknown,,unknown,,unknown,,,,,,,
2903480,,unknown,,unknown,,unknown,,,,,,,
2904020,,unknown,,unknown,,unknown,,,,,,,
2904050,,unknown,,unknown,,unknown,,,,,,,
2904080,,unknown,,unknown,,unknown,,,,,,,
2904110,,unknown,,unknown,,unknown,,,,,,,
2904140,,unknown,,unknown,,unknown,,,,,,,
2904170,,unknown,,unknown,,unknown,,,,,,,
2904500,,unknown,,unknown,,unknown,,,,,,,
4829370,2022Q4,exact,2022Q2,backcast_award_minus_2q,2022Q1,from_applied_minus_1q,2023Q2,2024Q1,2024Q1,2.0,3.0,0.0,5.0
2904590,,unknown,,unknown,,unknown,,,,,,,
2904620,,unknown,,unknown,,unknown,,,,,,,
2904890,,unknown,,unknown,,unknown,,,,,,,
2904950,,unknown,,unknown,,unknown,,,,,,,
2904980,,unknown,,unknown,,unknown,,,,,,,
2905070,,unknown,,unknown,,unknown,,,,,,,
2905130,,unknown,,unknown,,unknown,,,,,,,
2905190,,unknown,,unknown,,unknown,,,,,,,
2905250,,unknown,,unknown,,unknown,,,,,,,
2905280,,unknown,,unknown,,unknown,,,,,,,
2905310,,unknown,,unknown,,unknown,,,,,,,
2905370,,unknown,,unknown,,unknown,,,,,,,
2905400,,unknown,,unknown,,unknown,,,,,,,
2905430,,unknown,,unknown,,unknown,,,,,,,
2905580,,unknown,,unknown,,unknown,,,,,,,
2905610,,unknown,,unknown,,unknown,,,,,,,
3700022,2022Q1,exact,2021Q3,backcast_award_minus_2q,2021Q2,from_applied_minus_1q,2022Q2,2023Q1,2023Q4,1.0,3.0,3.0,7.0
2905660,,unknown,2020Q2,program_calendar,2020Q1,from_applied_minus_1q,,,,,,,
2905700,,unknown,,unknown,,unknown,,,,,,,
2905730,,unknown,,unknown,,unknown,,,,,,,
2905760,,unknown,,unknown,,unknown,,,,,,,
2905790,,unknown,,unknown,,unknown,,,,,,,
2905820,,unknown,,unknown,,unknown,,,,,,,
2905850,,unknown,,unknown,,unknown,,,,,,,
2905880,,unknown,,unknown,,unknown,,,,,,,
2905910,,unknown,,unknown,,unknown,,,,,,,
2905940,,unknown,,unknown,,unknown,,,,,,,
2906000,,unknown,,unknown,,unknown,,,,,,,
2906030,,unknown,,unknown,,unknown,,,,,,,
2906090,,unknown,,unknown,,unknown,,,,,,,
2906120,,unknown,,unknown,,unknown,,,,,,,
2906150,,unknown,,unknown,,unknown,,,,,,,
2906170,,unknown,,unknown,,unknown,,,,,,,
2906360,,unknown,,unknown,,unknown,,,,,,,
2906430,,unknown,,unknown,,unknown,,,,,,,
2906450,,unknown,,unknown,,unknown,,,,,,,
2906480,,unknown,,unknown,,unknown,,,,,,,
2906510,,unknown,,unknown,,unknown,,,,,,,
2906540,,unknown,,unknown,,unknown,,,,,,,
2906990,,unknown,,unknown,,unknown,,,,,,,
2907020,,unknown,,unknown,,unknown,,,,,,,
624150,2022Q2,exact,2021Q4,backcast_award_minus_2q,2021Q3,from_applied_minus_1q,2022Q3,nanQnan,nanQnan,1.0,,,
2907080,,unknown,,unknown,,unknown,,,,,,,
2907120,,unknown,,unknown,,unknown,,,,,,,
2907320,,unknown,,unknown,,unknown,,,,,,,
2907350,,unknown,2020Q2,program_calendar,2020Q1,from_applied_minus_1q,,,,,,,
2623280,2022Q4,exact,2022Q2,backcast_award_minus_2q,2022Q1,from_applied_minus_1q,nanQnan,2023Q3,2023Q3,,,0.0,3.0
2907460,,unknown,,unknown,,unknown,,,,,,,
2907470,,unknown,,unknown,,unknown,,,,,,,
5508880,2024Q2,exact,2023Q4,backcast_award_minus_2q,2023Q3,from_applied_minus_1q,nanQnan,nanQnan,nanQnan,,,,
2908250,,unknown,,unknown,,unknown,,,,,,,
2908320,,unknown,,unknown,,unknown,,,,,,,
2908340,,unknown,,unknown,,unknown,,,,,,,
2908370,,unknown,,unknown,,unknown,,,,,,,
2908400,,unknown,,unknown,,unknown,,,,,,,
2908430,,unknown,,unknown,,unknown,,,,,,,
2908460,,unknown,,unknown,,unknown,,,,,,,
2908490,,unknown,,unknown,,unknown,,,,,,,
3173500,2022Q4,exact,2022Q2,backcast_award_minus_2q,2022Q1,from_applied_minus_1q,2023Q1,2023Q3,2023Q3,1.0,2.0,0.0,3.0
2908730,,unknown,,unknown,,unknown,,,,,,,
2908760,,unknown,,unknown,,unknown,,,,,,,
2908790,,unknown,,unknown,,unknown,,,,,,,
2909090,,unknown,,unknown,,unknown,,,,,,,
2909120,,unknown,,unknown,,unknown,,,,,,,
2909720,,unknown,,unknown,,unknown,,,,,,,
2909750,,unknown,,unknown,,unknown,,,,,,,
2909780,,unknown,2020Q2,program_calendar,2020Q1,from_applied_minus_1q,,,,,,,
2909810,,unknown,,unknown,,unknown,,,,,,,
2909860,,unknown,,unknown,,unknown,,,,,,,
2909900,,unknown,,unknown,,unknown,,,,,,,
2909930,,unknown,,unknown,,unknown,,,,,,,
2910020,,unknown,,unknown,,unknown,,,,,,,
4019440,2022Q4,exact,2022Q2,backcast_award_minus_2q,2022Q1,from_applied_minus_1q,2023Q1,2023Q2,2023Q2,1.0,1.0,0.0,2.0
2910110,,unknown,,unknown,,unknown,,,,,,,
2910140,,unknown,,unknown,,unknown,,,,,,,
2910200,,unknown,,unknown,,unknown,,,,,,,
2910230,,unknown,,unknown,,unknown,,,,,,,
2910260,,unknown,,unknown,,unknown,,,,,,,
2910290,,unknown,,unknown,,unknown,,,,,,,
2910320,,unknown,,unknown,,unknown,,,,,,,
2910350,,unknown,,unknown,,unknown,,,,,,,
2910380,,unknown,,unknown,,unknown,,,,,,,
2910410,,unknown,,unknown,,unknown,,,,,,,
2910440,,unknown,,unknown,,unknown,,,,,,,
2910470,,unknown,,unknown,,unknown,,,,,,,
2910500,,unknown,,unknown,,unknown,,,,,,,
2910520,,unknown,,unknown,,unknown,,,,,,,
2910590,,unknown,,unknown,,unknown,,,,,,,
2910620,,unknown,,unknown,,unknown,,,,,,,
2910650,,unknown,,unknown,,unknown,,,,,,,
2910710,,unknown,,unknown,,unknown,,,,,,,
2910770,,unknown,,unknown,,unknown,,,,,,,
2910800,,unknown,,unknown,,unknown,,,,,,,
2910830,,unknown,,unknown,,unknown,,,,,,,
2910920,,unknown,2020Q2,program_calendar,2020Q1,from_applied_minus_1q,,,,,,,
2910950,,unknown,,unknown,,unknown,,,,,,,
2911010,,unknown,,unknown,,unknown,,,,,,,
2911040,,unknown,,unknown,,unknown,,,,,,,
2911070,,unknown,,unknown,,unknown,,,,,,,
2911100,,unknown,2020Q2,program_calendar,2020Q1,from_applied_minus_1q,,,,,,,
2911160,,unknown,,unknown,,unknown,,,,,,,
2911220,,unknown,2020Q2,program_calendar,2020Q1,from_applied_minus_1q,,,,,,,
2911250,,unknown,,unknown,,unknown,,,,,,,
624180,2022Q2,exact,2021Q4,backcast_award_minus_2q,2021Q3,from_applied_minus_1q,2022Q3,nanQnan,nanQnan,1.0,,,
1602030,2022Q4,exact,2022Q2,backcast_award_minus_2q,2022Q1,from_applied_minus_1q,2023Q2,2024Q2,2024Q2,2.0,4.0,0.0,6.0
2911340,,unknown,,unknown,,unknown,,,,,,,
2911400,,unknown,,unknown,,unknown,,,,,,,
2911450,,unknown,,unknown,,unknown,,,,,,,
2911550,,unknown,,unknown,,unknown,,,,,,,
2911580,,unknown,,unknown,,unknown,,,,,,,
2911650,,unknown,,unknown,,unknown,,,,,,,
2911670,,unknown,,unknown,,unknown,,,,,,,
2911700,,unknown,2020Q2,program_calendar,2020Q1,from_applied_minus_1q,,,,,,,
4503000,2022Q4,exact,2022Q2,backcast_award_minus_2q,2022Q1,from_applied_minus_1q,nanQnan,2024Q1,2024Q1,,,0.0,5.0
2911760,,unknown,,unknown,,unknown,,,,,,,
2911850,,unknown,,unknown,,unknown,,,,,,,
2911910,,unknown,,unknown,,unknown,,,,,,,
2911940,,unknown,,unknown,,unknown,,,,,,,
2911990,,unknown,,unknown,,unknown,,,,,,,
2200312,2023Q4,exact,2023Q2,backcast_award_minus_2q,2023Q1,from_applied_minus_1q,nanQnan,nanQnan,nanQnan,,,,
2912030,,unknown,2020Q2,program_calendar,2020Q1,from_applied_minus_1q,,,,,,,
2912180,,unknown,,unknown,,unknown,,,,,,,
2912240,,unknown,,unknown,,unknown,,,,,,,
2912290,,unknown,,unknown,,unknown,,,,,,,
2912300,,unknown,,unknown,,unknown,,,,,,,
2912450,,unknown,,unknown,,unknown,,,,,,,
2912480,,unknown,,unknown,,unknown,,,,,,,
2912510,,unknown,,unknown,,unknown,,,,,,,
2912540,,unknown,,unknown,,unknown,,,,,,,
2912550,,unknown,2020Q2,program_calendar,2020Q1,from_applied_minus_1q,,,,,,,
2912600,,unknown,2021Q2,program_calendar,2021Q1,from_applied_minus_1q,,,,,,,
2912630,,unknown,,unknown,,unknown,,,,,,,
2912660,,unknown,,unknown,,unknown,,,,,,,
2912690,,unknown,,unknown,,unknown,,,,,,,
2912720,,unknown,,unknown,,unknown,,,,,,,
5400810,2022Q2,exact,2021Q4,backcast_award_minus_2q,2021Q3,from_applied_minus_1q,2022Q3,2023Q1,2023Q1,1.0,2.0,0.0,3.0
2912840,,unknown,,unknown,,unknown,,,,,,,
2912870,,unknown,,unknown,,unknown,,,,,,,
2912900,,unknown,,unknown,,unknown,,,,,,,
2912930,,unknown,,unknown,,unknown,,,,,,,
2913080,,unknown,2020Q2,program_calendar,2020Q1,from_applied_minus_1q,,,,,,,
2913140,,unknown,,unknown,,unknown,,,,,,,
2913170,,unknown,,unknown,,unknown,,,,,,,
2913230,,unknown,,unknown,,unknown,,,,,,,
2913260,,unknown,,unknown,,unknown,,,,,,,
624300,2019Q4,exact,2019Q2,backcast_award_minus_2q,2019Q1,from_applied_minus_1q,2020Q3,2021Q4,2022Q1,3.0,5.0,1.0,9.0
2913320,,unknown,,unknown,,unknown,,,,,,,
2913380,,unknown,,unknown,,unknown,,,,,,,
2913440,,unknown,,unknown,,unknown,,,,,,,
2913500,,unknown,,unknown,,unknown,,,,,,,
2913530,,unknown,,unknown,,unknown,,,,,,,
2913560,,unknown,,unknown,,unknown,,,,,,,
2913590,,unknown,,unknown,,unknown,,,,,,,
1728620,2024Q2,exact,2023Q4,backcast_award_minus_2q,2023Q3,from_applied_minus_1q,nanQnan,nanQnan,nanQnan,,,,
2913650,,unknown,,unknown,,unknown,,,,,,,
2913680,,unknown,,unknown,,unknown,,,,,,,
2913710,,unknown,2020Q2,program_calendar,2020Q1,from_applied_minus_1q,,,,,,,
2913760,,unknown,,unknown,,unknown,,,,,,,
2913770,,unknown,2020Q2,program_calendar,2020Q1,from_applied_minus_1q,,,,,,,
2913800,,unknown,,unknown,,unknown,,,,,,,
2913830,,unknown,,unknown,,unknown,,,,,,,
2914250,,unknown,,unknown,,unknown,,,,,,,
2914280,,unknown,,unknown,,unknown,,,,,,,
2914310,,unknown,,unknown,,unknown,,,,,,,
2914320,,unknown,,unknown,,unknown,,,,,,,
2914340,,unknown,,unknown,,unknown,,,,,,,
2914370,,unknown,,unknown,,unknown,,,,,,,
2914400,,unknown,,unknown,,unknown,,,,,,,
2914430,,unknown,,unknown,,unknown,,,,,,,
4108010,2023Q4,exact,2023Q2,backcast_award_minus_2q,2023Q1,from_applied_minus_1q,nanQnan,nanQnan,nanQnan,,,,
2914490,,unknown,,unknown,,unknown,,,,,,,
2914520,,unknown,,unknown,,unknown,,,,,,,
2914550,,unknown,,unknown,,unknown,,,,,,,
2914840,,unknown,,unknown,,unknown,,,,,,,
2915060,,unknown,,unknown,,unknown,,,,,,,
2915180,,unknown,,unknown,,unknown,,,,,,,
2915210,,unknown,,unknown,,unknown,,,,,,,
2915240,,unknown,,unknown,,unknown,,,,,,,
2915270,,unknown,,unknown,,unknown,,,,,,,
2915300,,unknown,,unknown,,unknown,,,,,,,
2915330,,unknown,,unknown,,unknown,,,,,,,
2915390,,unknown,,unknown,,unknown,,,,,,,
2915420,,unknown,,unknown,,unknown,,,,,,,
2915450,,unknown,,unknown,,unknown,,,,,,,
2915480,,unknown,,unknown,,unknown,,,,,,,
2915510,,unknown,,unknown,,unknown,,,,,,,
2915600,,unknown,,unknown,,unknown,,,,,,,
2915630,,unknown,,unknown,,unknown,,,,,,,
2915660,,unknown,,unknown,,unknown,,,,,,,
2916140,,unknown,,unknown,,unknown,,,,,,,
2916190,,unknown,,unknown,,unknown,,,,,,,
2916200,,unknown,,unknown,,unknown,,,,,,,
2916230,,unknown,2020Q2,program_calendar,2020Q1,from_applied_minus_1q,,,,,,,
2916290,,unknown,,unknown,,unknown,,,,,,,
2916350,,unknown,,unknown,,unknown,,,,,,,
4702880,2022Q4,exact,2022Q2,backcast_award_minus_2q,2022Q1,from_applied_minus_1q,2023Q1,2023Q2,2023Q4,1.0,1.0,2.0,4.0
2916400,,unknown,,unknown,,unknown,,,,,,,
2916450,,unknown,,unknown,,unknown,,,,,,,
2916470,,unknown,,unknown,,unknown,,,,,,,
5304920,2023Q4,exact,2020Q2,program_calendar,2020Q1,from_applied_minus_1q,nanQnan,nanQnan,nanQnan,,,,
2916530,,unknown,,unknown,,unknown,,,,,,,
2916590,,unknown,,unknown,,unknown,,,,,,,
2916620,,unknown,,unknown,,unknown,,,,,,,
2916660,,unknown,,unknown,,unknown,,,,,,,
2916710,,unknown,,unknown,,unknown,,,,,,,
2916740,,unknown,,unknown,,unknown,,,,,,,
2916770,,unknown,,unknown,,unknown,,,,,,,
624390,2022Q3,exact,2022Q1,backcast_award_minus_2q,2021Q4,from_applied_minus_1q,2022Q4,nanQnan,nanQnan,1.0,,,
2916860,,unknown,,unknown,,unknown,,,,,,,
1918960,,unknown,,unknown,,unknown,,,,,,,
2916950,,unknown,,unknown,,unknown,,,,,,,
2917000,,unknown,,unknown,,unknown,,,,,,,
2917820,,unknown,,unknown,,unknown,,,,,,,
5509000,2022Q4,exact,2022Q2,backcast_award_minus_2q,2022Q1,from_applied_minus_1q,2023Q1,2023Q3,2023Q3,1.0,2.0,0.0,3.0
2917880,,unknown,,unknown,,unknown,,,,,,,
2917910,,unknown,,unknown,,unknown,,,,,,,
2917970,,unknown,,unknown,,unknown,,,,,,,
2918220,,unknown,,unknown,,unknown,,,,,,,
2918240,,unknown,,unknown,,unknown,,,,,,,
2918270,,unknown,,unknown,,unknown,,,,,,,
2918300,,unknown,,unknown,,unknown,,,,,,,
2918330,,unknown,,unknown,,unknown,,,,,,,
2918360,,unknown,,unknown,,unknown,,,,,,,
2918420,,unknown,,unknown,,unknown,,,,,,,
2918450,,unknown,,unknown,,unknown,,,,,,,
4700148,2022Q4,exact,2022Q2,backcast_award_minus_2q,2022Q1,from_applied_minus_1q,2023Q2,2024Q1,2024Q1,2.0,3.0,0.0,5.0
2918480,,unknown,,unknown,,unknown,,,,,,,
2918510,,unknown,,unknown,,unknown,,,,,,,
2918540,,unknown,,unknown,,unknown,,,,,,,
2918600,,unknown,,unknown,,unknown,,,,,,,
2918670,,unknown,,unknown,,unknown,,,,,,,
2918690,,unknown,,unknown,,unknown,,,,,,,
2919080,,unknown,,unknown,,unknown,,,,,,,
2919140,,unknown,,unknown,,unknown,,,,,,,
2919170,,unknown,2020Q2,program_calendar,2020Q1,from_applied_minus_1q,,,,,,,
2919200,,unknown,,unknown,,unknown,,,,,,,
2919230,,unknown,,unknown,,unknown,,,,,,,
2919260,,unknown,,unknown,,unknown,,,,,,,
2919350,,unknown,,unknown,,unknown,,,,,,,
2919380,,unknown,2020Q2,program_calendar,2020Q1,from_applied_minus_1q,,,,,,,
2919410,,unknown,,unknown,,unknown,,,,,,,
624480,2019Q4,exact,2019Q2,backcast_award_minus_2q,2019Q1,from_applied_minus_1q,2020Q3,2021Q4,2022Q1,3.0,5.0,1.0,9.0
2919890,,unknown,,unknown,,unknown,,,,,,,
2919920,,unknown,,unknown,,unknown,,,,,,,
2919950,,unknown,,unknown,,unknown,,,,,,,
2919980,,unknown,,unknown,,unknown,,,,,,,
2920010,,unknown,,unknown,,unknown,,,,,,,
2920050,,unknown,,unknown,,unknown,,,,,,,
2920160,,unknown,,unknown,,unknown,,,,,,,
2920280,,unknown,,unknown,,unknown,,,,,,,
2920310,,unknown,,unknown,,unknown,,,,,,,
2920340,,unknown,,unknown,,unknown,,,,,,,
2920370,,unknown,2021Q2,program_calendar,2021Q1,from_applied_minus_1q,,,,,,,
2920410,,unknown,,unknown,,unknown,,,,,,,
2920430,,unknown,,unknown,,unknown,,,,,,,
2920490,,unknown,,unknown,,unknown,,,,,,,
2920550,,unknown,,unknown,,unknown,,,,,,,
2920610,,unknown,,unknown,,unknown,,,,,,,
2920640,,unknown,,unknown,,unknown,,,,,,,
2920670,,unknown,,unknown,,unknown,,,,,,,
624540,2020Q4,exact,2020Q2,backcast_award_minus_2q,2020Q1,from_applied_minus_1q,2021Q3,2023Q3,2023Q3,3.0,8.0,0.0,11.0
2920750,,unknown,,unknown,,unknown,,,,,,,
2920810,,unknown,,unknown,,unknown,,,,,,,
2920820,,unknown,,unknown,,unknown,,,,,,,
2920840,,unknown,,unknown,,unknown,,,,,,,
2920880,,unknown,,unknown,,unknown,,,,,,,
2920940,,unknown,,unknown,,unknown,,,,,,,
2921000,,unknown,,unknown,,unknown,,,,,,,
2921030,,unknown,,unknown,,unknown,,,,,,,
2921060,,unknown,,unknown,,unknown,,,,,,,
2921100,,unknown,,unknown,,unknown,,,,,,,
2921120,,unknown,,unknown,,unknown,,,,,,,
2921150,,unknown,,unknown,,unknown,,,,,,,
2921180,,unknown,,unknown,,unknown,,,,,,,
624570,2021Q1,exact,2020Q3,backcast_award_minus_2q,2020Q2,from_applied_minus_1q,2021Q4,2023Q1,2023Q2,3.0,5.0,1.0,9.0
2921330,,unknown,,unknown,,unknown,,,,,,,
2921360,,unknown,,unknown,,unknown,,,,,,,
80916,2020Q1,exact,2019Q3,backcast_award_minus_2q,2019Q2,from_applied_minus_1q,2020Q4,2022Q1,2022Q1,3.0,5.0,0.0,8.0
2921480,,unknown,,unknown,,unknown,,,,,,,
2921510,,unknown,,unknown,,unknown,,,,,,,
2921540,,unknown,2020Q2,program_calendar,2020Q1,from_applied_minus_1q,,,,,,,
2921600,,unknown,,unknown,,unknown,,,,,,,
2921660,,unknown,,unknown,,unknown,,,,,,,
2921690,,unknown,,unknown,,unknown,,,,,,,
2921720,,unknown,,unknown,,unknown,,,,,,,
5509070,2024Q2,exact,2023Q4,backcast_award_minus_2q,2023Q3,from_applied_minus_1q,nanQnan,nanQnan,nanQnan,,,,
2921810,,unknown,,unknown,,unknown,,,,,,,
2921840,,unknown,,unknown,,unknown,,,,,,,
2921875,,unknown,,unknown,,unknown,,,,,,,
2921880,,unknown,,unknown,,unknown,,,,,,,
2921940,,unknown,2020Q2,program_calendar,2020Q1,from_applied_minus_1q,,,,,,,
5304980,2021Q1,exact,2020Q3,backcast_award_minus_2q,2020Q2,from_applied_minus_1q,2022Q2,2023Q1,2023Q2,5.0,3.0,1.0,9.0
2922110,,unknown,,unknown,,unknown,,,,,,,
2922140,,unknown,,unknown,,unknown,,,,,,,
1303630,2022Q4,exact,2022Q2,backcast_award_minus_2q,2022Q1,from_applied_minus_1q,2023Q1,2024Q1,2024Q1,1.0,4.0,0.0,5.0
2922500,,unknown,,unknown,,unknown,,,,,,,
2922530,,unknown,2020Q2,program_calendar,2020Q1,from_applied_minus_1q,,,,,,,
2922560,,unknown,,unknown,,unknown,,,,,,,
2922620,,unknown,,unknown,,unknown,,,,,,,
404970,2023Q4,exact,2023Q2,backcast_award_minus_2q,2023Q1,from_applied_minus_1q,nanQnan,nanQnan,nanQnan,,,,
2922710,,unknown,,unknown,,unknown,,,,,,,
2922740,,unknown,2020Q2,program_calendar,2020Q1,from_applied_minus_1q,,,,,,,
2922770,,unknown,,unknown,,unknown,,,,,,,
2922800,,unknown,,unknown,,unknown,,,,,,,
2922830,,unknown,,unknown,,unknown,,,,,,,
624720,2022Q4,exact,2022Q2,backcast_award_minus_2q,2022Q1,from_applied_minus_1q,2023Q1,nanQnan,nanQnan,1.0,,,
2922890,,unknown,,unknown,,unknown,,,,,,,
2922920,,unknown,,unknown,,unknown,,,,,,,
2922950,,unknown,,unknown,,unknown,,,,,,,
2922980,,unknown,,unknown,,unknown,,,,,,,
2923010,,unknown,,unknown,,unknown,,,,,,,
2923040,,unknown,,unknown,,unknown,,,,,,,
2923070,,unknown,,unknown,,unknown,,,,,,,
2923100,,unknown,,unknown,,unknown,,,,,,,
2923130,,unknown,,unknown,,unknown,,,,,,,
2923160,,unknown,,unknown,,unknown,,,,,,,
2923190,,unknown,,unknown,,unknown,,,,,,,
2923220,,unknown,,unknown,,unknown,,,,,,,
2923250,,unknown,,unknown,,unknown,,,,,,,
2923270,,unknown,,unknown,,unknown,,,,,,,
2923310,,unknown,,unknown,,unknown,,,,,,,
2923340,,unknown,,unknown,,unknown,,,,,,,
2923370,,unknown,,unknown,,unknown,,,,,,,
2923400,,unknown,,unknown,,unknown,,,,,,,
2923430,,unknown,,unknown,,unknown,,,,,,,
2923460,,unknown,,unknown,,unknown,,,,,,,
2923490,,unknown,,unknown,,unknown,,,,,,,
3619170,2024Q2,exact,2023Q4,backcast_award_minus_2q,2023Q3,from_applied_minus_1q,nanQnan,nanQnan,nanQnan,,,,
1200390,2021Q2,exact,2020Q4,backcast_award_minus_2q,2020Q3,from_applied_minus_1q,2021Q2,2023Q3,2023Q3,0.0,9.0,0.0,9.0
2923580,,unknown,,unknown,,unknown,,,,,,,
2923640,,unknown,,unknown,,unknown,,,,,,,
06MICHA,2019Q4,exact,2019Q2,backcast_award_minus_2q,2019Q1,from_applied_minus_1q,2020Q1,2020Q2,2020Q3,1.0,1.0,1.0,3.0
2923700,,unknown,,unknown,,unknown,,,,,,,
2923730,,unknown,,unknown,,unknown,,,,,,,
2923760,,unknown,,unknown,,unknown,,,,,,,
2923780,,unknown,,unknown,,unknown,,,,,,,
2923790,,unknown,,unknown,,unknown,,,,,,,
2924530,,unknown,,unknown,,unknown,,,,,,,
2924690,,unknown,,unknown,,unknown,,,,,,,
2925080,,unknown,,unknown,,unknown,,,,,,,
2925110,,unknown,,unknown,,unknown,,,,,,,
2925140,,unknown,,unknown,,unknown,,,,,,,
2925170,,unknown,,unknown,,unknown,,,,,,,
2925210,,unknown,2020Q2,program_calendar,2020Q1,from_applied_minus_1q,,,,,,,
2925230,,unknown,,unknown,,unknown,,,,,,,
2925290,,unknown,,unknown,,unknown,,,,,,,
2925330,,unknown,,unknown,,unknown,,,,,,,
2925350,,unknown,,unknown,,unknown,,,,,,,
2925410,,unknown,,unknown,,unknown,,,,,,,
2925450,,unknown,,unknown,,unknown,,,,,,,
4215170,2024Q2,exact,2023Q4,backcast_award_minus_2q,2023Q3,from_applied_minus_1q,nanQnan,nanQnan,nanQnan,,,,
2925530,,unknown,,unknown,,unknown,,,,,,,
36MIDCI,2022Q1,exact,2021Q3,backcast_award_minus_2q,2021Q2,from_applied_minus_1q,2022Q2,2023Q1,2023Q2,1.0,3.0,1.0,5.0
2925620,,unknown,,unknown,,unknown,,,,,,,
2925640,,unknown,,unknown,,unknown,,,,,,,
2925650,,unknown,,unknown,,unknown,,,,,,,
5102490,2019Q4,exact,2019Q2,backcast_award_minus_2q,2019Q1,from_applied_minus_1q,2020Q3,2021Q1,2021Q2,3.0,2.0,1.0,6.0
2926040,,unknown,,unknown,,unknown,,,,,,,
2926070,,unknown,,unknown,,unknown,,,,,,,
2926160,,unknown,,unknown,,unknown,,,,,,,
2926190,,unknown,,unknown,,unknown,,,,,,,
2926220,,unknown,,unknown,,unknown,,,,,,,
2926310,,unknown,,unknown,,unknown,,,,,,,
2926370,,unknown,,unknown,,unknown,,,,,,,
2926400,,unknown,,unknown,,unknown,,,,,,,
2926430,,unknown,,unknown,,unknown,,,,,,,
2926480,,unknown,,unknown,,unknown,,,,,,,
2926490,,unknown,,unknown,,unknown,,,,,,,
2926550,,unknown,,unknown,,unknown,,,,,,,
2926580,,unknown,,unknown,,unknown,,,,,,,
2926610,,unknown,,unknown,,unknown,,,,,,,
5509510,2024Q2,exact,2023Q4,backcast_award_minus_2q,2023Q3,from_applied_minus_1q,nanQnan,nanQnan,nanQnan,,,,
3619320,2022Q1,exact,2021Q3,backcast_award_minus_2q,2021Q2,from_applied_minus_1q,2022Q2,2023Q1,2023Q2,1.0,3.0,1.0,5.0
2926760,,unknown,,unknown,,unknown,,,,,,,
2926790,,unknown,,unknown,,unknown,,,,,,,
2926850,,unknown,,unknown,,unknown,,,,,,,
2926890,,unknown,2020Q2,program_calendar,2020Q1,from_applied_minus_1q,,,,,,,
2926940,,unknown,,unknown,,unknown,,,,,,,
2926970,,unknown,,unknown,,unknown,,,,,,,
2927060,,unknown,,unknown,,unknown,,,,,,,
2927090,,unknown,,unknown,,unknown,,,,,,,
2927330,,unknown,,unknown,,unknown,,,,,,,
2927450,,unknown,,unknown,,unknown,,,,,,,
902490,2019Q4,exact,2019Q2,backcast_award_minus_2q,2019Q1,from_applied_minus_1q,2020Q3,2021Q1,2021Q1,3.0,2.0,0.0,5.0
2927540,,unknown,,unknown,,unknown,,,,,,,
2927570,,unknown,,unknown,,unknown,,,,,,,
2927600,,unknown,,unknown,,unknown,,,,,,,
2927630,,unknown,2020Q2,program_calendar,2020Q1,from_applied_minus_1q,,,,,,,
624780,2023Q4,exact,2023Q2,backcast_award_minus_2q,2023Q1,from_applied_minus_1q,2024Q1,nanQnan,nanQnan,1.0,,,
2927830,,unknown,,unknown,,unknown,,,,,,,
2927870,,unknown,,unknown,,unknown,,,,,,,
2927900,,unknown,,unknown,,unknown,,,,,,,
2927930,,unknown,,unknown,,unknown,,,,,,,
2928080,,unknown,,unknown,,unknown,,,,,,,
2928110,,unknown,2020Q2,program_calendar,2020Q1,from_applied_minus_1q,,,,,,,
2928140,,unknown,,unknown,,unknown,,,,,,,
2928170,,unknown,,unknown,,unknown,,,,,,,
2928200,,unknown,,unknown,,unknown,,,,,,,
2928260,,unknown,,unknown,,unknown,,,,,,,
4830810,2024Q2,exact,2023Q4,backcast_award_minus_2q,2023Q3,from_applied_minus_1q,nanQnan,nanQnan,nanQnan,,,,
2928360,,unknown,,unknown,,unknown,,,,,,,
2928380,,unknown,,unknown,,unknown,,,,,,,
2928410,,unknown,,unknown,,unknown,,,,,,,
624500,2018Q4,exact,2018Q2,backcast_award_minus_2q,2018Q1,from_applied_minus_1q,2019Q3,2019Q4,2020Q1,3.0,1.0,1.0,5.0
2928470,,unknown,,unknown,,unknown,,,,,,,
2928500,,unknown,,unknown,,unknown,,,,,,,
2928530,,unknown,,unknown,,unknown,,,,,,,
2928560,,unknown,,unknown,,unknown,,,,,,,
2928590,,unknown,,unknown,,unknown,,,,,,,
2928620,,unknown,,unknown,,unknown,,,,,,,
2928680,,unknown,,unknown,,unknown,,,,,,,
2928710,,unknown,,unknown,,unknown,,,,,,,
2928740,,unknown,,unknown,,unknown,,,,,,,
2928770,,unknown,,unknown,,unknown,,,,,,,
2928800,,unknown,,unknown,,unknown,,,,,,,
2928860,,unknown,,unknown,,unknown,,,,,,,
2928920,,unknown,,unknown,,unknown,,,,,,,
2928950,,unknown,,unknown,,unknown,,,,,,,
2929100,,unknown,,unknown,,unknown,,,,,,,
2929130,,unknown,,unknown,,unknown,,,,,,,
2929170,,unknown,,unknown,,unknown,,,,,,,
2929250,,unknown,,unknown,,unknown,,,,,,,
5509600,2023Q4,exact,2023Q2,backcast_award_minus_2q,2023Q1,from_applied_minus_1q,nanQnan,nanQnan,nanQnan,,,,
2929340,,unknown,,unknown,,unknown,,,,,,,
2929370,,unknown,,unknown,,unknown,,,,,,,
2929430,,unknown,,unknown,,unknown,,,,,,,
2929490,,unknown,,unknown,,unknown,,,,,,,
2929520,,unknown,,unknown,,unknown,,,,,,,
2929580,,unknown,,unknown,,unknown,,,,,,,
3700466,2022Q4,exact,2022Q2,backcast_award_minus_2q,2022Q1,from_applied_minus_1q,2023Q1,2023Q3,2023Q3,1.0,2.0,0.0,3.0
2929640,,unknown,,unknown,,unknown,,,,,,,
2929670,,unknown,,unknown,,unknown,,,,,,,
2929700,,unknown,,unknown,,unknown,,,,,,,
2929730,,unknown,,unknown,,unknown,,,,,,,
2929760,,unknown,,unknown,,unknown,,,,,,,
2929810,,unknown,,unknown,,unknown,,,,,,,
2929820,,unknown,,unknown,,unknown,,,,,,,
2929850,,unknown,2021Q2,program_calendar,2021Q1,from_applied_minus_1q,,,,,,,
2929880,,unknown,,unknown,,unknown,,,,,,,
2929910,,unknown,,unknown,,unknown,,,,,,,
2929940,,unknown,,unknown,,unknown,,,,,,,
2930270,,unknown,,unknown,,unknown,,,,,,,
2930300,,unknown,,unknown,,unknown,,,,,,,
2930330,,unknown,,unknown,,unknown,,,,,,,
2930360,,unknown,,unknown,,unknown,,,,,,,
2930390,,unknown,,unknown,,unknown,,,,,,,
2930420,,unknown,,unknown,,unknown,,,,,,,
2930450,,unknown,,unknown,,unknown,,,,,,,
2930510,,unknown,,unknown,,unknown,,,,,,,
2930520,,unknown,,unknown,,unknown,,,,,,,
2930570,,unknown,,unknown,,unknown,,,,,,,
2930600,,unknown,,unknown,,unknown,,,,,,,
2930660,,unknown,,unknown,,unknown,,,,,,,
2930690,,unknown,,unknown,,unknown,,,,,,,
2930720,,unknown,,unknown,,unknown,,,,,,,
5400870,2022Q1,exact,2021Q3,backcast_award_minus_2q,2021Q2,from_applied_minus_1q,2023Q2,nanQnan,nanQnan,5.0,,,
2930780,,unknown,,unknown,,unknown,,,,,,,
2930810,,unknown,,unknown,,unknown,,,,,,,
2930840,,unknown,,unknown,,unknown,,,,,,,
2930870,,unknown,,unknown,,unknown,,,,,,,
2930900,,unknown,,unknown,,unknown,,,,,,,
2930990,,unknown,,unknown,,unknown,,,,,,,
2931020,,unknown,,unknown,,unknown,,,,,,,
2931050,,unknown,,unknown,,unknown,,,,,,,
2931070,,unknown,,unknown,,unknown,,,,,,,
2931110,,unknown,,unknown,,unknown,,,,,,,
2721240,2023Q4,exact,2023Q2,backcast_award_minus_2q,2023Q1,from_applied_minus_1q,nanQnan,nanQnan,nanQnan,,,,
2931230,,unknown,,unknown,,unknown,,,,,,,
2931440,,unknown,,unknown,,unknown,,,,,,,
2931460,,unknown,,unknown,,unknown,,,,,,,
2931500,,unknown,,unknown,,unknown,,,,,,,
2931530,,unknown,,unknown,,unknown,,,,,,,
2931560,,unknown,,unknown,,unknown,,,,,,,
2931620,,unknown,,unknown,,unknown,,,,,,,
2931650,,unknown,,unknown,,unknown,,,,,,,
2931680,,unknown,,unknown,,unknown,,,,,,,
2931710,,unknown,,unknown,,unknown,,,,,,,
2931800,,unknown,,unknown,,unknown,,,,,,,
2931830,,unknown,,unknown,,unknown,,,,,,,
2931860,,unknown,,unknown,,unknown,,,,,,,
2931890,,unknown,,unknown,,unknown,,,,,,,
2931920,,unknown,,unknown,,unknown,,,,,,,
2931950,,unknown,,unknown,,unknown,,,,,,,
2932010,,unknown,,unknown,,unknown,,,,,,,
2932070,,unknown,,unknown,,unknown,,,,,,,
2932100,,unknown,2020Q2,program_calendar,2020Q1,from_applied_minus_1q,,,,,,,
2932110,,unknown,,unknown,,unknown,,,,,,,
2932190,,unknown,2021Q2,program_calendar,2021Q1,from_applied_minus_1q,,,,,,,
2932220,,unknown,,unknown,,unknown,,,,,,,
2932250,,unknown,,unknown,,unknown,,,,,,,
601746,2019Q3,exact,2019Q1,backcast_award_minus_2q,2018Q4,from_applied_minus_1q,2020Q2,2021Q3,2021Q4,3.0,5.0,1.0,9.0
2932310,,unknown,,unknown,,unknown,,,,,,,
2932490,,unknown,,unknown,,unknown,,,,,,,
2932491,,unknown,,unknown,,unknown,,,,,,,
2932492,,unknown,,unknown,,unknown,,,,,,,
3000001,,unknown,,unknown,,unknown,,,,,,,
3000002,,unknown,,unknown,,unknown,,,,,,,
3000003,,unknown,,unknown,,unknown,,,,,,,
3000004,,unknown,,unknown,,unknown,,,,,,,
3000005,,unknown,,unknown,,unknown,,,,,,,
3000006,,unknown,,unknown,,unknown,,,,,,,
3000007,,unknown,,unknown,,unknown,,,,,,,
3000008,,unknown,,unknown,,unknown,,,,,,,
3000009,,unknown,,unknown,,unknown,,,,,,,
3000010,,unknown,,unknown,,unknown,,,,,,,
3000011,,unknown,,unknown,,unknown,,,,,,,
3000012,,unknown,,unknown,,unknown,,,,,,,
3000013,,unknown,,unknown,,unknown,,,,,,,
3000014,,unknown,,unknown,,unknown,,,,,,,
3000015,,unknown,,unknown,,unknown,,,,,,,
3000016,,unknown,,unknown,,unknown,,,,,,,
3000017,,unknown,,unknown,,unknown,,,,,,,
3000018,,unknown,,unknown,,unknown,,,,,,,
3000019,,unknown,,unknown,,unknown,,,,,,,
3000020,,unknown,,unknown,,unknown,,,,,,,
3000021,,unknown,,unknown,,unknown,,,,,,,
3000022,,unknown,,unknown,,unknown,,,,,,,
3000023,,unknown,,unknown,,unknown,,,,,,,
3000024,,unknown,,unknown,,unknown,,,,,,,
3000025,,unknown,,unknown,,unknown,,,,,,,
3000026,,unknown,,unknown,,unknown,,,,,,,
3000028,,unknown,,unknown,,unknown,,,,,,,
3000029,,unknown,,unknown,,unknown,,,,,,,
3000030,,unknown,,unknown,,unknown,,,,,,,
3000031,,unknown,,unknown,,unknown,,,,,,,
3000032,,unknown,,unknown,,unknown,,,,,,,
3000033,,unknown,,unknown,,unknown,,,,,,,
3000034,,unknown,,unknown,,unknown,,,,,,,
3000035,,unknown,,unknown,,unknown,,,,,,,
3000036,,unknown,,unknown,,unknown,,,,,,,
3000037,,unknown,,unknown,,unknown,,,,,,,
3000038,,unknown,,unknown,,unknown,,,,,,,
3000039,,unknown,,unknown,,unknown,,,,,,,
3000041,,unknown,,unknown,,unknown,,,,,,,
3000042,,unknown,,unknown,,unknown,,,,,,,
3000044,,unknown,,unknown,,unknown,,,,,,,
3000045,,unknown,,unknown,,unknown,,,,,,,
3000046,,unknown,,unknown,,unknown,,,,,,,
3000047,,unknown,,unknown,,unknown,,,,,,,
3000048,,unknown,,unknown,,unknown,,,,,,,
3000049,,unknown,,unknown,,unknown,,,,,,,
3000050,,unknown,,unknown,,unknown,,,,,,,
3000051,,unknown,,unknown,,unknown,,,,,,,
3000052,,unknown,,unknown,,unknown,,,,,,,
3000053,,unknown,,unknown,,unknown,,,,,,,
3000054,,unknown,,unknown,,unknown,,,,,,,
3000055,,unknown,,unknown,,unknown,,,,,,,
3000056,,unknown,,unknown,,unknown,,,,,,,
3000057,,unknown,,unknown,,unknown,,,,,,,
3000058,,unknown,,unknown,,unknown,,,,,,,
3000059,,unknown,,unknown,,unknown,,,,,,,
3000060,,unknown,,unknown,,unknown,,,,,,,
3000062,,unknown,,unknown,,unknown,,,,,,,
3000063,,unknown,,unknown,,unknown,,,,,,,
3000064,,unknown,,unknown,,unknown,,,,,,,
3000065,,unknown,,unknown,,unknown,,,,,,,
3000066,,unknown,,unknown,,unknown,,,,,,,
3000067,,unknown,,unknown,,unknown,,,,,,,
3000068,,unknown,,unknown,,unknown,,,,,,,
3000069,,unknown,,unknown,,unknown,,,,,,,
3000070,,unknown,,unknown,,unknown,,,,,,,
3000071,,unknown,,unknown,,unknown,,,,,,,
3000072,,unknown,,unknown,,unknown,,,,,,,
3000073,,unknown,,unknown,,unknown,,,,,,,
3000074,,unknown,,unknown,,unknown,,,,,,,
3000075,,unknown,,unknown,,unknown,,,,,,,
3000076,,unknown,,unknown,,unknown,,,,,,,
3000077,,unknown,,unknown,,unknown,,,,,,,
3000078,,unknown,,unknown,,unknown,,,,,,,
3000079,,unknown,,unknown,,unknown,,,,,,,
3000080,,unknown,,unknown,,unknown,,,,,,,
3000081,,unknown,,unknown,,unknown,,,,,,,
3000082,,unknown,,unknown,,unknown,,,,,,,
3000083,,unknown,,unknown,,unknown,,,,,,,
3000084,,unknown,,unknown,,unknown,,,,,,,
3000085,,unknown,,unknown,,unknown,,,,,,,
625130,2022Q4,exact,2022Q2,backcast_award_minus_2q,2022Q1,from_applied_minus_1q,2023Q2,2024Q1,2024Q1,2.0,3.0,0.0,5.0
3000087,,unknown,,unknown,,unknown,,,,,,,
3000088,,unknown,,unknown,,unknown,,,,,,,
3000090,,unknown,,unknown,,unknown,,,,,,,
3000091,,unknown,,unknown,,unknown,,,,,,,
3000093,,unknown,,unknown,,unknown,,,,,,,
3000094,,unknown,,unknown,,unknown,,,,,,,
3000095,,unknown,,unknown,,unknown,,,,,,,
3000096,,unknown,,unknown,,unknown,,,,,,,
3000097,,unknown,,unknown,,unknown,,,,,,,
3000098,,unknown,,unknown,,unknown,,,,,,,
3000099,,unknown,,unknown,,unknown,,,,,,,
3000100,,unknown,,unknown,,unknown,,,,,,,
3000101,,unknown,,unknown,,unknown,,,,,,,
3000102,,unknown,,unknown,,unknown,,,,,,,
3000104,,unknown,,unknown,,unknown,,,,,,,
3000105,,unknown,,unknown,,unknown,,,,,,,
3000106,,unknown,,unknown,,unknown,,,,,,,
3000652,,unknown,,unknown,,unknown,,,,,,,
3000653,,unknown,,unknown,,unknown,,,,,,,
601330,2020Q1,exact,2019Q3,backcast_award_minus_2q,2019Q2,from_applied_minus_1q,2020Q4,2021Q3,2021Q4,3.0,3.0,1.0,7.0
405190,2022Q4,exact,2022Q2,backcast_award_minus_2q,2022Q1,from_applied_minus_1q,nanQnan,2024Q1,2024Q1,,,0.0,5.0
3000656,,unknown,,unknown,,unknown,,,,,,,
3000932,,unknown,,unknown,,unknown,,,,,,,
3000933,,unknown,,unknown,,unknown,,,,,,,
3001710,,unknown,,unknown,,unknown,,,,,,,
3001740,,unknown,,unknown,,unknown,,,,,,,
625230,2022Q2,exact,2021Q4,backcast_award_minus_2q,2021Q3,from_applied_minus_1q,2022Q3,nanQnan,nanQnan,1.0,,,
3001950,,unknown,,unknown,,unknown,,,,,,,
3001980,,unknown,,unknown,,unknown,,,,,,,
3002010,,unknown,,unknown,,unknown,,,,,,,
3002030,,unknown,,unknown,,unknown,,,,,,,
4108310,2024Q1,exact,2023Q3,backcast_award_minus_2q,2023Q2,from_applied_minus_1q,nanQnan,nanQnan,nanQnan,,,,
3002220,,unknown,,unknown,,unknown,,,,,,,
3002250,,unknown,,unknown,,unknown,,,,,,,
3002300,,unknown,,unknown,,unknown,,,,,,,
3002430,,unknown,,unknown,,unknown,,,,,,,
3002450,,unknown,,unknown,,unknown,,,,,,,
3002490,,unknown,,unknown,,unknown,,,,,,,
3002550,,unknown,,unknown,,unknown,,,,,,,
3002570,,unknown,,unknown,,unknown,,,,,,,
3002640,,unknown,,unknown,,unknown,,,,,,,
3002730,,unknown,,unknown,,unknown,,,,,,,
3002820,,unknown,,unknown,,unknown,,,,,,,
3002850,,unknown,,unknown,,unknown,,,,,,,
3003000,,unknown,,unknown,,unknown,,,,,,,
3003090,,unknown,,unknown,,unknown,,,,,,,
3003270,,unknown,,unknown,,unknown,,,,,,,
3003290,,unknown,,unknown,,unknown,,,,,,,
3003330,,unknown,,unknown,,unknown,,,,,,,
3003420,,unknown,,unknown,,unknown,,,,,,,
3003450,,unknown,,unknown,,unknown,,,,,,,
3003480,,unknown,,unknown,,unknown,,,,,,,
3003600,,unknown,,unknown,,unknown,,,,,,,
3003660,,unknown,,unknown,,unknown,,,,,,,
3003750,,unknown,,unknown,,unknown,,,,,,,
3003800,,unknown,,unknown,,unknown,,,,,,,
5509780,2022Q4,exact,2022Q2,backcast_award_minus_2q,2022Q1,from_applied_minus_1q,2023Q2,2023Q3,2023Q3,2.0,1.0,0.0,3.0
3003840,,unknown,,unknown,,unknown,,,,,,,
3003870,,unknown,,unknown,,unknown,,,,,,,
3003900,,unknown,,unknown,,unknown,,,,,,,
3003990,,unknown,,unknown,,unknown,,,,,,,
3004050,,unknown,,unknown,,unknown,,,,,,,
3004200,,unknown,,unknown,,unknown,,,,,,,
3004230,,unknown,,unknown,,unknown,,,,,,,
3004260,,unknown,,unknown,,unknown,,,,,,,
3004380,,unknown,,unknown,,unknown,,,,,,,
3004440,,unknown,,unknown,,unknown,,,,,,,
3004500,,unknown,,unknown,,unknown,,,,,,,
5400930,2022Q1,exact,2021Q3,backcast_award_minus_2q,2021Q2,from_applied_minus_1q,2023Q2,2023Q4,2023Q4,5.0,2.0,0.0,7.0
3004590,,unknown,,unknown,,unknown,,,,,,,
3004800,,unknown,,unknown,,unknown,,,,,,,
3004860,,unknown,,unknown,,unknown,,,,,,,
3004890,,unknown,,unknown,,unknown,,,,,,,
3004920,,unknown,,unknown,,unknown,,,,,,,
3004980,,unknown,,unknown,,unknown,,,,,,,
3005010,,unknown,,unknown,,unknown,,,,,,,
3005040,,unknown,,unknown,,unknown,,,,,,,
3005130,,unknown,,unknown,,unknown,,,,,,,
3005140,,unknown,,unknown,,unknown,,,,,,,
3005190,,unknown,,unknown,,unknown,,,,,,,
3005280,,unknown,,unknown,,unknown,,,,,,,
3005310,,unknown,,unknown,,unknown,,,,,,,
3005330,,unknown,,unknown,,unknown,,,,,,,
3005460,,unknown,,unknown,,unknown,,,,,,,
3005550,,unknown,,unknown,,unknown,,,,,,,
3005610,,unknown,,unknown,,unknown,,,,,,,
3005760,,unknown,,unknown,,unknown,,,,,,,
3005850,,unknown,,unknown,,unknown,,,,,,,
3005880,,unknown,,unknown,,unknown,,,,,,,
3005910,,unknown,,unknown,,unknown,,,,,,,
3005990,,unknown,,unknown,,unknown,,,,,,,
3006030,,unknown,,unknown,,unknown,,,,,,,
3006110,,unknown,,unknown,,unknown,,,,,,,
3006112,,unknown,,unknown,,unknown,,,,,,,
3006115,,unknown,,unknown,,unknown,,,,,,,
3006260,,unknown,,unknown,,unknown,,,,,,,
3006270,,unknown,,unknown,,unknown,,,,,,,
3006320,,unknown,,unknown,,unknown,,,,,,,
3006330,,unknown,,unknown,,unknown,,,,,,,
3006790,,unknown,,unknown,,unknown,,,,,,,
3006810,,unknown,,unknown,,unknown,,,,,,,
3006840,,unknown,,unknown,,unknown,,,,,,,
2921210,2022Q4,exact,2022Q2,backcast_award_minus_2q,2022Q1,from_applied_minus_1q,nanQnan,2023Q3,2023Q3,,,0.0,3.0
3007030,,unknown,,unknown,,unknown,,,,,,,
3007050,,unknown,,unknown,,unknown,,,,,,,
3007080,,unknown,,unknown,,unknown,,,,,,,
3007110,,unknown,,unknown,,unknown,,,,,,,
3007140,,unknown,,unknown,,unknown,,,,,,,
3007190,,unknown,,unknown,,unknown,,,,,,,
3007200,,unknown,,unknown,,unknown,,,,,,,
3007320,,unknown,,unknown,,unknown,,,,,,,
3007330,,unknown,,unknown,,unknown,,,,,,,
3007350,,unknown,,unknown,,unknown,,,,,,,
3007410,,unknown,,unknown,,unknown,,,,,,,
3007500,,unknown,,unknown,,unknown,,,,,,,
3007710,,unknown,,unknown,,unknown,,,,,,,
3007830,,unknown,,unknown,,unknown,,,,,,,
3007860,,unknown,,unknown,,unknown,,,,,,,
3007930,,unknown,,unknown,,unknown,,,,,,,
3007980,,unknown,,unknown,,unknown,,,,,,,
3008010,,unknown,,unknown,,unknown,,,,,,,
3008130,,unknown,,unknown,,unknown,,,,,,,
3008190,,unknown,,unknown,,unknown,,,,,,,
3008280,,unknown,,unknown,,unknown,,,,,,,
3008310,,unknown,,unknown,,unknown,,,,,,,
3008340,,unknown,,unknown,,unknown,,,,,,,
3008400,,unknown,,unknown,,unknown,,,,,,,
3008470,,unknown,,unknown,,unknown,,,,,,,
3008670,,unknown,,unknown,,unknown,,,,,,,
3008700,,unknown,,unknown,,unknown,,,,,,,
3008730,,unknown,,unknown,,unknown,,,,,,,
3008850,,unknown,,unknown,,unknown,,,,,,,
3008860,,unknown,,unknown,,unknown,,,,,,,
3008880,,unknown,,unknown,,unknown,,,,,,,
3008910,,unknown,,unknown,,unknown,,,,,,,
3009000,,unknown,,unknown,,unknown,,,,,,,
1800630,2019Q3,exact,2021Q2,program_calendar,2021Q1,from_applied_minus_1q,2020Q2,2020Q4,2021Q1,3.0,2.0,1.0,6.0
3009120,,unknown,,unknown,,unknown,,,,,,,
3009180,,unknown,,unknown,,unknown,,,,,,,
3009210,,unknown,,unknown,,unknown,,,,,,,
3009330,,unknown,,unknown,,unknown,,,,,,,
3009510,,unknown,,unknown,,unknown,,,,,,,
3009670,,unknown,,unknown,,unknown,,,,,,,
3009720,,unknown,,unknown,,unknown,,,,,,,
3009780,,unknown,,unknown,,unknown,,,,,,,
3009840,,unknown,,unknown,,unknown,,,,,,,
3009930,,unknown,,unknown,,unknown,,,,,,,
3010080,,unknown,,unknown,,unknown,,,,,,,
805760,2023Q3,exact,2023Q1,backcast_award_minus_2q,2022Q4,from_applied_minus_1q,2023Q4,nanQnan,nanQnan,1.0,,,
3010170,,unknown,,unknown,,unknown,,,,,,,
3010210,,unknown,,unknown,,unknown,,,,,,,
3010230,,unknown,,unknown,,unknown,,,,,,,
3010290,,unknown,,unknown,,unknown,,,,,,,
3010530,,unknown,,unknown,,unknown,,,,,,,
3010800,,unknown,,unknown,,unknown,,,,,,,
3010820,,unknown,,unknown,,unknown,,,,,,,
3010920,,unknown,,unknown,,unknown,,,,,,,
3010950,,unknown,,unknown,,unknown,,,,,,,
625470,2017Q2,exact,2016Q4,backcast_award_minus_2q,2016Q3,from_applied_minus_1q,2017Q3,2019Q4,2020Q1,1.0,9.0,1.0,11.0
3011160,,unknown,,unknown,,unknown,,,,,,,
3011190,,unknown,,unknown,,unknown,,,,,,,
3011240,,unknown,,unknown,,unknown,,,,,,,
3011260,,unknown,,unknown,,unknown,,,,,,,
3011340,,unknown,,unknown,,unknown,,,,,,,
3011420,,unknown,,unknown,,unknown,,,,,,,
3011460,,unknown,,unknown,,unknown,,,,,,,
3011520,,unknown,,unknown,,unknown,,,,,,,
3011550,,unknown,,unknown,,unknown,,,,,,,
3011580,,unknown,,unknown,,unknown,,,,,,,
3011650,,unknown,,unknown,,unknown,,,,,,,
3011670,,unknown,,unknown,,unknown,,,,,,,
3011730,,unknown,,unknown,,unknown,,,,,,,
3011790,,unknown,,unknown,,unknown,,,,,,,
3011820,,unknown,,unknown,,unknown,,,,,,,
3011850,,unknown,,unknown,,unknown,,,,,,,
3011880,,unknown,,unknown,,unknown,,,,,,,
3011990,,unknown,,unknown,,unknown,,,,,,,
3012060,,unknown,,unknown,,unknown,,,,,,,
3012210,,unknown,,unknown,,unknown,,,,,,,
3012300,,unknown,,unknown,,unknown,,,,,,,
3012350,,unknown,,unknown,,unknown,,,,,,,
3012420,,unknown,,unknown,,unknown,,,,,,,
3012510,,unknown,,unknown,,unknown,,,,,,,
3012600,,unknown,,unknown,,unknown,,,,,,,
3012840,,unknown,,unknown,,unknown,,,,,,,
3012900,,unknown,,unknown,,unknown,,,,,,,
3012960,,unknown,,unknown,,unknown,,,,,,,
3012990,,unknown,,unknown,,unknown,,,,,,,
3013040,,unknown,,unknown,,unknown,,,,,,,
3013050,,unknown,,unknown,,unknown,,,,,,,
3013110,,unknown,,unknown,,unknown,,,,,,,
3013140,,unknown,,unknown,,unknown,,,,,,,
3013200,,unknown,,unknown,,unknown,,,,,,,
691021,2018Q2,exact,2017Q4,backcast_award_minus_2q,2017Q3,from_applied_minus_1q,2019Q1,2021Q2,2021Q3,3.0,9.0,1.0,13.0
3013280,,unknown,,unknown,,unknown,,,,,,,
3013310,,unknown,,unknown,,unknown,,,,,,,
3013340,,unknown,,unknown,,unknown,,,,,,,
3013360,,unknown,,unknown,,unknown,,,,,,,
3013395,,unknown,,unknown,,unknown,,,,,,,
3013400,,unknown,,unknown,,unknown,,,,,,,
3013470,,unknown,,unknown,,unknown,,,,,,,
3013530,,unknown,,unknown,,unknown,,,,,,,
625530,2022Q2,exact,2021Q4,backcast_award_minus_2q,2021Q3,from_applied_minus_1q,2022Q3,nanQnan,nanQnan,1.0,,,
3013590,,unknown,,unknown,,unknown,,,,,,,
3013660,,unknown,,unknown,,unknown,,,,,,,
3013800,,unknown,,unknown,,unknown,,,,,,,
3013830,,unknown,,unknown,,unknown,,,,,,,
3013860,,unknown,,unknown,,unknown,,,,,,,
3013890,,unknown,,unknown,,unknown,,,,,,,
3014070,,unknown,,unknown,,unknown,,,,,,,
3014150,,unknown,,unknown,,unknown,,,,,,,
3014340,,unknown,,unknown,,unknown,,,,,,,
3014370,,unknown,,unknown,,unknown,,,,,,,
3014430,,unknown,,unknown,,unknown,,,,,,,
3014640,,unknown,,unknown,,unknown,,,,,,,
3014700,,unknown,,unknown,,unknown,,,,,,,
3014760,,unknown,,unknown,,unknown,,,,,,,
3014820,,unknown,,unknown,,unknown,,,,,,,
3015060,,unknown,,unknown,,unknown,,,,,,,
3015120,,unknown,,unknown,,unknown,,,,,,,
3015200,,unknown,,unknown,,unknown,,,,,,,
3015260,,unknown,,unknown,,unknown,,,,,,,
3015340,,unknown,,unknown,,unknown,,,,,,,
3015360,,unknown,,unknown,,unknown,,,,,,,
3015390,,unknown,,unknown,,unknown,,,,,,,
3015420,,unknown,,unknown,,unknown,,,,,,,
3015450,,unknown,,unknown,,unknown,,,,,,,
3015510,,unknown,,unknown,,unknown,,,,,,,
3015570,,unknown,,unknown,,unknown,,,,,,,
3015610,,unknown,,unknown,,unknown,,,,,,,
3015640,,unknown,,unknown,,unknown,,,,,,,
3015690,,unknown,,unknown,,unknown,,,,,,,
3015900,,unknown,,unknown,,unknown,,,,,,,
3015930,,unknown,,unknown,,unknown,,,,,,,
3015990,,unknown,,unknown,,unknown,,,,,,,
3016020,,unknown,,unknown,,unknown,,,,,,,
3016050,,unknown,,unknown,,unknown,,,,,,,
3016110,,unknown,,unknown,,unknown,,,,,,,
3016200,,unknown,,unknown,,unknown,,,,,,,
3016230,,unknown,,unknown,,unknown,,,,,,,
3016290,,unknown,,unknown,,unknown,,,,,,,
3016490,,unknown,,unknown,,unknown,,,,,,,
3016530,,unknown,,unknown,,unknown,,,,,,,
3016710,,unknown,,unknown,,unknown,,,,,,,
3016770,,unknown,,unknown,,unknown,,,,,,,
3016810,,unknown,,unknown,,unknown,,,,,,,
102430,2024Q2,exact,2023Q4,backcast_award_minus_2q,2023Q3,from_applied_minus_1q,nanQnan,nanQnan,nanQnan,,,,
3017010,,unknown,,unknown,,unknown,,,,,,,
3017040,,unknown,,unknown,,unknown,,,,,,,
3017130,,unknown,,unknown,,unknown,,,,,,,
2400480,2019Q3,exact,2019Q1,backcast_award_minus_2q,2018Q4,from_applied_minus_1q,2021Q1,2021Q4,2021Q4,6.0,3.0,0.0,9.0
3017340,,unknown,,unknown,,unknown,,,,,,,
3017370,,unknown,,unknown,,unknown,,,,,,,
3017460,,unknown,,unknown,,unknown,,,,,,,
3017520,,unknown,,unknown,,unknown,,,,,,,
3017580,,unknown,,unknown,,unknown,,,,,,,
3017610,,unknown,,unknown,,unknown,,,,,,,
3017640,,unknown,,unknown,,unknown,,,,,,,
3017700,,unknown,,unknown,,unknown,,,,,,,
3018060,,unknown,,unknown,,unknown,,,,,,,
3018170,,unknown,,unknown,,unknown,,,,,,,
3018210,,unknown,,unknown,,unknown,,,,,,,
3018240,,unknown,,unknown,,unknown,,,,,,,
3018270,,unknown,,unknown,,unknown,,,,,,,
3018290,,unknown,,unknown,,unknown,,,,,,,
3018410,,unknown,,unknown,,unknown,,,,,,,
3018540,,unknown,,unknown,,unknown,,,,,,,
3018570,,unknown,,unknown,,unknown,,,,,,,
3018750,,unknown,,unknown,,unknown,,,,,,,
3018780,,unknown,,unknown,,unknown,,,,,,,
3018870,,unknown,,unknown,,unknown,,,,,,,
3018900,,unknown,,unknown,,unknown,,,,,,,
3018960,,unknown,,unknown,,unknown,,,,,,,
3019170,,unknown,,unknown,,unknown,,,,,,,
3019310,,unknown,,unknown,,unknown,,,,,,,
3019500,,unknown,,unknown,,unknown,,,,,,,
3019530,,unknown,,unknown,,unknown,,,,,,,
3019740,,unknown,,unknown,,unknown,,,,,,,
3019950,,unknown,,unknown,,unknown,,,,,,,
3020040,,unknown,,unknown,,unknown,,,,,,,
3020070,,unknown,,unknown,,unknown,,,,,,,
3020100,,unknown,,unknown,,unknown,,,,,,,
3020170,,unknown,,unknown,,unknown,,,,,,,
3020240,,unknown,,unknown,,unknown,,,,,,,
3020670,,unknown,,unknown,,unknown,,,,,,,
3020690,,unknown,,unknown,,unknown,,,,,,,
3020790,,unknown,,unknown,,unknown,,,,,,,
5102520,2021Q3,exact,2021Q1,backcast_award_minus_2q,2020Q4,from_applied_minus_1q,2022Q3,2023Q2,2023Q2,4.0,3.0,0.0,7.0
3020880,,unknown,,unknown,,unknown,,,,,,,
3020960,,unknown,,unknown,,unknown,,,,,,,
3021000,,unknown,,unknown,,unknown,,,,,,,
3021030,,unknown,,unknown,,unknown,,,,,,,
3021060,,unknown,,unknown,,unknown,,,,,,,
3021090,,unknown,,unknown,,unknown,,,,,,,
3021150,,unknown,,unknown,,unknown,,,,,,,
3021240,,unknown,,unknown,,unknown,,,,,,,
3021270,,unknown,,unknown,,unknown,,,,,,,
3021330,,unknown,,unknown,,unknown,,,,,,,
3021450,,unknown,,unknown,,unknown,,,,,,,
3021480,,unknown,,unknown,,unknown,,,,,,,
3021510,,unknown,,unknown,,unknown,,,,,,,
3021540,,unknown,,unknown,,unknown,,,,,,,
3021720,,unknown,,unknown,,unknown,,,,,,,
3021850,,unknown,,unknown,,unknown,,,,,,,
3021870,,unknown,,unknown,,unknown,,,,,,,
3021900,,unknown,,unknown,,unknown,,,,,,,
3021960,,unknown,,unknown,,unknown,,,,,,,
3022080,,unknown,,unknown,,unknown,,,,,,,
3022110,,unknown,,unknown,,unknown,,,,,,,
3022230,,unknown,,unknown,,unknown,,,,,,,
3022260,,unknown,,unknown,,unknown,,,,,,,
3022290,,unknown,,unknown,,unknown,,,,,,,
3022370,,unknown,,unknown,,unknown,,,,,,,
3022410,,unknown,,unknown,,unknown,,,,,,,
3022710,,unknown,,unknown,,unknown,,,,,,,
3022750,,unknown,,unknown,,unknown,,,,,,,
3022790,,unknown,,unknown,,unknown,,,,,,,
3022800,,unknown,,unknown,,unknown,,,,,,,
3022920,,unknown,,unknown,,unknown,,,,,,,
3023040,,unknown,,unknown,,unknown,,,,,,,
3023070,,unknown,,unknown,,unknown,,,,,,,
3023160,,unknown,,unknown,,unknown,,,,,,,
3023340,,unknown,,unknown,,unknown,,,,,,,
3023370,,unknown,,unknown,,unknown,,,,,,,
3023400,,unknown,,unknown,,unknown,,,,,,,
3023520,,unknown,,unknown,,unknown,,,,,,,
3023550,,unknown,,unknown,,unknown,,,,,,,
3023670,,unknown,,unknown,,unknown,,,,,,,
3023730,,unknown,,unknown,,unknown,,,,,,,
3023900,,unknown,,unknown,,unknown,,,,,,,
3023910,,unknown,,unknown,,unknown,,,,,,,
3023940,,unknown,,unknown,,unknown,,,,,,,
3023970,,unknown,,unknown,,unknown,,,,,,,
3024150,,unknown,,unknown,,unknown,,,,,,,
3024180,,unknown,,unknown,,unknown,,,,,,,
3024200,,unknown,,unknown,,unknown,,,,,,,
3024230,,unknown,,unknown,,unknown,,,,,,,
3024300,,unknown,,unknown,,unknown,,,,,,,
3024330,,unknown,,unknown,,unknown,,,,,,,
3024690,,unknown,,unknown,,unknown,,,,,,,
3024810,,unknown,,unknown,,unknown,,,,,,,
3619740,2022Q4,exact,2022Q2,backcast_award_minus_2q,2022Q1,from_applied_minus_1q,2023Q3,2023Q4,2023Q4,3.0,1.0,0.0,4.0
4215830,2024Q2,exact,2023Q4,backcast_award_minus_2q,2023Q3,from_applied_minus_1q,nanQnan,nanQnan,nanQnan,,,,
3025020,,unknown,,unknown,,unknown,,,,,,,
3025050,,unknown,,unknown,,unknown,,,,,,,
3025130,,unknown,,unknown,,unknown,,,,,,,
3025140,,unknown,,unknown,,unknown,,,,,,,
3025320,,unknown,,unknown,,unknown,,,,,,,
3025380,,unknown,,unknown,,unknown,,,,,,,
3025470,,unknown,,unknown,,unknown,,,,,,,
3025500,,unknown,,unknown,,unknown,,,,,,,
3025530,,unknown,,unknown,,unknown,,,,,,,
3025560,,unknown,,unknown,,unknown,,,,,,,
3025890,,unknown,,unknown,,unknown,,,,,,,
3025950,,unknown,,unknown,,unknown,,,,,,,
3026070,,unknown,,unknown,,unknown,,,,,,,
625690,2021Q1,exact,2020Q3,backcast_award_minus_2q,2020Q2,from_applied_minus_1q,2021Q4,2022Q1,2022Q2,3.0,1.0,1.0,5.0
3026160,,unknown,,unknown,,unknown,,,,,,,
3026190,,unknown,,unknown,,unknown,,,,,,,
3026400,,unknown,,unknown,,unknown,,,,,,,
3026460,,unknown,,unknown,,unknown,,,,,,,
3026490,,unknown,,unknown,,unknown,,,,,,,
2201110,2023Q4,exact,2023Q2,backcast_award_minus_2q,2023Q1,from_applied_minus_1q,nanQnan,nanQnan,nanQnan,,,,
3026550,,unknown,,unknown,,unknown,,,,,,,
3026580,,unknown,,unknown,,unknown,,,,,,,
3026640,,unknown,,unknown,,unknown,,,,,,,
3026670,,unknown,,unknown,,unknown,,,,,,,
3026730,,unknown,,unknown,,unknown,,,,,,,
3026880,,unknown,,unknown,,unknown,,,,,,,
3027060,,unknown,,unknown,,unknown,,,,,,,
3027090,,unknown,,unknown,,unknown,,,,,,,
3027150,,unknown,,unknown,,unknown,,,,,,,
3027270,,unknown,,unknown,,unknown,,,,,,,
3027340,,unknown,,unknown,,unknown,,,,,,,
3027570,,unknown,,unknown,,unknown,,,,,,,
3027630,,unknown,,unknown,,unknown,,,,,,,
3027730,,unknown,,unknown,,unknown,,,,,,,
3027740,,unknown,,unknown,,unknown,,,,,,,
3027790,,unknown,,unknown,,unknown,,,,,,,
3027810,,unknown,,unknown,,unknown,,,,,,,
3027840,,unknown,,unknown,,unknown,,,,,,,
3027930,,unknown,,unknown,,unknown,,,,,,,
3028020,,unknown,,unknown,,unknown,,,,,,,
3028140,,unknown,,unknown,,unknown,,,,,,,
3028170,,unknown,,unknown,,unknown,,,,,,,
3028380,,unknown,,unknown,,unknown,,,,,,,
3028470,,unknown,,unknown,,unknown,,,,,,,
3028500,,unknown,,unknown,,unknown,,,,,,,
3028550,,unknown,,unknown,,unknown,,,,,,,
3028590,,unknown,,unknown,,unknown,,,,,,,
3028620,,unknown,,unknown,,unknown,,,,,,,
3028650,,unknown,,unknown,,unknown,,,,,,,
3028770,,unknown,,unknown,,unknown,,,,,,,
3028800,,unknown,,unknown,,unknown,,,,,,,
3028830,,unknown,,unknown,,unknown,,,,,,,
3028860,,unknown,,unknown,,unknown,,,,,,,
3028910,,unknown,,unknown,,unknown,,,,,,,
3028911,,unknown,,unknown,,unknown,,,,,,,
3100002,,unknown,,unknown,,unknown,,,,,,,
3100003,,unknown,,unknown,,unknown,,,,,,,
3100004,,unknown,,unknown,,unknown,,,,,,,
3100006,,unknown,2020Q2,program_calendar,2020Q1,from_applied_minus_1q,,,,,,,
3100008,,unknown,,unknown,,unknown,,,,,,,
3100010,,unknown,,unknown,,unknown,,,,,,,
3100011,,unknown,,unknown,,unknown,,,,,,,
3100012,,unknown,,unknown,,unknown,,,,,,,
3100015,,unknown,,unknown,,unknown,,,,,,,
3100016,,unknown,,unknown,,unknown,,,,,,,
3100018,,unknown,,unknown,,unknown,,,,,,,
3100021,,unknown,,unknown,,unknown,,,,,,,
3100022,,unknown,,unknown,,unknown,,,,,,,
3100023,,unknown,,unknown,,unknown,,,,,,,
3100024,,unknown,,unknown,,unknown,,,,,,,
3100025,,unknown,,unknown,,unknown,,,,,,,
3100029,,unknown,,unknown,,unknown,,,,,,,
3100034,,unknown,,unknown,,unknown,,,,,,,
3100041,,unknown,,unknown,,unknown,,,,,,,
3100046,,unknown,,unknown,,unknown,,,,,,,
3100047,,unknown,,unknown,,unknown,,,,,,,
3100059,,unknown,,unknown,,unknown,,,,,,,
3100065,,unknown,,unknown,,unknown,,,,,,,
3100066,,unknown,,unknown,,unknown,,,,,,,
3100067,,unknown,,unknown,,unknown,,,,,,,
3100070,,unknown,,unknown,,unknown,,,,,,,
3100071,,unknown,,unknown,,unknown,,,,,,,
3100072,,unknown,,unknown,,unknown,,,,,,,
3100073,,unknown,,unknown,,unknown,,,,,,,
3100076,,unknown,,unknown,,unknown,,,,,,,
3100077,,unknown,,unknown,,unknown,,,,,,,
3100080,,unknown,,unknown,,unknown,,,,,,,
3100082,,unknown,,unknown,,unknown,,,,,,,
3100085,,unknown,,unknown,,unknown,,,,,,,
3100088,,unknown,,unknown,,unknown,,,,,,,
3100089,,unknown,,unknown,,unknown,,,,,,,
3100090,,unknown,,unknown,,unknown,,,,,,,
3100091,,unknown,,unknown,,unknown,,,,,,,
3100095,,unknown,,unknown,,unknown,,,,,,,
3100096,,unknown,,unknown,,unknown,,,,,,,
3100097,,unknown,,unknown,,unknown,,,,,,,
3100098,,unknown,,unknown,,unknown,,,,,,,
3100099,,unknown,2020Q2,program_calendar,2020Q1,from_applied_minus_1q,,,,,,,
3100105,,unknown,,unknown,,unknown,,,,,,,
3100109,,unknown,,unknown,,unknown,,,,,,,
3100110,,unknown,,unknown,,unknown,,,,,,,
3100111,,unknown,,unknown,,unknown,,,,,,,
3100112,,unknown,,unknown,,unknown,,,,,,,
3100114,,unknown,,unknown,,unknown,,,,,,,
3100115,,unknown,,unknown,,unknown,,,,,,,
3100116,,unknown,,unknown,,unknown,,,,,,,
3100117,,unknown,,unknown,,unknown,,,,,,,
3100118,,unknown,,unknown,,unknown,,,,,,,
3100120,,unknown,,unknown,,unknown,,,,,,,
3100121,,unknown,,unknown,,unknown,,,,,,,
3100122,,unknown,,unknown,,unknown,,,,,,,
3100123,,unknown,,unknown,,unknown,,,,,,,
3100124,,unknown,,unknown,,unknown,,,,,,,
3100125,,unknown,,unknown,,unknown,,,,,,,
3100129,,unknown,,unknown,,unknown,,,,,,,
3100130,,unknown,,unknown,,unknown,,,,,,,
3100132,,unknown,,unknown,,unknown,,,,,,,
3100133,,unknown,,unknown,,unknown,,,,,,,
3100134,,unknown,,unknown,,unknown,,,,,,,
3100140,,unknown,,unknown,,unknown,,,,,,,
3100141,,unknown,,unknown,,unknown,,,,,,,
3100145,,unknown,,unknown,,unknown,,,,,,,
3100146,,unknown,,unknown,,unknown,,,,,,,
3100147,,unknown,,unknown,,unknown,,,,,,,
3100150,,unknown,,unknown,,unknown,,,,,,,
3100151,,unknown,,unknown,,unknown,,,,,,,
3100152,,unknown,,unknown,,unknown,,,,,,,
3100154,,unknown,,unknown,,unknown,,,,,,,
3100157,,unknown,2020Q2,program_calendar,2020Q1,from_applied_minus_1q,,,,,,,
3100160,,unknown,,unknown,,unknown,,,,,,,
3100163,,unknown,,unknown,,unknown,,,,,,,
3100165,,unknown,,unknown,,unknown,,,,,,,
3100166,,unknown,,unknown,,unknown,,,,,,,
3100170,,unknown,,unknown,,unknown,,,,,,,
3100172,,unknown,,unknown,,unknown,,,,,,,
3100176,,unknown,,unknown,,unknown,,,,,,,
3100177,,unknown,,unknown,,unknown,,,,,,,
3100178,,unknown,,unknown,,unknown,,,,,,,
3100179,,unknown,,unknown,,unknown,,,,,,,
3100181,,unknown,,unknown,,unknown,,,,,,,
3100183,,unknown,,unknown,,unknown,,,,,,,
3100184,,unknown,,unknown,,unknown,,,,,,,
3100185,,unknown,,unknown,,unknown,,,,,,,
3100186,,unknown,,unknown,,unknown,,,,,,,
3100187,,unknown,,unknown,,unknown,,,,,,,
625800,2020Q3,exact,2020Q1,backcast_award_minus_2q,2019Q4,from_applied_minus_1q,2021Q2,2022Q3,2022Q4,3.0,5.0,1.0,9.0
3100190,,unknown,,unknown,,unknown,,,,,,,
3100191,,unknown,,unknown,,unknown,,,,,,,
3101992,,unknown,2020Q2,program_calendar,2020Q1,from_applied_minus_1q,,,,,,,
3102770,,unknown,,unknown,,unknown,,,,,,,
3102790,,unknown,,unknown,,unknown,,,,,,,
3102820,,unknown,,unknown,,unknown,,,,,,,
3102880,,unknown,,unknown,,unknown,,,,,,,
3102910,,unknown,,unknown,,unknown,,,,,,,
3103060,,unknown,,unknown,,unknown,,,,,,,
3103090,,unknown,,unknown,,unknown,,,,,,,
3103120,,unknown,,unknown,,unknown,,,,,,,
3103130,,unknown,,unknown,,unknown,,,,,,,
3103210,,unknown,,unknown,,unknown,,,,,,,
3103330,,unknown,,unknown,,unknown,,,,,,,
3103360,,unknown,,unknown,,unknown,,,,,,,
3103420,,unknown,,unknown,,unknown,,,,,,,
3103440,,unknown,,unknown,,unknown,,,,,,,
3103540,,unknown,,unknown,,unknown,,,,,,,
3103600,,unknown,,unknown,,unknown,,,,,,,
3103810,,unknown,2020Q2,program_calendar,2020Q1,from_applied_minus_1q,,,,,,,
3103990,,unknown,,unknown,,unknown,,,,,,,
3104020,,unknown,,unknown,,unknown,,,,,,,
3104100,,unknown,2020Q2,program_calendar,2020Q1,from_applied_minus_1q,,,,,,,
3104140,,unknown,,unknown,,unknown,,,,,,,
3104200,,unknown,,unknown,,unknown,,,,,,,
3104290,,unknown,,unknown,,unknown,,,,,,,
3104640,,unknown,,unknown,,unknown,,,,,,,
3104870,,unknown,,unknown,,unknown,,,,,,,
3104920,,unknown,,unknown,,unknown,,,,,,,
2929610,2022Q4,exact,2022Q2,backcast_award_minus_2q,2022Q1,from_applied_minus_1q,2023Q1,2023Q4,2023Q4,1.0,3.0,0.0,4.0
3104980,,unknown,,unknown,,unknown,,,,,,,
3105010,,unknown,,unknown,,unknown,,,,,,,
3105160,,unknown,,unknown,,unknown,,,,,,,
3105280,,unknown,,unknown,,unknown,,,,,,,
3105340,,unknown,,unknown,,unknown,,,,,,,
3105460,,unknown,,unknown,,unknown,,,,,,,
3105520,,unknown,,unknown,,unknown,,,,,,,
3105550,,unknown,,unknown,,unknown,,,,,,,
3105630,,unknown,,unknown,,unknown,,,,,,,
3105910,,unknown,,unknown,,unknown,,,,,,,
3105970,,unknown,,unknown,,unknown,,,,,,,
3109120,,unknown,,unknown,,unknown,,,,,,,
4900570,2023Q4,exact,2020Q2,program_calendar,2020Q1,from_applied_minus_1q,nanQnan,nanQnan,nanQnan,,,,
3162950,,unknown,,unknown,,unknown,,,,,,,
3169840,,unknown,,unknown,,unknown,,,,,,,
3170020,,unknown,,unknown,,unknown,,,,,,,
3170050,,unknown,,unknown,,unknown,,,,,,,
3170110,,unknown,,unknown,,unknown,,,,,,,
3170140,,unknown,,unknown,,unknown,,,,,,,
3170220,,unknown,,unknown,,unknown,,,,,,,
3170440,,unknown,,unknown,,unknown,,,,,,,
3170530,,unknown,2020Q2,program_calendar,2020Q1,from_applied_minus_1q,,,,,,,
3170650,,unknown,,unknown,,unknown,,,,,,,
3170710,,unknown,,unknown,,unknown,,,,,,,
3170800,,unknown,,unknown,,unknown,,,,,,,
3170980,,unknown,,unknown,,unknown,,,,,,,
3171010,,unknown,,unknown,,unknown,,,,,,,
3171100,,unknown,,unknown,,unknown,,,,,,,
3171220,,unknown,,unknown,,unknown,,,,,,,
3171370,,unknown,,unknown,,unknown,,,,,,,
3171520,,unknown,,unknown,,unknown,,,,,,,
3171550,,unknown,,unknown,,unknown,,,,,,,
3171580,,unknown,,unknown,,unknown,,,,,,,
3619830,2024Q2,exact,2023Q4,backcast_award_minus_2q,2023Q3,from_applied_minus_1q,nanQnan,nanQnan,nanQnan,,,,
3171730,,unknown,,unknown,,unknown,,,,,,,
A1100257,2022Q4,exact,2022Q2,backcast_award_minus_2q,2022Q1,from_applied_minus_1q,2023Q2,2023Q4,2023Q4,2.0,2.0,0.0,4.0
3171940,,unknown,,unknown,,unknown,,,,,,,
3172000,,unknown,,unknown,,unknown,,,,,,,
3172150,,unknown,,unknown,,unknown,,,,,,,
3172210,,unknown,,unknown,,unknown,,,,,,,
3172335,,unknown,,unknown,,unknown,,,,,,,
3172390,,unknown,,unknown,,unknown,,,,,,,
3172420,,unknown,,unknown,,unknown,,,,,,,
3172480,,unknown,,unknown,,unknown,,,,,,,
3172570,,unknown,,unknown,,unknown,,,,,,,
3172720,,unknown,,unknown,,unknown,,,,,,,
3172780,,unknown,,unknown,,unknown,,,,,,,
3172810,,unknown,,unknown,,unknown,,,,,,,
2700383,2021Q4,exact,2021Q2,backcast_award_minus_2q,2021Q1,from_applied_minus_1q,2021Q4,2021Q4,2021Q4,0.0,0.0,0.0,0.0
3172910,,unknown,,unknown,,unknown,,,,,,,
3172990,,unknown,,unknown,,unknown,,,,,,,
3173050,,unknown,,unknown,,unknown,,,,,,,
3173090,,unknown,,unknown,,unknown,,,,,,,
3173120,,unknown,2020Q2,program_calendar,2020Q1,from_applied_minus_1q,,,,,,,
3173210,,unknown,,unknown,,unknown,,,,,,,
3173230,,unknown,,unknown,,unknown,,,,,,,
3173290,,unknown,,unknown,,unknown,,,,,,,
3173440,,unknown,2020Q2,program_calendar,2020Q1,from_applied_minus_1q,,,,,,,
3173470,,unknown,,unknown,,unknown,,,,,,,
1726760,2022Q4,exact,2022Q2,backcast_award_minus_2q,2022Q1,from_applied_minus_1q,2022Q4,2023Q1,2023Q2,0.0,1.0,1.0,2.0
3173560,,unknown,2020Q2,program_calendar,2020Q1,from_applied_minus_1q,,,,,,,
3173590,,unknown,,unknown,,unknown,,,,,,,
3173600,,unknown,,unknown,,unknown,,,,,,,
3173660,,unknown,,unknown,,unknown,,,,,,,
3173710,,unknown,,unknown,,unknown,,,,,,,
3173740,,unknown,,unknown,,unknown,,,,,,,
3173800,,unknown,,unknown,,unknown,,,,,,,
3173830,,unknown,,unknown,,unknown,,,,,,,
3173890,,unknown,,unknown,,unknown,,,,,,,
3174040,,unknown,,unknown,,unknown,,,,,,,
3174160,,unknown,,unknown,,unknown,,,,,,,
3174200,,unknown,,unknown,,unknown,,,,,,,
3174220,,unknown,,unknown,,unknown,,,,,,,
3174340,,unknown,,unknown,,unknown,,,,,,,
3174370,,unknown,,unknown,,unknown,,,,,,,
3174430,,unknown,,unknown,,unknown,,,,,,,
3174580,,unknown,,unknown,,unknown,,,,,,,
3174640,,unknown,,unknown,,unknown,,,,,,,
3174760,,unknown,,unknown,,unknown,,,,,,,
4108520,2024Q2,exact,2023Q4,backcast_award_minus_2q,2023Q3,from_applied_minus_1q,nanQnan,nanQnan,nanQnan,,,,
3174850,,unknown,,unknown,,unknown,,,,,,,
3174940,,unknown,,unknown,,unknown,,,,,,,
3175000,,unknown,,unknown,,unknown,,,,,,,
3175030,,unknown,,unknown,,unknown,,,,,,,
3175060,,unknown,,unknown,,unknown,,,,,,,
3175210,,unknown,,unknown,,unknown,,,,,,,
3175270,,unknown,,unknown,,unknown,,,,,,,
3175330,,unknown,,unknown,,unknown,,,,,,,
3175360,,unknown,,unknown,,unknown,,,,,,,
3175390,,unknown,,unknown,,unknown,,,,,,,
3175510,,unknown,,unknown,,unknown,,,,,,,
3175570,,unknown,,unknown,,unknown,,,,,,,
3175630,,unknown,,unknown,,unknown,,,,,,,
3175660,,unknown,,unknown,,unknown,,,,,,,
3175690,,unknown,,unknown,,unknown,,,,,,,
3175770,,unknown,2020Q2,program_calendar,2020Q1,from_applied_minus_1q,,,,,,,
3175810,,unknown,,unknown,,unknown,,,,,,,
3175900,,unknown,,unknown,,unknown,,,,,,,
3175930,,unknown,,unknown,,unknown,,,,,,,
3175960,,unknown,,unknown,,unknown,,,,,,,
3175990,,unknown,,unknown,,unknown,,,,,,,
3176170,,unknown,,unknown,,unknown,,,,,,,
3176380,,unknown,,unknown,,unknown,,,,,,,
3176400,,unknown,,unknown,,unknown,,,,,,,
3176410,,unknown,2020Q2,program_calendar,2020Q1,from_applied_minus_1q,,,,,,,
3176450,,unknown,,unknown,,unknown,,,,,,,
3176470,,unknown,,unknown,,unknown,,,,,,,
3176560,,unknown,,unknown,,unknown,,,,,,,
3176590,,unknown,2020Q2,program_calendar,2020Q1,from_applied_minus_1q,,,,,,,
3176620,,unknown,,unknown,,unknown,,,,,,,
3176650,,unknown,,unknown,,unknown,,,,,,,
3176710,,unknown,,unknown,,unknown,,,,,,,
3176800,,unknown,,unknown,,unknown,,,,,,,
3176860,,unknown,,unknown,,unknown,,,,,,,
3176980,,unknown,,unknown,,unknown,,,,,,,
3177100,,unknown,,unknown,,unknown,,,,,,,
625980,2022Q3,exact,2022Q1,backcast_award_minus_2q,2021Q4,from_applied_minus_1q,2022Q4,nanQnan,nanQnan,1.0,,,
3177190,,unknown,,unknown,,unknown,,,,,,,
3177340,,unknown,,unknown,,unknown,,,,,,,
3177520,,unknown,,unknown,,unknown,,,,,,,
3177550,,unknown,,unknown,,unknown,,,,,,,
3177730,,unknown,,unknown,,unknown,,,,,,,
3178020,,unknown,,unknown,,unknown,,,,,,,
3178120,,unknown,,unknown,,unknown,,,,,,,
3178210,,unknown,,unknown,,unknown,,,,,,,
3178240,,unknown,,unknown,,unknown,,,,,,,
3178260,,unknown,,unknown,,unknown,,,,,,,
3178300,,unknown,,unknown,,unknown,,,,,,,
3178450,,unknown,,unknown,,unknown,,,,,,,
3178520,,unknown,,unknown,,unknown,,,,,,,
3178540,,unknown,2020Q2,program_calendar,2020Q1,from_applied_minus_1q,,,,,,,
3178660,,unknown,,unknown,,unknown,,,,,,,
3178670,,unknown,,unknown,,unknown,,,,,,,
3178720,,unknown,,unknown,,unknown,,,,,,,
3304960,2024Q2,exact,2023Q4,backcast_award_minus_2q,2023Q3,from_applied_minus_1q,nanQnan,nanQnan,nanQnan,,,,
3178840,,unknown,,unknown,,unknown,,,,,,,
3178940,,unknown,,unknown,,unknown,,,,,,,
3178990,,unknown,,unknown,,unknown,,,,,,,
3179050,,unknown,,unknown,,unknown,,,,,,,
3179080,,unknown,,unknown,,unknown,,,,,,,
3180010,,unknown,,unknown,,unknown,,,,,,,
3180020,,unknown,,unknown,,unknown,,,,,,,
3180030,,unknown,,unknown,,unknown,,,,,,,
3180040,,unknown,,unknown,,unknown,,,,,,,
3180050,,unknown,,unknown,,unknown,,,,,,,
3180060,,unknown,,unknown,,unknown,,,,,,,
3180070,,unknown,,unknown,,unknown,,,,,,,
3180080,,unknown,,unknown,,unknown,,,,,,,
3180090,,unknown,,unknown,,unknown,,,,,,,
3180100,,unknown,,unknown,,unknown,,,,,,,
3180110,,unknown,,unknown,,unknown,,,,,,,
3180130,,unknown,,unknown,,unknown,,,,,,,
3180150,,unknown,,unknown,,unknown,,,,,,,
3180160,,unknown,,unknown,,unknown,,,,,,,
3180170,,unknown,,unknown,,unknown,,,,,,,
3180180,,unknown,,unknown,,unknown,,,,,,,
3180190,,unknown,,unknown,,unknown,,,,,,,
3200001,,unknown,,unknown,,unknown,,,,,,,
3200021,,unknown,,unknown,,unknown,,,,,,,
3200023,,unknown,,unknown,,unknown,,,,,,,
3200030,,unknown,,unknown,,unknown,,,,,,,
2722950,2023Q1,exact,2022Q3,backcast_award_minus_2q,2022Q2,from_applied_minus_1q,nanQnan,nanQnan,nanQnan,,,,
5509990,2024Q2,exact,2023Q4,backcast_award_minus_2q,2023Q3,from_applied_minus_1q,nanQnan,nanQnan,nanQnan,,,,
500043,2023Q1,exact,2022Q3,backcast_award_minus_2q,2022Q2,from_applied_minus_1q,2023Q2,2023Q4,2023Q4,1.0,2.0,0.0,3.0
3200150,,unknown,,unknown,,unknown,,,,,,,
3200180,,unknown,,unknown,,unknown,,,,,,,
3200210,,unknown,,unknown,,unknown,,,,,,,
626190,2017Q2,exact,2016Q4,backcast_award_minus_2q,2016Q3,from_applied_minus_1q,2018Q2,2018Q4,2019Q1,4.0,2.0,1.0,7.0
3200270,,unknown,,unknown,,unknown,,,,,,,
1812720,2024Q2,exact,2023Q4,backcast_award_minus_2q,2023Q3,from_applied_minus_1q,nanQnan,nanQnan,nanQnan,,,,
3200330,,unknown,,unknown,,unknown,,,,,,,
3200360,,unknown,2021Q2,program_calendar,2021Q1,from_applied_minus_1q,,,,,,,
2308500,2020Q1,exact,2019Q3,backcast_award_minus_2q,2019Q2,from_applied_minus_1q,2020Q4,2021Q3,2021Q3,3.0,3.0,0.0,6.0
3200420,,unknown,,unknown,,unknown,,,,,,,
3200450,,unknown,,unknown,,unknown,,,,,,,
3904441,2023Q4,exact,2023Q2,backcast_award_minus_2q,2023Q1,from_applied_minus_1q,nanQnan,nanQnan,nanQnan,,,,
3200510,,unknown,,unknown,,unknown,,,,,,,
3300003,,unknown,,unknown,,unknown,,,,,,,
3300017,,unknown,,unknown,,unknown,,,,,,,
3300030,,unknown,,unknown,,unknown,,,,,,,
3300031,,unknown,,unknown,,unknown,,,,,,,
3300035,,unknown,,unknown,,unknown,,,,,,,
3300039,,unknown,,unknown,,unknown,,,,,,,
3300040,,unknown,,unknown,,unknown,,,,,,,
3300041,,unknown,,unknown,,unknown,,,,,,,
3300042,,unknown,,unknown,,unknown,,,,,,,
3300043,,unknown,,unknown,,unknown,,,,,,,
3300048,,unknown,,unknown,,unknown,,,,,,,
3300049,,unknown,,unknown,,unknown,,,,,,,
3300616,,unknown,,unknown,,unknown,,,,,,,
3301350,,unknown,,unknown,,unknown,,,,,,,
3301380,,unknown,,unknown,,unknown,,,,,,,
3301440,,unknown,,unknown,,unknown,,,,,,,
3301470,,unknown,,unknown,,unknown,,,,,,,
3301500,,unknown,,unknown,,unknown,,,,,,,
3301560,,unknown,,unknown,,unknown,,,,,,,
3301590,,unknown,,unknown,,unknown,,,,,,,
3301620,,unknown,,unknown,,unknown,,,,,,,
3301650,,unknown,,unknown,,unknown,,,,,,,
3301680,,unknown,,unknown,,unknown,,,,,,,
3301710,,unknown,,unknown,,unknown,,,,,,,
3301740,,unknown,,unknown,,unknown,,,,,,,
3301830,,unknown,,unknown,,unknown,,,,,,,
3301860,,unknown,,unknown,,unknown,,,,,,,
3301890,,unknown,,unknown,,unknown,,,,,,,
3301950,,unknown,,unknown,,unknown,,,,,,,
3302010,,unknown,,unknown,,unknown,,,,,,,
3302070,,unknown,,unknown,,unknown,,,,,,,
3302100,,unknown,,unknown,,unknown,,,,,,,
3302130,,unknown,,unknown,,unknown,,,,,,,
3302200,,unknown,,unknown,,unknown,,,,,,,
3302250,,unknown,,unknown,,unknown,,,,,,,
3302280,,unknown,,unknown,,unknown,,,,,,,
3302310,,unknown,,unknown,,unknown,,,,,,,
3302340,,unknown,,unknown,,unknown,,,,,,,
3302370,,unknown,,unknown,,unknown,,,,,,,
3302400,,unknown,,unknown,,unknown,,,,,,,
3302430,,unknown,,unknown,,unknown,,,,,,,
626370,2018Q4,exact,2018Q2,backcast_award_minus_2q,2018Q1,from_applied_minus_1q,2019Q1,2020Q1,2020Q2,1.0,4.0,1.0,6.0
3302480,,unknown,,unknown,,unknown,,,,,,,
3302490,,unknown,,unknown,,unknown,,,,,,,
3302510,,unknown,,unknown,,unknown,,,,,,,
3302520,,unknown,,unknown,,unknown,,,,,,,
3302550,,unknown,,unknown,,unknown,,,,,,,
3302580,,unknown,,unknown,,unknown,,,,,,,
4831860,2023Q4,exact,2023Q2,backcast_award_minus_2q,2023Q1,from_applied_minus_1q,nanQnan,nanQnan,nanQnan,,,,
3302640,,unknown,,unknown,,unknown,,,,,,,
3302670,,unknown,,unknown,,unknown,,,,,,,
3302730,,unknown,,unknown,,unknown,,,,,,,
3302760,,unknown,,unknown,,unknown,,,,,,,
3302790,,unknown,,unknown,,unknown,,,,,,,
3302850,,unknown,,unknown,,unknown,,,,,,,
3302870,,unknown,,unknown,,unknown,,,,,,,
3302880,,unknown,,unknown,,unknown,,,,,,,
3302910,,unknown,,unknown,,unknown,,,,,,,
3302940,,unknown,,unknown,,unknown,,,,,,,
3302970,,unknown,,unknown,,unknown,,,,,,,
3302990,,unknown,,unknown,,unknown,,,,,,,
3303000,,unknown,,unknown,,unknown,,,,,,,
3303090,,unknown,,unknown,,unknown,,,,,,,
3303120,,unknown,,unknown,,unknown,,,,,,,
3303150,,unknown,,unknown,,unknown,,,,,,,
3303180,,unknown,,unknown,,unknown,,,,,,,
3303210,,unknown,,unknown,,unknown,,,,,,,
3303240,,unknown,,unknown,,unknown,,,,,,,
3303271,,unknown,,unknown,,unknown,,,,,,,
3303275,,unknown,,unknown,,unknown,,,,,,,
3303276,,unknown,,unknown,,unknown,,,,,,,
3303279,,unknown,,unknown,,unknown,,,,,,,
3303280,,unknown,,unknown,,unknown,,,,,,,
3303286,,unknown,,unknown,,unknown,,,,,,,
3303287,,unknown,,unknown,,unknown,,,,,,,
3303289,,unknown,,unknown,,unknown,,,,,,,
3303290,,unknown,,unknown,,unknown,,,,,,,
3303291,,unknown,,unknown,,unknown,,,,,,,
3303293,,unknown,,unknown,,unknown,,,,,,,
3303296,,unknown,,unknown,,unknown,,,,,,,
3303297,,unknown,,unknown,,unknown,,,,,,,
3303298,,unknown,,unknown,,unknown,,,,,,,
3303299,,unknown,,unknown,,unknown,,,,,,,
3303301,,unknown,,unknown,,unknown,,,,,,,
3303302,,unknown,,unknown,,unknown,,,,,,,
3303303,,unknown,,unknown,,unknown,,,,,,,
3303304,,unknown,,unknown,,unknown,,,,,,,
3303305,,unknown,,unknown,,unknown,,,,,,,
3303308,,unknown,,unknown,,unknown,,,,,,,
3303314,,unknown,,unknown,,unknown,,,,,,,
3303315,,unknown,,unknown,,unknown,,,,,,,
3303316,,unknown,,unknown,,unknown,,,,,,,
3303318,,unknown,,unknown,,unknown,,,,,,,
3303330,,unknown,,unknown,,unknown,,,,,,,
3303360,,unknown,,unknown,,unknown,,,,,,,
3303420,,unknown,,unknown,,unknown,,,,,,,
3303480,,unknown,,unknown,,unknown,,,,,,,
3303510,,unknown,,unknown,,unknown,,,,,,,
3303540,,unknown,,unknown,,unknown,,,,,,,
600029,2021Q4,exact,2021Q2,backcast_award_minus_2q,2021Q1,from_applied_minus_1q,2022Q1,nanQnan,nanQnan,1.0,,,
3303630,,unknown,,unknown,,unknown,,,,,,,
3303640,,unknown,,unknown,,unknown,,,,,,,
3303660,,unknown,,unknown,,unknown,,,,,,,
5305460,2022Q1,exact,2021Q3,backcast_award_minus_2q,2021Q2,from_applied_minus_1q,2022Q2,2023Q1,2023Q2,1.0,3.0,1.0,5.0
3303720,,unknown,,unknown,,unknown,,,,,,,
3303750,,unknown,,unknown,,unknown,,,,,,,
3303780,,unknown,,unknown,,unknown,,,,,,,
3303810,,unknown,,unknown,,unknown,,,,,,,
3303840,,unknown,,unknown,,unknown,,,,,,,
3303850,,unknown,,unknown,,unknown,,,,,,,
3303870,,unknown,,unknown,,unknown,,,,,,,
3303900,,unknown,,unknown,,unknown,,,,,,,
626640,2017Q1,exact,2016Q3,backcast_award_minus_2q,2016Q2,from_applied_minus_1q,2017Q2,2019Q1,2019Q2,1.0,7.0,1.0,9.0
3303960,,unknown,,unknown,,unknown,,,,,,,
3303990,,unknown,,unknown,,unknown,,,,,,,
3304030,,unknown,,unknown,,unknown,,,,,,,
3304040,,unknown,,unknown,,unknown,,,,,,,
3304050,,unknown,,unknown,,unknown,,,,,,,
3304080,,unknown,,unknown,,unknown,,,,,,,
3304140,,unknown,,unknown,,unknown,,,,,,,
3304150,,unknown,,unknown,,unknown,,,,,,,
3304170,,unknown,,unknown,,unknown,,,,,,,
3304230,,unknown,,unknown,,unknown,,,,,,,
3304260,,unknown,,unknown,,unknown,,,,,,,
1727710,2024Q2,exact,2023Q4,backcast_award_minus_2q,2023Q3,from_applied_minus_1q,nanQnan,nanQnan,nanQnan,,,,
3620220,2022Q4,exact,2022Q2,backcast_award_minus_2q,2022Q1,from_applied_minus_1q,2023Q2,2024Q1,2024Q1,2.0,3.0,0.0,5.0
3304380,,unknown,,unknown,,unknown,,,,,,,
3304410,,unknown,,unknown,,unknown,,,,,,,
3304500,,unknown,,unknown,,unknown,,,,,,,
3304560,,unknown,,unknown,,unknown,,,,,,,
3304590,,unknown,,unknown,,unknown,,,,,,,
3304620,,unknown,,unknown,,unknown,,,,,,,
3304650,,unknown,,unknown,,unknown,,,,,,,
3304670,,unknown,,unknown,,unknown,,,,,,,
3304680,,unknown,,unknown,,unknown,,,,,,,
3304740,,unknown,,unknown,,unknown,,,,,,,
3304760,,unknown,,unknown,,unknown,,,,,,,
3304770,,unknown,,unknown,,unknown,,,,,,,
3304800,,unknown,,unknown,,unknown,,,,,,,
3304830,,unknown,,unknown,,unknown,,,,,,,
3304890,,unknown,,unknown,,unknown,,,,,,,
3304920,,unknown,,unknown,,unknown,,,,,,,
3304950,,unknown,,unknown,,unknown,,,,,,,
4021120,2022Q4,exact,2022Q2,backcast_award_minus_2q,2022Q1,from_applied_minus_1q,2022Q4,2023Q2,2023Q2,0.0,2.0,0.0,2.0
3304980,2024Q2,exact,2023Q4,backcast_award_minus_2q,2023Q3,from_applied_minus_1q,nanQnan,nanQnan,nanQnan,,,,
3305010,,unknown,,unknown,,unknown,,,,,,,
3305040,,unknown,,unknown,,unknown,,,,,,,
3305070,,unknown,,unknown,,unknown,,,,,,,
3305190,,unknown,,unknown,,unknown,,,,,,,
3305220,,unknown,,unknown,,unknown,,,,,,,
3305250,,unknown,,unknown,,unknown,,,,,,,
3305280,,unknown,,unknown,,unknown,,,,,,,
3305310,,unknown,,unknown,,unknown,,,,,,,
3305370,,unknown,,unknown,,unknown,,,,,,,
3305400,,unknown,,unknown,,unknown,,,,,,,
3305430,,unknown,,unknown,,unknown,,,,,,,
3305460,,unknown,,unknown,,unknown,,,,,,,
3305520,,unknown,,unknown,,unknown,,,,,,,
3305550,,unknown,,unknown,,unknown,,,,,,,
3680540,2024Q2,exact,2020Q2,program_calendar,2020Q1,from_applied_minus_1q,nanQnan,nanQnan,nanQnan,,,,
3305670,,unknown,,unknown,,unknown,,,,,,,
3305700,,unknown,,unknown,,unknown,,,,,,,
3305730,,unknown,,unknown,,unknown,,,,,,,
3305760,,unknown,,unknown,,unknown,,,,,,,
3305790,,unknown,,unknown,,unknown,,,,,,,
3305820,,unknown,,unknown,,unknown,,,,,,,
3305830,,unknown,,unknown,,unknown,,,,,,,
3305880,,unknown,,unknown,,unknown,,,,,,,
3305940,,unknown,,unknown,,unknown,,,,,,,
3305970,,unknown,,unknown,,unknown,,,,,,,
4832130,2024Q2,exact,2023Q4,backcast_award_minus_2q,2023Q3,from_applied_minus_1q,nanQnan,nanQnan,nanQnan,,,,
3306030,,unknown,,unknown,,unknown,,,,,,,
3306060,,unknown,,unknown,,unknown,,,,,,,
3306080,,unknown,,unknown,,unknown,,,,,,,
3306150,,unknown,,unknown,,unknown,,,,,,,
3306180,,unknown,,unknown,,unknown,,,,,,,
3306240,,unknown,,unknown,,unknown,,,,,,,
3306260,,unknown,,unknown,,unknown,,,,,,,
3306270,,unknown,,unknown,,unknown,,,,,,,
3306330,,unknown,,unknown,,unknown,,,,,,,
3306360,,unknown,,unknown,,unknown,,,,,,,
3306390,,unknown,,unknown,,unknown,,,,,,,
3306420,,unknown,,unknown,,unknown,,,,,,,
3306450,,unknown,,unknown,,unknown,,,,,,,
3306480,,unknown,,unknown,,unknown,,,,,,,
3306540,,unknown,,unknown,,unknown,,,,,,,
3306600,,unknown,,unknown,,unknown,,,,,,,
3306660,,unknown,,unknown,,unknown,,,,,,,
3306720,,unknown,,unknown,,unknown,,,,,,,
3306750,,unknown,,unknown,,unknown,,,,,,,
3306780,,unknown,,unknown,,unknown,,,,,,,
3306870,,unknown,,unknown,,unknown,,,,,,,
3306900,,unknown,,unknown,,unknown,,,,,,,
3306910,,unknown,,unknown,,unknown,,,,,,,
3306930,,unknown,,unknown,,unknown,,,,,,,
3306990,,unknown,,unknown,,unknown,,,,,,,
3307020,,unknown,,unknown,,unknown,,,,,,,
3307050,,unknown,,unknown,,unknown,,,,,,,
3307115,,unknown,,unknown,,unknown,,,,,,,
3307140,,unknown,,unknown,,unknown,,,,,,,
3307170,,unknown,,unknown,,unknown,,,,,,,
3307200,,unknown,,unknown,,unknown,,,,,,,
3307230,,unknown,,unknown,,unknown,,,,,,,
3307300,,unknown,,unknown,,unknown,,,,,,,
3307330,,unknown,,unknown,,unknown,,,,,,,
3307360,,unknown,,unknown,,unknown,,,,,,,
3399965,,unknown,,unknown,,unknown,,,,,,,
3399970,,unknown,,unknown,,unknown,,,,,,,
3399971,,unknown,,unknown,,unknown,,,,,,,
3399972,,unknown,,unknown,,unknown,,,,,,,
3399973,,unknown,,unknown,,unknown,,,,,,,
3399974,,unknown,,unknown,,unknown,,,,,,,
3400004,,unknown,,unknown,,unknown,,,,,,,
3400005,,unknown,,unknown,,unknown,,,,,,,
3400006,,unknown,,unknown,,unknown,,,,,,,
3400007,,unknown,,unknown,,unknown,,,,,,,
3400008,,unknown,,unknown,,unknown,,,,,,,
3400009,,unknown,,unknown,,unknown,,,,,,,
3400014,,unknown,,unknown,,unknown,,,,,,,
3400015,,unknown,,unknown,,unknown,,,,,,,
3400019,,unknown,,unknown,,unknown,,,,,,,
3400020,,unknown,,unknown,,unknown,,,,,,,
3400021,,unknown,,unknown,,unknown,,,,,,,
3400022,,unknown,,unknown,,unknown,,,,,,,
3400023,,unknown,,unknown,,unknown,,,,,,,
3400024,,unknown,,unknown,,unknown,,,,,,,
3400025,,unknown,,unknown,,unknown,,,,,,,
3400026,,unknown,,unknown,,unknown,,,,,,,
3400029,,unknown,,unknown,,unknown,,,,,,,
3400032,,unknown,,unknown,,unknown,,,,,,,
3400033,,unknown,,unknown,,unknown,,,,,,,
3400034,,unknown,,unknown,,unknown,,,,,,,
3400035,,unknown,,unknown,,unknown,,,,,,,
3400036,,unknown,,unknown,,unknown,,,,,,,
3400041,,unknown,,unknown,,unknown,,,,,,,
3400042,,unknown,,unknown,,unknown,,,,,,,
3400043,,unknown,,unknown,,unknown,,,,,,,
3400046,,unknown,,unknown,,unknown,,,,,,,
3400047,,unknown,,unknown,,unknown,,,,,,,
3400048,,unknown,,unknown,,unknown,,,,,,,
3400049,,unknown,,unknown,,unknown,,,,,,,
3400050,,unknown,,unknown,,unknown,,,,,,,
3400051,,unknown,,unknown,,unknown,,,,,,,
3400052,,unknown,,unknown,,unknown,,,,,,,
3400055,,unknown,,unknown,,unknown,,,,,,,
3400061,,unknown,,unknown,,unknown,,,,,,,
3400064,,unknown,,unknown,,unknown,,,,,,,
3400069,,unknown,,unknown,,unknown,,,,,,,
3400070,,unknown,,unknown,,unknown,,,,,,,
3400073,,unknown,,unknown,,unknown,,,,,,,
3400076,,unknown,,unknown,,unknown,,,,,,,
3400078,,unknown,,unknown,,unknown,,,,,,,
3400080,,unknown,,unknown,,unknown,,,,,,,
3400082,,unknown,,unknown,,unknown,,,,,,,
3400083,,unknown,,unknown,,unknown,,,,,,,
3400085,,unknown,,unknown,,unknown,,,,,,,
600036,2019Q1,exact,2018Q3,backcast_award_minus_2q,2018Q2,from_applied_minus_1q,2019Q4,2020Q4,2021Q1,3.0,4.0,1.0,8.0
3400088,,unknown,,unknown,,unknown,,,,,,,
3400089,,unknown,,unknown,,unknown,,,,,,,
3400090,,unknown,,unknown,,unknown,,,,,,,
3400660,,unknown,,unknown,,unknown,,,,,,,
3400690,,unknown,,unknown,,unknown,,,,,,,
3400715,,unknown,,unknown,,unknown,,,,,,,
3400717,,unknown,,unknown,,unknown,,,,,,,
3400718,,unknown,,unknown,,unknown,,,,,,,
3400719,,unknown,,unknown,,unknown,,,,,,,
3400720,,unknown,,unknown,,unknown,,,,,,,
3400723,,unknown,,unknown,,unknown,,,,,,,
3400724,,unknown,,unknown,,unknown,,,,,,,
3400727,,unknown,,unknown,,unknown,,,,,,,
3400729,,unknown,,unknown,,unknown,,,,,,,
3400730,,unknown,,unknown,,unknown,,,,,,,
3400731,,unknown,,unknown,,unknown,,,,,,,
3400734,,unknown,,unknown,,unknown,,,,,,,
3400735,,unknown,,unknown,,unknown,,,,,,,
3400740,,unknown,,unknown,,unknown,,,,,,,
3400741,,unknown,,unknown,,unknown,,,,,,,
3400744,,unknown,,unknown,,unknown,,,,,,,
3400745,,unknown,,unknown,,unknown,,,,,,,
3400746,,unknown,,unknown,,unknown,,,,,,,
3400748,,unknown,,unknown,,unknown,,,,,,,
3400749,,unknown,,unknown,,unknown,,,,,,,
3400750,,unknown,,unknown,,unknown,,,,,,,
3400751,,unknown,,unknown,,unknown,,,,,,,
3400754,,unknown,,unknown,,unknown,,,,,,,
3400755,,unknown,,unknown,,unknown,,,,,,,
3400756,,unknown,,unknown,,unknown,,,,,,,
3400759,2024Q4,exact,2024Q2,backcast_award_minus_2q,2024Q1,from_applied_minus_1q,nanQnan,nanQnan,nanQnan,,,,
3400763,,unknown,,unknown,,unknown,,,,,,,
3400764,,unknown,,unknown,,unknown,,,,,,,
3400765,,unknown,,unknown,,unknown,,,,,,,
3400766,,unknown,,unknown,,unknown,,,,,,,
3400767,,unknown,,unknown,,unknown,,,,,,,
4108650,2024Q2,exact,2023Q4,backcast_award_minus_2q,2023Q3,from_applied_minus_1q,nanQnan,nanQnan,nanQnan,,,,
3400770,,unknown,,unknown,,unknown,,,,,,,
3400771,,unknown,,unknown,,unknown,,,,,,,
3400772,,unknown,,unknown,,unknown,,,,,,,
3400773,,unknown,,unknown,,unknown,,,,,,,
3400776,,unknown,,unknown,,unknown,,,,,,,
3400777,,unknown,,unknown,,unknown,,,,,,,
3400778,,unknown,,unknown,,unknown,,,,,,,
3400779,,unknown,,unknown,,unknown,,,,,,,
3400780,,unknown,,unknown,,unknown,,,,,,,
3400781,,unknown,,unknown,,unknown,,,,,,,
3400782,,unknown,,unknown,,unknown,,,,,,,
3400783,,unknown,,unknown,,unknown,,,,,,,
3400784,,unknown,,unknown,,unknown,,,,,,,
3400785,,unknown,,unknown,,unknown,,,,,,,
3400786,,unknown,,unknown,,unknown,,,,,,,
3400787,,unknown,,unknown,,unknown,,,,,,,
3400788,,unknown,,unknown,,unknown,,,,,,,
3400789,,unknown,,unknown,,unknown,,,,,,,
3400790,,unknown,,unknown,,unknown,,,,,,,
3400791,,unknown,,unknown,,unknown,,,,,,,
3400792,,unknown,,unknown,,unknown,,,,,,,
3400793,,unknown,,unknown,,unknown,,,,,,,
3400794,,unknown,,unknown,,unknown,,,,,,,
3400795,,unknown,,unknown,,unknown,,,,,,,
3400796,,unknown,,unknown,,unknown,,,,,,,
3400797,,unknown,,unknown,,unknown,,,,,,,
3400798,,unknown,,unknown,,unknown,,,,,,,
3400799,,unknown,,unknown,,unknown,,,,,,,
3400800,,unknown,,unknown,,unknown,,,,,,,
3400802,,unknown,,unknown,,unknown,,,,,,,
3400803,,unknown,,unknown,,unknown,,,,,,,
3400804,,unknown,,unknown,,unknown,,,,,,,
3400805,,unknown,,unknown,,unknown,,,,,,,
3400810,,unknown,,unknown,,unknown,,,,,,,
3400840,,unknown,,unknown,,unknown,,,,,,,
3400870,,unknown,,unknown,,unknown,,,,,,,
3400900,,unknown,,unknown,,unknown,,,,,,,
3400930,,unknown,,unknown,,unknown,,,,,,,
3400960,,unknown,,unknown,,unknown,,,,,,,
3400990,,unknown,,unknown,,unknown,,,,,,,
3401020,,unknown,,unknown,,unknown,,,,,,,
3401050,,unknown,,unknown,,unknown,,,,,,,
3401110,,unknown,,unknown,,unknown,,,,,,,
3401140,,unknown,,unknown,,unknown,,,,,,,
3401170,,unknown,,unknown,,unknown,,,,,,,
3401200,,unknown,,unknown,,unknown,,,,,,,
3401230,,unknown,,unknown,,unknown,,,,,,,
3401260,,unknown,,unknown,,unknown,,,,,,,
3401290,,unknown,,unknown,,unknown,,,,,,,
3401320,,unknown,,unknown,,unknown,,,,,,,
2921750,2022Q4,exact,2020Q2,program_calendar,2020Q1,from_applied_minus_1q,2023Q1,2023Q3,2023Q3,1.0,2.0,0.0,3.0
3401380,,unknown,,unknown,,unknown,,,,,,,
3401410,,unknown,,unknown,,unknown,,,,,,,
3401440,,unknown,,unknown,,unknown,,,,,,,
3401450,,unknown,,unknown,,unknown,,,,,,,
3401470,,unknown,,unknown,,unknown,,,,,,,
3401500,,unknown,,unknown,,unknown,,,,,,,
3401530,2024Q2,exact,2023Q4,backcast_award_minus_2q,2023Q3,from_applied_minus_1q,nanQnan,nanQnan,nanQnan,,,,
3401560,,unknown,,unknown,,unknown,,,,,,,
3401590,,unknown,,unknown,,unknown,,,,,,,
3401620,,unknown,,unknown,,unknown,,,,,,,
3401650,,unknown,,unknown,,unknown,,,,,,,
3401710,,unknown,,unknown,,unknown,,,,,,,
5102580,2022Q4,exact,2022Q2,backcast_award_minus_2q,2022Q1,from_applied_minus_1q,2023Q1,2023Q4,2023Q4,1.0,3.0,0.0,4.0
3401770,,unknown,,unknown,,unknown,,,,,,,
3401800,,unknown,,unknown,,unknown,,,,,,,
2508430,2022Q4,exact,2022Q2,backcast_award_minus_2q,2022Q1,from_applied_minus_1q,2023Q2,2024Q2,2024Q2,2.0,4.0,0.0,6.0
3401860,,unknown,,unknown,,unknown,,,,,,,
3401890,,unknown,,unknown,,unknown,,,,,,,
902670,2021Q4,exact,2021Q2,backcast_award_minus_2q,2021Q1,from_applied_minus_1q,2022Q3,2023Q2,2023Q2,3.0,3.0,0.0,6.0
3401950,,unknown,,unknown,,unknown,,,,,,,
3401980,,unknown,,unknown,,unknown,,,,,,,
3402030,,unknown,,unknown,,unknown,,,,,,,
3402100,,unknown,,unknown,,unknown,,,,,,,
3402130,,unknown,,unknown,,unknown,,,,,,,
3402160,,unknown,,unknown,,unknown,,,,,,,
4216620,2023Q4,exact,2023Q2,backcast_award_minus_2q,2023Q1,from_applied_minus_1q,nanQnan,nanQnan,nanQnan,,,,
3703330,2021Q3,exact,2021Q1,backcast_award_minus_2q,2020Q4,from_applied_minus_1q,2022Q1,2023Q4,2023Q4,2.0,7.0,0.0,9.0
3402280,,unknown,,unknown,,unknown,,,,,,,
3402310,,unknown,,unknown,,unknown,,,,,,,
3402340,,unknown,,unknown,,unknown,,,,,,,
3402370,,unknown,,unknown,,unknown,,,,,,,
3402400,,unknown,,unknown,,unknown,,,,,,,
3402430,,unknown,,unknown,,unknown,,,,,,,
2921960,2024Q2,exact,2023Q4,backcast_award_minus_2q,2023Q3,from_applied_minus_1q,nanQnan,nanQnan,nanQnan,,,,
3402460,,unknown,,unknown,,unknown,,,,,,,
3402490,,unknown,,unknown,,unknown,,,,,,,
3402520,,unknown,,unknown,,unknown,,,,,,,
3402550,,unknown,,unknown,,unknown,,,,,,,
3402580,,unknown,,unknown,,unknown,,,,,,,
3402610,,unknown,,unknown,,unknown,,,,,,,
4400690,2021Q4,exact,2021Q2,backcast_award_minus_2q,2021Q1,from_applied_minus_1q,2021Q4,2022Q4,2023Q1,0.0,4.0,1.0,5.0
3402670,,unknown,,unknown,,unknown,,,,,,,
3402700,,unknown,,unknown,,unknown,,,,,,,
3402730,,unknown,,unknown,,unknown,,,,,,,
3402740,,unknown,,unknown,,unknown,,,,,,,
3402760,,unknown,,unknown,,unknown,,,,,,,
3402790,,unknown,,unknown,,unknown,,,,,,,
3402800,,unknown,,unknown,,unknown,,,,,,,
3402820,,unknown,,unknown,,unknown,,,,,,,
3402850,,unknown,,unknown,,unknown,,,,,,,
3402880,,unknown,,unknown,,unknown,,,,,,,
3402910,,unknown,,unknown,,unknown,,,,,,,
3403000,,unknown,,unknown,,unknown,,,,,,,
3403030,,unknown,,unknown,,unknown,,,,,,,
3403060,,unknown,,unknown,,unknown,,,,,,,
3403090,,unknown,,unknown,,unknown,,,,,,,
3403120,,unknown,,unknown,,unknown,,,,,,,
3403150,,unknown,,unknown,,unknown,,,,,,,
3403180,,unknown,,unknown,,unknown,,,,,,,
3403210,,unknown,,unknown,,unknown,,,,,,,
3403240,,unknown,,unknown,,unknown,,,,,,,
3403270,,unknown,,unknown,,unknown,,,,,,,
3600076,2022Q4,exact,2022Q2,backcast_award_minus_2q,2022Q1,from_applied_minus_1q,2023Q3,2023Q4,2023Q4,3.0,1.0,0.0,4.0
3403330,,unknown,,unknown,,unknown,,,,,,,
3403360,,unknown,,unknown,,unknown,,,,,,,
3403390,,unknown,,unknown,,unknown,,,,,,,
3403420,,unknown,,unknown,,unknown,,,,,,,
3403450,,unknown,,unknown,,unknown,,,,,,,
3403480,,unknown,,unknown,,unknown,,,,,,,
3403510,,unknown,,unknown,,unknown,,,,,,,
3403540,,unknown,,unknown,,unknown,,,,,,,
3403570,,unknown,,unknown,,unknown,,,,,,,
3403600,,unknown,,unknown,,unknown,,,,,,,
3403610,,unknown,,unknown,,unknown,,,,,,,
3403620,,unknown,,unknown,,unknown,,,,,,,
3403630,,unknown,,unknown,,unknown,,,,,,,
3403660,,unknown,,unknown,,unknown,,,,,,,
3403690,,unknown,,unknown,,unknown,,,,,,,
3403720,,unknown,,unknown,,unknown,,,,,,,
3403750,,unknown,,unknown,,unknown,,,,,,,
3403780,,unknown,,unknown,,unknown,,,,,,,
3403810,,unknown,,unknown,,unknown,,,,,,,
3403840,,unknown,,unknown,,unknown,,,,,,,
3600077,2023Q4,exact,2023Q2,backcast_award_minus_2q,2023Q1,from_applied_minus_1q,nanQnan,nanQnan,nanQnan,,,,
3403900,,unknown,,unknown,,unknown,,,,,,,
3600078,2023Q4,exact,2023Q2,backcast_award_minus_2q,2023Q1,from_applied_minus_1q,nanQnan,nanQnan,nanQnan,,,,
3403960,,unknown,,unknown,,unknown,,,,,,,
3403990,,unknown,,unknown,,unknown,,,,,,,
3404020,,unknown,,unknown,,unknown,,,,,,,
3404050,,unknown,,unknown,,unknown,,,,,,,
3404080,,unknown,,unknown,,unknown,,,,,,,
3600079,2023Q4,exact,2023Q2,backcast_award_minus_2q,2023Q1,from_applied_minus_1q,nanQnan,nanQnan,nanQnan,,,,
3404140,,unknown,,unknown,,unknown,,,,,,,
3404170,,unknown,,unknown,,unknown,,,,,,,
3404200,,unknown,,unknown,,unknown,,,,,,,
3404230,,unknown,,unknown,,unknown,,,,,,,
3404290,,unknown,,unknown,,unknown,,,,,,,
3600081,2023Q4,exact,2023Q2,backcast_award_minus_2q,2023Q1,from_applied_minus_1q,nanQnan,nanQnan,nanQnan,,,,
3404350,,unknown,,unknown,,unknown,,,,,,,
3404380,,unknown,,unknown,,unknown,,,,,,,
3404410,,unknown,,unknown,,unknown,,,,,,,
3404440,,unknown,,unknown,,unknown,,,,,,,
3404470,,unknown,,unknown,,unknown,,,,,,,
3404500,,unknown,,unknown,,unknown,,,,,,,
3404530,,unknown,,unknown,,unknown,,,,,,,
3404560,2024Q4,exact,2024Q2,backcast_award_minus_2q,2024Q1,from_applied_minus_1q,nanQnan,nanQnan,nanQnan,,,,
3600083,2023Q4,exact,2023Q2,backcast_award_minus_2q,2023Q1,from_applied_minus_1q,nanQnan,nanQnan,nanQnan,,,,
3404620,,unknown,,unknown,,unknown,,,,,,,
3404660,,unknown,,unknown,,unknown,,,,,,,
3404680,,unknown,,unknown,,unknown,,,,,,,
3404710,,unknown,,unknown,,unknown,,,,,,,
3404740,,unknown,,unknown,,unknown,,,,,,,
3404770,,unknown,,unknown,,unknown,,,,,,,
3404800,,unknown,,unknown,,unknown,,,,,,,
3404830,,unknown,,unknown,,unknown,,,,,,,
3404860,,unknown,,unknown,,unknown,,,,,,,
3404890,,unknown,,unknown,,unknown,,,,,,,
3404920,,unknown,,unknown,,unknown,,,,,,,
3404950,,unknown,,unknown,,unknown,,,,,,,
3404980,,unknown,,unknown,,unknown,,,,,,,
3405010,,unknown,,unknown,,unknown,,,,,,,
3405040,,unknown,,unknown,,unknown,,,,,,,
3405070,,unknown,,unknown,,unknown,,,,,,,
3405130,,unknown,,unknown,,unknown,,,,,,,
3405190,,unknown,,unknown,,unknown,,,,,,,
3405220,,unknown,,unknown,,unknown,,,,,,,
3405250,,unknown,,unknown,,unknown,,,,,,,
3405280,,unknown,,unknown,,unknown,,,,,,,
3405310,,unknown,,unknown,,unknown,,,,,,,
3405340,,unknown,,unknown,,unknown,,,,,,,
3405370,,unknown,,unknown,,unknown,,,,,,,
3405400,,unknown,,unknown,,unknown,,,,,,,
3405430,,unknown,,unknown,,unknown,,,,,,,
3405460,,unknown,,unknown,,unknown,,,,,,,
3405490,,unknown,,unknown,,unknown,,,,,,,
3405520,,unknown,,unknown,,unknown,,,,,,,
3405550,,unknown,,unknown,,unknown,,,,,,,
3405580,,unknown,,unknown,,unknown,,,,,,,
3405610,,unknown,,unknown,,unknown,,,,,,,
3405640,,unknown,,unknown,,unknown,,,,,,,
3405670,,unknown,,unknown,,unknown,,,,,,,
3405700,,unknown,,unknown,,unknown,,,,,,,
3405730,,unknown,,unknown,,unknown,,,,,,,
3600084,2023Q4,exact,2023Q2,backcast_award_minus_2q,2023Q1,from_applied_minus_1q,nanQnan,nanQnan,nanQnan,,,,
3405790,,unknown,,unknown,,unknown,,,,,,,
3405820,,unknown,,unknown,,unknown,,,,,,,
3405850,,unknown,,unknown,,unknown,,,,,,,
3405880,,unknown,,unknown,,unknown,,,,,,,
3405940,,unknown,,unknown,,unknown,,,,,,,
3405970,,unknown,,unknown,,unknown,,,,,,,
3406000,,unknown,,unknown,,unknown,,,,,,,
3406030,,unknown,2021Q2,program_calendar,2021Q1,from_applied_minus_1q,,,,,,,
3406040,,unknown,,unknown,,unknown,,,,,,,
3406060,,unknown,,unknown,,unknown,,,,,,,
3406090,,unknown,,unknown,,unknown,,,,,,,
3406120,,unknown,,unknown,,unknown,,,,,,,
3406150,,unknown,,unknown,,unknown,,,,,,,
3406180,,unknown,,unknown,,unknown,,,,,,,
3406210,,unknown,,unknown,,unknown,,,,,,,
3406240,,unknown,,unknown,,unknown,,,,,,,
3406270,,unknown,,unknown,,unknown,,,,,,,
3406300,,unknown,,unknown,,unknown,,,,,,,
3406330,,unknown,,unknown,,unknown,,,,,,,
3406360,,unknown,,unknown,,unknown,,,,,,,
3600085,2023Q4,exact,2023Q2,backcast_award_minus_2q,2023Q1,from_applied_minus_1q,nanQnan,nanQnan,nanQnan,,,,
3406420,,unknown,,unknown,,unknown,,,,,,,
3600086,2023Q4,exact,2023Q2,backcast_award_minus_2q,2023Q1,from_applied_minus_1q,nanQnan,nanQnan,nanQnan,,,,
3406480,,unknown,,unknown,,unknown,,,,,,,
3406510,,unknown,,unknown,,unknown,,,,,,,
3406540,,unknown,,unknown,,unknown,,,,,,,
3406570,,unknown,,unknown,,unknown,,,,,,,
3406600,,unknown,,unknown,,unknown,,,,,,,
3406630,,unknown,,unknown,,unknown,,,,,,,
3406660,,unknown,,unknown,,unknown,,,,,,,
3406690,,unknown,,unknown,,unknown,,,,,,,
3406720,,unknown,,unknown,,unknown,,,,,,,
3406780,,unknown,,unknown,,unknown,,,,,,,
3406810,,unknown,,unknown,,unknown,,,,,,,
3406840,,unknown,,unknown,,unknown,,,,,,,
3406870,,unknown,,unknown,,unknown,,,,,,,
3406900,,unknown,,unknown,,unknown,,,,,,,
3406930,,unknown,,unknown,,unknown,,,,,,,
3406960,,unknown,,unknown,,unknown,,,,,,,
3406990,,unknown,,unknown,,unknown,,,,,,,
3407050,,unknown,,unknown,,unknown,,,,,,,
3407080,,unknown,,unknown,,unknown,,,,,,,
3407110,,unknown,,unknown,,unknown,,,,,,,
3407140,,unknown,,unknown,,unknown,,,,,,,
3407170,,unknown,,unknown,,unknown,,,,,,,
3407200,,unknown,,unknown,,unknown,,,,,,,
3407230,,unknown,,unknown,,unknown,,,,,,,
3407260,,unknown,,unknown,,unknown,,,,,,,
3407290,,unknown,,unknown,,unknown,,,,,,,
3407320,,unknown,,unknown,,unknown,,,,,,,
3407350,,unknown,,unknown,,unknown,,,,,,,
3407380,,unknown,,unknown,,unknown,,,,,,,
3407410,,unknown,,unknown,,unknown,,,,,,,
3407440,,unknown,,unknown,,unknown,,,,,,,
3407470,,unknown,,unknown,,unknown,,,,,,,
3407500,,unknown,,unknown,,unknown,,,,,,,
3407530,,unknown,,unknown,,unknown,,,,,,,
3407560,,unknown,,unknown,,unknown,,,,,,,
3407570,2024Q4,exact,2024Q2,backcast_award_minus_2q,2024Q1,from_applied_minus_1q,nanQnan,nanQnan,nanQnan,,,,
3407590,,unknown,,unknown,,unknown,,,,,,,
3407650,,unknown,,unknown,,unknown,,,,,,,
3407680,,unknown,,unknown,,unknown,,,,,,,
3407710,,unknown,,unknown,,unknown,,,,,,,
3600087,2023Q4,exact,2023Q2,backcast_award_minus_2q,2023Q1,from_applied_minus_1q,nanQnan,nanQnan,nanQnan,,,,
3407770,,unknown,,unknown,,unknown,,,,,,,
3407800,,unknown,,unknown,,unknown,,,,,,,
3600088,2023Q4,exact,2023Q2,backcast_award_minus_2q,2023Q1,from_applied_minus_1q,nanQnan,nanQnan,nanQnan,,,,
3407860,,unknown,,unknown,,unknown,,,,,,,
3600090,2023Q4,exact,2023Q2,backcast_award_minus_2q,2023Q1,from_applied_minus_1q,nanQnan,nanQnan,nanQnan,,,,
3407920,,unknown,,unknown,,unknown,,,,,,,
3407950,,unknown,,unknown,,unknown,,,,,,,
3407980,,unknown,,unknown,,unknown,,,,,,,
3408010,,unknown,,unknown,,unknown,,,,,,,
3408040,,unknown,,unknown,,unknown,,,,,,,
3408060,,unknown,,unknown,,unknown,,,,,,,
3408070,,unknown,,unknown,,unknown,,,,,,,
3408100,,unknown,,unknown,,unknown,,,,,,,
3408130,,unknown,,unknown,,unknown,,,,,,,
3408160,,unknown,,unknown,,unknown,,,,,,,
3408190,,unknown,,unknown,,unknown,,,,,,,
3600091,2023Q4,exact,2023Q2,backcast_award_minus_2q,2023Q1,from_applied_minus_1q,nanQnan,nanQnan,nanQnan,,,,
3408280,,unknown,,unknown,,unknown,,,,,,,
3408310,,unknown,,unknown,,unknown,,,,,,,
3408340,,unknown,,unknown,,unknown,,,,,,,
3408370,,unknown,,unknown,,unknown,,,,,,,
3408400,,unknown,,unknown,,unknown,,,,,,,
3408430,,unknown,,unknown,,unknown,,,,,,,
3408460,,unknown,,unknown,,unknown,,,,,,,
3408490,,unknown,,unknown,,unknown,,,,,,,
3408500,,unknown,,unknown,,unknown,,,,,,,
3600119,2023Q4,exact,2023Q2,backcast_award_minus_2q,2023Q1,from_applied_minus_1q,nanQnan,nanQnan,nanQnan,,,,
3408580,,unknown,,unknown,,unknown,,,,,,,
3408610,,unknown,,unknown,,unknown,,,,,,,
3408640,,unknown,,unknown,,unknown,,,,,,,
3408670,,unknown,,unknown,,unknown,,,,,,,
3408671,,unknown,,unknown,,unknown,,,,,,,
3408700,,unknown,,unknown,,unknown,,,,,,,
3408730,,unknown,,unknown,,unknown,,,,,,,
3408760,,unknown,,unknown,,unknown,,,,,,,
3408790,,unknown,,unknown,,unknown,,,,,,,
3408820,,unknown,,unknown,,unknown,,,,,,,
3408850,,unknown,,unknown,,unknown,,,,,,,
3408880,,unknown,,unknown,,unknown,,,,,,,
3408910,,unknown,,unknown,,unknown,,,,,,,
3408940,,unknown,,unknown,,unknown,,,,,,,
3409000,,unknown,,unknown,,unknown,,,,,,,
3409030,,unknown,,unknown,,unknown,,,,,,,
3409090,,unknown,,unknown,,unknown,,,,,,,
3409120,,unknown,,unknown,,unknown,,,,,,,
3409150,,unknown,,unknown,,unknown,,,,,,,
3409180,,unknown,,unknown,,unknown,,,,,,,
3409210,,unknown,,unknown,,unknown,,,,,,,
3409240,,unknown,,unknown,,unknown,,,,,,,
3409270,,unknown,,unknown,,unknown,,,,,,,
3409300,,unknown,,unknown,,unknown,,,,,,,
3409330,,unknown,,unknown,,unknown,,,,,,,
3409360,,unknown,,unknown,,unknown,,,,,,,
3409390,,unknown,,unknown,,unknown,,,,,,,
3409420,,unknown,,unknown,,unknown,,,,,,,
3409450,,unknown,,unknown,,unknown,,,,,,,
3409480,,unknown,,unknown,,unknown,,,,,,,
3409510,,unknown,,unknown,,unknown,,,,,,,
3409540,,unknown,,unknown,,unknown,,,,,,,
3409550,,unknown,,unknown,,unknown,,,,,,,
3409600,,unknown,,unknown,,unknown,,,,,,,
3409630,,unknown,,unknown,,unknown,,,,,,,
3409660,,unknown,,unknown,,unknown,,,,,,,
3409690,,unknown,,unknown,,unknown,,,,,,,
3409720,,unknown,,unknown,,unknown,,,,,,,
3409750,,unknown,,unknown,,unknown,,,,,,,
3409780,,unknown,,unknown,,unknown,,,,,,,
3409810,,unknown,,unknown,,unknown,,,,,,,
3409840,,unknown,,unknown,,unknown,,,,,,,
3409870,,unknown,,unknown,,unknown,,,,,,,
3409900,,unknown,,unknown,,unknown,,,,,,,
3409930,,unknown,,unknown,,unknown,,,,,,,
3409950,,unknown,,unknown,,unknown,,,,,,,
3409960,,unknown,,unknown,,unknown,,,,,,,
3409990,,unknown,,unknown,,unknown,,,,,,,
3410020,,unknown,,unknown,,unknown,,,,,,,
3410050,,unknown,,unknown,,unknown,,,,,,,
3410080,,unknown,,unknown,,unknown,,,,,,,
3410110,,unknown,,unknown,,unknown,,,,,,,
3410140,,unknown,,unknown,,unknown,,,,,,,
3410170,,unknown,,unknown,,unknown,,,,,,,
3410200,,unknown,,unknown,,unknown,,,,,,,
3410230,,unknown,,unknown,,unknown,,,,,,,
3410290,,unknown,,unknown,,unknown,,,,,,,
3410320,,unknown,,unknown,,unknown,,,,,,,
3410350,,unknown,,unknown,,unknown,,,,,,,
3410380,,unknown,,unknown,,unknown,,,,,,,
3410440,,unknown,,unknown,,unknown,,,,,,,
3410470,,unknown,,unknown,,unknown,,,,,,,
3410500,,unknown,,unknown,,unknown,,,,,,,
3410530,,unknown,,unknown,,unknown,,,,,,,
3410560,,unknown,,unknown,,unknown,,,,,,,
3410590,,unknown,,unknown,,unknown,,,,,,,
3410620,,unknown,,unknown,,unknown,,,,,,,
3410650,,unknown,,unknown,,unknown,,,,,,,
3410680,,unknown,,unknown,,unknown,,,,,,,
3410710,,unknown,,unknown,,unknown,,,,,,,
3410720,,unknown,,unknown,,unknown,,,,,,,
3410740,,unknown,,unknown,,unknown,,,,,,,
3410770,,unknown,,unknown,,unknown,,,,,,,
3410810,,unknown,,unknown,,unknown,,,,,,,
3410860,,unknown,,unknown,,unknown,,,,,,,
3410890,,unknown,,unknown,,unknown,,,,,,,
3410920,,unknown,,unknown,,unknown,,,,,,,
3410950,,unknown,,unknown,,unknown,,,,,,,
3410980,,unknown,,unknown,,unknown,,,,,,,
3411010,,unknown,,unknown,,unknown,,,,,,,
3411040,,unknown,,unknown,,unknown,,,,,,,
3411070,,unknown,,unknown,,unknown,,,,,,,
3411100,,unknown,,unknown,,unknown,,,,,,,
3411130,,unknown,,unknown,,unknown,,,,,,,
3411160,,unknown,,unknown,,unknown,,,,,,,
3411190,,unknown,,unknown,,unknown,,,,,,,
3411220,,unknown,,unknown,,unknown,,,,,,,
3411250,,unknown,,unknown,,unknown,,,,,,,
3411280,,unknown,,unknown,,unknown,,,,,,,
3411310,,unknown,,unknown,,unknown,,,,,,,
3600092,2023Q4,exact,2023Q2,backcast_award_minus_2q,2023Q1,from_applied_minus_1q,nanQnan,nanQnan,nanQnan,,,,
3411370,,unknown,,unknown,,unknown,,,,,,,
3411400,,unknown,,unknown,,unknown,,,,,,,
3411430,,unknown,,unknown,,unknown,,,,,,,
3411460,,unknown,,unknown,,unknown,,,,,,,
3411490,,unknown,2020Q2,program_calendar,2020Q1,from_applied_minus_1q,,,,,,,
3411520,,unknown,,unknown,,unknown,,,,,,,
3411550,,unknown,,unknown,,unknown,,,,,,,
3411580,,unknown,,unknown,,unknown,,,,,,,
3411610,,unknown,,unknown,,unknown,,,,,,,
3411640,,unknown,,unknown,,unknown,,,,,,,
3411670,,unknown,,unknown,,unknown,,,,,,,
3411700,,unknown,,unknown,,unknown,,,,,,,
3411730,,unknown,,unknown,,unknown,,,,,,,
3411760,,unknown,,unknown,,unknown,,,,,,,
3411790,,unknown,,unknown,,unknown,,,,,,,
3411820,,unknown,,unknown,,unknown,,,,,,,
3411850,,unknown,,unknown,,unknown,,,,,,,
3411880,,unknown,,unknown,,unknown,,,,,,,
3411910,,unknown,,unknown,,unknown,,,,,,,
3411940,,unknown,,unknown,,unknown,,,,,,,
3411970,,unknown,,unknown,,unknown,,,,,,,
3411980,,unknown,,unknown,,unknown,,,,,,,
3412030,,unknown,,unknown,,unknown,,,,,,,
3412060,,unknown,,unknown,,unknown,,,,,,,
3412090,,unknown,,unknown,,unknown,,,,,,,
3412120,,unknown,,unknown,,unknown,,,,,,,
3412150,,unknown,,unknown,,unknown,,,,,,,
3412180,,unknown,,unknown,,unknown,,,,,,,
3412210,,unknown,,unknown,,unknown,,,,,,,
3412240,,unknown,,unknown,,unknown,,,,,,,
3412260,,unknown,,unknown,,unknown,,,,,,,
3412270,,unknown,,unknown,,unknown,,,,,,,
3412300,,unknown,,unknown,,unknown,,,,,,,
3412360,,unknown,,unknown,,unknown,,,,,,,
3412390,,unknown,,unknown,,unknown,,,,,,,
3412420,,unknown,,unknown,,unknown,,,,,,,
3412450,,unknown,,unknown,,unknown,,,,,,,
3412480,,unknown,,unknown,,unknown,,,,,,,
3412510,,unknown,,unknown,,unknown,,,,,,,
3412540,,unknown,,unknown,,unknown,,,,,,,
3412570,,unknown,,unknown,,unknown,,,,,,,
3412600,,unknown,,unknown,,unknown,,,,,,,
3412630,,unknown,,unknown,,unknown,,,,,,,
3412660,,unknown,,unknown,,unknown,,,,,,,
3412690,,unknown,,unknown,,unknown,,,,,,,
3412720,,unknown,,unknown,,unknown,,,,,,,
3412810,,unknown,,unknown,,unknown,,,,,,,
3412840,,unknown,,unknown,,unknown,,,,,,,
3412870,,unknown,,unknown,,unknown,,,,,,,
3412900,,unknown,,unknown,,unknown,,,,,,,
3412930,,unknown,,unknown,,unknown,,,,,,,
3412960,,unknown,,unknown,,unknown,,,,,,,
3412990,,unknown,,unknown,,unknown,,,,,,,
3413000,,unknown,,unknown,,unknown,,,,,,,
3413050,,unknown,,unknown,,unknown,,,,,,,
3413080,,unknown,,unknown,,unknown,,,,,,,
3413110,,unknown,,unknown,,unknown,,,,,,,
3413140,,unknown,,unknown,,unknown,,,,,,,
3413200,2024Q4,exact,2024Q2,backcast_award_minus_2q,2024Q1,from_applied_minus_1q,nanQnan,nanQnan,nanQnan,,,,
3413230,,unknown,,unknown,,unknown,,,,,,,
3413260,,unknown,,unknown,,unknown,,,,,,,
3413290,,unknown,,unknown,,unknown,,,,,,,
3413320,2024Q2,exact,2023Q4,backcast_award_minus_2q,2023Q3,from_applied_minus_1q,nanQnan,nanQnan,nanQnan,,,,
3413350,,unknown,,unknown,,unknown,,,,,,,
3413380,,unknown,,unknown,,unknown,,,,,,,
3413410,,unknown,,unknown,,unknown,,,,,,,
3413470,,unknown,,unknown,,unknown,,,,,,,
3413500,,unknown,,unknown,,unknown,,,,,,,
3413530,,unknown,,unknown,,unknown,,,,,,,
3413560,,unknown,,unknown,,unknown,,,,,,,
3413590,,unknown,,unknown,,unknown,,,,,,,
3413620,,unknown,,unknown,,unknown,,,,,,,
3413650,,unknown,,unknown,,unknown,,,,,,,
3413680,,unknown,,unknown,,unknown,,,,,,,
3600094,2023Q4,exact,2023Q2,backcast_award_minus_2q,2023Q1,from_applied_minus_1q,nanQnan,nanQnan,nanQnan,,,,
3413740,,unknown,,unknown,,unknown,,,,,,,
3413750,,unknown,,unknown,,unknown,,,,,,,
3413770,,unknown,,unknown,,unknown,,,,,,,
3413800,,unknown,,unknown,,unknown,,,,,,,
3413830,,unknown,,unknown,,unknown,,,,,,,
3413860,,unknown,,unknown,,unknown,,,,,,,
3413890,,unknown,,unknown,,unknown,,,,,,,
3413950,,unknown,,unknown,,unknown,,,,,,,
3413980,,unknown,,unknown,,unknown,,,,,,,
3414010,,unknown,,unknown,,unknown,,,,,,,
3414040,,unknown,,unknown,,unknown,,,,,,,
3414070,,unknown,,unknown,,unknown,,,,,,,
3414100,,unknown,,unknown,,unknown,,,,,,,
3414130,,unknown,,unknown,,unknown,,,,,,,
3414160,,unknown,,unknown,,unknown,,,,,,,
3414220,,unknown,,unknown,,unknown,,,,,,,
3414250,,unknown,,unknown,,unknown,,,,,,,
3414280,,unknown,,unknown,,unknown,,,,,,,
3414310,,unknown,,unknown,,unknown,,,,,,,
3414340,,unknown,,unknown,,unknown,,,,,,,
3414370,,unknown,,unknown,,unknown,,,,,,,
3414400,,unknown,,unknown,,unknown,,,,,,,
3414430,,unknown,,unknown,,unknown,,,,,,,
3414460,,unknown,,unknown,,unknown,,,,,,,
3414490,,unknown,,unknown,,unknown,,,,,,,
3414520,,unknown,,unknown,,unknown,,,,,,,
3414550,,unknown,,unknown,,unknown,,,,,,,
3414580,,unknown,,unknown,,unknown,,,,,,,
3414610,,unknown,,unknown,,unknown,,,,,,,
3414640,,unknown,,unknown,,unknown,,,,,,,
3414670,,unknown,,unknown,,unknown,,,,,,,
3414730,,unknown,,unknown,,unknown,,,,,,,
3414760,,unknown,,unknown,,unknown,,,,,,,
3414790,,unknown,,unknown,,unknown,,,,,,,
3414820,,unknown,,unknown,,unknown,,,,,,,
3414850,,unknown,,unknown,,unknown,,,,,,,
3414880,,unknown,,unknown,,unknown,,,,,,,
3414940,,unknown,,unknown,,unknown,,,,,,,
3414970,,unknown,,unknown,,unknown,,,,,,,
3415000,,unknown,,unknown,,unknown,,,,,,,
3415030,,unknown,,unknown,,unknown,,,,,,,
3415060,,unknown,,unknown,,unknown,,,,,,,
3415090,,unknown,,unknown,,unknown,,,,,,,
3415120,,unknown,,unknown,,unknown,,,,,,,
3415150,,unknown,,unknown,,unknown,,,,,,,
3415180,,unknown,,unknown,,unknown,,,,,,,
3415210,,unknown,,unknown,,unknown,,,,,,,
3415240,,unknown,,unknown,,unknown,,,,,,,
3415270,,unknown,,unknown,,unknown,,,,,,,
3415330,,unknown,,unknown,,unknown,,,,,,,
3415360,,unknown,,unknown,,unknown,,,,,,,
3415390,,unknown,,unknown,,unknown,,,,,,,
3415420,,unknown,,unknown,,unknown,,,,,,,
3600095,2023Q4,exact,2023Q2,backcast_award_minus_2q,2023Q1,from_applied_minus_1q,nanQnan,nanQnan,nanQnan,,,,
3415480,,unknown,,unknown,,unknown,,,,,,,
3415510,,unknown,,unknown,,unknown,,,,,,,
3415540,,unknown,,unknown,,unknown,,,,,,,
3415570,,unknown,,unknown,,unknown,,,,,,,
3415600,,unknown,,unknown,,unknown,,,,,,,
3415630,,unknown,,unknown,,unknown,,,,,,,
3415660,,unknown,,unknown,,unknown,,,,,,,
3415690,,unknown,,unknown,,unknown,,,,,,,
3415720,,unknown,,unknown,,unknown,,,,,,,
3415750,,unknown,,unknown,,unknown,,,,,,,
3415810,,unknown,,unknown,,unknown,,,,,,,
3415840,,unknown,,unknown,,unknown,,,,,,,
3415870,,unknown,,unknown,,unknown,,,,,,,
3600096,2023Q4,exact,2023Q2,backcast_award_minus_2q,2023Q1,from_applied_minus_1q,nanQnan,nanQnan,nanQnan,,,,
3415930,,unknown,,unknown,,unknown,,,,,,,
3415960,,unknown,,unknown,,unknown,,,,,,,
3415990,,unknown,,unknown,,unknown,,,,,,,
3416020,,unknown,,unknown,,unknown,,,,,,,
3600120,2023Q4,exact,2023Q2,backcast_award_minus_2q,2023Q1,from_applied_minus_1q,nanQnan,nanQnan,nanQnan,,,,
3416110,,unknown,,unknown,,unknown,,,,,,,
3416170,,unknown,,unknown,,unknown,,,,,,,
3416200,,unknown,,unknown,,unknown,,,,,,,
3600151,2023Q4,exact,2023Q2,backcast_award_minus_2q,2023Q1,from_applied_minus_1q,nanQnan,nanQnan,nanQnan,,,,
3416260,,unknown,,unknown,,unknown,,,,,,,
3600152,2023Q4,exact,2023Q2,backcast_award_minus_2q,2023Q1,from_applied_minus_1q,nanQnan,nanQnan,nanQnan,,,,
3416320,,unknown,,unknown,,unknown,,,,,,,
3416350,,unknown,,unknown,,unknown,,,,,,,
3600153,2023Q4,exact,2023Q2,backcast_award_minus_2q,2023Q1,from_applied_minus_1q,nanQnan,nanQnan,nanQnan,,,,
3416400,,unknown,,unknown,,unknown,,,,,,,
3416440,,unknown,,unknown,,unknown,,,,,,,
3416470,2023Q2,exact,2022Q4,backcast_award_minus_2q,2022Q3,from_applied_minus_1q,nanQnan,nanQnan,nanQnan,,,,
3416500,,unknown,,unknown,,unknown,,,,,,,
3416530,,unknown,,unknown,,unknown,,,,,,,
3416560,,unknown,,unknown,,unknown,,,,,,,
3416590,,unknown,,unknown,,unknown,,,,,,,
3416620,,unknown,,unknown,,unknown,,,,,,,
3416650,,unknown,,unknown,,unknown,,,,,,,
3416680,,unknown,,unknown,,unknown,,,,,,,
3416710,,unknown,,unknown,,unknown,,,,,,,
3416740,,unknown,,unknown,,unknown,,,,,,,
3416800,,unknown,,unknown,,unknown,,,,,,,
3416830,,unknown,,unknown,,unknown,,,,,,,
3416860,,unknown,,unknown,,unknown,,,,,,,
3416870,,unknown,,unknown,,unknown,,,,,,,
3600121,2023Q4,exact,2023Q2,backcast_award_minus_2q,2023Q1,from_applied_minus_1q,nanQnan,nanQnan,nanQnan,,,,
3416920,,unknown,,unknown,,unknown,,,,,,,
3416950,,unknown,,unknown,,unknown,,,,,,,
3416970,,unknown,,unknown,,unknown,,,,,,,
3416980,,unknown,,unknown,,unknown,,,,,,,
3417010,,unknown,,unknown,,unknown,,,,,,,
3417040,,unknown,,unknown,,unknown,,,,,,,
3417070,,unknown,,unknown,,unknown,,,,,,,
3417100,,unknown,,unknown,,unknown,,,,,,,
3417130,,unknown,,unknown,,unknown,,,,,,,
3417160,,unknown,,unknown,,unknown,,,,,,,
3417190,,unknown,,unknown,,unknown,,,,,,,
3417220,,unknown,,unknown,,unknown,,,,,,,
3417250,,unknown,,unknown,,unknown,,,,,,,
3417280,,unknown,,unknown,,unknown,,,,,,,
3600098,2023Q4,exact,2023Q2,backcast_award_minus_2q,2023Q1,from_applied_minus_1q,nanQnan,nanQnan,nanQnan,,,,
3417340,,unknown,,unknown,,unknown,,,,,,,
3417400,,unknown,,unknown,,unknown,,,,,,,
3417430,,unknown,,unknown,,unknown,,,,,,,
3417460,,unknown,,unknown,,unknown,,,,,,,
3417490,,unknown,,unknown,,unknown,,,,,,,
3417500,,unknown,,unknown,,unknown,,,,,,,
3417520,,unknown,,unknown,,unknown,,,,,,,
3417550,,unknown,,unknown,,unknown,,,,,,,
3417580,,unknown,,unknown,,unknown,,,,,,,
3417610,,unknown,,unknown,,unknown,,,,,,,
3417640,,unknown,,unknown,,unknown,,,,,,,
3417670,,unknown,,unknown,,unknown,,,,,,,
3417700,,unknown,,unknown,,unknown,,,,,,,
3417730,,unknown,,unknown,,unknown,,,,,,,
3417760,,unknown,,unknown,,unknown,,,,,,,
3417790,,unknown,,unknown,,unknown,,,,,,,
3417820,,unknown,,unknown,,unknown,,,,,,,
3417850,,unknown,,unknown,,unknown,,,,,,,
3417880,,unknown,,unknown,,unknown,,,,,,,
3417910,,unknown,,unknown,,unknown,,,,,,,
3417920,,unknown,,unknown,,unknown,,,,,,,
3417940,,unknown,,unknown,,unknown,,,,,,,
3417970,,unknown,,unknown,,unknown,,,,,,,
3418000,,unknown,,unknown,,unknown,,,,,,,
3418030,,unknown,,unknown,,unknown,,,,,,,
3418040,,unknown,,unknown,,unknown,,,,,,,
3418060,,unknown,,unknown,,unknown,,,,,,,
3418090,,unknown,,unknown,,unknown,,,,,,,
3418120,,unknown,,unknown,,unknown,,,,,,,
3418150,,unknown,,unknown,,unknown,,,,,,,
3418180,,unknown,,unknown,,unknown,,,,,,,
3418210,,unknown,,unknown,,unknown,,,,,,,
3418240,,unknown,,unknown,,unknown,,,,,,,
3418270,,unknown,,unknown,,unknown,,,,,,,
3418300,,unknown,,unknown,,unknown,,,,,,,
3418330,,unknown,,unknown,,unknown,,,,,,,
3418360,,unknown,,unknown,,unknown,,,,,,,
3480180,,unknown,,unknown,,unknown,,,,,,,
3480200,,unknown,,unknown,,unknown,,,,,,,
3480240,,unknown,,unknown,,unknown,,,,,,,
3480260,,unknown,,unknown,,unknown,,,,,,,
3480280,,unknown,,unknown,,unknown,,,,,,,
3480300,,unknown,,unknown,,unknown,,,,,,,
3480320,,unknown,,unknown,,unknown,,,,,,,
3480340,,unknown,,unknown,,unknown,,,,,,,
3480360,,unknown,,unknown,,unknown,,,,,,,
3480361,,unknown,,unknown,,unknown,,,,,,,
3480362,,unknown,,unknown,,unknown,,,,,,,
3480363,,unknown,,unknown,,unknown,,,,,,,
3480364,,unknown,,unknown,,unknown,,,,,,,
3500001,,unknown,,unknown,,unknown,,,,,,,
3500010,,unknown,,unknown,,unknown,,,,,,,
3500011,,unknown,,unknown,,unknown,,,,,,,
3500012,,unknown,,unknown,,unknown,,,,,,,
3500013,,unknown,,unknown,,unknown,,,,,,,
3500014,,unknown,,unknown,,unknown,,,,,,,
3500015,,unknown,,unknown,,unknown,,,,,,,
3500016,,unknown,,unknown,,unknown,,,,,,,
3500030,,unknown,,unknown,,unknown,,,,,,,
3600122,2023Q4,exact,2023Q2,backcast_award_minus_2q,2023Q1,from_applied_minus_1q,nanQnan,nanQnan,nanQnan,,,,
3500090,,unknown,,unknown,,unknown,,,,,,,
3500106,,unknown,,unknown,,unknown,,,,,,,
3500107,,unknown,,unknown,,unknown,,,,,,,
3500109,,unknown,,unknown,,unknown,,,,,,,
3500112,,unknown,,unknown,,unknown,,,,,,,
3500116,,unknown,,unknown,,unknown,,,,,,,
3500117,,unknown,,unknown,,unknown,,,,,,,
3500118,,unknown,,unknown,,unknown,,,,,,,
3500119,,unknown,,unknown,,unknown,,,,,,,
3500120,,unknown,,unknown,,unknown,,,,,,,
3500121,,unknown,,unknown,,unknown,,,,,,,
3500122,,unknown,,unknown,,unknown,,,,,,,
3500123,,unknown,,unknown,,unknown,,,,,,,
3500124,,unknown,,unknown,,unknown,,,,,,,
3500125,,unknown,,unknown,,unknown,,,,,,,
3500126,,unknown,,unknown,,unknown,,,,,,,
3500127,,unknown,,unknown,,unknown,,,,,,,
3500130,,unknown,,unknown,,unknown,,,,,,,
3500131,,unknown,,unknown,,unknown,,,,,,,
3500134,,unknown,,unknown,,unknown,,,,,,,
3500135,,unknown,,unknown,,unknown,,,,,,,
3500136,,unknown,,unknown,,unknown,,,,,,,
3500137,,unknown,,unknown,,unknown,,,,,,,
3500138,,unknown,,unknown,,unknown,,,,,,,
3500141,,unknown,,unknown,,unknown,,,,,,,
3500142,,unknown,,unknown,,unknown,,,,,,,
3500143,,unknown,,unknown,,unknown,,,,,,,
3500148,,unknown,,unknown,,unknown,,,,,,,
3500150,,unknown,,unknown,,unknown,,,,,,,
3500151,,unknown,,unknown,,unknown,,,,,,,
3500152,,unknown,,unknown,,unknown,,,,,,,
3500153,,unknown,,unknown,,unknown,,,,,,,
3500155,,unknown,,unknown,,unknown,,,,,,,
3500156,,unknown,,unknown,,unknown,,,,,,,
3500158,,unknown,,unknown,,unknown,,,,,,,
3500160,,unknown,,unknown,,unknown,,,,,,,
3500163,,unknown,,unknown,,unknown,,,,,,,
3500166,,unknown,,unknown,,unknown,,,,,,,
3500167,,unknown,,unknown,,unknown,,,,,,,
3500168,,unknown,,unknown,,unknown,,,,,,,
3500170,,unknown,,unknown,,unknown,,,,,,,
3500171,,unknown,,unknown,,unknown,,,,,,,
3500172,,unknown,,unknown,,unknown,,,,,,,
3500173,,unknown,,unknown,,unknown,,,,,,,
3500174,,unknown,,unknown,,unknown,,,,,,,
3500176,,unknown,,unknown,,unknown,,,,,,,
3500177,,unknown,,unknown,,unknown,,,,,,,
3500178,,unknown,,unknown,,unknown,,,,,,,
3500179,,unknown,,unknown,,unknown,,,,,,,
3500180,,unknown,,unknown,,unknown,,,,,,,
3500181,,unknown,,unknown,,unknown,,,,,,,
3500183,,unknown,,unknown,,unknown,,,,,,,
3500184,,unknown,,unknown,,unknown,,,,,,,
3500185,,unknown,,unknown,,unknown,,,,,,,
3500186,,unknown,,unknown,,unknown,,,,,,,
3500187,,unknown,,unknown,,unknown,,,,,,,
3500188,,unknown,,unknown,,unknown,,,,,,,
3500189,,unknown,,unknown,,unknown,,,,,,,
3500190,,unknown,,unknown,,unknown,,,,,,,
3500210,,unknown,,unknown,,unknown,,,,,,,
3500240,,unknown,,unknown,,unknown,,,,,,,
3500270,,unknown,,unknown,,unknown,,,,,,,
3500300,,unknown,,unknown,,unknown,,,,,,,
3500330,,unknown,,unknown,,unknown,,,,,,,
3500390,,unknown,,unknown,,unknown,,,,,,,
3500420,,unknown,,unknown,,unknown,,,,,,,
3500480,,unknown,,unknown,,unknown,,,,,,,
3500510,,unknown,,unknown,,unknown,,,,,,,
3500540,,unknown,,unknown,,unknown,,,,,,,
3500570,,unknown,,unknown,,unknown,,,,,,,
3500600,,unknown,,unknown,,unknown,,,,,,,
3500630,,unknown,,unknown,,unknown,,,,,,,
3500660,,unknown,,unknown,,unknown,,,,,,,
3500690,,unknown,,unknown,,unknown,,,,,,,
3500720,,unknown,,unknown,,unknown,,,,,,,
3500750,,unknown,,unknown,,unknown,,,,,,,
3500790,,unknown,,unknown,,unknown,,,,,,,
3600099,2023Q4,exact,2023Q2,backcast_award_minus_2q,2023Q1,from_applied_minus_1q,nanQnan,nanQnan,nanQnan,,,,
3500840,,unknown,,unknown,,unknown,,,,,,,
3500900,,unknown,,unknown,,unknown,,,,,,,
3500930,,unknown,,unknown,,unknown,,,,,,,
3500960,,unknown,,unknown,,unknown,,,,,,,
3500990,,unknown,,unknown,,unknown,,,,,,,
3501020,,unknown,,unknown,,unknown,,,,,,,
3501050,,unknown,,unknown,,unknown,,,,,,,
3501080,,unknown,,unknown,,unknown,,,,,,,
3501110,,unknown,,unknown,,unknown,,,,,,,
3501140,,unknown,,unknown,,unknown,,,,,,,
3501170,,unknown,,unknown,,unknown,,,,,,,
3501200,,unknown,,unknown,,unknown,,,,,,,
3501230,,unknown,,unknown,,unknown,,,,,,,
3501260,,unknown,,unknown,,unknown,,,,,,,
3501290,,unknown,,unknown,,unknown,,,,,,,
3501320,,unknown,,unknown,,unknown,,,,,,,
3501350,,unknown,,unknown,,unknown,,,,,,,
3501380,,unknown,,unknown,,unknown,,,,,,,
3501410,,unknown,,unknown,,unknown,,,,,,,
3600123,2023Q4,exact,2023Q2,backcast_award_minus_2q,2023Q1,from_applied_minus_1q,nanQnan,nanQnan,nanQnan,,,,
3600100,2023Q4,exact,2023Q2,backcast_award_minus_2q,2023Q1,from_applied_minus_1q,nanQnan,nanQnan,nanQnan,,,,
3501530,,unknown,,unknown,,unknown,,,,,,,
3501560,,unknown,,unknown,,unknown,,,,,,,
3501590,,unknown,,unknown,,unknown,,,,,,,
3501620,,unknown,,unknown,,unknown,,,,,,,
3501650,,unknown,,unknown,,unknown,,,,,,,
3501680,,unknown,,unknown,,unknown,,,,,,,
3501710,,unknown,,unknown,,unknown,,,,,,,
3501740,,unknown,,unknown,,unknown,,,,,,,
3501770,,unknown,,unknown,,unknown,,,,,,,
3501800,,unknown,,unknown,,unknown,,,,,,,
3501830,,unknown,,unknown,,unknown,,,,,,,
3501860,,unknown,,unknown,,unknown,,,,,,,
3501890,,unknown,,unknown,,unknown,,,,,,,
3501920,,unknown,,unknown,,unknown,,,,,,,
3501950,,unknown,,unknown,,unknown,,,,,,,
3501980,,unknown,,unknown,,unknown,,,,,,,
3600101,2023Q4,exact,2023Q2,backcast_award_minus_2q,2023Q1,from_applied_minus_1q,nanQnan,nanQnan,nanQnan,,,,
3502040,,unknown,,unknown,,unknown,,,,,,,
3502070,,unknown,,unknown,,unknown,,,,,,,
3502100,,unknown,,unknown,,unknown,,,,,,,
3502130,,unknown,,unknown,,unknown,,,,,,,
3502160,,unknown,,unknown,,unknown,,,,,,,
3502190,,unknown,,unknown,,unknown,,,,,,,
3502220,,unknown,,unknown,,unknown,,,,,,,
3502250,,unknown,,unknown,,unknown,,,,,,,
3502280,,unknown,,unknown,,unknown,,,,,,,
3502310,,unknown,,unknown,,unknown,,,,,,,
3502340,,unknown,,unknown,,unknown,,,,,,,
3600102,2023Q4,exact,2023Q2,backcast_award_minus_2q,2023Q1,from_applied_minus_1q,nanQnan,nanQnan,nanQnan,,,,
3502400,,unknown,,unknown,,unknown,,,,,,,
3502430,,unknown,,unknown,,unknown,,,,,,,
3502460,,unknown,,unknown,,unknown,,,,,,,
3502490,,unknown,,unknown,,unknown,,,,,,,
3502520,,unknown,,unknown,,unknown,,,,,,,
3502550,,unknown,,unknown,,unknown,,,,,,,
3502580,,unknown,,unknown,,unknown,,,,,,,
3502610,,unknown,,unknown,,unknown,,,,,,,
3502640,,unknown,,unknown,,unknown,,,,,,,
3502670,,unknown,,unknown,,unknown,,,,,,,
3502730,,unknown,,unknown,,unknown,,,,,,,
3502800,,unknown,,unknown,,unknown,,,,,,,
3502801,,unknown,,unknown,,unknown,,,,,,,
3502802,,unknown,,unknown,,unknown,,,,,,,
3502803,,unknown,,unknown,,unknown,,,,,,,
3600001,,unknown,,unknown,,unknown,,,,,,,
3600103,2023Q4,exact,2023Q2,backcast_award_minus_2q,2023Q1,from_applied_minus_1q,nanQnan,nanQnan,nanQnan,,,,
3600003,,unknown,,unknown,,unknown,,,,,,,
3600004,,unknown,,unknown,,unknown,,,,,,,
3600005,,unknown,,unknown,,unknown,,,,,,,
3600006,,unknown,,unknown,,unknown,,,,,,,
3600007,,unknown,,unknown,,unknown,,,,,,,
3600008,,unknown,,unknown,,unknown,,,,,,,
3600097,2023Q4,exact,2023Q2,backcast_award_minus_2q,2023Q1,from_applied_minus_1q,nanQnan,nanQnan,nanQnan,,,,
3600010,,unknown,,unknown,,unknown,,,,,,,
3600011,,unknown,,unknown,,unknown,,,,,,,
3600012,,unknown,,unknown,,unknown,,,,,,,
3600013,,unknown,,unknown,,unknown,,,,,,,
3600014,,unknown,,unknown,,unknown,,,,,,,
3600015,,unknown,,unknown,,unknown,,,,,,,
3600016,,unknown,,unknown,,unknown,,,,,,,
3600017,,unknown,,unknown,,unknown,,,,,,,
3600018,,unknown,,unknown,,unknown,,,,,,,
3600019,,unknown,,unknown,,unknown,,,,,,,
3600020,,unknown,,unknown,,unknown,,,,,,,
3600021,,unknown,,unknown,,unknown,,,,,,,
3600023,,unknown,,unknown,,unknown,,,,,,,
3600024,,unknown,,unknown,,unknown,,,,,,,
3600025,,unknown,,unknown,,unknown,,,,,,,
3600026,,unknown,,unknown,,unknown,,,,,,,
3600029,,unknown,,unknown,,unknown,,,,,,,
3600030,,unknown,,unknown,,unknown,,,,,,,
3600032,,unknown,,unknown,,unknown,,,,,,,
3600033,,unknown,,unknown,,unknown,,,,,,,
3600035,,unknown,,unknown,,unknown,,,,,,,
3600036,,unknown,,unknown,,unknown,,,,,,,
3600038,,unknown,,unknown,,unknown,,,,,,,
3600039,,unknown,,unknown,,unknown,,,,,,,
3600042,,unknown,,unknown,,unknown,,,,,,,
3600045,,unknown,,unknown,,unknown,,,,,,,
3411340,2021Q4,exact,2021Q2,backcast_award_minus_2q,2021Q1,from_applied_minus_1q,2022Q4,2023Q3,2023Q3,4.0,3.0,0.0,7.0
3600047,,unknown,,unknown,,unknown,,,,,,,
3600048,,unknown,,unknown,,unknown,,,,,,,
3600049,,unknown,,unknown,,unknown,,,,,,,
3600053,,unknown,,unknown,,unknown,,,,,,,
3600054,,unknown,,unknown,,unknown,,,,,,,
3600055,,unknown,,unknown,,unknown,,,,,,,
3600057,,unknown,,unknown,,unknown,,,,,,,
3600059,,unknown,,unknown,,unknown,,,,,,,
3600060,,unknown,,unknown,,unknown,,,,,,,
3600061,,unknown,,unknown,,unknown,,,,,,,
3600063,,unknown,,unknown,,unknown,,,,,,,
3600066,,unknown,,unknown,,unknown,,,,,,,
3600067,,unknown,,unknown,,unknown,,,,,,,
3600068,,unknown,,unknown,,unknown,,,,,,,
3600070,,unknown,,unknown,,unknown,,,,,,,
3600071,,unknown,,unknown,,unknown,,,,,,,
3600073,,unknown,,unknown,,unknown,,,,,,,
627060,2018Q3,exact,2018Q1,backcast_award_minus_2q,2017Q4,from_applied_minus_1q,2019Q2,2021Q2,2021Q3,3.0,8.0,1.0,12.0
4108720,2020Q2,exact,2019Q4,backcast_award_minus_2q,2019Q3,from_applied_minus_1q,2021Q1,2022Q2,2022Q3,3.0,5.0,1.0,9.0
2508580,2024Q2,exact,2023Q4,backcast_award_minus_2q,2023Q3,from_applied_minus_1q,nanQnan,nanQnan,nanQnan,,,,
3620790,2022Q4,exact,2022Q2,backcast_award_minus_2q,2022Q1,from_applied_minus_1q,2023Q3,2024Q2,2024Q2,3.0,3.0,0.0,6.0
3600080,,unknown,,unknown,,unknown,,,,,,,
627180,2020Q4,exact,2020Q2,backcast_award_minus_2q,2020Q1,from_applied_minus_1q,2021Q3,nanQnan,nanQnan,3.0,,,
3600082,,unknown,,unknown,,unknown,,,,,,,
627240,2022Q2,exact,2021Q4,backcast_award_minus_2q,2021Q3,from_applied_minus_1q,2022Q3,nanQnan,nanQnan,1.0,,,
2922470,2024Q2,exact,2023Q4,backcast_award_minus_2q,2023Q3,from_applied_minus_1q,nanQnan,nanQnan,nanQnan,,,,
5900197,2022Q4,exact,2022Q2,backcast_award_minus_2q,2022Q1,from_applied_minus_1q,nanQnan,2023Q4,2023Q4,,,0.0,4.0
2922650,2023Q4,exact,2023Q2,backcast_award_minus_2q,2023Q1,from_applied_minus_1q,nanQnan,nanQnan,nanQnan,,,,
5305700,2022Q1,exact,2021Q3,backcast_award_minus_2q,2021Q2,from_applied_minus_1q,2022Q2,2023Q1,2023Q2,1.0,3.0,1.0,5.0
37NCDPI,2022Q4,exact,2022Q2,backcast_award_minus_2q,2022Q1,from_applied_minus_1q,2023Q1,2023Q4,2023Q4,1.0,3.0,0.0,4.0
3600089,,unknown,,unknown,,unknown,,,,,,,
1800118,2022Q4,exact,2022Q2,backcast_award_minus_2q,2022Q1,from_applied_minus_1q,2022Q4,2023Q3,2023Q3,0.0,3.0,0.0,3.0
3621000,2024Q2,exact,2023Q4,backcast_award_minus_2q,2023Q3,from_applied_minus_1q,nanQnan,nanQnan,nanQnan,,,,
5504980,2024Q2,exact,2023Q4,backcast_award_minus_2q,2023Q3,from_applied_minus_1q,nanQnan,nanQnan,nanQnan,,,,
4104350,2024Q2,exact,2023Q4,backcast_award_minus_2q,2023Q3,from_applied_minus_1q,nanQnan,nanQnan,nanQnan,,,,
3700323,2024Q2,exact,2023Q4,backcast_award_minus_2q,2023Q3,from_applied_minus_1q,nanQnan,nanQnan,nanQnan,,,,
4832970,2022Q4,exact,2022Q2,backcast_award_minus_2q,2022Q1,from_applied_minus_1q,2023Q1,2023Q4,2023Q4,1.0,3.0,0.0,4.0
5305760,2022Q1,exact,2021Q3,backcast_award_minus_2q,2021Q2,from_applied_minus_1q,2022Q2,2023Q1,2023Q2,1.0,3.0,1.0,5.0
4108880,2024Q1,exact,2023Q3,backcast_award_minus_2q,2023Q2,from_applied_minus_1q,nanQnan,nanQnan,nanQnan,,,,
3626370,2024Q2,exact,2023Q4,backcast_award_minus_2q,2023Q3,from_applied_minus_1q,nanQnan,nanQnan,nanQnan,,,,
5305850,2020Q2,exact,2020Q2,program_calendar,2020Q1,from_applied_minus_1q,2021Q3,2021Q3,2021Q3,5.0,0.0,0.0,5.0
5102710,2024Q2,exact,2023Q4,backcast_award_minus_2q,2023Q3,from_applied_minus_1q,nanQnan,nanQnan,nanQnan,,,,
2922860,2022Q4,exact,2022Q2,backcast_award_minus_2q,2022Q1,from_applied_minus_1q,2023Q2,2023Q3,2023Q3,2.0,1.0,0.0,3.0
1808190,2022Q4,exact,2022Q2,backcast_award_minus_2q,2022Q1,from_applied_minus_1q,nanQnan,2023Q4,2023Q4,,,0.0,4.0
3600104,,unknown,,unknown,,unknown,,,,,,,
3600105,,unknown,,unknown,,unknown,,,,,,,
3600106,,unknown,,unknown,,unknown,,,,,,,
3600107,,unknown,,unknown,,unknown,,,,,,,
3600108,,unknown,,unknown,,unknown,,,,,,,
3600109,,unknown,,unknown,,unknown,,,,,,,
3600110,,unknown,,unknown,,unknown,,,,,,,
3600111,,unknown,,unknown,,unknown,,,,,,,
3600112,,unknown,,unknown,,unknown,,,,,,,
3600113,,unknown,,unknown,,unknown,,,,,,,
3600114,,unknown,,unknown,,unknown,,,,,,,
3600115,,unknown,,unknown,,unknown,,,,,,,
3600116,,unknown,,unknown,,unknown,,,,,,,
3600118,,unknown,,unknown,,unknown,,,,,,,
603030,2022Q2,exact,2020Q2,program_calendar,2020Q1,from_applied_minus_1q,2022Q3,nanQnan,nanQnan,1.0,,,
4217700,2022Q4,exact,2022Q2,backcast_award_minus_2q,2022Q1,from_applied_minus_1q,2023Q1,2023Q4,2023Q4,1.0,3.0,0.0,4.0
5305880,2024Q2,exact,2023Q4,backcast_award_minus_2q,2023Q3,from_applied_minus_1q,nanQnan,nanQnan,nanQnan,,,,
5305910,2020Q2,exact,2019Q4,backcast_award_minus_2q,2019Q3,from_applied_minus_1q,2021Q1,2022Q2,2022Q3,3.0,5.0,1.0,9.0
2625980,2024Q2,exact,2023Q4,backcast_award_minus_2q,2023Q3,from_applied_minus_1q,nanQnan,nanQnan,nanQnan,,,,
3600124,,unknown,,unknown,,unknown,,,,,,,
3600125,,unknown,,unknown,,unknown,,,,,,,
3600126,,unknown,,unknown,,unknown,,,,,,,
3600127,,unknown,,unknown,,unknown,,,,,,,
3600128,,unknown,,unknown,,unknown,,,,,,,
3600131,,unknown,,unknown,,unknown,,,,,,,
3600133,,unknown,,unknown,,unknown,,,,,,,
3600134,,unknown,,unknown,,unknown,,,,,,,
3600135,,unknown,,unknown,,unknown,,,,,,,
3600136,,unknown,,unknown,,unknown,,,,,,,
3600137,,unknown,,unknown,,unknown,,,,,,,
3600138,,unknown,,unknown,,unknown,,,,,,,
3600139,,unknown,,unknown,,unknown,,,,,,,
3600140,,unknown,,unknown,,unknown,,,,,,,
3600141,,unknown,,unknown,,unknown,,,,,,,
3600142,,unknown,,unknown,,unknown,,,,,,,
3600143,,unknown,,unknown,,unknown,,,,,,,
3600144,,unknown,,unknown,,unknown,,,,,,,
3600145,,unknown,,unknown,,unknown,,,,,,,
3600146,,unknown,,unknown,,unknown,,,,,,,
3600147,,unknown,,unknown,,unknown,,,,,,,
3600148,,unknown,,unknown,,unknown,,,,,,,
3600149,,unknown,,unknown,,unknown,,,,,,,
4217790,2024Q2,exact,2023Q4,backcast_award_minus_2q,2023Q3,from_applied_minus_1q,nanQnan,nanQnan,nanQnan,,,,
627690,2019Q3,exact,2019Q1,backcast_award_minus_2q,2018Q4,from_applied_minus_1q,2020Q2,2021Q4,2022Q1,3.0,6.0,1.0,10.0
3621360,2022Q4,exact,2022Q2,backcast_award_minus_2q,2022Q1,from_applied_minus_1q,2023Q3,2024Q1,2024Q1,3.0,2.0,0.0,5.0
3600154,,unknown,,unknown,,unknown,,,,,,,
3600155,,unknown,,unknown,,unknown,,,,,,,
3600157,,unknown,,unknown,,unknown,,,,,,,
3600158,,unknown,,unknown,,unknown,,,,,,,
3600159,,unknown,,unknown,,unknown,,,,,,,
3600160,,unknown,,unknown,,unknown,,,,,,,
3600161,,unknown,,unknown,,unknown,,,,,,,
3600162,,unknown,,unknown,,unknown,,,,,,,
3600163,,unknown,,unknown,,unknown,,,,,,,
3600164,,unknown,,unknown,,unknown,,,,,,,
3600165,,unknown,,unknown,,unknown,,,,,,,
3600166,,unknown,,unknown,,unknown,,,,,,,
3600167,,unknown,,unknown,,unknown,,,,,,,
3600169,,unknown,,unknown,,unknown,,,,,,,
3600170,,unknown,,unknown,,unknown,,,,,,,
3600172,,unknown,,unknown,,unknown,,,,,,,
3600173,,unknown,,unknown,,unknown,,,,,,,
3600943,,unknown,,unknown,,unknown,,,,,,,
3600944,,unknown,,unknown,,unknown,,,,,,,
3600945,,unknown,,unknown,,unknown,,,,,,,
3600946,,unknown,,unknown,,unknown,,,,,,,
3600947,,unknown,,unknown,,unknown,,,,,,,
3600948,,unknown,,unknown,,unknown,,,,,,,
3600949,,unknown,,unknown,,unknown,,,,,,,
3600950,,unknown,,unknown,,unknown,,,,,,,
3600952,,unknown,,unknown,,unknown,,,,,,,
3600953,,unknown,,unknown,,unknown,,,,,,,
3600954,,unknown,,unknown,,unknown,,,,,,,
3600955,,unknown,,unknown,,unknown,,,,,,,
3600956,,unknown,,unknown,,unknown,,,,,,,
3600957,,unknown,,unknown,,unknown,,,,,,,
3600958,,unknown,,unknown,,unknown,,,,,,,
3600959,,unknown,,unknown,,unknown,,,,,,,
3600960,,unknown,,unknown,,unknown,,,,,,,
3600961,,unknown,,unknown,,unknown,,,,,,,
3600962,,unknown,,unknown,,unknown,,,,,,,
3600963,,unknown,,unknown,,unknown,,,,,,,
3600964,,unknown,,unknown,,unknown,,,,,,,
3600965,,unknown,,unknown,,unknown,,,,,,,
3600966,,unknown,,unknown,,unknown,,,,,,,
3600967,,unknown,,unknown,,unknown,,,,,,,
3600968,,unknown,,unknown,,unknown,,,,,,,
3600969,,unknown,,unknown,,unknown,,,,,,,
3600984,,unknown,,unknown,,unknown,,,,,,,
3600986,,unknown,,unknown,,unknown,,,,,,,
3600987,,unknown,,unknown,,unknown,,,,,,,
3600988,,unknown,,unknown,,unknown,,,,,,,
3600989,,unknown,,unknown,,unknown,,,,,,,
3600990,,unknown,,unknown,,unknown,,,,,,,
3600992,,unknown,,unknown,,unknown,,,,,,,
3600993,,unknown,,unknown,,unknown,,,,,,,
3600994,,unknown,,unknown,,unknown,,,,,,,
3600995,,unknown,,unknown,,unknown,,,,,,,
3600996,,unknown,,unknown,,unknown,,,,,,,
3600997,,unknown,,unknown,,unknown,,,,,,,
3600998,,unknown,,unknown,,unknown,,,,,,,
3601000,,unknown,,unknown,,unknown,,,,,,,
3601001,,unknown,,unknown,,unknown,,,,,,,
3601002,,unknown,,unknown,,unknown,,,,,,,
3601003,,unknown,,unknown,,unknown,,,,,,,
3601004,,unknown,,unknown,,unknown,,,,,,,
3601005,,unknown,,unknown,,unknown,,,,,,,
3601006,,unknown,,unknown,,unknown,,,,,,,
3601008,,unknown,,unknown,,unknown,,,,,,,
3601009,,unknown,,unknown,,unknown,,,,,,,
3601010,,unknown,,unknown,,unknown,,,,,,,
3601011,,unknown,,unknown,,unknown,,,,,,,
3601012,,unknown,,unknown,,unknown,,,,,,,
3601014,,unknown,,unknown,,unknown,,,,,,,
3601015,,unknown,,unknown,,unknown,,,,,,,
3601016,,unknown,,unknown,,unknown,,,,,,,
3601017,,unknown,,unknown,,unknown,,,,,,,
3601018,,unknown,,unknown,,unknown,,,,,,,
3601019,,unknown,,unknown,,unknown,,,,,,,
3601022,,unknown,,unknown,,unknown,,,,,,,
3601023,,unknown,,unknown,,unknown,,,,,,,
3601024,,unknown,,unknown,,unknown,,,,,,,
3601025,,unknown,,unknown,,unknown,,,,,,,
3601027,,unknown,,unknown,,unknown,,,,,,,
3601028,,unknown,,unknown,,unknown,,,,,,,
3601029,,unknown,,unknown,,unknown,,,,,,,
3601030,,unknown,,unknown,,unknown,,,,,,,
3601031,,unknown,,unknown,,unknown,,,,,,,
3601032,,unknown,,unknown,,unknown,,,,,,,
3601033,,unknown,,unknown,,unknown,,,,,,,
3601034,,unknown,,unknown,,unknown,,,,,,,
3601035,,unknown,,unknown,,unknown,,,,,,,
3601036,,unknown,,unknown,,unknown,,,,,,,
3601039,,unknown,,unknown,,unknown,,,,,,,
3601040,,unknown,,unknown,,unknown,,,,,,,
3601041,,unknown,,unknown,,unknown,,,,,,,
3601042,,unknown,,unknown,,unknown,,,,,,,
3601043,,unknown,,unknown,,unknown,,,,,,,
3601044,,unknown,,unknown,,unknown,,,,,,,
3601046,,unknown,,unknown,,unknown,,,,,,,
3601047,,unknown,,unknown,,unknown,,,,,,,
3601048,,unknown,,unknown,,unknown,,,,,,,
3601049,,unknown,,unknown,,unknown,,,,,,,
3601051,,unknown,,unknown,,unknown,,,,,,,
3601052,,unknown,,unknown,,unknown,,,,,,,
3601053,,unknown,,unknown,,unknown,,,,,,,
3601054,,unknown,,unknown,,unknown,,,,,,,
3601055,,unknown,,unknown,,unknown,,,,,,,
3601056,,unknown,,unknown,,unknown,,,,,,,
3601057,,unknown,,unknown,,unknown,,,,,,,
3601058,,unknown,,unknown,,unknown,,,,,,,
3601059,,unknown,,unknown,,unknown,,,,,,,
3601060,,unknown,,unknown,,unknown,,,,,,,
3601061,,unknown,,unknown,,unknown,,,,,,,
3601062,,unknown,,unknown,,unknown,,,,,,,
3601063,,unknown,,unknown,,unknown,,,,,,,
3601064,,unknown,,unknown,,unknown,,,,,,,
3601065,,unknown,,unknown,,unknown,,,,,,,
3601066,,unknown,,unknown,,unknown,,,,,,,
3601067,,unknown,,unknown,,unknown,,,,,,,
3601069,,unknown,,unknown,,unknown,,,,,,,
3601070,,unknown,,unknown,,unknown,,,,,,,
3601071,,unknown,,unknown,,unknown,,,,,,,
3601072,,unknown,,unknown,,unknown,,,,,,,
3601073,,unknown,,unknown,,unknown,,,,,,,
3601075,,unknown,,unknown,,unknown,,,,,,,
3601076,,unknown,,unknown,,unknown,,,,,,,
3601077,,unknown,,unknown,,unknown,,,,,,,
3601078,,unknown,,unknown,,unknown,,,,,,,
3601079,,unknown,,unknown,,unknown,,,,,,,
3601080,,unknown,,unknown,,unknown,,,,,,,
3601082,,unknown,,unknown,,unknown,,,,,,,
3601083,,unknown,,unknown,,unknown,,,,,,,
3601084,,unknown,,unknown,,unknown,,,,,,,
3601085,,unknown,,unknown,,unknown,,,,,,,
3601086,,unknown,,unknown,,unknown,,,,,,,
3601087,,unknown,,unknown,,unknown,,,,,,,
3601088,,unknown,,unknown,,unknown,,,,,,,
3601089,,unknown,,unknown,,unknown,,,,,,,
3601090,,unknown,,unknown,,unknown,,,,,,,
3601091,,unknown,,unknown,,unknown,,,,,,,
3601092,,unknown,,unknown,,unknown,,,,,,,
3601093,,unknown,,unknown,,unknown,,,,,,,
3601094,,unknown,,unknown,,unknown,,,,,,,
3601095,,unknown,,unknown,,unknown,,,,,,,
3601096,,unknown,,unknown,,unknown,,,,,,,
3601097,,unknown,,unknown,,unknown,,,,,,,
3601099,,unknown,,unknown,,unknown,,,,,,,
3601100,,unknown,,unknown,,unknown,,,,,,,
3601102,,unknown,,unknown,,unknown,,,,,,,
3601105,,unknown,,unknown,,unknown,,,,,,,
3601106,,unknown,,unknown,,unknown,,,,,,,
3601107,,unknown,,unknown,,unknown,,,,,,,
3601108,,unknown,,unknown,,unknown,,,,,,,
3601109,,unknown,,unknown,,unknown,,,,,,,
3601110,,unknown,,unknown,,unknown,,,,,,,
3601111,,unknown,,unknown,,unknown,,,,,,,
3601112,,unknown,,unknown,,unknown,,,,,,,
3601113,,unknown,,unknown,,unknown,,,,,,,
3601114,,unknown,,unknown,,unknown,,,,,,,
3601115,,unknown,,unknown,,unknown,,,,,,,
3601116,,unknown,,unknown,,unknown,,,,,,,
3601117,,unknown,,unknown,,unknown,,,,,,,
3601118,,unknown,,unknown,,unknown,,,,,,,
3601119,,unknown,,unknown,,unknown,,,,,,,
3601120,,unknown,,unknown,,unknown,,,,,,,
3601121,,unknown,,unknown,,unknown,,,,,,,
3601122,,unknown,,unknown,,unknown,,,,,,,
3601123,,unknown,,unknown,,unknown,,,,,,,
3601124,,unknown,,unknown,,unknown,,,,,,,
3601125,,unknown,,unknown,,unknown,,,,,,,
3601127,,unknown,,unknown,,unknown,,,,,,,
3601128,,unknown,,unknown,,unknown,,,,,,,
3601129,,unknown,,unknown,,unknown,,,,,,,
3601130,,unknown,,unknown,,unknown,,,,,,,
3601131,,unknown,,unknown,,unknown,,,,,,,
3601132,,unknown,,unknown,,unknown,,,,,,,
3601133,,unknown,,unknown,,unknown,,,,,,,
3601134,,unknown,,unknown,,unknown,,,,,,,
3601135,,unknown,,unknown,,unknown,,,,,,,
3601136,,unknown,,unknown,,unknown,,,,,,,
3601137,,unknown,,unknown,,unknown,,,,,,,
3601138,,unknown,,unknown,,unknown,,,,,,,
3601139,,unknown,,unknown,,unknown,,,,,,,
3601140,,unknown,,unknown,,unknown,,,,,,,
3601141,,unknown,,unknown,,unknown,,,,,,,
3601142,,unknown,,unknown,,unknown,,,,,,,
3601143,,unknown,,unknown,,unknown,,,,,,,
3601144,,unknown,,unknown,,unknown,,,,,,,
3601145,,unknown,,unknown,,unknown,,,,,,,
3601146,,unknown,,unknown,,unknown,,,,,,,
3601147,,unknown,,unknown,,unknown,,,,,,,
3601148,,unknown,,unknown,,unknown,,,,,,,
3601149,,unknown,,unknown,,unknown,,,,,,,
3601150,,unknown,,unknown,,unknown,,,,,,,
3601151,,unknown,,unknown,,unknown,,,,,,,
3601152,,unknown,,unknown,,unknown,,,,,,,
3601153,,unknown,,unknown,,unknown,,,,,,,
3601154,,unknown,,unknown,,unknown,,,,,,,
3601155,,unknown,,unknown,,unknown,,,,,,,
3601156,,unknown,,unknown,,unknown,,,,,,,
3601157,,unknown,,unknown,,unknown,,,,,,,
3601158,,unknown,,unknown,,unknown,,,,,,,
3601159,,unknown,,unknown,,unknown,,,,,,,
3601160,,unknown,,unknown,,unknown,,,,,,,
3601161,,unknown,,unknown,,unknown,,,,,,,
3601162,,unknown,,unknown,,unknown,,,,,,,
3601163,,unknown,,unknown,,unknown,,,,,,,
3601164,,unknown,,unknown,,unknown,,,,,,,
3601165,,unknown,,unknown,,unknown,,,,,,,
3601166,,unknown,,unknown,,unknown,,,,,,,
3601167,,unknown,,unknown,,unknown,,,,,,,
3601168,,unknown,,unknown,,unknown,,,,,,,
3601169,,unknown,,unknown,,unknown,,,,,,,
3601170,,unknown,,unknown,,unknown,,,,,,,
3601171,,unknown,,unknown,,unknown,,,,,,,
3601172,,unknown,,unknown,,unknown,,,,,,,
3601173,,unknown,,unknown,,unknown,,,,,,,
3601174,,unknown,,unknown,,unknown,,,,,,,
3601175,,unknown,,unknown,,unknown,,,,,,,
3601176,,unknown,,unknown,,unknown,,,,,,,
3601177,,unknown,,unknown,,unknown,,,,,,,
3601178,,unknown,,unknown,,unknown,,,,,,,
3601179,,unknown,,unknown,,unknown,,,,,,,
3601180,,unknown,,unknown,,unknown,,,,,,,
3601181,,unknown,,unknown,,unknown,,,,,,,
3601182,,unknown,,unknown,,unknown,,,,,,,
3601183,,unknown,,unknown,,unknown,,,,,,,
3601184,,unknown,,unknown,,unknown,,,,,,,
3601186,,unknown,,unknown,,unknown,,,,,,,
3601187,,unknown,,unknown,,unknown,,,,,,,
3601188,,unknown,,unknown,,unknown,,,,,,,
3601189,,unknown,,unknown,,unknown,,,,,,,
3601190,,unknown,,unknown,,unknown,,,,,,,
3601191,,unknown,,unknown,,unknown,,,,,,,
3601192,,unknown,,unknown,,unknown,,,,,,,
3601193,,unknown,,unknown,,unknown,,,,,,,
3601194,,unknown,,unknown,,unknown,,,,,,,
3601195,,unknown,,unknown,,unknown,,,,,,,
3601196,,unknown,,unknown,,unknown,,,,,,,
3601197,,unknown,,unknown,,unknown,,,,,,,
3601198,,unknown,,unknown,,unknown,,,,,,,
3601199,,unknown,,unknown,,unknown,,,,,,,
3601200,,unknown,,unknown,,unknown,,,,,,,
3601201,,unknown,,unknown,,unknown,,,,,,,
3601202,,unknown,,unknown,,unknown,,,,,,,
3601203,,unknown,,unknown,,unknown,,,,,,,
3601204,,unknown,,unknown,,unknown,,,,,,,
3601205,,unknown,,unknown,,unknown,,,,,,,
3601206,,unknown,,unknown,,unknown,,,,,,,
3601207,,unknown,,unknown,,unknown,,,,,,,
3601208,,unknown,,unknown,,unknown,,,,,,,
3601209,,unknown,,unknown,,unknown,,,,,,,
3601210,,unknown,,unknown,,unknown,,,,,,,
3601211,,unknown,,unknown,,unknown,,,,,,,
3601212,,unknown,,unknown,,unknown,,,,,,,
3601213,,unknown,,unknown,,unknown,,,,,,,
3601214,,unknown,,unknown,,unknown,,,,,,,
3601215,,unknown,,unknown,,unknown,,,,,,,
3601216,,unknown,,unknown,,unknown,,,,,,,
3601217,,unknown,,unknown,,unknown,,,,,,,
3601218,,unknown,,unknown,,unknown,,,,,,,
3601219,,unknown,,unknown,,unknown,,,,,,,
3601220,,unknown,,unknown,,unknown,,,,,,,
3601221,,unknown,,unknown,,unknown,,,,,,,
3601222,,unknown,,unknown,,unknown,,,,,,,
3601223,,unknown,,unknown,,unknown,,,,,,,
3601224,,unknown,,unknown,,unknown,,,,,,,
3601225,,unknown,,unknown,,unknown,,,,,,,
3601226,,unknown,,unknown,,unknown,,,,,,,
3601227,,unknown,,unknown,,unknown,,,,,,,
3601228,,unknown,,unknown,,unknown,,,,,,,
3601229,,unknown,,unknown,,unknown,,,,,,,
3601230,,unknown,,unknown,,unknown,,,,,,,
3601231,,unknown,,unknown,,unknown,,,,,,,
3602310,,unknown,,unknown,,unknown,,,,,,,
3602340,,unknown,,unknown,,unknown,,,,,,,
3602370,,unknown,,unknown,,unknown,,,,,,,
3602400,,unknown,,unknown,,unknown,,,,,,,
3602430,,unknown,,unknown,,unknown,,,,,,,
3602460,,unknown,,unknown,,unknown,,,,,,,
3602520,,unknown,,unknown,,unknown,,,,,,,
3602550,,unknown,,unknown,,unknown,,,,,,,
3602580,,unknown,,unknown,,unknown,,,,,,,
42NUVVE,2022Q1,exact,2021Q3,backcast_award_minus_2q,2021Q2,from_applied_minus_1q,2022Q2,2023Q1,2023Q2,1.0,3.0,1.0,5.0
3602700,,unknown,,unknown,,unknown,,,,,,,
3602730,,unknown,,unknown,,unknown,,,,,,,
3602820,,unknown,,unknown,,unknown,,,,,,,
3602880,,unknown,,unknown,,unknown,,,,,,,
3602920,,unknown,,unknown,,unknown,,,,,,,
3602940,,unknown,,unknown,,unknown,,,,,,,
3602970,,unknown,,unknown,,unknown,,,,,,,
3603000,,unknown,,unknown,,unknown,,,,,,,
3603030,,unknown,,unknown,,unknown,,,,,,,
3603060,,unknown,,unknown,,unknown,,,,,,,
3603180,,unknown,,unknown,,unknown,,,,,,,
3603210,,unknown,,unknown,,unknown,,,,,,,
3603240,,unknown,,unknown,,unknown,,,,,,,
3620580,2020Q1,exact,2019Q3,backcast_award_minus_2q,2019Q2,from_applied_minus_1q,2020Q4,2021Q2,2021Q3,3.0,2.0,1.0,6.0
3603420,,unknown,,unknown,,unknown,,,,,,,
3603480,,unknown,,unknown,,unknown,,,,,,,
3603630,,unknown,,unknown,,unknown,,,,,,,
3603660,,unknown,,unknown,,unknown,,,,,,,
3603720,,unknown,,unknown,,unknown,,,,,,,
3603810,,unknown,,unknown,,unknown,,,,,,,
3603840,,unknown,,unknown,,unknown,,,,,,,
3603870,,unknown,,unknown,,unknown,,,,,,,
3603930,,unknown,,unknown,,unknown,,,,,,,
5305940,2020Q2,exact,2019Q4,backcast_award_minus_2q,2019Q3,from_applied_minus_1q,2020Q4,2020Q4,2020Q4,2.0,0.0,0.0,2.0
3603990,,unknown,,unknown,,unknown,,,,,,,
3604050,,unknown,,unknown,,unknown,,,,,,,
628050,2021Q2,exact,2020Q4,backcast_award_minus_2q,2020Q3,from_applied_minus_1q,2022Q1,2022Q1,2022Q1,3.0,0.0,0.0,3.0
3604110,,unknown,,unknown,,unknown,,,,,,,
4833340,2024Q2,exact,2023Q4,backcast_award_minus_2q,2023Q3,from_applied_minus_1q,nanQnan,nanQnan,nanQnan,,,,
3604200,,unknown,,unknown,,unknown,,,,,,,
3604290,,unknown,,unknown,,unknown,,,,,,,
3604350,,unknown,,unknown,,unknown,,,,,,,
4703270,2024Q2,exact,2023Q4,backcast_award_minus_2q,2023Q3,from_applied_minus_1q,nanQnan,nanQnan,nanQnan,,,,
3604410,,unknown,,unknown,,unknown,,,,,,,
628170,2019Q3,exact,2019Q1,backcast_award_minus_2q,2018Q4,from_applied_minus_1q,2020Q2,2021Q1,2021Q2,3.0,3.0,1.0,7.0
3604620,,unknown,,unknown,,unknown,,,,,,,
3604650,,unknown,,unknown,,unknown,,,,,,,
628250,2020Q3,exact,2020Q1,backcast_award_minus_2q,2019Q4,from_applied_minus_1q,2020Q4,2021Q2,2021Q3,1.0,2.0,1.0,4.0
3604740,,unknown,,unknown,,unknown,,,,,,,
3604757,,unknown,,unknown,,unknown,,,,,,,
3604758,,unknown,,unknown,,unknown,,,,,,,
3604870,,unknown,,unknown,,unknown,,,,,,,
3604920,,unknown,,unknown,,unknown,,,,,,,
3605010,,unknown,,unknown,,unknown,,,,,,,
3605040,,unknown,,unknown,,unknown,,,,,,,
3605220,,unknown,,unknown,,unknown,,,,,,,
3605280,,unknown,,unknown,,unknown,,,,,,,
3605310,,unknown,,unknown,,unknown,,,,,,,
3605340,,unknown,,unknown,,unknown,,,,,,,
3605370,,unknown,,unknown,,unknown,,,,,,,
3605460,,unknown,,unknown,,unknown,,,,,,,
3605520,,unknown,,unknown,,unknown,,,,,,,
3605580,,unknown,,unknown,,unknown,,,,,,,
3605610,,unknown,,unknown,,unknown,,,,,,,
3605640,,unknown,,unknown,,unknown,,,,,,,
3605670,,unknown,,unknown,,unknown,,,,,,,
3605820,2024Q2,exact,2023Q4,backcast_award_minus_2q,2023Q3,from_applied_minus_1q,nanQnan,nanQnan,nanQnan,,,,
4503060,2022Q4,exact,2022Q2,backcast_award_minus_2q,2022Q1,from_applied_minus_1q,nanQnan,2024Q1,2024Q1,,,0.0,5.0
3605940,,unknown,,unknown,,unknown,,,,,,,
3606060,,unknown,,unknown,,unknown,,,,,,,
3606090,,unknown,,unknown,,unknown,,,,,,,
3606160,,unknown,,unknown,,unknown,,,,,,,
3606180,,unknown,,unknown,,unknown,,,,,,,
3606210,,unknown,,unknown,,unknown,,,,,,,
3606240,,unknown,,unknown,,unknown,,,,,,,
2723970,2022Q4,exact,2022Q2,backcast_award_minus_2q,2022Q1,from_applied_minus_1q,nanQnan,2024Q1,2024Q1,,,0.0,5.0
3606330,,unknown,,unknown,,unknown,,,,,,,
3606360,,unknown,,unknown,,unknown,,,,,,,
3606390,,unknown,,unknown,,unknown,,,,,,,
3606420,,unknown,,unknown,,unknown,,,,,,,
3606470,,unknown,,unknown,,unknown,,,,,,,
3606500,,unknown,,unknown,,unknown,,,,,,,
3606540,,unknown,,unknown,,unknown,,,,,,,
3606570,,unknown,,unknown,,unknown,,,,,,,
3606630,,unknown,,unknown,,unknown,,,,,,,
3606660,,unknown,,unknown,,unknown,,,,,,,
3606690,,unknown,,unknown,,unknown,,,,,,,
3606720,,unknown,,unknown,,unknown,,,,,,,
3606780,,unknown,,unknown,,unknown,,,,,,,
3606840,,unknown,,unknown,,unknown,,,,,,,
3606870,,unknown,,unknown,,unknown,,,,,,,
3606900,,unknown,,unknown,,unknown,,,,,,,
3606990,,unknown,,unknown,,unknown,,,,,,,
3607020,,unknown,,unknown,,unknown,,,,,,,
3607050,,unknown,,unknown,,unknown,,,,,,,
3607080,,unknown,,unknown,,unknown,,,,,,,
4022560,2022Q4,exact,2022Q2,backcast_award_minus_2q,2022Q1,from_applied_minus_1q,2023Q1,2023Q2,2023Q2,1.0,1.0,0.0,2.0
3607170,,unknown,,unknown,,unknown,,,,,,,
3607230,,unknown,,unknown,,unknown,,,,,,,
3607260,,unknown,,unknown,,unknown,,,,,,,
3607290,,unknown,,unknown,,unknown,,,,,,,
3607320,,unknown,,unknown,,unknown,,,,,,,
3607380,,unknown,,unknown,,unknown,,,,,,,
3607440,,unknown,,unknown,,unknown,,,,,,,
3607470,,unknown,,unknown,,unknown,,,,,,,
3607530,,unknown,,unknown,,unknown,,,,,,,
3607560,,unknown,,unknown,,unknown,,,,,,,
3607590,,unknown,,unknown,,unknown,,,,,,,
3607650,,unknown,,unknown,,unknown,,,,,,,
3607680,,unknown,,unknown,,unknown,,,,,,,
3607710,,unknown,,unknown,,unknown,,,,,,,
3607770,,unknown,,unknown,,unknown,,,,,,,
3607860,,unknown,,unknown,,unknown,,,,,,,
3607890,,unknown,,unknown,,unknown,,,,,,,
3607980,,unknown,,unknown,,unknown,,,,,,,
3608010,,unknown,,unknown,,unknown,,,,,,,
2600285,2022Q4,exact,2022Q2,backcast_award_minus_2q,2022Q1,from_applied_minus_1q,nanQnan,2024Q1,2024Q1,,,0.0,5.0
3608130,,unknown,,unknown,,unknown,,,,,,,
628320,2024Q2,exact,2023Q4,backcast_award_minus_2q,2023Q3,from_applied_minus_1q,nanQnan,nanQnan,nanQnan,,,,
3608250,,unknown,,unknown,,unknown,,,,,,,
3700474,2022Q4,exact,2022Q2,backcast_award_minus_2q,2022Q1,from_applied_minus_1q,2023Q1,2023Q4,2023Q4,1.0,3.0,0.0,4.0
5306180,2020Q2,exact,2019Q4,backcast_award_minus_2q,2019Q3,from_applied_minus_1q,2021Q1,2022Q2,2022Q3,3.0,5.0,1.0,9.0
3608340,,unknown,,unknown,,unknown,,,,,,,
3608370,,unknown,,unknown,,unknown,,,,,,,
3608400,,unknown,,unknown,,unknown,,,,,,,
3608430,,unknown,,unknown,,unknown,,,,,,,
3608460,,unknown,,unknown,,unknown,,,,,,,
3608470,,unknown,,unknown,,unknown,,,,,,,
3608490,,unknown,,unknown,,unknown,,,,,,,
3174820,2024Q2,exact,2023Q4,backcast_award_minus_2q,2023Q3,from_applied_minus_1q,nanQnan,nanQnan,nanQnan,,,,
3608610,,unknown,,unknown,,unknown,,,,,,,
3608790,,unknown,,unknown,,unknown,,,,,,,
3608850,,unknown,,unknown,,unknown,,,,,,,
3608880,,unknown,2021Q2,program_calendar,2021Q1,from_applied_minus_1q,,,,,,,
3608910,,unknown,,unknown,,unknown,,,,,,,
3608970,,unknown,,unknown,,unknown,,,,,,,
3609030,,unknown,,unknown,,unknown,,,,,,,
3609060,,unknown,,unknown,,unknown,,,,,,,
3609090,,unknown,,unknown,,unknown,,,,,,,
3609120,,unknown,,unknown,,unknown,,,,,,,
3609210,,unknown,,unknown,,unknown,,,,,,,
628470,2023Q3,exact,2023Q1,backcast_award_minus_2q,2022Q4,from_applied_minus_1q,nanQnan,nanQnan,nanQnan,,,,
3609330,,unknown,,unknown,,unknown,,,,,,,
3609360,,unknown,,unknown,,unknown,,,,,,,
3609390,,unknown,,unknown,,unknown,,,,,,,
3609420,,unknown,,unknown,,unknown,,,,,,,
3609540,,unknown,,unknown,,unknown,,,,,,,
3609630,,unknown,,unknown,,unknown,,,,,,,
3609660,,unknown,,unknown,,unknown,,,,,,,
3609690,,unknown,,unknown,,unknown,,,,,,,
3609720,,unknown,,unknown,,unknown,,,,,,,
3609840,,unknown,,unknown,,unknown,,,,,,,
3609870,,unknown,,unknown,,unknown,,,,,,,
3609900,,unknown,,unknown,,unknown,,,,,,,
3609930,,unknown,,unknown,,unknown,,,,,,,
3609960,,unknown,,unknown,,unknown,,,,,,,
3609990,,unknown,,unknown,,unknown,,,,,,,
3610050,,unknown,,unknown,,unknown,,,,,,,
3610080,,unknown,,unknown,,unknown,,,,,,,
3610140,,unknown,,unknown,,unknown,,,,,,,
3610170,,unknown,,unknown,,unknown,,,,,,,
3610200,,unknown,,unknown,,unknown,,,,,,,
3610230,,unknown,,unknown,,unknown,,,,,,,
3610260,,unknown,,unknown,,unknown,,,,,,,
3610380,,unknown,,unknown,,unknown,,,,,,,
3610410,,unknown,,unknown,,unknown,,,,,,,
3610500,,unknown,,unknown,,unknown,,,,,,,
3610530,,unknown,,unknown,,unknown,,,,,,,
3610560,,unknown,,unknown,,unknown,,,,,,,
3610590,,unknown,,unknown,,unknown,,,,,,,
3610620,,unknown,,unknown,,unknown,,,,,,,
3610650,,unknown,,unknown,,unknown,,,,,,,
3610680,,unknown,,unknown,,unknown,,,,,,,
3610710,,unknown,,unknown,,unknown,,,,,,,
1201440,2021Q2,exact,2020Q4,backcast_award_minus_2q,2020Q3,from_applied_minus_1q,2022Q1,2022Q1,2023Q1,3.0,0.0,4.0,7.0
691024,2023Q4,exact,2023Q2,backcast_award_minus_2q,2023Q1,from_applied_minus_1q,nanQnan,nanQnan,nanQnan,,,,
3610920,,unknown,,unknown,,unknown,,,,,,,
3610950,,unknown,,unknown,,unknown,,,,,,,
3610980,,unknown,,unknown,,unknown,,,,,,,
3611070,,unknown,,unknown,,unknown,,,,,,,
3611100,,unknown,,unknown,,unknown,,,,,,,
3611160,,unknown,,unknown,,unknown,,,,,,,
3611190,,unknown,,unknown,,unknown,,,,,,,
3611250,,unknown,,unknown,,unknown,,,,,,,
3611280,,unknown,,unknown,,unknown,,,,,,,
3611310,,unknown,,unknown,,unknown,,,,,,,
3611370,,unknown,,unknown,,unknown,,,,,,,
3611400,,unknown,,unknown,,unknown,,,,,,,
3611430,,unknown,,unknown,,unknown,,,,,,,
3611460,,unknown,,unknown,,unknown,,,,,,,
3611490,,unknown,,unknown,,unknown,,,,,,,
3611520,,unknown,,unknown,,unknown,,,,,,,
3611550,,unknown,,unknown,,unknown,,,,,,,
3611610,,unknown,,unknown,,unknown,,,,,,,
3611640,,unknown,,unknown,,unknown,,,,,,,
3611670,,unknown,,unknown,,unknown,,,,,,,
3611700,,unknown,,unknown,,unknown,,,,,,,
3611730,,unknown,,unknown,,unknown,,,,,,,
3611740,,unknown,,unknown,,unknown,,,,,,,
3611760,,unknown,,unknown,,unknown,,,,,,,
3611860,,unknown,,unknown,,unknown,,,,,,,
628650,2020Q2,exact,2019Q4,backcast_award_minus_2q,2019Q3,from_applied_minus_1q,2020Q3,2021Q1,2022Q4,1.0,2.0,7.0,10.0
3611910,,unknown,,unknown,,unknown,,,,,,,
3611940,,unknown,,unknown,,unknown,,,,,,,
3611970,,unknown,,unknown,,unknown,,,,,,,
3612030,,unknown,,unknown,,unknown,,,,,,,
3612120,,unknown,,unknown,,unknown,,,,,,,
3612180,,unknown,,unknown,,unknown,,,,,,,
3612240,,unknown,,unknown,,unknown,,,,,,,
3612270,,unknown,,unknown,,unknown,,,,,,,
3612300,,unknown,,unknown,,unknown,,,,,,,
3612330,,unknown,,unknown,,unknown,,,,,,,
3612360,,unknown,,unknown,,unknown,,,,,,,
3612390,,unknown,,unknown,,unknown,,,,,,,
3612400,,unknown,,unknown,,unknown,,,,,,,
3612450,,unknown,,unknown,,unknown,,,,,,,
3612510,,unknown,,unknown,,unknown,,,,,,,
3612630,,unknown,,unknown,,unknown,,,,,,,
3612660,,unknown,,unknown,,unknown,,,,,,,
3612720,,unknown,,unknown,,unknown,,,,,,,
3612750,,unknown,,unknown,,unknown,,,,,,,
3612840,,unknown,,unknown,,unknown,,,,,,,
3612870,,unknown,,unknown,,unknown,,,,,,,
3612900,,unknown,,unknown,,unknown,,,,,,,
3612960,,unknown,,unknown,,unknown,,,,,,,
4503910,2022Q1,exact,2021Q3,backcast_award_minus_2q,2021Q2,from_applied_minus_1q,2022Q2,2023Q1,2023Q2,1.0,3.0,1.0,5.0
3613020,,unknown,,unknown,,unknown,,,,,,,
3613080,,unknown,,unknown,,unknown,,,,,,,
3613110,,unknown,,unknown,,unknown,,,,,,,
3613230,,unknown,,unknown,,unknown,,,,,,,
3613290,,unknown,,unknown,,unknown,,,,,,,
3613350,,unknown,,unknown,,unknown,,,,,,,
3613380,,unknown,,unknown,,unknown,,,,,,,
3613440,,unknown,,unknown,,unknown,,,,,,,
3613470,,unknown,,unknown,,unknown,,,,,,,
3613530,,unknown,,unknown,,unknown,,,,,,,
3613560,,unknown,,unknown,,unknown,,,,,,,
3613590,,unknown,,unknown,,unknown,,,,,,,
3613620,,unknown,,unknown,,unknown,,,,,,,
3613710,,unknown,,unknown,,unknown,,,,,,,
3613740,,unknown,,unknown,,unknown,,,,,,,
3613770,,unknown,,unknown,,unknown,,,,,,,
3613830,,unknown,,unknown,,unknown,,,,,,,
3613950,,unknown,,unknown,,unknown,,,,,,,
3613980,,unknown,,unknown,,unknown,,,,,,,
5306300,2020Q2,exact,2019Q4,backcast_award_minus_2q,2019Q3,from_applied_minus_1q,2021Q1,2022Q2,2022Q3,3.0,5.0,1.0,9.0
3614070,,unknown,,unknown,,unknown,,,,,,,
3614130,,unknown,,unknown,,unknown,,,,,,,
3614190,,unknown,,unknown,,unknown,,,,,,,
3614220,,unknown,,unknown,,unknown,,,,,,,
3614250,,unknown,,unknown,,unknown,,,,,,,
3614280,,unknown,,unknown,,unknown,,,,,,,
3614310,,unknown,,unknown,,unknown,,,,,,,
3614340,,unknown,,unknown,,unknown,,,,,,,
3614400,,unknown,,unknown,,unknown,,,,,,,
3614430,,unknown,,unknown,,unknown,,,,,,,
3614460,,unknown,,unknown,,unknown,,,,,,,
3614490,,unknown,,unknown,,unknown,,,,,,,
3614550,,unknown,,unknown,,unknown,,,,,,,
3614580,,unknown,,unknown,,unknown,,,,,,,
3614610,,unknown,,unknown,,unknown,,,,,,,
3614640,,unknown,,unknown,,unknown,,,,,,,
3614670,,unknown,,unknown,,unknown,,,,,,,
3614700,,unknown,,unknown,,unknown,,,,,,,
3614730,,unknown,,unknown,,unknown,,,,,,,
3614760,,unknown,,unknown,,unknown,,,,,,,
3614820,,unknown,,unknown,,unknown,,,,,,,
3614850,,unknown,,unknown,,unknown,,,,,,,
3614880,,unknown,,unknown,,unknown,,,,,,,
3614940,,unknown,,unknown,,unknown,,,,,,,
3614970,,unknown,,unknown,,unknown,,,,,,,
3615030,,unknown,,unknown,,unknown,,,,,,,
3615060,,unknown,,unknown,,unknown,,,,,,,
3615090,,unknown,,unknown,,unknown,,,,,,,
5511100,2024Q2,exact,2023Q4,backcast_award_minus_2q,2023Q3,from_applied_minus_1q,nanQnan,nanQnan,nanQnan,,,,
3615210,,unknown,,unknown,,unknown,,,,,,,
3615270,,unknown,,unknown,,unknown,,,,,,,
3615300,,unknown,,unknown,,unknown,,,,,,,
3615360,,unknown,,unknown,,unknown,,,,,,,
3615390,,unknown,,unknown,,unknown,,,,,,,
3615450,,unknown,,unknown,,unknown,,,,,,,
3615480,,unknown,,unknown,,unknown,,,,,,,
3615510,,unknown,,unknown,,unknown,,,,,,,
3615540,,unknown,,unknown,,unknown,,,,,,,
629100,2022Q2,exact,2021Q4,backcast_award_minus_2q,2021Q3,from_applied_minus_1q,2022Q3,nanQnan,nanQnan,1.0,,,
3615630,,unknown,,unknown,,unknown,,,,,,,
3615720,,unknown,,unknown,,unknown,,,,,,,
3615780,,unknown,,unknown,,unknown,,,,,,,
629130,2017Q3,exact,2017Q1,backcast_award_minus_2q,2016Q4,from_applied_minus_1q,2017Q4,2019Q3,2019Q4,1.0,7.0,1.0,9.0
3615870,,unknown,,unknown,,unknown,,,,,,,
3615900,,unknown,,unknown,,unknown,,,,,,,
3615980,,unknown,,unknown,,unknown,,,,,,,
3615990,,unknown,,unknown,,unknown,,,,,,,
405670,2023Q4,exact,2023Q2,backcast_award_minus_2q,2023Q1,from_applied_minus_1q,2024Q3,nanQnan,nanQnan,3.0,,,
3616140,,unknown,,unknown,,unknown,,,,,,,
3616170,,unknown,,unknown,,unknown,,,,,,,
3616200,,unknown,,unknown,,unknown,,,,,,,
3616230,,unknown,,unknown,,unknown,,,,,,,
2725200,2021Q4,exact,2021Q2,backcast_award_minus_2q,2021Q1,from_applied_minus_1q,2021Q4,2021Q4,2021Q4,0.0,0.0,0.0,0.0
3616290,,unknown,,unknown,,unknown,,,,,,,
3616380,,unknown,,unknown,,unknown,,,,,,,
5511220,2024Q2,exact,2023Q4,backcast_award_minus_2q,2023Q3,from_applied_minus_1q,nanQnan,nanQnan,nanQnan,,,,
3616440,,unknown,,unknown,,unknown,,,,,,,
3616470,,unknown,,unknown,,unknown,,,,,,,
3616500,,unknown,,unknown,,unknown,,,,,,,
3616530,,unknown,,unknown,,unknown,,,,,,,
2627240,2019Q3,exact,2020Q2,program_calendar,2020Q1,from_applied_minus_1q,2019Q4,2019Q4,2019Q4,1.0,0.0,0.0,1.0
3616620,,unknown,,unknown,,unknown,,,,,,,
3616680,,unknown,,unknown,,unknown,,,,,,,
3616710,,unknown,,unknown,,unknown,,,,,,,
629270,2019Q3,exact,2019Q1,backcast_award_minus_2q,2018Q4,from_applied_minus_1q,2020Q2,2021Q4,2022Q1,3.0,6.0,1.0,10.0
3616800,,unknown,,unknown,,unknown,,,,,,,
3616830,,unknown,,unknown,,unknown,,,,,,,
3616950,,unknown,,unknown,,unknown,,,,,,,
3616960,,unknown,,unknown,,unknown,,,,,,,
3616980,,unknown,,unknown,,unknown,,,,,,,
3617130,,unknown,,unknown,,unknown,,,,,,,
3617160,,unknown,,unknown,,unknown,,,,,,,
3617190,,unknown,,unknown,,unknown,,,,,,,
3617220,,unknown,,unknown,,unknown,,,,,,,
3617380,,unknown,,unknown,,unknown,,,,,,,
3617400,,unknown,,unknown,,unknown,,,,,,,
3617430,,unknown,,unknown,,unknown,,,,,,,
3617460,,unknown,,unknown,,unknown,,,,,,,
3617520,,unknown,,unknown,,unknown,,,,,,,
3617580,,unknown,,unknown,,unknown,,,,,,,
3617640,,unknown,,unknown,,unknown,,,,,,,
3617670,,unknown,,unknown,,unknown,,,,,,,
3617700,,unknown,,unknown,,unknown,,,,,,,
3617730,,unknown,,unknown,,unknown,,,,,,,
3617760,,unknown,,unknown,,unknown,,,,,,,
3617820,,unknown,,unknown,,unknown,,,,,,,
3617880,,unknown,,unknown,,unknown,,,,,,,
3617910,,unknown,,unknown,,unknown,,,,,,,
3617940,,unknown,,unknown,,unknown,,,,,,,
3617970,,unknown,,unknown,,unknown,,,,,,,
3618030,,unknown,,unknown,,unknown,,,,,,,
3618080,,unknown,,unknown,,unknown,,,,,,,
3618090,,unknown,,unknown,,unknown,,,,,,,
3618120,,unknown,,unknown,,unknown,,,,,,,
3618150,,unknown,,unknown,,unknown,,,,,,,
629430,2022Q2,exact,2021Q4,backcast_award_minus_2q,2021Q3,from_applied_minus_1q,2022Q3,nanQnan,nanQnan,1.0,,,
3618210,,unknown,,unknown,,unknown,,,,,,,
3618240,,unknown,,unknown,,unknown,,,,,,,
3618270,,unknown,,unknown,,unknown,,,,,,,
3618330,,unknown,,unknown,,unknown,,,,,,,
3618450,,unknown,,unknown,,unknown,,,,,,,
3618480,,unknown,,unknown,,unknown,,,,,,,
2104650,2024Q2,exact,2023Q4,backcast_award_minus_2q,2023Q3,from_applied_minus_1q,nanQnan,nanQnan,nanQnan,,,,
3618540,,unknown,,unknown,,unknown,,,,,,,
3618570,,unknown,,unknown,,unknown,,,,,,,
3618600,,unknown,,unknown,,unknown,,,,,,,
3618630,,unknown,,unknown,,unknown,,,,,,,
3618660,,unknown,,unknown,,unknown,,,,,,,
3618690,,unknown,,unknown,,unknown,,,,,,,
3618750,,unknown,,unknown,,unknown,,,,,,,
3618840,,unknown,,unknown,,unknown,,,,,,,
3618900,,unknown,,unknown,,unknown,,,,,,,
3618960,,unknown,,unknown,,unknown,,,,,,,
3618990,,unknown,,unknown,,unknown,,,,,,,
3619020,,unknown,,unknown,,unknown,,,,,,,
3619110,,unknown,,unknown,,unknown,,,,,,,
629490,2019Q3,exact,2020Q2,program_calendar,2020Q1,from_applied_minus_1q,2019Q4,2024Q1,2024Q1,1.0,17.0,0.0,18.0
3619200,,unknown,,unknown,,unknown,,,,,,,
3619230,,unknown,,unknown,,unknown,,,,,,,
3619260,,unknown,,unknown,,unknown,,,,,,,
1730420,2024Q2,exact,2023Q4,backcast_award_minus_2q,2023Q3,from_applied_minus_1q,nanQnan,nanQnan,nanQnan,,,,
3619350,,unknown,,unknown,,unknown,,,,,,,
3619380,,unknown,,unknown,,unknown,,,,,,,
3619410,,unknown,,unknown,,unknown,,,,,,,
3619500,,unknown,,unknown,,unknown,,,,,,,
3619530,,unknown,,unknown,,unknown,,,,,,,
3619560,,unknown,,unknown,,unknown,,,,,,,
3619650,,unknown,,unknown,,unknown,,,,,,,
3619680,,unknown,,unknown,,unknown,,,,,,,
3619710,,unknown,,unknown,,unknown,,,,,,,
629540,2018Q3,exact,2018Q1,backcast_award_minus_2q,2017Q4,from_applied_minus_1q,2018Q4,2020Q3,2020Q4,1.0,7.0,1.0,9.0
3619800,,unknown,,unknown,,unknown,,,,,,,
601488,2022Q4,exact,2022Q2,backcast_award_minus_2q,2022Q1,from_applied_minus_1q,nanQnan,2024Q3,nanQnan,,,,
3619860,,unknown,,unknown,,unknown,,,,,,,
3619890,,unknown,,unknown,,unknown,,,,,,,
3619920,,unknown,,unknown,,unknown,,,,,,,
3619950,,unknown,,unknown,,unknown,,,,,,,
3620010,,unknown,,unknown,,unknown,,,,,,,
3620040,,unknown,,unknown,,unknown,,,,,,,
3620100,,unknown,,unknown,,unknown,,,,,,,
3620160,,unknown,,unknown,,unknown,,,,,,,
3620170,,unknown,,unknown,,unknown,,,,,,,
3620190,,unknown,,unknown,,unknown,,,,,,,
1201500,2021Q2,exact,2020Q4,backcast_award_minus_2q,2020Q3,from_applied_minus_1q,2022Q1,2022Q4,2023Q1,3.0,3.0,1.0,7.0
3620340,,unknown,,unknown,,unknown,,,,,,,
3620370,,unknown,,unknown,,unknown,,,,,,,
3620400,,unknown,,unknown,,unknown,,,,,,,
3620430,,unknown,,unknown,,unknown,,,,,,,
3620460,,unknown,,unknown,,unknown,,,,,,,
3620490,,unknown,,unknown,,unknown,,,,,,,
3620520,,unknown,,unknown,,unknown,,,,,,,
629550,2023Q4,exact,2023Q2,backcast_award_minus_2q,2023Q1,from_applied_minus_1q,nanQnan,nanQnan,nanQnan,,,,
3620610,,unknown,,unknown,,unknown,,,,,,,
3620640,,unknown,,unknown,,unknown,,,,,,,
3620670,,unknown,,unknown,,unknown,,,,,,,
3620700,,unknown,,unknown,,unknown,,,,,,,
3620730,,unknown,,unknown,,unknown,,,,,,,
3620760,,unknown,,unknown,,unknown,,,,,,,
5511350,2022Q4,exact,2022Q2,backcast_award_minus_2q,2022Q1,from_applied_minus_1q,2023Q1,2023Q4,2023Q4,1.0,3.0,0.0,4.0
3620820,,unknown,,unknown,,unknown,,,,,,,
3620850,,unknown,,unknown,,unknown,,,,,,,
3620880,,unknown,,unknown,,unknown,,,,,,,
3620910,,unknown,,unknown,,unknown,,,,,,,
3620940,,unknown,,unknown,,unknown,,,,,,,
3620970,,unknown,,unknown,,unknown,,,,,,,
629610,2022Q1,exact,2021Q3,backcast_award_minus_2q,2021Q2,from_applied_minus_1q,2022Q2,2023Q1,2023Q2,1.0,3.0,1.0,5.0
3621120,,unknown,,unknown,,unknown,,,,,,,
3621180,,unknown,,unknown,,unknown,,,,,,,
3621210,,unknown,,unknown,,unknown,,,,,,,
3621240,,unknown,,unknown,,unknown,,,,,,,
3621250,,unknown,,unknown,,unknown,,,,,,,
3621260,,unknown,,unknown,,unknown,,,,,,,
3621270,,unknown,,unknown,,unknown,,,,,,,
3621300,,unknown,,unknown,,unknown,,,,,,,
3621330,,unknown,,unknown,,unknown,,,,,,,
408430,2022Q4,exact,2022Q2,backcast_award_minus_2q,2022Q1,from_applied_minus_1q,2023Q2,2023Q3,2023Q3,2.0,1.0,0.0,3.0
3621450,,unknown,,unknown,,unknown,,,,,,,
3621480,,unknown,,unknown,,unknown,,,,,,,
3621510,,unknown,,unknown,,unknown,,,,,,,
3621540,,unknown,,unknown,,unknown,,,,,,,
3621570,,unknown,,unknown,,unknown,,,,,,,
3621630,,unknown,,unknown,,unknown,,,,,,,
3621660,,unknown,,unknown,,unknown,,,,,,,
3621720,,unknown,,unknown,,unknown,,,,,,,
3621780,,unknown,,unknown,,unknown,,,,,,,
3621810,,unknown,,unknown,,unknown,,,,,,,
3621840,,unknown,,unknown,,unknown,,,,,,,
3621900,,unknown,,unknown,,unknown,,,,,,,
3621930,,unknown,,unknown,,unknown,,,,,,,
3621960,,unknown,,unknown,,unknown,,,,,,,
3622020,,unknown,,unknown,,unknown,,,,,,,
3622050,,unknown,,unknown,,unknown,,,,,,,
3622100,,unknown,,unknown,,unknown,,,,,,,
3622140,,unknown,,unknown,,unknown,,,,,,,
3622170,,unknown,,unknown,,unknown,,,,,,,
629790,2024Q2,exact,2023Q4,backcast_award_minus_2q,2023Q3,from_applied_minus_1q,nanQnan,nanQnan,nanQnan,,,,
3622260,,unknown,,unknown,,unknown,,,,,,,
3622290,,unknown,,unknown,,unknown,,,,,,,
3622380,,unknown,,unknown,,unknown,,,,,,,
3622410,,unknown,,unknown,,unknown,,,,,,,
3622440,,unknown,,unknown,,unknown,,,,,,,
3622470,,unknown,,unknown,,unknown,,,,,,,
3622500,,unknown,,unknown,,unknown,,,,,,,
3622530,,unknown,,unknown,,unknown,,,,,,,
3622560,,unknown,,unknown,,unknown,,,,,,,
3622650,,unknown,,unknown,,unknown,,,,,,,
3622680,,unknown,,unknown,,unknown,,,,,,,
629820,2018Q4,exact,2018Q2,backcast_award_minus_2q,2018Q1,from_applied_minus_1q,2019Q3,2020Q2,2020Q3,3.0,3.0,1.0,7.0
3622740,,unknown,,unknown,,unknown,,,,,,,
3622770,,unknown,,unknown,,unknown,,,,,,,
3622830,,unknown,,unknown,,unknown,,,,,,,
3622890,,unknown,,unknown,,unknown,,,,,,,
3622920,,unknown,,unknown,,unknown,,,,,,,
3623010,,unknown,,unknown,,unknown,,,,,,,
3623040,,unknown,,unknown,,unknown,,,,,,,
405930,2023Q4,exact,2023Q2,backcast_award_minus_2q,2023Q1,from_applied_minus_1q,nanQnan,nanQnan,nanQnan,,,,
3623160,,unknown,,unknown,,unknown,,,,,,,
3623190,,unknown,,unknown,,unknown,,,,,,,
3623220,,unknown,,unknown,,unknown,,,,,,,
1800196,2019Q1,exact,2018Q3,backcast_award_minus_2q,2018Q2,from_applied_minus_1q,2019Q4,2020Q4,2021Q1,3.0,4.0,1.0,8.0
3623310,,unknown,,unknown,,unknown,,,,,,,
3623340,,unknown,,unknown,,unknown,,,,,,,
3623370,,unknown,,unknown,,unknown,,,,,,,
3623430,,unknown,,unknown,,unknown,,,,,,,
3623460,,unknown,,unknown,,unknown,,,,,,,
3623490,,unknown,,unknown,,unknown,,,,,,,
3623520,,unknown,,unknown,,unknown,,,,,,,
3623580,,unknown,,unknown,,unknown,,,,,,,
3623640,,unknown,,unknown,,unknown,,,,,,,
3623670,,unknown,,unknown,,unknown,,,,,,,
3623760,,unknown,,unknown,,unknown,,,,,,,
3623790,,unknown,,unknown,,unknown,,,,,,,
3623880,,unknown,,unknown,,unknown,,,,,,,
3623970,,unknown,,unknown,,unknown,,,,,,,
3624000,,unknown,,unknown,,unknown,,,,,,,
4703360,2022Q4,exact,2022Q2,backcast_award_minus_2q,2022Q1,from_applied_minus_1q,2022Q4,2023Q4,2023Q4,0.0,4.0,0.0,4.0
3624060,,unknown,,unknown,,unknown,,,,,,,
3624090,,unknown,,unknown,,unknown,,,,,,,
3624150,,unknown,,unknown,,unknown,,,,,,,
3624210,,unknown,,unknown,,unknown,,,,,,,
3624240,,unknown,,unknown,,unknown,,,,,,,
3624270,,unknown,,unknown,,unknown,,,,,,,
3624360,,unknown,,unknown,,unknown,,,,,,,
3624420,,unknown,,unknown,,unknown,,,,,,,
3624450,,unknown,,unknown,,unknown,,,,,,,
3624480,,unknown,,unknown,,unknown,,,,,,,
3624570,,unknown,,unknown,,unknown,,,,,,,
3624630,,unknown,,unknown,,unknown,,,,,,,
3624660,,unknown,,unknown,,unknown,,,,,,,
3624690,,unknown,,unknown,,unknown,,,,,,,
3624750,,unknown,,unknown,,unknown,,,,,,,
3624780,,unknown,,unknown,,unknown,,,,,,,
3624840,,unknown,,unknown,,unknown,,,,,,,
3624900,,unknown,,unknown,,unknown,,,,,,,
3624930,,unknown,,unknown,,unknown,,,,,,,
2923530,2022Q4,exact,2022Q2,backcast_award_minus_2q,2022Q1,from_applied_minus_1q,2023Q1,2023Q3,2023Q3,1.0,2.0,0.0,3.0
3624990,,unknown,,unknown,,unknown,,,,,,,
3625020,,unknown,,unknown,,unknown,,,,,,,
3625050,,unknown,,unknown,,unknown,,,,,,,
3625110,,unknown,,unknown,,unknown,,,,,,,
3625140,,unknown,,unknown,,unknown,,,,,,,
3625170,,unknown,,unknown,,unknown,,,,,,,
3625260,,unknown,,unknown,,unknown,,,,,,,
3625290,,unknown,,unknown,,unknown,,,,,,,
3625320,,unknown,,unknown,,unknown,,,,,,,
3625350,,unknown,,unknown,,unknown,,,,,,,
3625380,,unknown,,unknown,,unknown,,,,,,,
3625410,,unknown,,unknown,,unknown,,,,,,,
3625440,,unknown,,unknown,,unknown,,,,,,,
3625470,,unknown,,unknown,,unknown,,,,,,,
4900750,2024Q2,exact,2023Q4,backcast_award_minus_2q,2023Q3,from_applied_minus_1q,nanQnan,2024Q3,nanQnan,,,,
3625650,,unknown,,unknown,,unknown,,,,,,,
3625740,,unknown,,unknown,,unknown,,,,,,,
3625770,,unknown,,unknown,,unknown,,,,,,,
3625800,,unknown,,unknown,,unknown,,,,,,,
3625920,,unknown,,unknown,,unknown,,,,,,,
2923550,2022Q2,exact,2021Q4,backcast_award_minus_2q,2021Q3,from_applied_minus_1q,2022Q3,2023Q2,2023Q2,1.0,3.0,0.0,4.0
3625980,,unknown,,unknown,,unknown,,,,,,,
3626010,,unknown,,unknown,,unknown,,,,,,,
3626070,,unknown,,unknown,,unknown,,,,,,,
3626100,,unknown,,unknown,,unknown,,,,,,,
3626130,,unknown,,unknown,,unknown,,,,,,,
3626160,,unknown,,unknown,,unknown,,,,,,,
3626190,,unknown,,unknown,,unknown,,,,,,,
3626310,,unknown,,unknown,,unknown,,,,,,,
629910,2021Q2,exact,2020Q4,backcast_award_minus_2q,2020Q3,from_applied_minus_1q,2021Q2,2021Q4,2023Q1,0.0,2.0,5.0,7.0
3626400,,unknown,,unknown,,unknown,,,,,,,
3626430,,unknown,,unknown,,unknown,,,,,,,
3626520,,unknown,,unknown,,unknown,,,,,,,
3626580,,unknown,,unknown,,unknown,,,,,,,
3626640,,unknown,,unknown,,unknown,,,,,,,
3626670,,unknown,,unknown,,unknown,,,,,,,
3626700,,unknown,,unknown,,unknown,,,,,,,
3626730,,unknown,,unknown,,unknown,,,,,,,
3626760,,unknown,,unknown,,unknown,,,,,,,
3626840,,unknown,,unknown,,unknown,,,,,,,
3626850,,unknown,,unknown,,unknown,,,,,,,
3626880,,unknown,,unknown,,unknown,,,,,,,
3626940,,unknown,,unknown,,unknown,,,,,,,
3627000,,unknown,,unknown,,unknown,,,,,,,
3627060,,unknown,,unknown,,unknown,,,,,,,
3627120,,unknown,,unknown,,unknown,,,,,,,
3627150,,unknown,,unknown,,unknown,,,,,,,
3627180,,unknown,,unknown,,unknown,,,,,,,
3627210,,unknown,,unknown,,unknown,,,,,,,
629940,2021Q4,exact,2021Q2,backcast_award_minus_2q,2021Q1,from_applied_minus_1q,2022Q1,nanQnan,nanQnan,1.0,,,
3627300,,unknown,2021Q2,program_calendar,2021Q1,from_applied_minus_1q,,,,,,,
3627330,,unknown,,unknown,,unknown,,,,,,,
3627360,,unknown,,unknown,,unknown,,,,,,,
3627450,,unknown,,unknown,,unknown,,,,,,,
3627540,,unknown,,unknown,,unknown,,,,,,,
3627570,,unknown,,unknown,,unknown,,,,,,,
3627620,,unknown,,unknown,,unknown,,,,,,,
3627660,,unknown,,unknown,,unknown,,,,,,,
3627750,,unknown,,unknown,,unknown,,,,,,,
5306570,2022Q1,exact,2021Q3,backcast_award_minus_2q,2021Q2,from_applied_minus_1q,2022Q2,2023Q1,2023Q2,1.0,3.0,1.0,5.0
3627810,,unknown,,unknown,,unknown,,,,,,,
3627900,,unknown,,unknown,,unknown,,,,,,,
3627960,,unknown,,unknown,,unknown,,,,,,,
3627980,,unknown,,unknown,,unknown,,,,,,,
3627990,,unknown,,unknown,,unknown,,,,,,,
3628020,,unknown,,unknown,,unknown,,,,,,,
3628050,,unknown,,unknown,,unknown,,,,,,,
3628110,,unknown,,unknown,,unknown,,,,,,,
3628140,,unknown,,unknown,,unknown,,,,,,,
3628200,,unknown,,unknown,,unknown,,,,,,,
3628320,,unknown,,unknown,,unknown,,,,,,,
3628380,,unknown,,unknown,,unknown,,,,,,,
600048,2018Q2,exact,2017Q4,backcast_award_minus_2q,2017Q3,from_applied_minus_1q,2018Q3,2020Q4,2021Q1,1.0,9.0,1.0,11.0
3628560,,unknown,,unknown,,unknown,,,,,,,
3628590,,unknown,,unknown,,unknown,,,,,,,
406030,2024Q2,exact,2023Q4,backcast_award_minus_2q,2023Q3,from_applied_minus_1q,nanQnan,nanQnan,nanQnan,,,,
3400087,2022Q1,exact,2021Q3,backcast_award_minus_2q,2021Q2,from_applied_minus_1q,2022Q2,2023Q1,2023Q3,1.0,3.0,2.0,6.0
3628680,,unknown,,unknown,,unknown,,,,,,,
3628710,,unknown,,unknown,,unknown,,,,,,,
3628740,,unknown,,unknown,,unknown,,,,,,,
3628800,,unknown,,unknown,,unknown,,,,,,,
3628890,,unknown,,unknown,,unknown,,,,,,,
3628950,,unknown,,unknown,,unknown,,,,,,,
3628980,,unknown,,unknown,,unknown,,,,,,,
3629040,,unknown,,unknown,,unknown,,,,,,,
3629070,,unknown,,unknown,,unknown,,,,,,,
3629130,,unknown,,unknown,,unknown,,,,,,,
3629160,,unknown,,unknown,,unknown,,,,,,,
3629190,,unknown,,unknown,,unknown,,,,,,,
3629240,,unknown,,unknown,,unknown,,,,,,,
2923670,2022Q4,exact,2022Q2,backcast_award_minus_2q,2022Q1,from_applied_minus_1q,2023Q1,2023Q3,2023Q3,1.0,2.0,0.0,3.0
3629280,,unknown,,unknown,,unknown,,,,,,,
3629370,,unknown,,unknown,,unknown,,,,,,,
3629400,,unknown,,unknown,,unknown,,,,,,,
3629430,,unknown,,unknown,,unknown,,,,,,,
3629460,,unknown,,unknown,,unknown,,,,,,,
3629490,,unknown,,unknown,,unknown,,,,,,,
3629520,,unknown,,unknown,,unknown,,,,,,,
3629610,,unknown,,unknown,,unknown,,,,,,,
3629640,,unknown,,unknown,,unknown,,,,,,,
3629670,,unknown,,unknown,,unknown,,,,,,,
3629760,,unknown,,unknown,,unknown,,,,,,,
3629790,,unknown,,unknown,,unknown,,,,,,,
3629820,,unknown,,unknown,,unknown,,,,,,,
3629850,,unknown,,unknown,,unknown,,,,,,,
3629880,,unknown,,unknown,,unknown,,,,,,,
3629910,,unknown,,unknown,,unknown,,,,,,,
3629940,,unknown,,unknown,,unknown,,,,,,,
3629970,,unknown,,unknown,,unknown,,,,,,,
3630030,,unknown,,unknown,,unknown,,,,,,,
3630060,,unknown,,unknown,,unknown,,,,,,,
3630120,,unknown,,unknown,,unknown,,,,,,,
3630160,,unknown,,unknown,,unknown,,,,,,,
3630210,,unknown,,unknown,,unknown,,,,,,,
3630240,,unknown,,unknown,,unknown,,,,,,,
3630270,,unknown,,unknown,,unknown,,,,,,,
3630330,,unknown,,unknown,,unknown,,,,,,,
3630360,,unknown,,unknown,,unknown,,,,,,,
3630390,,unknown,,unknown,,unknown,,,,,,,
3630420,,unknown,,unknown,,unknown,,,,,,,
3630450,,unknown,,unknown,,unknown,,,,,,,
3630480,,unknown,,unknown,,unknown,,,,,,,
3630540,,unknown,,unknown,,unknown,,,,,,,
3630600,,unknown,,unknown,,unknown,,,,,,,
3630630,,unknown,,unknown,,unknown,,,,,,,
3630660,,unknown,,unknown,,unknown,,,,,,,
3630690,,unknown,,unknown,,unknown,,,,,,,
3630780,,unknown,,unknown,,unknown,,,,,,,
3630900,,unknown,,unknown,,unknown,,,,,,,
3630930,,unknown,,unknown,,unknown,,,,,,,
4023580,2024Q2,exact,2023Q4,backcast_award_minus_2q,2023Q3,from_applied_minus_1q,nanQnan,nanQnan,nanQnan,,,,
3630990,,unknown,,unknown,,unknown,,,,,,,
3631020,,unknown,,unknown,,unknown,,,,,,,
3631050,,unknown,,unknown,,unknown,,,,,,,
3631170,,unknown,,unknown,,unknown,,,,,,,
3631200,,unknown,,unknown,,unknown,,,,,,,
4400840,2024Q2,exact,2023Q4,backcast_award_minus_2q,2023Q3,from_applied_minus_1q,nanQnan,nanQnan,nanQnan,,,,
3631290,,unknown,,unknown,,unknown,,,,,,,
3631320,,unknown,2020Q2,program_calendar,2020Q1,from_applied_minus_1q,,,,,,,
3631350,,unknown,,unknown,,unknown,,,,,,,
3631380,,unknown,,unknown,,unknown,,,,,,,
3631410,,unknown,,unknown,,unknown,,,,,,,
3631440,,unknown,,unknown,,unknown,,,,,,,
3631470,,unknown,,unknown,,unknown,,,,,,,
3631500,,unknown,,unknown,,unknown,,,,,,,
3631560,,unknown,,unknown,,unknown,,,,,,,
3631590,,unknown,,unknown,,unknown,,,,,,,
3631710,,unknown,,unknown,,unknown,,,,,,,
3631740,,unknown,,unknown,,unknown,,,,,,,
3631800,,unknown,,unknown,,unknown,,,,,,,
3631830,,unknown,,unknown,,unknown,,,,,,,
3631860,,unknown,,unknown,,unknown,,,,,,,
3631920,,unknown,,unknown,,unknown,,,,,,,
3631950,,unknown,,unknown,,unknown,,,,,,,
3631980,,unknown,,unknown,,unknown,,,,,,,
3632010,,unknown,,unknown,,unknown,,,,,,,
3680100,,unknown,,unknown,,unknown,,,,,,,
3680140,,unknown,,unknown,,unknown,,,,,,,
3680150,,unknown,,unknown,,unknown,,,,,,,
3680180,,unknown,,unknown,,unknown,,,,,,,
3680220,,unknown,,unknown,,unknown,,,,,,,
3680260,,unknown,,unknown,,unknown,,,,,,,
3680280,,unknown,,unknown,,unknown,,,,,,,
3680300,,unknown,,unknown,,unknown,,,,,,,
3680320,,unknown,,unknown,,unknown,,,,,,,
3680340,,unknown,,unknown,,unknown,,,,,,,
3680380,,unknown,,unknown,,unknown,,,,,,,
3680400,,unknown,,unknown,,unknown,,,,,,,
3680420,,unknown,,unknown,,unknown,,,,,,,
3680440,2024Q2,exact,2023Q4,backcast_award_minus_2q,2023Q3,from_applied_minus_1q,nanQnan,nanQnan,nanQnan,,,,
3680460,,unknown,,unknown,,unknown,,,,,,,
3680480,,unknown,,unknown,,unknown,,,,,,,
3680500,,unknown,,unknown,,unknown,,,,,,,
3680520,,unknown,,unknown,,unknown,,,,,,,
1304050,2023Q1,exact,2022Q3,backcast_award_minus_2q,2022Q2,from_applied_minus_1q,2023Q2,2023Q4,2023Q4,1.0,2.0,0.0,3.0
3680560,,unknown,,unknown,,unknown,,,,,,,
3680580,,unknown,,unknown,,unknown,,,,,,,
3680600,,unknown,,unknown,,unknown,,,,,,,
3680620,,unknown,,unknown,,unknown,,,,,,,
3680640,,unknown,,unknown,,unknown,,,,,,,
3680660,,unknown,,unknown,,unknown,,,,,,,
3680680,,unknown,,unknown,,unknown,,,,,,,
3680700,,unknown,,unknown,,unknown,,,,,,,
3680720,,unknown,,unknown,,unknown,,,,,,,
3680740,,unknown,,unknown,,unknown,,,,,,,
3680780,,unknown,,unknown,,unknown,,,,,,,
3680820,,unknown,,unknown,,unknown,,,,,,,
3680860,,unknown,,unknown,,unknown,,,,,,,
3680880,,unknown,,unknown,,unknown,,,,,,,
3680900,,unknown,,unknown,,unknown,,,,,,,
3680920,,unknown,,unknown,,unknown,,,,,,,
3680940,,unknown,,unknown,,unknown,,,,,,,
3680960,,unknown,,unknown,,unknown,,,,,,,
3680961,,unknown,,unknown,,unknown,,,,,,,
3680962,,unknown,,unknown,,unknown,,,,,,,
3680963,,unknown,,unknown,,unknown,,,,,,,
3680964,,unknown,,unknown,,unknown,,,,,,,
3680965,,unknown,,unknown,,unknown,,,,,,,
3680966,,unknown,,unknown,,unknown,,,,,,,
3680967,,unknown,,unknown,,unknown,,,,,,,
3680968,,unknown,,unknown,,unknown,,,,,,,
3680969,,unknown,,unknown,,unknown,,,,,,,
3680970,,unknown,,unknown,,unknown,,,,,,,
3680971,,unknown,,unknown,,unknown,,,,,,,
3680972,,unknown,,unknown,,unknown,,,,,,,
3680973,,unknown,,unknown,,unknown,,,,,,,
3680974,,unknown,,unknown,,unknown,,,,,,,
3700001,,unknown,,unknown,,unknown,,,,,,,
3700002,,unknown,,unknown,,unknown,,,,,,,
3502010,2022Q4,exact,2022Q2,backcast_award_minus_2q,2022Q1,from_applied_minus_1q,nanQnan,2024Q1,2024Q1,,,0.0,5.0
3700012,,unknown,,unknown,,unknown,,,,,,,
3700017,,unknown,,unknown,,unknown,,,,,,,
3700020,,unknown,,unknown,,unknown,,,,,,,
1731080,2019Q1,exact,2018Q3,backcast_award_minus_2q,2018Q2,from_applied_minus_1q,2019Q4,2021Q1,2021Q2,3.0,5.0,1.0,9.0
3700023,,unknown,,unknown,,unknown,,,,,,,
3700025,,unknown,,unknown,,unknown,,,,,,,
3700027,,unknown,,unknown,,unknown,,,,,,,
3700029,,unknown,,unknown,,unknown,,,,,,,
3700030,,unknown,,unknown,,unknown,,,,,,,
3700031,,unknown,,unknown,,unknown,,,,,,,
3700033,,unknown,,unknown,,unknown,,,,,,,
3700034,,unknown,,unknown,,unknown,,,,,,,
3700035,,unknown,,unknown,,unknown,,,,,,,
3700038,,unknown,,unknown,,unknown,,,,,,,
3700040,,unknown,,unknown,,unknown,,,,,,,
3700043,,unknown,,unknown,,unknown,,,,,,,
3700045,,unknown,,unknown,,unknown,,,,,,,
3700046,,unknown,,unknown,,unknown,,,,,,,
3700049,,unknown,,unknown,,unknown,,,,,,,
3700050,,unknown,,unknown,,unknown,,,,,,,
3700052,,unknown,,unknown,,unknown,,,,,,,
3700053,2024Q2,exact,2023Q4,backcast_award_minus_2q,2023Q3,from_applied_minus_1q,nanQnan,nanQnan,nanQnan,,,,
3700054,,unknown,,unknown,,unknown,,,,,,,
3700055,,unknown,,unknown,,unknown,,,,,,,
3700062,,unknown,,unknown,,unknown,,,,,,,
3700064,,unknown,,unknown,,unknown,,,,,,,
3700068,,unknown,,unknown,,unknown,,,,,,,
3700069,,unknown,,unknown,,unknown,,,,,,,
3700070,,unknown,,unknown,,unknown,,,,,,,
3700074,,unknown,,unknown,,unknown,,,,,,,
3700077,,unknown,,unknown,,unknown,,,,,,,
3700078,,unknown,,unknown,,unknown,,,,,,,
3700081,,unknown,,unknown,,unknown,,,,,,,
3700083,,unknown,,unknown,,unknown,,,,,,,
3700084,,unknown,,unknown,,unknown,,,,,,,
3700085,,unknown,,unknown,,unknown,,,,,,,
3700086,,unknown,,unknown,,unknown,,,,,,,
3700089,,unknown,,unknown,,unknown,,,,,,,
3700090,,unknown,,unknown,,unknown,,,,,,,
3700091,,unknown,,unknown,,unknown,,,,,,,
3700093,,unknown,,unknown,,unknown,,,,,,,
3700096,,unknown,,unknown,,unknown,,,,,,,
3700097,,unknown,,unknown,,unknown,,,,,,,
3700099,,unknown,,unknown,,unknown,,,,,,,
3700101,,unknown,,unknown,,unknown,,,,,,,
3700102,,unknown,,unknown,,unknown,,,,,,,
3700103,,unknown,,unknown,,unknown,,,,,,,
3700104,,unknown,,unknown,,unknown,,,,,,,
3700105,,unknown,,unknown,,unknown,,,,,,,
3700106,,unknown,,unknown,,unknown,,,,,,,
3700107,,unknown,,unknown,,unknown,,,,,,,
3700108,,unknown,,unknown,,unknown,,,,,,,
3700109,,unknown,,unknown,,unknown,,,,,,,
3700110,,unknown,,unknown,,unknown,,,,,,,
3700111,,unknown,,unknown,,unknown,,,,,,,
3700112,,unknown,,unknown,,unknown,,,,,,,
3700113,,unknown,,unknown,,unknown,,,,,,,
3700114,,unknown,,unknown,,unknown,,,,,,,
3700115,,unknown,,unknown,,unknown,,,,,,,
3700116,,unknown,,unknown,,unknown,,,,,,,
3700117,,unknown,,unknown,,unknown,,,,,,,
3700118,,unknown,,unknown,,unknown,,,,,,,
3700119,,unknown,,unknown,,unknown,,,,,,,
3700120,,unknown,,unknown,,unknown,,,,,,,
3700121,,unknown,,unknown,,unknown,,,,,,,
2627720,2022Q4,exact,2022Q2,backcast_award_minus_2q,2022Q1,from_applied_minus_1q,2022Q4,2022Q4,2023Q1,0.0,0.0,1.0,1.0
1731140,2022Q4,exact,2022Q2,backcast_award_minus_2q,2022Q1,from_applied_minus_1q,nanQnan,2023Q3,2023Q3,,,0.0,3.0
3700127,,unknown,,unknown,,unknown,,,,,,,
3700128,,unknown,,unknown,,unknown,,,,,,,
3700129,,unknown,,unknown,,unknown,,,,,,,
3700130,,unknown,,unknown,,unknown,,,,,,,
3700131,,unknown,,unknown,,unknown,,,,,,,
3700132,,unknown,,unknown,,unknown,,,,,,,
3700133,,unknown,,unknown,,unknown,,,,,,,
3700135,,unknown,,unknown,,unknown,,,,,,,
3700137,,unknown,,unknown,,unknown,,,,,,,
3700138,,unknown,,unknown,,unknown,,,,,,,
3700139,,unknown,,unknown,,unknown,,,,,,,
3700140,,unknown,,unknown,,unknown,,,,,,,
3700141,,unknown,,unknown,,unknown,,,,,,,
3700142,,unknown,,unknown,,unknown,,,,,,,
3700143,,unknown,,unknown,,unknown,,,,,,,
3700144,,unknown,,unknown,,unknown,,,,,,,
3700145,,unknown,,unknown,,unknown,,,,,,,
3700146,,unknown,,unknown,,unknown,,,,,,,
3700147,,unknown,,unknown,,unknown,,,,,,,
3700148,,unknown,,unknown,,unknown,,,,,,,
3700152,,unknown,,unknown,,unknown,,,,,,,
3305580,2024Q2,exact,2023Q4,backcast_award_minus_2q,2023Q3,from_applied_minus_1q,nanQnan,nanQnan,nanQnan,,,,
3700154,,unknown,,unknown,,unknown,,,,,,,
3700156,,unknown,,unknown,,unknown,,,,,,,
3700157,,unknown,,unknown,,unknown,,,,,,,
3700159,,unknown,,unknown,,unknown,,,,,,,
3700166,,unknown,,unknown,,unknown,,,,,,,
3700167,,unknown,,unknown,,unknown,,,,,,,
3700168,,unknown,,unknown,,unknown,,,,,,,
3700170,,unknown,,unknown,,unknown,,,,,,,
3700171,,unknown,,unknown,,unknown,,,,,,,
3700173,,unknown,,unknown,,unknown,,,,,,,
3700174,,unknown,,unknown,,unknown,,,,,,,
3700175,,unknown,,unknown,,unknown,,,,,,,
3700176,,unknown,,unknown,,unknown,,,,,,,
3700178,,unknown,,unknown,,unknown,,,,,,,
3700180,,unknown,2021Q2,program_calendar,2021Q1,from_applied_minus_1q,,,,,,,
3700210,,unknown,,unknown,,unknown,,,,,,,
3700240,,unknown,,unknown,,unknown,,,,,,,
3700270,,unknown,,unknown,,unknown,,,,,,,
3700300,,unknown,,unknown,,unknown,,,,,,,
3700314,,unknown,,unknown,,unknown,,,,,,,
3700315,,unknown,,unknown,,unknown,,,,,,,
3700316,,unknown,,unknown,,unknown,,,,,,,
3700317,,unknown,,unknown,,unknown,,,,,,,
3700318,,unknown,,unknown,,unknown,,,,,,,
3700319,,unknown,,unknown,,unknown,,,,,,,
3700320,,unknown,,unknown,,unknown,,,,,,,
3700321,,unknown,,unknown,,unknown,,,,,,,
3700322,,unknown,,unknown,,unknown,,,,,,,
3703570,2022Q4,exact,2022Q2,backcast_award_minus_2q,2022Q1,from_applied_minus_1q,2023Q1,2023Q4,2023Q4,1.0,3.0,0.0,4.0
3700324,,unknown,,unknown,,unknown,,,,,,,
3700325,,unknown,,unknown,,unknown,,,,,,,
3700326,,unknown,,unknown,,unknown,,,,,,,
3700327,,unknown,,unknown,,unknown,,,,,,,
3700328,,unknown,,unknown,,unknown,,,,,,,
3700329,,unknown,,unknown,,unknown,,,,,,,
3700330,,unknown,,unknown,,unknown,,,,,,,
3700331,,unknown,,unknown,,unknown,,,,,,,
3700332,,unknown,,unknown,,unknown,,,,,,,
3700333,,unknown,,unknown,,unknown,,,,,,,
3700334,,unknown,,unknown,,unknown,,,,,,,
3700336,,unknown,,unknown,,unknown,,,,,,,
3700337,,unknown,,unknown,,unknown,,,,,,,
3700338,,unknown,,unknown,,unknown,,,,,,,
3700339,,unknown,,unknown,,unknown,,,,,,,
3700340,,unknown,,unknown,,unknown,,,,,,,
3700341,,unknown,,unknown,,unknown,,,,,,,
3700343,,unknown,,unknown,,unknown,,,,,,,
3700344,,unknown,,unknown,,unknown,,,,,,,
4109510,2024Q2,exact,2023Q4,backcast_award_minus_2q,2023Q3,from_applied_minus_1q,nanQnan,nanQnan,nanQnan,,,,
3700347,,unknown,,unknown,,unknown,,,,,,,
3700348,,unknown,,unknown,,unknown,,,,,,,
3700349,,unknown,,unknown,,unknown,,,,,,,
3700350,,unknown,,unknown,,unknown,,,,,,,
3700351,,unknown,,unknown,,unknown,,,,,,,
3700352,,unknown,,unknown,,unknown,,,,,,,
3700353,,unknown,,unknown,,unknown,,,,,,,
3700354,,unknown,,unknown,,unknown,,,,,,,
3700355,,unknown,,unknown,,unknown,,,,,,,
3700356,,unknown,,unknown,,unknown,,,,,,,
3700358,,unknown,,unknown,,unknown,,,,,,,
3700359,,unknown,,unknown,,unknown,,,,,,,
3622710,2022Q2,exact,2021Q4,backcast_award_minus_2q,2021Q3,from_applied_minus_1q,2022Q3,2023Q2,2023Q2,1.0,3.0,0.0,4.0
3700361,,unknown,,unknown,,unknown,,,,,,,
3700362,,unknown,,unknown,,unknown,,,,,,,
2627840,2022Q4,exact,2022Q2,backcast_award_minus_2q,2022Q1,from_applied_minus_1q,2023Q1,2023Q3,2023Q3,1.0,2.0,0.0,3.0
3700364,,unknown,,unknown,,unknown,,,,,,,
3700367,,unknown,,unknown,,unknown,,,,,,,
3700369,,unknown,,unknown,,unknown,,,,,,,
3700370,,unknown,,unknown,,unknown,,,,,,,
3700371,,unknown,,unknown,,unknown,,,,,,,
3700372,,unknown,,unknown,,unknown,,,,,,,
3700374,,unknown,,unknown,,unknown,,,,,,,
1731230,2023Q4,exact,2023Q2,backcast_award_minus_2q,2023Q1,from_applied_minus_1q,nanQnan,nanQnan,nanQnan,,,,
3700377,,unknown,,unknown,,unknown,,,,,,,
3700378,,unknown,,unknown,,unknown,,,,,,,
3700379,,unknown,,unknown,,unknown,,,,,,,
3700381,,unknown,,unknown,,unknown,,,,,,,
3700382,,unknown,,unknown,,unknown,,,,,,,
3700383,,unknown,,unknown,,unknown,,,,,,,
3700384,,unknown,,unknown,,unknown,,,,,,,
1801740,2024Q2,exact,2023Q4,backcast_award_minus_2q,2023Q3,from_applied_minus_1q,nanQnan,nanQnan,nanQnan,,,,
3700386,,unknown,,unknown,,unknown,,,,,,,
3700387,,unknown,,unknown,,unknown,,,,,,,
3700388,,unknown,,unknown,,unknown,,,,,,,
630230,2021Q1,exact,2020Q3,backcast_award_minus_2q,2020Q2,from_applied_minus_1q,2021Q3,2021Q3,2021Q4,2.0,0.0,1.0,3.0
5102910,2022Q1,exact,2021Q3,backcast_award_minus_2q,2021Q2,from_applied_minus_1q,2022Q2,2023Q1,2023Q2,1.0,3.0,1.0,5.0
3700391,,unknown,,unknown,,unknown,,,,,,,
3700392,,unknown,,unknown,,unknown,,,,,,,
3700393,,unknown,,unknown,,unknown,,,,,,,
3700394,,unknown,,unknown,,unknown,,,,,,,
3700396,,unknown,,unknown,,unknown,,,,,,,
3700397,,unknown,,unknown,,unknown,,,,,,,
3700398,,unknown,,unknown,,unknown,,,,,,,
3700399,,unknown,,unknown,,unknown,,,,,,,
3700400,,unknown,,unknown,,unknown,,,,,,,
3700401,,unknown,,unknown,,unknown,,,,,,,
3700402,,unknown,,unknown,,unknown,,,,,,,
3700403,,unknown,,unknown,,unknown,,,,,,,
4218990,2020Q1,exact,2020Q2,program_calendar,2020Q1,from_applied_minus_1q,2021Q2,2022Q1,2022Q2,5.0,3.0,1.0,9.0
3700405,,unknown,,unknown,,unknown,,,,,,,
3700406,,unknown,,unknown,,unknown,,,,,,,
3700407,2024Q2,exact,2023Q4,backcast_award_minus_2q,2023Q3,from_applied_minus_1q,nanQnan,nanQnan,nanQnan,,,,
3700408,,unknown,,unknown,,unknown,,,,,,,
3700409,,unknown,,unknown,,unknown,,,,,,,
3700410,,unknown,,unknown,,unknown,,,,,,,
3700411,,unknown,,unknown,,unknown,,,,,,,
3700412,,unknown,,unknown,,unknown,,,,,,,
406300,2023Q2,exact,2022Q4,backcast_award_minus_2q,2022Q3,from_applied_minus_1q,2023Q3,2024Q1,2024Q1,1.0,2.0,0.0,3.0
3700417,,unknown,,unknown,,unknown,,,,,,,
406330,2019Q1,exact,2018Q3,backcast_award_minus_2q,2018Q2,from_applied_minus_1q,2019Q4,2020Q1,2020Q2,3.0,1.0,1.0,5.0
3700419,,unknown,,unknown,,unknown,,,,,,,
3700420,,unknown,,unknown,,unknown,,,,,,,
3700421,,unknown,,unknown,,unknown,,,,,,,
3700422,,unknown,,unknown,,unknown,,,,,,,
3700423,,unknown,,unknown,,unknown,,,,,,,
2803630,2024Q2,exact,2023Q4,backcast_award_minus_2q,2023Q3,from_applied_minus_1q,nanQnan,nanQnan,nanQnan,,,,
3700425,,unknown,,unknown,,unknown,,,,,,,
3700426,,unknown,,unknown,,unknown,,,,,,,
3700427,,unknown,,unknown,,unknown,,,,,,,
3700428,,unknown,,unknown,,unknown,,,,,,,
3700429,,unknown,,unknown,,unknown,,,,,,,
3700430,,unknown,,unknown,,unknown,,,,,,,
3700431,,unknown,,unknown,,unknown,,,,,,,
3700432,,unknown,,unknown,,unknown,,,,,,,
3700433,,unknown,,unknown,,unknown,,,,,,,
3700435,,unknown,,unknown,,unknown,,,,,,,
630360,2018Q3,exact,2018Q1,backcast_award_minus_2q,2017Q4,from_applied_minus_1q,2018Q4,2020Q3,2020Q4,1.0,7.0,1.0,9.0
3700439,,unknown,,unknown,,unknown,,,,,,,
3700441,,unknown,,unknown,,unknown,,,,,,,
3700443,,unknown,,unknown,,unknown,,,,,,,
3700445,,unknown,,unknown,,unknown,,,,,,,
3700446,,unknown,,unknown,,unknown,,,,,,,
3700447,,unknown,,unknown,,unknown,,,,,,,
3700448,,unknown,,unknown,,unknown,,,,,,,
3700449,,unknown,,unknown,,unknown,,,,,,,
3700450,,unknown,,unknown,,unknown,,,,,,,
3700451,,unknown,,unknown,,unknown,,,,,,,
3700452,,unknown,,unknown,,unknown,,,,,,,
3700453,,unknown,,unknown,,unknown,,,,,,,
3700454,,unknown,,unknown,,unknown,,,,,,,
3700455,,unknown,,unknown,,unknown,,,,,,,
3700457,,unknown,,unknown,,unknown,,,,,,,
3700459,,unknown,,unknown,,unknown,,,,,,,
3700463,,unknown,,unknown,,unknown,,,,,,,
3700464,,unknown,,unknown,,unknown,,,,,,,
3700465,,unknown,,unknown,,unknown,,,,,,,
2200320,2023Q4,exact,2023Q2,backcast_award_minus_2q,2023Q1,from_applied_minus_1q,nanQnan,nanQnan,nanQnan,,,,
3700467,,unknown,,unknown,,unknown,,,,,,,
3700469,,unknown,,unknown,,unknown,,,,,,,
3700470,,unknown,,unknown,,unknown,,,,,,,
3700471,,unknown,,unknown,,unknown,,,,,,,
3623070,2023Q1,exact,2022Q3,backcast_award_minus_2q,2022Q2,from_applied_minus_1q,2023Q3,nanQnan,nanQnan,2.0,,,
3700473,,unknown,,unknown,,unknown,,,,,,,
1201560,2021Q2,exact,2020Q4,backcast_award_minus_2q,2020Q3,from_applied_minus_1q,2022Q1,2022Q4,2023Q1,3.0,3.0,1.0,7.0
3700475,,unknown,,unknown,,unknown,,,,,,,
3700476,,unknown,,unknown,,unknown,,,,,,,
3700477,,unknown,,unknown,,unknown,,,,,,,
3700478,,unknown,,unknown,,unknown,,,,,,,
3700479,,unknown,,unknown,,unknown,,,,,,,
3700480,,unknown,,unknown,,unknown,,,,,,,
3700481,,unknown,,unknown,,unknown,,,,,,,
3700482,,unknown,,unknown,,unknown,,,,,,,
3700483,,unknown,,unknown,,unknown,,,,,,,
3700484,,unknown,,unknown,,unknown,,,,,,,
3700485,,unknown,,unknown,,unknown,,,,,,,
3700487,,unknown,,unknown,,unknown,,,,,,,
3700488,,unknown,,unknown,,unknown,,,,,,,
3700489,,unknown,,unknown,,unknown,,,,,,,
4202850,2022Q2,exact,2021Q4,backcast_award_minus_2q,2021Q3,from_applied_minus_1q,2022Q3,2023Q2,2023Q2,1.0,3.0,0.0,4.0
5306750,2022Q1,exact,2020Q2,program_calendar,2020Q1,from_applied_minus_1q,2022Q2,2023Q1,2023Q2,1.0,3.0,1.0,5.0
630480,2018Q3,exact,2018Q1,backcast_award_minus_2q,2017Q4,from_applied_minus_1q,2018Q4,2020Q3,2020Q4,1.0,7.0,1.0,9.0
3700630,,unknown,,unknown,,unknown,,,,,,,
630600,2018Q1,exact,2017Q3,backcast_award_minus_2q,2017Q2,from_applied_minus_1q,2018Q1,2018Q2,2018Q3,0.0,1.0,1.0,2.0
3700690,,unknown,,unknown,,unknown,,,,,,,
4219170,2022Q4,exact,2022Q2,backcast_award_minus_2q,2022Q1,from_applied_minus_1q,2023Q2,2024Q2,2024Q2,2.0,4.0,0.0,6.0
3700750,,unknown,,unknown,,unknown,,,,,,,
3700780,,unknown,,unknown,,unknown,,,,,,,
5511790,2024Q2,exact,2023Q4,backcast_award_minus_2q,2023Q3,from_applied_minus_1q,nanQnan,nanQnan,nanQnan,,,,
3700870,,unknown,,unknown,,unknown,,,,,,,
3700900,,unknown,,unknown,,unknown,,,,,,,
3700930,,unknown,,unknown,,unknown,,,,,,,
5102940,2019Q4,exact,2019Q2,backcast_award_minus_2q,2019Q1,from_applied_minus_1q,2020Q3,2020Q4,2021Q1,3.0,1.0,1.0,5.0
3701080,,unknown,,unknown,,unknown,,,,,,,
3701110,,unknown,,unknown,,unknown,,,,,,,
3701140,,unknown,,unknown,,unknown,,,,,,,
3701170,,unknown,,unknown,,unknown,,,,,,,
3701200,,unknown,,unknown,,unknown,,,,,,,
630660,2018Q4,exact,2018Q2,backcast_award_minus_2q,2018Q1,from_applied_minus_1q,2019Q3,2020Q2,2020Q3,3.0,3.0,1.0,7.0
3701320,,unknown,,unknown,,unknown,,,,,,,
3701380,,unknown,,unknown,,unknown,,,,,,,
3701500,,unknown,,unknown,,unknown,,,,,,,
3701530,,unknown,,unknown,,unknown,,,,,,,
3701620,,unknown,,unknown,,unknown,,,,,,,
3701680,,unknown,,unknown,,unknown,,,,,,,
3701770,,unknown,,unknown,,unknown,,,,,,,
3020850,2023Q4,exact,2023Q2,backcast_award_minus_2q,2023Q1,from_applied_minus_1q,nanQnan,nanQnan,nanQnan,,,,
3701830,,unknown,,unknown,,unknown,,,,,,,
3701920,,unknown,,unknown,,unknown,,,,,,,
3623280,2024Q2,exact,2023Q4,backcast_award_minus_2q,2023Q3,from_applied_minus_1q,nanQnan,nanQnan,nanQnan,,,,
3702010,,unknown,,unknown,,unknown,,,,,,,
3702040,,unknown,,unknown,,unknown,,,,,,,
3702100,,unknown,,unknown,,unknown,,,,,,,
3702160,,unknown,,unknown,,unknown,,,,,,,
3702190,,unknown,,unknown,,unknown,,,,,,,
3702250,,unknown,,unknown,,unknown,,,,,,,
3702280,,unknown,,unknown,,unknown,,,,,,,
3702310,,unknown,,unknown,,unknown,,,,,,,
3702340,,unknown,,unknown,,unknown,,,,,,,
630990,2021Q1,exact,2020Q3,backcast_award_minus_2q,2020Q2,from_applied_minus_1q,2021Q2,2021Q4,2022Q1,1.0,2.0,1.0,4.0
3702400,,unknown,,unknown,,unknown,,,,,,,
631050,2019Q3,exact,2019Q1,backcast_award_minus_2q,2018Q4,from_applied_minus_1q,2020Q2,2020Q4,2021Q1,3.0,2.0,1.0,6.0
3702560,,unknown,,unknown,,unknown,,,,,,,
4219350,2024Q2,exact,2023Q4,backcast_award_minus_2q,2023Q3,from_applied_minus_1q,nanQnan,nanQnan,nanQnan,,,,
3702640,,unknown,,unknown,,unknown,,,,,,,
3702680,,unknown,,unknown,,unknown,,,,,,,
3702760,,unknown,,unknown,,unknown,,,,,,,
631170,2017Q1,exact,2016Q3,backcast_award_minus_2q,2016Q2,from_applied_minus_1q,2017Q2,2018Q2,2018Q3,1.0,4.0,1.0,6.0
3702880,,unknown,,unknown,,unknown,,,,,,,
3702940,,unknown,,unknown,,unknown,,,,,,,
4024630,2022Q4,exact,2022Q2,backcast_award_minus_2q,2022Q1,from_applied_minus_1q,2022Q4,2023Q4,2023Q4,0.0,4.0,0.0,4.0
3703000,,unknown,,unknown,,unknown,,,,,,,
3703060,,unknown,,unknown,,unknown,,,,,,,
3703090,,unknown,,unknown,,unknown,,,,,,,
3703120,,unknown,,unknown,,unknown,,,,,,,
3703210,,unknown,,unknown,,unknown,,,,,,,
3703270,,unknown,,unknown,,unknown,,,,,,,
3703310,,unknown,,unknown,,unknown,,,,,,,
631290,2018Q3,exact,2018Q1,backcast_award_minus_2q,2017Q4,from_applied_minus_1q,2018Q4,2020Q3,2020Q4,1.0,7.0,1.0,9.0
3703360,,unknown,,unknown,,unknown,,,,,,,
3703420,,unknown,2021Q2,program_calendar,2021Q1,from_applied_minus_1q,,,,,,,
3703450,,unknown,,unknown,,unknown,,,,,,,
3703480,,unknown,,unknown,,unknown,,,,,,,
3703510,,unknown,,unknown,,unknown,,,,,,,
3703540,,unknown,,unknown,,unknown,,,,,,,
2628740,2022Q4,exact,2022Q2,backcast_award_minus_2q,2022Q1,from_applied_minus_1q,2023Q2,2024Q3,nanQnan,2.0,5.0,,
3703600,,unknown,,unknown,,unknown,,,,,,,
3703630,,unknown,,unknown,,unknown,,,,,,,
3703720,,unknown,,unknown,,unknown,,,,,,,
2803660,2022Q4,exact,2022Q2,backcast_award_minus_2q,2022Q1,from_applied_minus_1q,2023Q1,2023Q4,2023Q4,1.0,3.0,0.0,4.0
2900003,2024Q2,exact,2023Q4,backcast_award_minus_2q,2023Q3,from_applied_minus_1q,nanQnan,nanQnan,nanQnan,,,,
3703900,,unknown,,unknown,,unknown,,,,,,,
3703930,,unknown,,unknown,,unknown,,,,,,,
3703990,,unknown,,unknown,,unknown,,,,,,,
600064,2019Q1,exact,2018Q3,backcast_award_minus_2q,2018Q2,from_applied_minus_1q,2019Q4,2022Q1,2022Q2,3.0,9.0,1.0,13.0
3704080,,unknown,,unknown,,unknown,,,,,,,
3704140,,unknown,,unknown,,unknown,,,,,,,
3704200,,unknown,2021Q2,program_calendar,2021Q1,from_applied_minus_1q,,,,,,,
3704320,,unknown,,unknown,,unknown,,,,,,,
3704380,,unknown,,unknown,,unknown,,,,,,,
4110040,2020Q2,exact,2019Q4,backcast_award_minus_2q,2019Q3,from_applied_minus_1q,2021Q1,2023Q2,2023Q2,3.0,9.0,0.0,12.0
5103000,2022Q2,exact,2021Q4,backcast_award_minus_2q,2021Q3,from_applied_minus_1q,2022Q3,2023Q2,2023Q2,1.0,3.0,0.0,4.0
3704500,,unknown,2021Q2,program_calendar,2021Q1,from_applied_minus_1q,,,,,,,
4024870,2022Q4,exact,2022Q2,backcast_award_minus_2q,2022Q1,from_applied_minus_1q,2023Q1,2023Q3,2023Q3,1.0,2.0,0.0,3.0
3704590,,unknown,,unknown,,unknown,,,,,,,
3704620,,unknown,,unknown,,unknown,,,,,,,
3704650,,unknown,,unknown,,unknown,,,,,,,
3704720,,unknown,,unknown,,unknown,,,,,,,
3704740,,unknown,2021Q2,program_calendar,2021Q1,from_applied_minus_1q,,,,,,,
3704800,,unknown,,unknown,,unknown,,,,,,,
3704830,,unknown,,unknown,,unknown,,,,,,,
3704880,,unknown,,unknown,,unknown,,,,,,,
3704890,,unknown,,unknown,,unknown,,,,,,,
3704920,,unknown,,unknown,,unknown,,,,,,,
3704950,,unknown,,unknown,,unknown,,,,,,,
3705020,,unknown,,unknown,,unknown,,,,,,,
2925500,2024Q2,exact,2023Q4,backcast_award_minus_2q,2023Q3,from_applied_minus_1q,nanQnan,nanQnan,nanQnan,,,,
3705070,,unknown,,unknown,,unknown,,,,,,,
3705071,,unknown,,unknown,,unknown,,,,,,,
3705072,,unknown,,unknown,,unknown,,,,,,,
3705073,,unknown,,unknown,,unknown,,,,,,,
3705074,,unknown,,unknown,,unknown,,,,,,,
3705075,,unknown,,unknown,,unknown,,,,,,,
3705076,,unknown,,unknown,,unknown,,,,,,,
3705077,,unknown,,unknown,,unknown,,,,,,,
3705078,,unknown,,unknown,,unknown,,,,,,,
3705079,,unknown,,unknown,,unknown,,,,,,,
3800004,,unknown,,unknown,,unknown,,,,,,,
3800005,,unknown,,unknown,,unknown,,,,,,,
3800006,,unknown,,unknown,,unknown,,,,,,,
3800014,,unknown,,unknown,,unknown,,,,,,,
3800015,,unknown,,unknown,,unknown,,,,,,,
3800016,,unknown,,unknown,,unknown,,,,,,,
3800017,,unknown,,unknown,,unknown,,,,,,,
3800018,,unknown,,unknown,,unknown,,,,,,,
3800021,,unknown,,unknown,,unknown,,,,,,,
3800023,,unknown,,unknown,,unknown,,,,,,,
3800024,,unknown,,unknown,,unknown,,,,,,,
3800025,,unknown,,unknown,,unknown,,,,,,,
3800027,,unknown,,unknown,,unknown,,,,,,,
3800029,,unknown,,unknown,,unknown,,,,,,,
3800031,,unknown,,unknown,,unknown,,,,,,,
3800032,,unknown,,unknown,,unknown,,,,,,,
3800033,,unknown,,unknown,,unknown,,,,,,,
3800036,,unknown,,unknown,,unknown,,,,,,,
3800038,,unknown,,unknown,,unknown,,,,,,,
3800039,,unknown,,unknown,,unknown,,,,,,,
3800040,,unknown,,unknown,,unknown,,,,,,,
3800041,,unknown,,unknown,,unknown,,,,,,,
3800042,,unknown,,unknown,,unknown,,,,,,,
3800043,,unknown,,unknown,,unknown,,,,,,,
3800044,,unknown,,unknown,,unknown,,,,,,,
3800045,,unknown,,unknown,,unknown,,,,,,,
3800046,,unknown,,unknown,,unknown,,,,,,,
3800047,,unknown,,unknown,,unknown,,,,,,,
3800048,,unknown,,unknown,,unknown,,,,,,,
3800049,,unknown,,unknown,,unknown,,,,,,,
3800050,,unknown,,unknown,,unknown,,,,,,,
3800051,,unknown,,unknown,,unknown,,,,,,,
3800052,,unknown,,unknown,,unknown,,,,,,,
3800053,,unknown,,unknown,,unknown,,,,,,,
3800054,,unknown,,unknown,,unknown,,,,,,,
3800055,,unknown,,unknown,,unknown,,,,,,,
3800056,,unknown,,unknown,,unknown,,,,,,,
3800057,,unknown,,unknown,,unknown,,,,,,,
3800058,,unknown,,unknown,,unknown,,,,,,,
3800059,,unknown,,unknown,,unknown,,,,,,,
3800060,,unknown,,unknown,,unknown,,,,,,,
803990,2023Q3,exact,2021Q2,program_calendar,2021Q1,from_applied_minus_1q,2023Q4,nanQnan,nanQnan,1.0,,,
3800389,,unknown,,unknown,,unknown,,,,,,,
3800390,,unknown,,unknown,,unknown,,,,,,,
3800391,,unknown,,unknown,,unknown,,,,,,,
3800392,,unknown,,unknown,,unknown,,,,,,,
3800394,,unknown,,unknown,,unknown,,,,,,,
3800395,,unknown,,unknown,,unknown,,,,,,,
3800396,,unknown,,unknown,,unknown,,,,,,,
3800397,,unknown,,unknown,,unknown,,,,,,,
3800398,,unknown,,unknown,,unknown,,,,,,,
3800399,,unknown,,unknown,,unknown,,,,,,,
3800400,,unknown,,unknown,,unknown,,,,,,,
3800401,,unknown,,unknown,,unknown,,,,,,,
3800402,,unknown,,unknown,,unknown,,,,,,,
3800403,,unknown,,unknown,,unknown,,,,,,,
3800404,,unknown,,unknown,,unknown,,,,,,,
3800405,,unknown,,unknown,,unknown,,,,,,,
3800406,,unknown,,unknown,,unknown,,,,,,,
3800407,,unknown,,unknown,,unknown,,,,,,,
3800825,,unknown,,unknown,,unknown,,,,,,,
3801760,,unknown,,unknown,,unknown,,,,,,,
3801950,,unknown,,unknown,,unknown,,,,,,,
3802014,,unknown,,unknown,,unknown,,,,,,,
3802170,,unknown,,unknown,,unknown,,,,,,,
3802240,,unknown,,unknown,,unknown,,,,,,,
3802380,,unknown,2021Q2,program_calendar,2021Q1,from_applied_minus_1q,,,,,,,
3802530,,unknown,,unknown,,unknown,,,,,,,
3802840,,unknown,,unknown,,unknown,,,,,,,
3803060,,unknown,,unknown,,unknown,,,,,,,
3803090,,unknown,,unknown,,unknown,,,,,,,
3803200,,unknown,,unknown,,unknown,,,,,,,
3803590,,unknown,,unknown,,unknown,,,,,,,
3804090,,unknown,,unknown,,unknown,,,,,,,
3804140,,unknown,,unknown,,unknown,,,,,,,
3804560,,unknown,,unknown,,unknown,,,,,,,
3805040,,unknown,,unknown,,unknown,,,,,,,
3805160,,unknown,,unknown,,unknown,,,,,,,
3805340,,unknown,,unknown,,unknown,,,,,,,
3805460,,unknown,,unknown,,unknown,,,,,,,
3805670,,unknown,,unknown,,unknown,,,,,,,
3805850,,unknown,,unknown,,unknown,,,,,,,
3805950,,unknown,,unknown,,unknown,,,,,,,
3806010,,unknown,,unknown,,unknown,,,,,,,
3806090,,unknown,,unknown,,unknown,,,,,,,
3806210,,unknown,,unknown,,unknown,,,,,,,
3806360,,unknown,,unknown,,unknown,,,,,,,
3806690,,unknown,,unknown,,unknown,,,,,,,
3806780,,unknown,,unknown,,unknown,,,,,,,
3806910,,unknown,,unknown,,unknown,,,,,,,
3806930,,unknown,,unknown,,unknown,,,,,,,
3807170,,unknown,,unknown,,unknown,,,,,,,
3807200,,unknown,,unknown,,unknown,,,,,,,
3807590,,unknown,,unknown,,unknown,,,,,,,
631530,2020Q3,exact,2020Q1,backcast_award_minus_2q,2019Q4,from_applied_minus_1q,2020Q3,2021Q1,2021Q2,0.0,2.0,1.0,3.0
3807850,,unknown,,unknown,,unknown,,,,,,,
3807950,,unknown,,unknown,,unknown,,,,,,,
3808130,,unknown,,unknown,,unknown,,,,,,,
3808460,,unknown,,unknown,,unknown,,,,,,,
3808610,,unknown,,unknown,,unknown,,,,,,,
3808710,,unknown,,unknown,,unknown,,,,,,,
5103030,2022Q4,exact,2022Q2,backcast_award_minus_2q,2022Q1,from_applied_minus_1q,2023Q1,2024Q1,2024Q1,1.0,4.0,0.0,5.0
3809000,,unknown,,unknown,,unknown,,,,,,,
3809130,,unknown,,unknown,,unknown,,,,,,,
3809180,,unknown,,unknown,,unknown,,,,,,,
3809410,,unknown,,unknown,,unknown,,,,,,,
3809570,,unknown,,unknown,,unknown,,,,,,,
3809810,,unknown,,unknown,,unknown,,,,,,,
3810180,,unknown,,unknown,,unknown,,,,,,,
3810260,,unknown,,unknown,,unknown,,,,,,,
3810270,,unknown,,unknown,,unknown,,,,,,,
3810500,,unknown,,unknown,,unknown,,,,,,,
3810600,,unknown,,unknown,,unknown,,,,,,,
3810740,,unknown,,unknown,,unknown,,,,,,,
3810810,,unknown,,unknown,,unknown,,,,,,,
3810860,,unknown,,unknown,,unknown,,,,,,,
3810980,,unknown,,unknown,,unknown,,,,,,,
3811140,,unknown,2021Q2,program_calendar,2021Q1,from_applied_minus_1q,,,,,,,
3811430,,unknown,,unknown,,unknown,,,,,,,
3811540,,unknown,,unknown,,unknown,,,,,,,
3811610,,unknown,,unknown,,unknown,,,,,,,
3811700,,unknown,,unknown,,unknown,,,,,,,
3811820,,unknown,,unknown,,unknown,,,,,,,
3811850,,unknown,,unknown,,unknown,,,,,,,
3811970,,unknown,,unknown,,unknown,,,,,,,
3812000,,unknown,,unknown,,unknown,,,,,,,
1700330,2022Q4,exact,2022Q2,backcast_award_minus_2q,2022Q1,from_applied_minus_1q,2022Q4,2023Q1,2023Q2,0.0,1.0,1.0,2.0
807260,2022Q4,exact,2022Q2,backcast_award_minus_2q,2022Q1,from_applied_minus_1q,2023Q2,2023Q3,2023Q3,2.0,1.0,0.0,3.0
3812120,,unknown,,unknown,,unknown,,,,,,,
3812350,,unknown,,unknown,,unknown,,,,,,,
3812430,,unknown,,unknown,,unknown,,,,,,,
3812540,,unknown,,unknown,,unknown,,,,,,,
3812660,,unknown,,unknown,,unknown,,,,,,,
3812720,,unknown,,unknown,,unknown,,,,,,,
3812920,,unknown,,unknown,,unknown,,,,,,,
3812930,,unknown,,unknown,,unknown,,,,,,,
3812990,,unknown,,unknown,,unknown,,,,,,,
3813030,,unknown,,unknown,,unknown,,,,,,,
3813050,,unknown,,unknown,,unknown,,,,,,,
3813200,,unknown,,unknown,,unknown,,,,,,,
3813230,,unknown,,unknown,,unknown,,,,,,,
3813400,,unknown,,unknown,,unknown,,,,,,,
3813440,,unknown,,unknown,,unknown,,,,,,,
3813510,,unknown,,unknown,,unknown,,,,,,,
3813660,,unknown,,unknown,,unknown,,,,,,,
3813710,,unknown,,unknown,,unknown,,,,,,,
3813920,,unknown,,unknown,,unknown,,,,,,,
3814290,,unknown,,unknown,,unknown,,,,,,,
3814340,,unknown,,unknown,,unknown,,,,,,,
3814500,,unknown,,unknown,,unknown,,,,,,,
3814520,,unknown,,unknown,,unknown,,,,,,,
3814940,,unknown,,unknown,,unknown,,,,,,,
3815150,,unknown,,unknown,,unknown,,,,,,,
3816050,,unknown,,unknown,,unknown,,,,,,,
3816090,,unknown,,unknown,,unknown,,,,,,,
3816130,,unknown,,unknown,,unknown,,,,,,,
3816430,,unknown,,unknown,,unknown,,,,,,,
3816470,,unknown,,unknown,,unknown,,,,,,,
3816510,,unknown,,unknown,,unknown,,,,,,,
3816980,,unknown,,unknown,,unknown,,,,,,,
3817040,,unknown,,unknown,,unknown,,,,,,,
3817130,,unknown,,unknown,,unknown,,,,,,,
3817170,,unknown,,unknown,,unknown,,,,,,,
3817460,,unknown,,unknown,,unknown,,,,,,,
3817570,,unknown,,unknown,,unknown,,,,,,,
3817670,,unknown,,unknown,,unknown,,,,,,,
3817760,,unknown,,unknown,,unknown,,,,,,,
3817910,,unknown,,unknown,,unknown,,,,,,,
3817940,,unknown,,unknown,,unknown,,,,,,,
3818280,,unknown,,unknown,,unknown,,,,,,,
3818500,,unknown,,unknown,,unknown,,,,,,,
3818600,,unknown,,unknown,,unknown,,,,,,,
3818660,,unknown,,unknown,,unknown,,,,,,,
3818730,,unknown,,unknown,,unknown,,,,,,,
3818850,,unknown,,unknown,,unknown,,,,,,,
3819020,,unknown,,unknown,,unknown,,,,,,,
3819260,,unknown,,unknown,,unknown,,,,,,,
3819290,,unknown,,unknown,,unknown,,,,,,,
2400510,2019Q3,exact,2019Q1,backcast_award_minus_2q,2018Q4,from_applied_minus_1q,2020Q2,2021Q3,2021Q4,3.0,5.0,1.0,9.0
5103130,2019Q4,exact,2019Q2,backcast_award_minus_2q,2019Q1,from_applied_minus_1q,2020Q3,2021Q3,2021Q4,3.0,4.0,1.0,8.0
3819680,,unknown,,unknown,,unknown,,,,,,,
3820130,,unknown,,unknown,,unknown,,,,,,,
3820190,,unknown,,unknown,,unknown,,,,,,,
3820310,,unknown,,unknown,,unknown,,,,,,,
3820340,,unknown,,unknown,,unknown,,,,,,,
3820400,,unknown,,unknown,,unknown,,,,,,,
3880100,,unknown,,unknown,,unknown,,,,,,,
3880120,,unknown,,unknown,,unknown,,,,,,,
3880160,,unknown,,unknown,,unknown,,,,,,,
3880180,,unknown,,unknown,,unknown,,,,,,,
3880200,,unknown,,unknown,,unknown,,,,,,,
3880220,,unknown,,unknown,,unknown,,,,,,,
3880240,,unknown,,unknown,,unknown,,,,,,,
3880250,,unknown,,unknown,,unknown,,,,,,,
3880260,,unknown,,unknown,,unknown,,,,,,,
3880280,,unknown,,unknown,,unknown,,,,,,,
3880300,,unknown,,unknown,,unknown,,,,,,,
3880310,,unknown,,unknown,,unknown,,,,,,,
3880340,,unknown,,unknown,,unknown,,,,,,,
3880350,,unknown,,unknown,,unknown,,,,,,,
3880360,,unknown,,unknown,,unknown,,,,,,,
3880410,,unknown,,unknown,,unknown,,,,,,,
3880420,,unknown,,unknown,,unknown,,,,,,,
3880430,,unknown,,unknown,,unknown,,,,,,,
3880450,,unknown,,unknown,,unknown,,,,,,,
3880460,,unknown,,unknown,,unknown,,,,,,,
3880470,,unknown,,unknown,,unknown,,,,,,,
3880480,,unknown,,unknown,,unknown,,,,,,,
3880500,,unknown,,unknown,,unknown,,,,,,,
3880520,,unknown,,unknown,,unknown,,,,,,,
3880540,,unknown,,unknown,,unknown,,,,,,,
3880560,,unknown,,unknown,,unknown,,,,,,,
3880570,,unknown,,unknown,,unknown,,,,,,,
3880640,,unknown,,unknown,,unknown,,,,,,,
3880660,,unknown,,unknown,,unknown,,,,,,,
3880680,,unknown,,unknown,,unknown,,,,,,,
3880700,,unknown,,unknown,,unknown,,,,,,,
3880720,,unknown,,unknown,,unknown,,,,,,,
3880750,,unknown,,unknown,,unknown,,,,,,,
3880780,,unknown,,unknown,,unknown,,,,,,,
3880781,,unknown,,unknown,,unknown,,,,,,,
3880782,,unknown,,unknown,,unknown,,,,,,,
3880783,,unknown,,unknown,,unknown,,,,,,,
3900001,,unknown,,unknown,,unknown,,,,,,,
3900002,,unknown,,unknown,,unknown,,,,,,,
3900008,,unknown,,unknown,,unknown,,,,,,,
3900009,,unknown,,unknown,,unknown,,,,,,,
3900012,,unknown,,unknown,,unknown,,,,,,,
3900013,,unknown,,unknown,,unknown,,,,,,,
3900014,,unknown,,unknown,,unknown,,,,,,,
3900015,,unknown,,unknown,,unknown,,,,,,,
3900017,,unknown,,unknown,,unknown,,,,,,,
3900019,,unknown,,unknown,,unknown,,,,,,,
3900022,,unknown,,unknown,,unknown,,,,,,,
3900025,,unknown,,unknown,,unknown,,,,,,,
3900027,,unknown,,unknown,,unknown,,,,,,,
3900029,,unknown,,unknown,,unknown,,,,,,,
3900031,,unknown,,unknown,,unknown,,,,,,,
3900033,,unknown,,unknown,,unknown,,,,,,,
3900036,,unknown,,unknown,,unknown,,,,,,,
3900038,,unknown,,unknown,,unknown,,,,,,,
3900040,,unknown,,unknown,,unknown,,,,,,,
3900042,,unknown,,unknown,,unknown,,,,,,,
3900043,,unknown,,unknown,,unknown,,,,,,,
3900047,,unknown,,unknown,,unknown,,,,,,,
3900052,,unknown,,unknown,,unknown,,,,,,,
3900053,,unknown,,unknown,,unknown,,,,,,,
3900056,,unknown,,unknown,,unknown,,,,,,,
3900063,,unknown,,unknown,,unknown,,,,,,,
3900064,,unknown,,unknown,,unknown,,,,,,,
3900065,,unknown,,unknown,,unknown,,,,,,,
3900068,,unknown,,unknown,,unknown,,,,,,,
3900071,,unknown,,unknown,,unknown,,,,,,,
3900072,,unknown,,unknown,,unknown,,,,,,,
3900073,,unknown,,unknown,,unknown,,,,,,,
3900080,,unknown,,unknown,,unknown,,,,,,,
3900081,,unknown,,unknown,,unknown,,,,,,,
3900083,,unknown,,unknown,,unknown,,,,,,,
3900084,,unknown,,unknown,,unknown,,,,,,,
3900086,,unknown,,unknown,,unknown,,,,,,,
3900090,,unknown,,unknown,,unknown,,,,,,,
3900091,,unknown,,unknown,,unknown,,,,,,,
3900092,,unknown,,unknown,,unknown,,,,,,,
3900093,,unknown,,unknown,,unknown,,,,,,,
3900094,,unknown,,unknown,,unknown,,,,,,,
3900096,,unknown,,unknown,,unknown,,,,,,,
3900097,,unknown,,unknown,,unknown,,,,,,,
3900098,,unknown,,unknown,,unknown,,,,,,,
3900100,,unknown,,unknown,,unknown,,,,,,,
3900101,,unknown,,unknown,,unknown,,,,,,,
3900102,,unknown,,unknown,,unknown,,,,,,,
3900103,,unknown,,unknown,,unknown,,,,,,,
3900104,,unknown,,unknown,,unknown,,,,,,,
3900105,,unknown,,unknown,,unknown,,,,,,,
3900106,,unknown,,unknown,,unknown,,,,,,,
3900107,,unknown,,unknown,,unknown,,,,,,,
3900109,,unknown,,unknown,,unknown,,,,,,,
3900113,,unknown,,unknown,,unknown,,,,,,,
3900117,,unknown,,unknown,,unknown,,,,,,,
3900118,,unknown,,unknown,,unknown,,,,,,,
3900119,,unknown,,unknown,,unknown,,,,,,,
3900121,,unknown,,unknown,,unknown,,,,,,,
3900123,2024Q2,exact,2023Q4,backcast_award_minus_2q,2023Q3,from_applied_minus_1q,nanQnan,nanQnan,nanQnan,,,,
3900127,,unknown,,unknown,,unknown,,,,,,,
3900129,,unknown,,unknown,,unknown,,,,,,,
3900130,,unknown,,unknown,,unknown,,,,,,,
3900138,,unknown,,unknown,,unknown,,,,,,,
3900145,,unknown,,unknown,,unknown,,,,,,,
3900146,,unknown,,unknown,,unknown,,,,,,,
3900151,,unknown,,unknown,,unknown,,,,,,,
3900155,,unknown,,unknown,,unknown,,,,,,,
3900175,,unknown,,unknown,,unknown,,,,,,,
3900176,,unknown,,unknown,,unknown,,,,,,,
3900177,,unknown,,unknown,,unknown,,,,,,,
3900178,,unknown,,unknown,,unknown,,,,,,,
3900179,,unknown,,unknown,,unknown,,,,,,,
3900180,,unknown,,unknown,,unknown,,,,,,,
3900181,,unknown,,unknown,,unknown,,,,,,,
3900190,,unknown,,unknown,,unknown,,,,,,,
3900192,,unknown,,unknown,,unknown,,,,,,,
3900193,,unknown,,unknown,,unknown,,,,,,,
3900194,,unknown,,unknown,,unknown,,,,,,,
3900203,,unknown,,unknown,,unknown,,,,,,,
3900211,,unknown,,unknown,,unknown,,,,,,,
3900212,,unknown,,unknown,,unknown,,,,,,,
3900216,,unknown,,unknown,,unknown,,,,,,,
3900223,,unknown,,unknown,,unknown,,,,,,,
3900231,,unknown,,unknown,,unknown,,,,,,,
3900233,,unknown,,unknown,,unknown,,,,,,,
3900237,,unknown,,unknown,,unknown,,,,,,,
3900238,,unknown,,unknown,,unknown,,,,,,,
3900241,,unknown,,unknown,,unknown,,,,,,,
3900250,,unknown,,unknown,,unknown,,,,,,,
3900252,,unknown,,unknown,,unknown,,,,,,,
3900276,,unknown,,unknown,,unknown,,,,,,,
3900277,,unknown,,unknown,,unknown,,,,,,,
3900279,,unknown,,unknown,,unknown,,,,,,,
3900285,,unknown,,unknown,,unknown,,,,,,,
3900286,,unknown,,unknown,,unknown,,,,,,,
3900291,,unknown,,unknown,,unknown,,,,,,,
3900299,,unknown,,unknown,,unknown,,,,,,,
3900302,,unknown,,unknown,,unknown,,,,,,,
3900304,,unknown,,unknown,,unknown,,,,,,,
3900305,,unknown,,unknown,,unknown,,,,,,,
3900306,,unknown,,unknown,,unknown,,,,,,,
3900307,,unknown,,unknown,,unknown,,,,,,,
3900308,,unknown,,unknown,,unknown,,,,,,,
3900309,,unknown,,unknown,,unknown,,,,,,,
3900313,,unknown,,unknown,,unknown,,,,,,,
3900314,,unknown,,unknown,,unknown,,,,,,,
3900315,,unknown,,unknown,,unknown,,,,,,,
3900331,,unknown,,unknown,,unknown,,,,,,,
3900337,,unknown,,unknown,,unknown,,,,,,,
3900338,,unknown,,unknown,,unknown,,,,,,,
3900339,,unknown,,unknown,,unknown,,,,,,,
3900341,,unknown,,unknown,,unknown,,,,,,,
3900342,,unknown,,unknown,,unknown,,,,,,,
3900344,,unknown,,unknown,,unknown,,,,,,,
3900348,,unknown,,unknown,,unknown,,,,,,,
3900350,,unknown,,unknown,,unknown,,,,,,,
3900356,,unknown,,unknown,,unknown,,,,,,,
3900361,,unknown,,unknown,,unknown,,,,,,,
3900366,,unknown,,unknown,,unknown,,,,,,,
3900381,,unknown,,unknown,,unknown,,,,,,,
3900383,,unknown,,unknown,,unknown,,,,,,,
3900385,,unknown,,unknown,,unknown,,,,,,,
3904467,2024Q2,exact,2023Q4,backcast_award_minus_2q,2023Q3,from_applied_minus_1q,nanQnan,nanQnan,nanQnan,,,,
3900399,,unknown,,unknown,,unknown,,,,,,,
3900428,,unknown,,unknown,,unknown,,,,,,,
3900434,,unknown,,unknown,,unknown,,,,,,,
3900435,,unknown,,unknown,,unknown,,,,,,,
3900441,,unknown,,unknown,,unknown,,,,,,,
3900444,,unknown,,unknown,,unknown,,,,,,,
3900448,,unknown,,unknown,,unknown,,,,,,,
3900451,,unknown,,unknown,,unknown,,,,,,,
3900454,,unknown,,unknown,,unknown,,,,,,,
3900457,,unknown,,unknown,,unknown,,,,,,,
3900467,,unknown,,unknown,,unknown,,,,,,,
3900470,,unknown,,unknown,,unknown,,,,,,,
3900474,,unknown,,unknown,,unknown,,,,,,,
3900478,,unknown,,unknown,,unknown,,,,,,,
3900488,,unknown,,unknown,,unknown,,,,,,,
3900490,,unknown,,unknown,,unknown,,,,,,,
3900492,,unknown,,unknown,,unknown,,,,,,,
3900493,,unknown,,unknown,,unknown,,,,,,,
3900494,,unknown,,unknown,,unknown,,,,,,,
3900495,,unknown,,unknown,,unknown,,,,,,,
3900496,,unknown,,unknown,,unknown,,,,,,,
3900497,,unknown,,unknown,,unknown,,,,,,,
3900498,,unknown,,unknown,,unknown,,,,,,,
3900500,,unknown,,unknown,,unknown,,,,,,,
3900501,,unknown,,unknown,,unknown,,,,,,,
3900502,,unknown,,unknown,,unknown,,,,,,,
3900503,,unknown,,unknown,,unknown,,,,,,,
3900505,,unknown,,unknown,,unknown,,,,,,,
3900506,,unknown,,unknown,,unknown,,,,,,,
3900507,,unknown,,unknown,,unknown,,,,,,,
3900508,,unknown,,unknown,,unknown,,,,,,,
3900510,,unknown,,unknown,,unknown,,,,,,,
3900528,,unknown,,unknown,,unknown,,,,,,,
3900530,,unknown,,unknown,,unknown,,,,,,,
3900537,,unknown,2020Q2,program_calendar,2020Q1,from_applied_minus_1q,,,,,,,
3900550,,unknown,,unknown,,unknown,,,,,,,
3900551,,unknown,,unknown,,unknown,,,,,,,
3900552,,unknown,,unknown,,unknown,,,,,,,
3900562,,unknown,,unknown,,unknown,,,,,,,
3900564,,unknown,,unknown,,unknown,,,,,,,
3900567,,unknown,,unknown,,unknown,,,,,,,
3900573,,unknown,,unknown,,unknown,,,,,,,
3900574,,unknown,,unknown,,unknown,,,,,,,
3900575,,unknown,,unknown,,unknown,,,,,,,
3900580,,unknown,,unknown,,unknown,,,,,,,
3900584,,unknown,,unknown,,unknown,,,,,,,
3900586,,unknown,,unknown,,unknown,,,,,,,
3900587,,unknown,,unknown,,unknown,,,,,,,
3900593,,unknown,,unknown,,unknown,,,,,,,
3900594,,unknown,,unknown,,unknown,,,,,,,
3900638,,unknown,,unknown,,unknown,,,,,,,
3900640,,unknown,,unknown,,unknown,,,,,,,
3900641,,unknown,,unknown,,unknown,,,,,,,
3900642,,unknown,,unknown,,unknown,,,,,,,
3900643,,unknown,,unknown,,unknown,,,,,,,
3900644,,unknown,,unknown,,unknown,,,,,,,
3900645,,unknown,,unknown,,unknown,,,,,,,
3900646,,unknown,,unknown,,unknown,,,,,,,
3900647,,unknown,,unknown,,unknown,,,,,,,
3901301,,unknown,,unknown,,unknown,,,,,,,
3901302,,unknown,,unknown,,unknown,,,,,,,
3901305,,unknown,,unknown,,unknown,,,,,,,
3901313,,unknown,,unknown,,unknown,,,,,,,
3901314,,unknown,,unknown,,unknown,,,,,,,
3901322,,unknown,,unknown,,unknown,,,,,,,
3901326,,unknown,,unknown,,unknown,,,,,,,
3901329,,unknown,,unknown,,unknown,,,,,,,
3901330,,unknown,,unknown,,unknown,,,,,,,
3901335,,unknown,,unknown,,unknown,,,,,,,
3901337,,unknown,,unknown,,unknown,,,,,,,
3901339,,unknown,,unknown,,unknown,,,,,,,
3901344,,unknown,,unknown,,unknown,,,,,,,
3901346,,unknown,,unknown,,unknown,,,,,,,
3901347,,unknown,,unknown,,unknown,,,,,,,
3901350,,unknown,,unknown,,unknown,,,,,,,
3901353,,unknown,,unknown,,unknown,,,,,,,
3901354,,unknown,,unknown,,unknown,,,,,,,
3901362,,unknown,,unknown,,unknown,,,,,,,
3901363,,unknown,,unknown,,unknown,,,,,,,
3901365,,unknown,,unknown,,unknown,,,,,,,
3901366,,unknown,,unknown,,unknown,,,,,,,
3901368,,unknown,,unknown,,unknown,,,,,,,
3901369,,unknown,,unknown,,unknown,,,,,,,
3901370,,unknown,,unknown,,unknown,,,,,,,
3901374,,unknown,,unknown,,unknown,,,,,,,
3901375,,unknown,,unknown,,unknown,,,,,,,
3901376,,unknown,,unknown,,unknown,,,,,,,
3901377,,unknown,,unknown,,unknown,,,,,,,
3901381,,unknown,,unknown,,unknown,,,,,,,
3901382,,unknown,,unknown,,unknown,,,,,,,
3901383,,unknown,,unknown,,unknown,,,,,,,
3901389,,unknown,,unknown,,unknown,,,,,,,
4835850,2024Q2,exact,2023Q4,backcast_award_minus_2q,2023Q3,from_applied_minus_1q,nanQnan,nanQnan,nanQnan,,,,
3901397,,unknown,,unknown,,unknown,,,,,,,
3901398,,unknown,,unknown,,unknown,,,,,,,
3901403,,unknown,,unknown,,unknown,,,,,,,
3901405,,unknown,,unknown,,unknown,,,,,,,
3901407,,unknown,,unknown,,unknown,,,,,,,
3901409,,unknown,,unknown,,unknown,,,,,,,
3901410,,unknown,,unknown,,unknown,,,,,,,
3901411,,unknown,,unknown,,unknown,,,,,,,
3901412,,unknown,,unknown,,unknown,,,,,,,
3901413,,unknown,,unknown,,unknown,,,,,,,
3901414,,unknown,,unknown,,unknown,,,,,,,
3901415,,unknown,,unknown,,unknown,,,,,,,
3901416,,unknown,,unknown,,unknown,,,,,,,
3901417,,unknown,,unknown,,unknown,,,,,,,
3901420,,unknown,,unknown,,unknown,,,,,,,
3901427,,unknown,,unknown,,unknown,,,,,,,
3901428,,unknown,,unknown,,unknown,,,,,,,
3901429,,unknown,,unknown,,unknown,,,,,,,
3901430,,unknown,,unknown,,unknown,,,,,,,
3901432,,unknown,,unknown,,unknown,,,,,,,
3901433,,unknown,,unknown,,unknown,,,,,,,
3901434,,unknown,,unknown,,unknown,,,,,,,
3901450,,unknown,,unknown,,unknown,,,,,,,
3901451,,unknown,,unknown,,unknown,,,,,,,
3901454,,unknown,,unknown,,unknown,,,,,,,
3901457,,unknown,,unknown,,unknown,,,,,,,
3901463,,unknown,,unknown,,unknown,,,,,,,
3901465,,unknown,,unknown,,unknown,,,,,,,
3901470,,unknown,,unknown,,unknown,,,,,,,
3901472,,unknown,,unknown,,unknown,,,,,,,
3901473,,unknown,,unknown,,unknown,,,,,,,
3901475,,unknown,,unknown,,unknown,,,,,,,
3901478,,unknown,,unknown,,unknown,,,,,,,
3901480,,unknown,,unknown,,unknown,,,,,,,
3901482,,unknown,,unknown,,unknown,,,,,,,
3901487,,unknown,,unknown,,unknown,,,,,,,
3901488,,unknown,,unknown,,unknown,,,,,,,
3901490,,unknown,,unknown,,unknown,,,,,,,
3901496,,unknown,,unknown,,unknown,,,,,,,
3901498,,unknown,,unknown,,unknown,,,,,,,
3901499,,unknown,,unknown,,unknown,,,,,,,
3901502,,unknown,,unknown,,unknown,,,,,,,
3901503,,unknown,,unknown,,unknown,,,,,,,
3901505,,unknown,,unknown,,unknown,,,,,,,
3901508,,unknown,,unknown,,unknown,,,,,,,
3901511,,unknown,,unknown,,unknown,,,,,,,
3901512,,unknown,,unknown,,unknown,,,,,,,
3901514,,unknown,,unknown,,unknown,,,,,,,
3901516,,unknown,,unknown,,unknown,,,,,,,
3901520,,unknown,,unknown,,unknown,,,,,,,
3901521,,unknown,,unknown,,unknown,,,,,,,
3901526,,unknown,,unknown,,unknown,,,,,,,
3901529,,unknown,,unknown,,unknown,,,,,,,
3901530,,unknown,,unknown,,unknown,,,,,,,
3901535,,unknown,,unknown,,unknown,,,,,,,
3901536,,unknown,,unknown,,unknown,,,,,,,
3901539,,unknown,,unknown,,unknown,,,,,,,
3901543,,unknown,,unknown,,unknown,,,,,,,
3901545,,unknown,,unknown,,unknown,,,,,,,
3901549,,unknown,,unknown,,unknown,,,,,,,
3901550,,unknown,,unknown,,unknown,,,,,,,
3901551,,unknown,,unknown,,unknown,,,,,,,
3901554,,unknown,,unknown,,unknown,,,,,,,
3901555,,unknown,,unknown,,unknown,,,,,,,
3901564,,unknown,,unknown,,unknown,,,,,,,
3901565,,unknown,,unknown,,unknown,,,,,,,
3901566,,unknown,,unknown,,unknown,,,,,,,
3901567,,unknown,,unknown,,unknown,,,,,,,
3901568,,unknown,,unknown,,unknown,,,,,,,
3901570,,unknown,,unknown,,unknown,,,,,,,
3901574,,unknown,,unknown,,unknown,,,,,,,
3901575,,unknown,,unknown,,unknown,,,,,,,
631620,2022Q2,exact,2021Q4,backcast_award_minus_2q,2021Q3,from_applied_minus_1q,2022Q3,2024Q2,2024Q2,1.0,7.0,0.0,8.0
3901577,,unknown,,unknown,,unknown,,,,,,,
3901581,,unknown,,unknown,,unknown,,,,,,,
3901582,,unknown,,unknown,,unknown,,,,,,,
3901583,,unknown,,unknown,,unknown,,,,,,,
3901584,,unknown,,unknown,,unknown,,,,,,,
3901585,,unknown,,unknown,,unknown,,,,,,,
3901586,,unknown,,unknown,,unknown,,,,,,,
3901587,,unknown,,unknown,,unknown,,,,,,,
3901588,,unknown,,unknown,,unknown,,,,,,,
3901589,,unknown,,unknown,,unknown,,,,,,,
3901590,,unknown,,unknown,,unknown,,,,,,,
3901591,,unknown,,unknown,,unknown,,,,,,,
3901592,,unknown,,unknown,,unknown,,,,,,,
3901593,,unknown,,unknown,,unknown,,,,,,,
3901594,,unknown,,unknown,,unknown,,,,,,,
3901595,,unknown,,unknown,,unknown,,,,,,,
3901596,,unknown,,unknown,,unknown,,,,,,,
3901597,,unknown,,unknown,,unknown,,,,,,,
3901599,,unknown,,unknown,,unknown,,,,,,,
3901600,,unknown,,unknown,,unknown,,,,,,,
3901601,,unknown,,unknown,,unknown,,,,,,,
3901602,,unknown,,unknown,,unknown,,,,,,,
3901603,,unknown,,unknown,,unknown,,,,,,,
3901604,,unknown,,unknown,,unknown,,,,,,,
3901605,,unknown,,unknown,,unknown,,,,,,,
3901606,,unknown,,unknown,,unknown,,,,,,,
3901608,,unknown,,unknown,,unknown,,,,,,,
3901609,,unknown,,unknown,,unknown,,,,,,,
3901610,,unknown,,unknown,,unknown,,,,,,,
3901611,,unknown,,unknown,,unknown,,,,,,,
3901612,,unknown,,unknown,,unknown,,,,,,,
3901613,,unknown,,unknown,,unknown,,,,,,,
3901614,,unknown,,unknown,,unknown,,,,,,,
3901615,,unknown,,unknown,,unknown,,,,,,,
3901616,,unknown,,unknown,,unknown,,,,,,,
3901617,,unknown,,unknown,,unknown,,,,,,,
3901618,,unknown,,unknown,,unknown,,,,,,,
3901619,,unknown,,unknown,,unknown,,,,,,,
3901620,,unknown,,unknown,,unknown,,,,,,,
3901621,,unknown,,unknown,,unknown,,,,,,,
3901622,,unknown,,unknown,,unknown,,,,,,,
3901623,,unknown,,unknown,,unknown,,,,,,,
3901624,,unknown,,unknown,,unknown,,,,,,,
3901625,,unknown,,unknown,,unknown,,,,,,,
3901626,,unknown,,unknown,,unknown,,,,,,,
3901627,,unknown,,unknown,,unknown,,,,,,,
3901628,,unknown,,unknown,,unknown,,,,,,,
3901629,,unknown,,unknown,,unknown,,,,,,,
3901630,,unknown,,unknown,,unknown,,,,,,,
3901631,,unknown,,unknown,,unknown,,,,,,,
3901632,,unknown,,unknown,,unknown,,,,,,,
3901633,,unknown,,unknown,,unknown,,,,,,,
3901634,,unknown,,unknown,,unknown,,,,,,,
3901635,,unknown,,unknown,,unknown,,,,,,,
3901636,,unknown,,unknown,,unknown,,,,,,,
3901637,,unknown,,unknown,,unknown,,,,,,,
3901638,,unknown,,unknown,,unknown,,,,,,,
3901639,,unknown,,unknown,,unknown,,,,,,,
3904348,,unknown,,unknown,,unknown,,,,,,,
3904349,,unknown,,unknown,,unknown,,,,,,,
3904350,,unknown,,unknown,,unknown,,,,,,,
3904351,,unknown,,unknown,,unknown,,,,,,,
3904352,,unknown,,unknown,,unknown,,,,,,,
2925590,2021Q1,exact,2020Q3,backcast_award_minus_2q,2020Q2,from_applied_minus_1q,2022Q2,2023Q1,2023Q2,5.0,3.0,1.0,9.0
3904354,,unknown,,unknown,,unknown,,,,,,,
3904355,,unknown,,unknown,,unknown,,,,,,,
3904357,,unknown,,unknown,,unknown,,,,,,,
3904358,,unknown,,unknown,,unknown,,,,,,,
3904359,,unknown,,unknown,,unknown,,,,,,,
3904360,,unknown,,unknown,,unknown,,,,,,,
3904361,,unknown,,unknown,,unknown,,,,,,,
3904362,,unknown,,unknown,,unknown,,,,,,,
3904363,,unknown,,unknown,,unknown,,,,,,,
3904364,,unknown,,unknown,,unknown,,,,,,,
3904365,,unknown,,unknown,,unknown,,,,,,,
3904366,,unknown,,unknown,,unknown,,,,,,,
3904367,,unknown,,unknown,,unknown,,,,,,,
3904368,,unknown,,unknown,,unknown,,,,,,,
3904369,,unknown,,unknown,,unknown,,,,,,,
4400900,2022Q1,exact,2021Q3,backcast_award_minus_2q,2021Q2,from_applied_minus_1q,2022Q2,2023Q4,2023Q4,1.0,6.0,0.0,7.0
3904371,,unknown,,unknown,,unknown,,,,,,,
3904373,,unknown,,unknown,,unknown,,,,,,,
3904374,,unknown,,unknown,,unknown,,,,,,,
4400039,2024Q2,exact,2023Q4,backcast_award_minus_2q,2023Q3,from_applied_minus_1q,nanQnan,nanQnan,nanQnan,,,,
3904376,,unknown,,unknown,,unknown,,,,,,,
3904377,,unknown,,unknown,,unknown,,,,,,,
3904378,,unknown,,unknown,,unknown,,,,,,,
3904379,,unknown,,unknown,,unknown,,,,,,,
3904380,,unknown,2020Q2,program_calendar,2020Q1,from_applied_minus_1q,,,,,,,
3904381,,unknown,,unknown,,unknown,,,,,,,
3904382,,unknown,,unknown,,unknown,,,,,,,
3904383,,unknown,,unknown,,unknown,,,,,,,
3904384,,unknown,,unknown,,unknown,,,,,,,
3904385,,unknown,,unknown,,unknown,,,,,,,
3904386,,unknown,,unknown,,unknown,,,,,,,
3904387,,unknown,,unknown,,unknown,,,,,,,
3904388,,unknown,,unknown,,unknown,,,,,,,
3904389,,unknown,,unknown,,unknown,,,,,,,
3904390,,unknown,,unknown,,unknown,,,,,,,
3904391,,unknown,,unknown,,unknown,,,,,,,
3904392,,unknown,,unknown,,unknown,,,,,,,
3904393,,unknown,,unknown,,unknown,,,,,,,
3904394,,unknown,,unknown,,unknown,,,,,,,
800278,2024Q2,exact,2023Q4,backcast_award_minus_2q,2023Q3,from_applied_minus_1q,nanQnan,nanQnan,nanQnan,,,,
3904396,,unknown,,unknown,,unknown,,,,,,,
3904397,,unknown,,unknown,,unknown,,,,,,,
3904399,,unknown,,unknown,,unknown,,,,,,,
3904400,,unknown,,unknown,,unknown,,,,,,,
3904401,,unknown,,unknown,,unknown,,,,,,,
3904402,,unknown,,unknown,,unknown,,,,,,,
3904403,,unknown,,unknown,,unknown,,,,,,,
3904404,,unknown,,unknown,,unknown,,,,,,,
3904405,,unknown,,unknown,,unknown,,,,,,,
3904406,,unknown,,unknown,,unknown,,,,,,,
3904407,,unknown,,unknown,,unknown,,,,,,,
3904408,,unknown,,unknown,,unknown,,,,,,,
3904409,,unknown,,unknown,,unknown,,,,,,,
3904410,,unknown,,unknown,,unknown,,,,,,,
3904411,,unknown,,unknown,,unknown,,,,,,,
3904412,,unknown,,unknown,,unknown,,,,,,,
3904413,,unknown,2020Q2,program_calendar,2020Q1,from_applied_minus_1q,,,,,,,
3904414,,unknown,2020Q2,program_calendar,2020Q1,from_applied_minus_1q,,,,,,,
3904415,,unknown,,unknown,,unknown,,,,,,,
3904416,,unknown,,unknown,,unknown,,,,,,,
3904418,,unknown,,unknown,,unknown,,,,,,,
3904419,,unknown,,unknown,,unknown,,,,,,,
3904420,,unknown,,unknown,,unknown,,,,,,,
3904421,,unknown,,unknown,,unknown,,,,,,,
7200030,2022Q4,exact,2022Q2,backcast_award_minus_2q,2022Q1,from_applied_minus_1q,nanQnan,2024Q3,nanQnan,,,,
3904423,,unknown,,unknown,,unknown,,,,,,,
3904424,,unknown,,unknown,,unknown,,,,,,,
3904425,,unknown,,unknown,,unknown,,,,,,,
3904426,,unknown,,unknown,,unknown,,,,,,,
3904427,,unknown,,unknown,,unknown,,,,,,,
3904428,,unknown,,unknown,,unknown,,,,,,,
3904429,,unknown,,unknown,,unknown,,,,,,,
3904430,,unknown,,unknown,,unknown,,,,,,,
3904431,,unknown,,unknown,,unknown,,,,,,,
3904433,,unknown,,unknown,,unknown,,,,,,,
3904434,,unknown,,unknown,,unknown,,,,,,,
3904435,,unknown,,unknown,,unknown,,,,,,,
3904436,,unknown,,unknown,,unknown,,,,,,,
3904437,,unknown,,unknown,,unknown,,,,,,,
3904438,,unknown,,unknown,,unknown,,,,,,,
3904439,,unknown,,unknown,,unknown,,,,,,,
3904440,,unknown,,unknown,,unknown,,,,,,,
5306930,2020Q2,exact,2019Q4,backcast_award_minus_2q,2019Q3,from_applied_minus_1q,2021Q1,2022Q2,2022Q3,3.0,5.0,1.0,9.0
3904443,,unknown,,unknown,,unknown,,,,,,,
3904444,,unknown,,unknown,,unknown,,,,,,,
3904445,,unknown,,unknown,,unknown,,,,,,,
3904446,,unknown,,unknown,,unknown,,,,,,,
3904447,,unknown,,unknown,,unknown,,,,,,,
3904448,,unknown,,unknown,,unknown,,,,,,,
3904449,,unknown,,unknown,,unknown,,,,,,,
3904450,,unknown,,unknown,,unknown,,,,,,,
3904451,,unknown,,unknown,,unknown,,,,,,,
3904452,,unknown,2021Q2,program_calendar,2021Q1,from_applied_minus_1q,,,,,,,
3904453,,unknown,,unknown,,unknown,,,,,,,
3904454,,unknown,2021Q2,program_calendar,2021Q1,from_applied_minus_1q,,,,,,,
3904455,,unknown,,unknown,,unknown,,,,,,,
3904456,,unknown,,unknown,,unknown,,,,,,,
3904457,,unknown,,unknown,,unknown,,,,,,,
3904458,,unknown,,unknown,,unknown,,,,,,,
3904459,,unknown,2020Q2,program_calendar,2020Q1,from_applied_minus_1q,,,,,,,
3904460,,unknown,,unknown,,unknown,,,,,,,
3904461,,unknown,,unknown,,unknown,,,,,,,
3904463,,unknown,,unknown,,unknown,,,,,,,
3904464,,unknown,,unknown,,unknown,,,,,,,
3904465,,unknown,,unknown,,unknown,,,,,,,
4703480,2022Q4,exact,2022Q2,backcast_award_minus_2q,2022Q1,from_applied_minus_1q,2023Q1,2023Q2,2023Q4,1.0,1.0,2.0,4.0
3904468,,unknown,,unknown,,unknown,,,,,,,
3904469,,unknown,,unknown,,unknown,,,,,,,
3904470,,unknown,,unknown,,unknown,,,,,,,
3904471,,unknown,,unknown,,unknown,,,,,,,
3904472,,unknown,2020Q2,program_calendar,2020Q1,from_applied_minus_1q,,,,,,,
3904474,,unknown,,unknown,,unknown,,,,,,,
4836210,2022Q4,exact,2022Q2,backcast_award_minus_2q,2022Q1,from_applied_minus_1q,2022Q4,2023Q2,2023Q2,0.0,2.0,0.0,2.0
3904476,,unknown,,unknown,,unknown,,,,,,,
3904479,,unknown,,unknown,,unknown,,,,,,,
3904480,,unknown,,unknown,,unknown,,,,,,,
3904481,,unknown,,unknown,,unknown,,,,,,,
3904482,,unknown,,unknown,,unknown,,,,,,,
3904483,,unknown,,unknown,,unknown,,,,,,,
3904484,,unknown,,unknown,,unknown,,,,,,,
3624030,2024Q2,exact,2023Q4,backcast_award_minus_2q,2023Q3,from_applied_minus_1q,nanQnan,nanQnan,nanQnan,,,,
3904486,,unknown,,unknown,,unknown,,,,,,,
3904487,,unknown,,unknown,,unknown,,,,,,,
3904488,,unknown,,unknown,,unknown,,,,,,,
3904489,,unknown,,unknown,,unknown,,,,,,,
3904490,,unknown,,unknown,,unknown,,,,,,,
3904491,,unknown,,unknown,,unknown,,,,,,,
3904492,,unknown,,unknown,,unknown,,,,,,,
3904493,,unknown,,unknown,,unknown,,,,,,,
3904494,,unknown,,unknown,,unknown,,,,,,,
3904495,,unknown,,unknown,,unknown,,,,,,,
3904498,,unknown,,unknown,,unknown,,,,,,,
3904499,,unknown,2021Q2,program_calendar,2021Q1,from_applied_minus_1q,,,,,,,
3904500,,unknown,,unknown,,unknown,,,,,,,
3904502,,unknown,,unknown,,unknown,,,,,,,
3904503,,unknown,,unknown,,unknown,,,,,,,
3904504,,unknown,,unknown,,unknown,,,,,,,
3904505,,unknown,,unknown,,unknown,,,,,,,
3904506,,unknown,2021Q2,program_calendar,2021Q1,from_applied_minus_1q,,,,,,,
3904507,,unknown,,unknown,,unknown,,,,,,,
3904508,,unknown,,unknown,,unknown,,,,,,,
3904509,,unknown,,unknown,,unknown,,,,,,,
3904510,,unknown,,unknown,,unknown,,,,,,,
3904511,,unknown,,unknown,,unknown,,,,,,,
2509870,2022Q1,exact,2021Q3,backcast_award_minus_2q,2021Q2,from_applied_minus_1q,2022Q2,2023Q1,2023Q2,1.0,3.0,1.0,5.0
3904514,,unknown,,unknown,,unknown,,,,,,,
3904515,,unknown,,unknown,,unknown,,,,,,,
511880,2024Q2,exact,2023Q4,backcast_award_minus_2q,2023Q3,from_applied_minus_1q,nanQnan,nanQnan,nanQnan,,,,
3904517,,unknown,,unknown,,unknown,,,,,,,
3904518,,unknown,,unknown,,unknown,,,,,,,
3904519,,unknown,,unknown,,unknown,,,,,,,
3904520,,unknown,,unknown,,unknown,,,,,,,
3904521,,unknown,,unknown,,unknown,,,,,,,
2925710,2022Q4,exact,2022Q2,backcast_award_minus_2q,2022Q1,from_applied_minus_1q,2022Q4,2023Q2,2023Q2,0.0,2.0,0.0,2.0
3904523,,unknown,,unknown,,unknown,,,,,,,
3904524,,unknown,,unknown,,unknown,,,,,,,
3904525,,unknown,2020Q2,program_calendar,2020Q1,from_applied_minus_1q,,,,,,,
3904526,,unknown,,unknown,,unknown,,,,,,,
3904527,,unknown,,unknown,,unknown,,,,,,,
3904528,,unknown,,unknown,,unknown,,,,,,,
3904529,,unknown,2020Q2,program_calendar,2020Q1,from_applied_minus_1q,,,,,,,
3904531,,unknown,,unknown,,unknown,,,,,,,
3904532,,unknown,,unknown,,unknown,,,,,,,
3904533,,unknown,,unknown,,unknown,,,,,,,
3904535,,unknown,,unknown,,unknown,,,,,,,
3904536,,unknown,,unknown,,unknown,,,,,,,
3904537,,unknown,,unknown,,unknown,,,,,,,
3904538,,unknown,,unknown,,unknown,,,,,,,
3904539,,unknown,,unknown,,unknown,,,,,,,
3904540,,unknown,,unknown,,unknown,,,,,,,
3904541,,unknown,,unknown,,unknown,,,,,,,
3904542,,unknown,,unknown,,unknown,,,,,,,
3904543,,unknown,,unknown,,unknown,,,,,,,
3904545,,unknown,2021Q2,program_calendar,2021Q1,from_applied_minus_1q,,,,,,,
3904546,,unknown,,unknown,,unknown,,,,,,,
3904547,,unknown,,unknown,,unknown,,,,,,,
3904548,,unknown,,unknown,,unknown,,,,,,,
3904549,,unknown,,unknown,,unknown,,,,,,,
3904550,,unknown,,unknown,,unknown,,,,,,,
3904551,,unknown,,unknown,,unknown,,,,,,,
3904552,,unknown,,unknown,,unknown,,,,,,,
3904553,,unknown,,unknown,,unknown,,,,,,,
3904554,,unknown,,unknown,,unknown,,,,,,,
3904555,,unknown,2020Q2,program_calendar,2020Q1,from_applied_minus_1q,,,,,,,
3904556,,unknown,,unknown,,unknown,,,,,,,
3904557,,unknown,,unknown,,unknown,,,,,,,
3904558,,unknown,,unknown,,unknown,,,,,,,
3904560,,unknown,,unknown,,unknown,,,,,,,
631710,2020Q3,exact,2020Q1,backcast_award_minus_2q,2019Q4,from_applied_minus_1q,2020Q4,2021Q3,2021Q4,1.0,3.0,1.0,5.0
3904563,,unknown,,unknown,,unknown,,,,,,,
3904564,,unknown,2020Q2,program_calendar,2020Q1,from_applied_minus_1q,,,,,,,
3904565,,unknown,,unknown,,unknown,,,,,,,
3904566,,unknown,,unknown,,unknown,,,,,,,
3904567,,unknown,,unknown,,unknown,,,,,,,
3904574,,unknown,,unknown,,unknown,,,,,,,
3904575,,unknown,,unknown,,unknown,,,,,,,
3904576,,unknown,,unknown,,unknown,,,,,,,
3904577,,unknown,,unknown,,unknown,,,,,,,
3904578,,unknown,2020Q2,program_calendar,2020Q1,from_applied_minus_1q,,,,,,,
3904579,,unknown,,unknown,,unknown,,,,,,,
3904580,,unknown,,unknown,,unknown,,,,,,,
3904582,,unknown,,unknown,,unknown,,,,,,,
3904583,,unknown,,unknown,,unknown,,,,,,,
3904584,,unknown,,unknown,,unknown,,,,,,,
3904585,,unknown,,unknown,,unknown,,,,,,,
3904586,,unknown,,unknown,,unknown,,,,,,,
3904587,,unknown,,unknown,,unknown,,,,,,,
3904588,,unknown,,unknown,,unknown,,,,,,,
3904590,,unknown,,unknown,,unknown,,,,,,,
3904591,,unknown,,unknown,,unknown,,,,,,,
3904592,,unknown,,unknown,,unknown,,,,,,,
3904593,,unknown,,unknown,,unknown,,,,,,,
3904594,,unknown,,unknown,,unknown,,,,,,,
3904595,,unknown,,unknown,,unknown,,,,,,,
3904596,,unknown,,unknown,,unknown,,,,,,,
3904597,,unknown,,unknown,,unknown,,,,,,,
3904599,,unknown,,unknown,,unknown,,,,,,,
3904600,,unknown,,unknown,,unknown,,,,,,,
3904601,,unknown,,unknown,,unknown,,,,,,,
3904602,,unknown,,unknown,,unknown,,,,,,,
3904603,,unknown,2020Q2,program_calendar,2020Q1,from_applied_minus_1q,,,,,,,
3904604,,unknown,,unknown,,unknown,,,,,,,
3904606,,unknown,,unknown,,unknown,,,,,,,
3904607,,unknown,,unknown,,unknown,,,,,,,
3904608,,unknown,,unknown,,unknown,,,,,,,
3904609,,unknown,,unknown,,unknown,,,,,,,
3904610,,unknown,,unknown,,unknown,,,,,,,
3904611,,unknown,,unknown,,unknown,,,,,,,
3904612,,unknown,,unknown,,unknown,,,,,,,
3904613,,unknown,,unknown,,unknown,,,,,,,
3904614,,unknown,,unknown,,unknown,,,,,,,
3904615,,unknown,,unknown,,unknown,,,,,,,
3904617,,unknown,,unknown,,unknown,,,,,,,
3904619,,unknown,,unknown,,unknown,,,,,,,
3904620,,unknown,,unknown,,unknown,,,,,,,
3904621,,unknown,,unknown,,unknown,,,,,,,
3904622,,unknown,,unknown,,unknown,,,,,,,
3904623,,unknown,,unknown,,unknown,,,,,,,
3904624,,unknown,2020Q2,program_calendar,2020Q1,from_applied_minus_1q,,,,,,,
3904625,,unknown,,unknown,,unknown,,,,,,,
3904626,,unknown,,unknown,,unknown,,,,,,,
3904627,,unknown,,unknown,,unknown,,,,,,,
3904628,,unknown,,unknown,,unknown,,,,,,,
3904629,,unknown,,unknown,,unknown,,,,,,,
3904630,,unknown,,unknown,,unknown,,,,,,,
3904631,,unknown,,unknown,,unknown,,,,,,,
3904632,,unknown,,unknown,,unknown,,,,,,,
3904633,,unknown,,unknown,,unknown,,,,,,,
3904634,,unknown,,unknown,,unknown,,,,,,,
3904635,,unknown,,unknown,,unknown,,,,,,,
3904636,,unknown,,unknown,,unknown,,,,,,,
3904637,,unknown,,unknown,,unknown,,,,,,,
3904638,,unknown,,unknown,,unknown,,,,,,,
3904639,,unknown,,unknown,,unknown,,,,,,,
3904640,,unknown,,unknown,,unknown,,,,,,,
3904641,,unknown,,unknown,,unknown,,,,,,,
3904642,,unknown,,unknown,,unknown,,,,,,,
3904643,,unknown,,unknown,,unknown,,,,,,,
3904644,,unknown,,unknown,,unknown,,,,,,,
3904645,,unknown,,unknown,,unknown,,,,,,,
3904647,,unknown,,unknown,,unknown,,,,,,,
3904648,,unknown,,unknown,,unknown,,,,,,,
3904650,,unknown,,unknown,,unknown,,,,,,,
3904651,,unknown,,unknown,,unknown,,,,,,,
3904652,,unknown,,unknown,,unknown,,,,,,,
3904653,,unknown,,unknown,,unknown,,,,,,,
3904655,,unknown,,unknown,,unknown,,,,,,,
3904656,,unknown,,unknown,,unknown,,,,,,,
3904657,,unknown,,unknown,,unknown,,,,,,,
3904659,,unknown,,unknown,,unknown,,,,,,,
3904660,,unknown,,unknown,,unknown,,,,,,,
3904661,,unknown,,unknown,,unknown,,,,,,,
3904662,,unknown,,unknown,,unknown,,,,,,,
3904663,,unknown,,unknown,,unknown,,,,,,,
3904664,,unknown,,unknown,,unknown,,,,,,,
3904667,,unknown,,unknown,,unknown,,,,,,,
3904668,,unknown,,unknown,,unknown,,,,,,,
3904670,,unknown,,unknown,,unknown,,,,,,,
3904671,,unknown,,unknown,,unknown,,,,,,,
3904672,,unknown,,unknown,,unknown,,,,,,,
3904674,,unknown,,unknown,,unknown,,,,,,,
3904675,,unknown,,unknown,,unknown,,,,,,,
3904676,,unknown,,unknown,,unknown,,,,,,,
3904678,,unknown,,unknown,,unknown,,,,,,,
3904679,,unknown,,unknown,,unknown,,,,,,,
3904680,,unknown,,unknown,,unknown,,,,,,,
3904681,,unknown,,unknown,,unknown,,,,,,,
3904682,,unknown,,unknown,,unknown,,,,,,,
3904683,,unknown,,unknown,,unknown,,,,,,,
3703780,2021Q3,exact,2021Q1,backcast_award_minus_2q,2020Q4,from_applied_minus_1q,2022Q1,2023Q1,2023Q2,2.0,4.0,1.0,7.0
3904685,,unknown,,unknown,,unknown,,,,,,,
3904686,,unknown,,unknown,,unknown,,,,,,,
3904687,,unknown,,unknown,,unknown,,,,,,,
3904688,,unknown,,unknown,,unknown,,,,,,,
3904689,,unknown,,unknown,,unknown,,,,,,,
3904690,,unknown,,unknown,,unknown,,,,,,,
3904693,,unknown,,unknown,,unknown,,,,,,,
3904694,,unknown,,unknown,,unknown,,,,,,,
3904695,,unknown,,unknown,,unknown,,,,,,,
3904696,,unknown,,unknown,,unknown,,,,,,,
3904697,,unknown,,unknown,,unknown,,,,,,,
3904699,,unknown,,unknown,,unknown,,,,,,,
3904700,,unknown,,unknown,,unknown,,,,,,,
3904701,,unknown,,unknown,,unknown,,,,,,,
3904702,,unknown,,unknown,,unknown,,,,,,,
3904704,,unknown,,unknown,,unknown,,,,,,,
3904705,,unknown,,unknown,,unknown,,,,,,,
3904706,,unknown,,unknown,,unknown,,,,,,,
3904707,,unknown,,unknown,,unknown,,,,,,,
3904708,,unknown,,unknown,,unknown,,,,,,,
3904709,,unknown,,unknown,,unknown,,,,,,,
3904716,,unknown,,unknown,,unknown,,,,,,,
3904717,,unknown,,unknown,,unknown,,,,,,,
3904718,,unknown,,unknown,,unknown,,,,,,,
3904719,,unknown,,unknown,,unknown,,,,,,,
3904722,,unknown,,unknown,,unknown,,,,,,,
3904723,,unknown,,unknown,,unknown,,,,,,,
3904724,,unknown,,unknown,,unknown,,,,,,,
3904725,,unknown,,unknown,,unknown,,,,,,,
3904726,,unknown,,unknown,,unknown,,,,,,,
3904727,,unknown,,unknown,,unknown,,,,,,,
3904730,,unknown,,unknown,,unknown,,,,,,,
3904732,,unknown,,unknown,,unknown,,,,,,,
3904733,,unknown,,unknown,,unknown,,,,,,,
3904734,,unknown,,unknown,,unknown,,,,,,,
3904736,,unknown,,unknown,,unknown,,,,,,,
3904737,,unknown,,unknown,,unknown,,,,,,,
3904738,,unknown,,unknown,,unknown,,,,,,,
3904739,,unknown,,unknown,,unknown,,,,,,,
3904740,,unknown,,unknown,,unknown,,,,,,,
3904742,,unknown,,unknown,,unknown,,,,,,,
3904743,,unknown,,unknown,,unknown,,,,,,,
3904744,,unknown,,unknown,,unknown,,,,,,,
3904745,,unknown,,unknown,,unknown,,,,,,,
3904747,,unknown,,unknown,,unknown,,,,,,,
3904749,,unknown,,unknown,,unknown,,,,,,,
3904750,,unknown,,unknown,,unknown,,,,,,,
3904751,,unknown,,unknown,,unknown,,,,,,,
3904752,,unknown,,unknown,,unknown,,,,,,,
3904754,,unknown,,unknown,,unknown,,,,,,,
3904757,,unknown,,unknown,,unknown,,,,,,,
3904758,,unknown,,unknown,,unknown,,,,,,,
3904759,,unknown,,unknown,,unknown,,,,,,,
3904761,,unknown,2021Q2,program_calendar,2021Q1,from_applied_minus_1q,,,,,,,
3904762,,unknown,,unknown,,unknown,,,,,,,
3904763,,unknown,,unknown,,unknown,,,,,,,
3904768,,unknown,2020Q2,program_calendar,2020Q1,from_applied_minus_1q,,,,,,,
3904769,,unknown,,unknown,,unknown,,,,,,,
3904771,,unknown,,unknown,,unknown,,,,,,,
3904772,,unknown,,unknown,,unknown,,,,,,,
3904773,,unknown,,unknown,,unknown,,,,,,,
3904774,,unknown,,unknown,,unknown,,,,,,,
3904776,,unknown,,unknown,,unknown,,,,,,,
3904777,,unknown,,unknown,,unknown,,,,,,,
3904778,,unknown,,unknown,,unknown,,,,,,,
3904779,,unknown,,unknown,,unknown,,,,,,,
3904780,,unknown,,unknown,,unknown,,,,,,,
3904781,,unknown,,unknown,,unknown,,,,,,,
3904782,,unknown,,unknown,,unknown,,,,,,,
3904783,,unknown,,unknown,,unknown,,,,,,,
3904785,,unknown,,unknown,,unknown,,,,,,,
3904786,,unknown,,unknown,,unknown,,,,,,,
3904787,,unknown,,unknown,,unknown,,,,,,,
3904788,,unknown,,unknown,,unknown,,,,,,,
3904790,,unknown,,unknown,,unknown,,,,,,,
3904791,,unknown,,unknown,,unknown,,,,,,,
3904792,,unknown,2021Q2,program_calendar,2021Q1,from_applied_minus_1q,,,,,,,
3904793,,unknown,,unknown,,unknown,,,,,,,
3904794,,unknown,,unknown,,unknown,,,,,,,
3904795,,unknown,,unknown,,unknown,,,,,,,
3904796,,unknown,,unknown,,unknown,,,,,,,
3904797,,unknown,,unknown,,unknown,,,,,,,
3904798,,unknown,,unknown,,unknown,,,,,,,
3904799,,unknown,,unknown,,unknown,,,,,,,
3904800,,unknown,,unknown,,unknown,,,,,,,
3904801,,unknown,,unknown,,unknown,,,,,,,
3904802,,unknown,,unknown,,unknown,,,,,,,
3904803,,unknown,,unknown,,unknown,,,,,,,
3904804,,unknown,,unknown,,unknown,,,,,,,
3904807,,unknown,,unknown,,unknown,,,,,,,
3904808,,unknown,,unknown,,unknown,,,,,,,
3904809,,unknown,,unknown,,unknown,,,,,,,
3904810,,unknown,,unknown,,unknown,,,,,,,
3904811,,unknown,,unknown,,unknown,,,,,,,
3904812,,unknown,2020Q2,program_calendar,2020Q1,from_applied_minus_1q,,,,,,,
3904813,,unknown,,unknown,,unknown,,,,,,,
3904814,,unknown,,unknown,,unknown,,,,,,,
3904815,,unknown,,unknown,,unknown,,,,,,,
3904816,,unknown,2020Q2,program_calendar,2020Q1,from_applied_minus_1q,,,,,,,
3904817,,unknown,2020Q2,program_calendar,2020Q1,from_applied_minus_1q,,,,,,,
3904819,,unknown,,unknown,,unknown,,,,,,,
3904820,,unknown,,unknown,,unknown,,,,,,,
3904821,,unknown,,unknown,,unknown,,,,,,,
3904822,,unknown,,unknown,,unknown,,,,,,,
3904823,,unknown,,unknown,,unknown,,,,,,,
3904825,,unknown,,unknown,,unknown,,,,,,,
3904826,,unknown,,unknown,,unknown,,,,,,,
5401260,2024Q2,exact,2023Q4,backcast_award_minus_2q,2023Q3,from_applied_minus_1q,nanQnan,nanQnan,nanQnan,,,,
3904828,,unknown,,unknown,,unknown,,,,,,,
3904829,,unknown,,unknown,,unknown,,,,,,,
3904830,,unknown,,unknown,,unknown,,,,,,,
3904831,,unknown,,unknown,,unknown,,,,,,,
3904832,,unknown,,unknown,,unknown,,,,,,,
3904833,,unknown,,unknown,,unknown,,,,,,,
3904834,,unknown,,unknown,,unknown,,,,,,,
3904835,,unknown,,unknown,,unknown,,,,,,,
3904836,,unknown,,unknown,,unknown,,,,,,,
3904837,,unknown,,unknown,,unknown,,,,,,,
3904838,,unknown,,unknown,,unknown,,,,,,,
3904839,,unknown,,unknown,,unknown,,,,,,,
3904841,,unknown,,unknown,,unknown,,,,,,,
3904842,,unknown,,unknown,,unknown,,,,,,,
3904843,,unknown,,unknown,,unknown,,,,,,,
3904844,,unknown,,unknown,,unknown,,,,,,,
3904845,,unknown,,unknown,,unknown,,,,,,,
3904846,,unknown,2020Q2,program_calendar,2020Q1,from_applied_minus_1q,,,,,,,
3904847,,unknown,,unknown,,unknown,,,,,,,
3904848,,unknown,,unknown,,unknown,,,,,,,
3904849,,unknown,,unknown,,unknown,,,,,,,
3904851,,unknown,,unknown,,unknown,,,,,,,
3904852,,unknown,,unknown,,unknown,,,,,,,
3904853,,unknown,,unknown,,unknown,,,,,,,
3904854,,unknown,,unknown,,unknown,,,,,,,
3904857,,unknown,,unknown,,unknown,,,,,,,
3904858,,unknown,,unknown,,unknown,,,,,,,
3904859,,unknown,,unknown,,unknown,,,,,,,
3904860,,unknown,,unknown,,unknown,,,,,,,
3904861,,unknown,,unknown,,unknown,,,,,,,
3904862,,unknown,,unknown,,unknown,,,,,,,
3904863,,unknown,,unknown,,unknown,,,,,,,
3904865,,unknown,,unknown,,unknown,,,,,,,
3904866,,unknown,,unknown,,unknown,,,,,,,
3904867,,unknown,,unknown,,unknown,,,,,,,
3904868,,unknown,,unknown,,unknown,,,,,,,
3904869,,unknown,,unknown,,unknown,,,,,,,
3904870,,unknown,,unknown,,unknown,,,,,,,
3904871,,unknown,,unknown,,unknown,,,,,,,
3904872,,unknown,,unknown,,unknown,,,,,,,
3904873,,unknown,,unknown,,unknown,,,,,,,
3904874,,unknown,,unknown,,unknown,,,,,,,
3904875,,unknown,,unknown,,unknown,,,,,,,
3904877,,unknown,,unknown,,unknown,,,,,,,
3904879,,unknown,,unknown,,unknown,,,,,,,
3904880,,unknown,,unknown,,unknown,,,,,,,
3904881,,unknown,,unknown,,unknown,,,,,,,
3904883,,unknown,,unknown,,unknown,,,,,,,
3904884,,unknown,,unknown,,unknown,,,,,,,
3904885,,unknown,,unknown,,unknown,,,,,,,
3904887,,unknown,,unknown,,unknown,,,,,,,
3904888,,unknown,,unknown,,unknown,,,,,,,
3904890,,unknown,,unknown,,unknown,,,,,,,
3904892,,unknown,,unknown,,unknown,,,,,,,
3904893,,unknown,,unknown,,unknown,,,,,,,
3904894,,unknown,,unknown,,unknown,,,,,,,
3904895,,unknown,,unknown,,unknown,,,,,,,
3904896,,unknown,,unknown,,unknown,,,,,,,
3904897,,unknown,,unknown,,unknown,,,,,,,
3904899,,unknown,,unknown,,unknown,,,,,,,
3904900,,unknown,,unknown,,unknown,,,,,,,
3904903,,unknown,,unknown,,unknown,,,,,,,
3904905,,unknown,,unknown,,unknown,,,,,,,
3904906,,unknown,,unknown,,unknown,,,,,,,
3904907,,unknown,,unknown,,unknown,,,,,,,
3904908,,unknown,,unknown,,unknown,,,,,,,
3904909,,unknown,,unknown,,unknown,,,,,,,
3904910,,unknown,,unknown,,unknown,,,,,,,
5512450,2022Q4,exact,2022Q2,backcast_award_minus_2q,2022Q1,from_applied_minus_1q,nanQnan,2023Q3,2023Q3,,,0.0,3.0
3904913,,unknown,,unknown,,unknown,,,,,,,
3904914,,unknown,,unknown,,unknown,,,,,,,
3904915,,unknown,,unknown,,unknown,,,,,,,
3904917,,unknown,,unknown,,unknown,,,,,,,
3904918,,unknown,,unknown,,unknown,,,,,,,
3904919,,unknown,,unknown,,unknown,,,,,,,
3904920,,unknown,,unknown,,unknown,,,,,,,
3904921,,unknown,,unknown,,unknown,,,,,,,
3904922,,unknown,,unknown,,unknown,,,,,,,
3904923,,unknown,,unknown,,unknown,,,,,,,
3904924,,unknown,,unknown,,unknown,,,,,,,
3904925,,unknown,,unknown,,unknown,,,,,,,
3904926,,unknown,,unknown,,unknown,,,,,,,
3904927,,unknown,,unknown,,unknown,,,,,,,
3904928,,unknown,,unknown,,unknown,,,,,,,
3904930,,unknown,,unknown,,unknown,,,,,,,
3904931,,unknown,,unknown,,unknown,,,,,,,
3904932,,unknown,,unknown,,unknown,,,,,,,
3904933,,unknown,,unknown,,unknown,,,,,,,
3904934,,unknown,,unknown,,unknown,,,,,,,
3904935,,unknown,,unknown,,unknown,,,,,,,
3904936,,unknown,,unknown,,unknown,,,,,,,
3904937,,unknown,,unknown,,unknown,,,,,,,
3904938,,unknown,,unknown,,unknown,,,,,,,
3904939,,unknown,,unknown,,unknown,,,,,,,
3904941,,unknown,,unknown,,unknown,,,,,,,
3904942,,unknown,,unknown,,unknown,,,,,,,
3904943,,unknown,,unknown,,unknown,,,,,,,
3904944,,unknown,,unknown,,unknown,,,,,,,
3904945,,unknown,,unknown,,unknown,,,,,,,
3904946,,unknown,,unknown,,unknown,,,,,,,
3904947,,unknown,,unknown,,unknown,,,,,,,
3904949,,unknown,2020Q2,program_calendar,2020Q1,from_applied_minus_1q,,,,,,,
3904950,,unknown,,unknown,,unknown,,,,,,,
3904951,,unknown,,unknown,,unknown,,,,,,,
3904952,,unknown,,unknown,,unknown,,,,,,,
3904953,,unknown,,unknown,,unknown,,,,,,,
3904954,,unknown,,unknown,,unknown,,,,,,,
3904956,,unknown,,unknown,,unknown,,,,,,,
3904957,,unknown,,unknown,,unknown,,,,,,,
3904959,,unknown,,unknown,,unknown,,,,,,,
3904961,,unknown,,unknown,,unknown,,,,,,,
3904962,,unknown,,unknown,,unknown,,,,,,,
3904963,,unknown,,unknown,,unknown,,,,,,,
3904964,,unknown,,unknown,,unknown,,,,,,,
3904965,,unknown,,unknown,,unknown,,,,,,,
3904966,,unknown,,unknown,,unknown,,,,,,,
3904968,,unknown,,unknown,,unknown,,,,,,,
3904970,,unknown,,unknown,,unknown,,,,,,,
3904971,,unknown,,unknown,,unknown,,,,,,,
3904976,,unknown,,unknown,,unknown,,,,,,,
3904977,,unknown,,unknown,,unknown,,,,,,,
3904978,,unknown,,unknown,,unknown,,,,,,,
3904979,,unknown,,unknown,,unknown,,,,,,,
3904981,,unknown,,unknown,,unknown,,,,,,,
3904982,,unknown,2021Q2,program_calendar,2021Q1,from_applied_minus_1q,,,,,,,
3904983,,unknown,,unknown,,unknown,,,,,,,
3904984,,unknown,,unknown,,unknown,,,,,,,
3904985,,unknown,,unknown,,unknown,,,,,,,
3904986,,unknown,,unknown,,unknown,,,,,,,
3904987,,unknown,,unknown,,unknown,,,,,,,
3904988,,unknown,,unknown,,unknown,,,,,,,
3904989,,unknown,2021Q2,program_calendar,2021Q1,from_applied_minus_1q,,,,,,,
3904990,,unknown,,unknown,,unknown,,,,,,,
3904991,,unknown,2021Q2,program_calendar,2021Q1,from_applied_minus_1q,,,,,,,
3904992,,unknown,,unknown,,unknown,,,,,,,
3904993,,unknown,,unknown,,unknown,,,,,,,
3904994,,unknown,,unknown,,unknown,,,,,,,
3904995,,unknown,,unknown,,unknown,,,,,,,
3904996,,unknown,,unknown,,unknown,,,,,,,
3904997,,unknown,,unknown,,unknown,,,,,,,
3904998,,unknown,,unknown,,unknown,,,,,,,
3904999,,unknown,,unknown,,unknown,,,,,,,
3905000,,unknown,,unknown,,unknown,,,,,,,
2201290,2022Q4,exact,2020Q2,program_calendar,2020Q1,from_applied_minus_1q,nanQnan,2023Q4,2023Q4,,,0.0,4.0
3905002,,unknown,,unknown,,unknown,,,,,,,
3905003,,unknown,,unknown,,unknown,,,,,,,
3905004,,unknown,,unknown,,unknown,,,,,,,
3905005,,unknown,,unknown,,unknown,,,,,,,
3905006,,unknown,,unknown,,unknown,,,,,,,
3905007,,unknown,,unknown,,unknown,,,,,,,
3905008,,unknown,,unknown,,unknown,,,,,,,
3905009,,unknown,,unknown,,unknown,,,,,,,
3905011,,unknown,,unknown,,unknown,,,,,,,
3104950,2022Q4,exact,2020Q2,program_calendar,2020Q1,from_applied_minus_1q,2022Q4,2023Q4,2023Q4,0.0,4.0,0.0,4.0
3905013,,unknown,,unknown,,unknown,,,,,,,
3905015,,unknown,,unknown,,unknown,,,,,,,
3905016,,unknown,2020Q2,program_calendar,2020Q1,from_applied_minus_1q,,,,,,,
3905017,,unknown,,unknown,,unknown,,,,,,,
3905018,,unknown,,unknown,,unknown,,,,,,,
3905019,,unknown,,unknown,,unknown,,,,,,,
3905020,,unknown,,unknown,,unknown,,,,,,,
3905021,,unknown,,unknown,,unknown,,,,,,,
3905022,,unknown,,unknown,,unknown,,,,,,,
3905023,,unknown,,unknown,,unknown,,,,,,,
3905024,,unknown,,unknown,,unknown,,,,,,,
3905025,,unknown,,unknown,,unknown,,,,,,,
3905026,,unknown,,unknown,,unknown,,,,,,,
3905027,,unknown,,unknown,,unknown,,,,,,,
3905028,,unknown,2020Q2,program_calendar,2020Q1,from_applied_minus_1q,,,,,,,
3905029,,unknown,,unknown,,unknown,,,,,,,
3905030,,unknown,2020Q2,program_calendar,2020Q1,from_applied_minus_1q,,,,,,,
3905032,,unknown,,unknown,,unknown,,,,,,,
3905033,,unknown,,unknown,,unknown,,,,,,,
3905035,,unknown,,unknown,,unknown,,,,,,,
3905039,,unknown,,unknown,,unknown,,,,,,,
3905040,,unknown,,unknown,,unknown,,,,,,,
3905041,,unknown,,unknown,,unknown,,,,,,,
3905042,,unknown,,unknown,,unknown,,,,,,,
3905043,,unknown,,unknown,,unknown,,,,,,,
3905044,,unknown,,unknown,,unknown,,,,,,,
3905045,,unknown,,unknown,,unknown,,,,,,,
3905046,,unknown,,unknown,,unknown,,,,,,,
3905048,,unknown,,unknown,,unknown,,,,,,,
3905049,,unknown,,unknown,,unknown,,,,,,,
3905051,,unknown,,unknown,,unknown,,,,,,,
3905052,,unknown,,unknown,,unknown,,,,,,,
3905053,,unknown,,unknown,,unknown,,,,,,,
3905054,,unknown,,unknown,,unknown,,,,,,,
3905055,,unknown,,unknown,,unknown,,,,,,,
3905056,,unknown,,unknown,,unknown,,,,,,,
3905058,,unknown,,unknown,,unknown,,,,,,,
3905059,,unknown,,unknown,,unknown,,,,,,,
3905061,,unknown,,unknown,,unknown,,,,,,,
3905062,,unknown,,unknown,,unknown,,,,,,,
3905063,,unknown,,unknown,,unknown,,,,,,,
3905064,,unknown,,unknown,,unknown,,,,,,,
3905065,,unknown,,unknown,,unknown,,,,,,,
3905066,,unknown,,unknown,,unknown,,,,,,,
3905067,,unknown,,unknown,,unknown,,,,,,,
3905068,,unknown,,unknown,,unknown,,,,,,,
3905069,,unknown,,unknown,,unknown,,,,,,,
3905070,,unknown,,unknown,,unknown,,,,,,,
3905071,,unknown,,unknown,,unknown,,,,,,,
3905072,,unknown,,unknown,,unknown,,,,,,,
3905074,,unknown,,unknown,,unknown,,,,,,,
3905077,,unknown,,unknown,,unknown,,,,,,,
3905079,,unknown,,unknown,,unknown,,,,,,,
3905081,,unknown,,unknown,,unknown,,,,,,,
3905085,,unknown,,unknown,,unknown,,,,,,,
3905088,,unknown,,unknown,,unknown,,,,,,,
3905090,,unknown,,unknown,,unknown,,,,,,,
3905092,,unknown,,unknown,,unknown,,,,,,,
3905094,,unknown,,unknown,,unknown,,,,,,,
3905096,,unknown,,unknown,,unknown,,,,,,,
3905098,,unknown,,unknown,,unknown,,,,,,,
3905100,,unknown,,unknown,,unknown,,,,,,,
3905102,,unknown,2020Q2,program_calendar,2020Q1,from_applied_minus_1q,,,,,,,
3905104,,unknown,,unknown,,unknown,,,,,,,
3905106,,unknown,,unknown,,unknown,,,,,,,
3905112,,unknown,,unknown,,unknown,,,,,,,
3905114,,unknown,,unknown,,unknown,,,,,,,
3905116,,unknown,,unknown,,unknown,,,,,,,
3905118,,unknown,,unknown,,unknown,,,,,,,
3905120,,unknown,,unknown,,unknown,,,,,,,
3905122,,unknown,,unknown,,unknown,,,,,,,
3905124,,unknown,,unknown,,unknown,,,,,,,
3905128,,unknown,,unknown,,unknown,,,,,,,
3905130,,unknown,,unknown,,unknown,,,,,,,
3905133,,unknown,,unknown,,unknown,,,,,,,
3905135,,unknown,,unknown,,unknown,,,,,,,
3905137,,unknown,,unknown,,unknown,,,,,,,
3905139,,unknown,,unknown,,unknown,,,,,,,
3905141,,unknown,,unknown,,unknown,,,,,,,
3905143,,unknown,,unknown,,unknown,,,,,,,
3905145,,unknown,,unknown,,unknown,,,,,,,
3905147,,unknown,,unknown,,unknown,,,,,,,
3905149,,unknown,,unknown,,unknown,,,,,,,
3905153,,unknown,,unknown,,unknown,,,,,,,
3905160,,unknown,,unknown,,unknown,,,,,,,
3905163,,unknown,,unknown,,unknown,,,,,,,
3905165,,unknown,,unknown,,unknown,,,,,,,
3905167,,unknown,,unknown,,unknown,,,,,,,
3905169,,unknown,,unknown,,unknown,,,,,,,
3905171,,unknown,,unknown,,unknown,,,,,,,
3700363,2022Q4,exact,2022Q2,backcast_award_minus_2q,2022Q1,from_applied_minus_1q,2023Q1,2023Q4,2023Q4,1.0,3.0,0.0,4.0
3906202,,unknown,,unknown,,unknown,,,,,,,
3906204,,unknown,,unknown,,unknown,,,,,,,
3906206,,unknown,,unknown,,unknown,,,,,,,
3906210,,unknown,,unknown,,unknown,,,,,,,
3906212,,unknown,,unknown,,unknown,,,,,,,
3906280,,unknown,,unknown,,unknown,,,,,,,
3906349,,unknown,,unknown,,unknown,,,,,,,
3906351,,unknown,,unknown,,unknown,,,,,,,
3906496,,unknown,,unknown,,unknown,,,,,,,
3906522,,unknown,,unknown,,unknown,,,,,,,
3906526,,unknown,,unknown,,unknown,,,,,,,
3906568,,unknown,,unknown,,unknown,,,,,,,
3906968,,unknown,,unknown,,unknown,,,,,,,
3910000,,unknown,,unknown,,unknown,,,,,,,
3910001,,unknown,,unknown,,unknown,,,,,,,
3910002,,unknown,,unknown,,unknown,,,,,,,
3910003,,unknown,,unknown,,unknown,,,,,,,
3910004,,unknown,,unknown,,unknown,,,,,,,
3910005,,unknown,,unknown,,unknown,,,,,,,
3910006,,unknown,2020Q2,program_calendar,2020Q1,from_applied_minus_1q,,,,,,,
3910007,,unknown,,unknown,,unknown,,,,,,,
3910008,,unknown,,unknown,,unknown,,,,,,,
3910009,,unknown,,unknown,,unknown,,,,,,,
3910010,,unknown,,unknown,,unknown,,,,,,,
3910011,,unknown,,unknown,,unknown,,,,,,,
3910012,,unknown,,unknown,,unknown,,,,,,,
3910013,,unknown,,unknown,,unknown,,,,,,,
3910014,,unknown,,unknown,,unknown,,,,,,,
3910015,,unknown,,unknown,,unknown,,,,,,,
3910016,,unknown,,unknown,,unknown,,,,,,,
3910017,,unknown,,unknown,,unknown,,,,,,,
3910018,,unknown,,unknown,,unknown,,,,,,,
3910019,,unknown,2020Q2,program_calendar,2020Q1,from_applied_minus_1q,,,,,,,
3910020,,unknown,,unknown,,unknown,,,,,,,
3910021,,unknown,,unknown,,unknown,,,,,,,
3910022,,unknown,,unknown,,unknown,,,,,,,
3910023,,unknown,2020Q2,program_calendar,2020Q1,from_applied_minus_1q,,,,,,,
3910024,,unknown,,unknown,,unknown,,,,,,,
3910025,,unknown,,unknown,,unknown,,,,,,,
3910026,,unknown,,unknown,,unknown,,,,,,,
3910027,,unknown,,unknown,,unknown,,,,,,,
3910028,,unknown,,unknown,,unknown,,,,,,,
3910029,,unknown,,unknown,,unknown,,,,,,,
3910030,,unknown,,unknown,,unknown,,,,,,,
3910031,,unknown,,unknown,,unknown,,,,,,,
3910032,,unknown,,unknown,,unknown,,,,,,,
3910033,,unknown,,unknown,,unknown,,,,,,,
3910034,,unknown,,unknown,,unknown,,,,,,,
3910035,,unknown,,unknown,,unknown,,,,,,,
3910036,,unknown,,unknown,,unknown,,,,,,,
3910037,,unknown,,unknown,,unknown,,,,,,,
3910038,,unknown,,unknown,,unknown,,,,,,,
3910039,,unknown,,unknown,,unknown,,,,,,,
3910040,,unknown,,unknown,,unknown,,,,,,,
3910041,,unknown,,unknown,,unknown,,,,,,,
3910042,,unknown,,unknown,,unknown,,,,,,,
3910043,,unknown,,unknown,,unknown,,,,,,,
3910044,,unknown,,unknown,,unknown,,,,,,,
3910045,,unknown,,unknown,,unknown,,,,,,,
4220040,2024Q2,exact,2023Q4,backcast_award_minus_2q,2023Q3,from_applied_minus_1q,nanQnan,nanQnan,nanQnan,,,,
4000014,,unknown,,unknown,,unknown,,,,,,,
4000015,,unknown,,unknown,,unknown,,,,,,,
4000020,,unknown,,unknown,,unknown,,,,,,,
4000021,,unknown,,unknown,,unknown,,,,,,,
4000032,,unknown,,unknown,,unknown,,,,,,,
4000033,,unknown,,unknown,,unknown,,,,,,,
4000047,,unknown,,unknown,,unknown,,,,,,,
3413710,2024Q2,exact,2020Q2,program_calendar,2020Q1,from_applied_minus_1q,nanQnan,nanQnan,nanQnan,,,,
4000049,,unknown,,unknown,,unknown,,,,,,,
4000050,,unknown,,unknown,,unknown,,,,,,,
4000051,,unknown,,unknown,,unknown,,,,,,,
4000052,,unknown,,unknown,,unknown,,,,,,,
4000053,,unknown,,unknown,,unknown,,,,,,,
4000054,,unknown,,unknown,,unknown,,,,,,,
4000055,,unknown,,unknown,,unknown,,,,,,,
4000056,,unknown,,unknown,,unknown,,,,,,,
4000057,,unknown,,unknown,,unknown,,,,,,,
4000058,,unknown,,unknown,,unknown,,,,,,,
4000060,,unknown,,unknown,,unknown,,,,,,,
4000061,,unknown,,unknown,,unknown,,,,,,,
4000062,,unknown,,unknown,,unknown,,,,,,,
4000063,,unknown,,unknown,,unknown,,,,,,,
4000064,,unknown,,unknown,,unknown,,,,,,,
4000065,,unknown,,unknown,,unknown,,,,,,,
4000066,,unknown,,unknown,,unknown,,,,,,,
4000067,,unknown,,unknown,,unknown,,,,,,,
4000068,,unknown,,unknown,,unknown,,,,,,,
5307210,2023Q4,exact,2020Q2,program_calendar,2020Q1,from_applied_minus_1q,nanQnan,nanQnan,nanQnan,,,,
4000070,,unknown,,unknown,,unknown,,,,,,,
4000071,,unknown,,unknown,,unknown,,,,,,,
4000072,,unknown,,unknown,,unknown,,,,,,,
4000073,,unknown,,unknown,,unknown,,,,,,,
4000074,,unknown,,unknown,,unknown,,,,,,,
4000075,,unknown,,unknown,,unknown,,,,,,,
4000076,,unknown,,unknown,,unknown,,,,,,,
4000077,,unknown,,unknown,,unknown,,,,,,,
4000078,,unknown,,unknown,,unknown,,,,,,,
4000079,,unknown,,unknown,,unknown,,,,,,,
4000080,,unknown,,unknown,,unknown,,,,,,,
4000081,,unknown,,unknown,,unknown,,,,,,,
4000082,,unknown,,unknown,,unknown,,,,,,,
4000083,,unknown,,unknown,,unknown,,,,,,,
4000084,,unknown,,unknown,,unknown,,,,,,,
4000086,,unknown,,unknown,,unknown,,,,,,,
4000087,,unknown,,unknown,,unknown,,,,,,,
4000088,,unknown,,unknown,,unknown,,,,,,,
4000089,,unknown,,unknown,,unknown,,,,,,,
4000090,,unknown,,unknown,,unknown,,,,,,,
4000091,,unknown,,unknown,,unknown,,,,,,,
4000092,,unknown,,unknown,,unknown,,,,,,,
4000093,,unknown,,unknown,,unknown,,,,,,,
4000094,,unknown,,unknown,,unknown,,,,,,,
4000095,,unknown,,unknown,,unknown,,,,,,,
4000096,,unknown,,unknown,,unknown,,,,,,,
4000751,,unknown,,unknown,,unknown,,,,,,,
4000753,,unknown,,unknown,,unknown,,,,,,,
4000754,,unknown,,unknown,,unknown,,,,,,,
4000755,,unknown,,unknown,,unknown,,,,,,,
4000757,,unknown,,unknown,,unknown,,,,,,,
4000758,,unknown,,unknown,,unknown,,,,,,,
4000759,,unknown,,unknown,,unknown,,,,,,,
4000762,,unknown,,unknown,,unknown,,,,,,,
4000763,,unknown,,unknown,,unknown,,,,,,,
4000764,,unknown,,unknown,,unknown,,,,,,,
4000766,,unknown,,unknown,,unknown,,,,,,,
4000769,,unknown,,unknown,,unknown,,,,,,,
4000772,,unknown,,unknown,,unknown,,,,,,,
4000773,,unknown,,unknown,,unknown,,,,,,,
4000774,,unknown,,unknown,,unknown,,,,,,,
4000775,,unknown,,unknown,,unknown,,,,,,,
4000777,,unknown,,unknown,,unknown,,,,,,,
4000778,,unknown,,unknown,,unknown,,,,,,,
4000780,,unknown,,unknown,,unknown,,,,,,,
4000782,,unknown,,unknown,,unknown,,,,,,,
4000783,,unknown,,unknown,,unknown,,,,,,,
4000785,,unknown,,unknown,,unknown,,,,,,,
4000786,,unknown,,unknown,,unknown,,,,,,,
4000787,,unknown,,unknown,,unknown,,,,,,,
4000789,,unknown,,unknown,,unknown,,,,,,,
4000791,,unknown,,unknown,,unknown,,,,,,,
4000792,,unknown,,unknown,,unknown,,,,,,,
4000793,,unknown,,unknown,,unknown,,,,,,,
4000795,,unknown,,unknown,,unknown,,,,,,,
4000796,,unknown,,unknown,,unknown,,,,,,,
4000797,,unknown,,unknown,,unknown,,,,,,,
4000798,,unknown,,unknown,,unknown,,,,,,,
4000799,,unknown,,unknown,,unknown,,,,,,,
4000801,,unknown,,unknown,,unknown,,,,,,,
4000802,,unknown,,unknown,,unknown,,,,,,,
4000803,,unknown,,unknown,,unknown,,,,,,,
4000804,,unknown,,unknown,,unknown,,,,,,,
4000805,,unknown,,unknown,,unknown,,,,,,,
4000806,,unknown,,unknown,,unknown,,,,,,,
4000807,,unknown,,unknown,,unknown,,,,,,,
4000808,,unknown,,unknown,,unknown,,,,,,,
4000809,,unknown,,unknown,,unknown,,,,,,,
4002370,,unknown,,unknown,,unknown,,,,,,,
4002430,,unknown,,unknown,,unknown,,,,,,,
4002460,,unknown,,unknown,,unknown,,,,,,,
4002520,,unknown,,unknown,,unknown,,,,,,,
4002550,,unknown,,unknown,,unknown,,,,,,,
4002580,,unknown,,unknown,,unknown,,,,,,,
4002670,,unknown,,unknown,,unknown,,,,,,,
4002720,,unknown,,unknown,,unknown,,,,,,,
4002760,,unknown,,unknown,,unknown,,,,,,,
4002790,,unknown,,unknown,,unknown,,,,,,,
4002850,,unknown,,unknown,,unknown,,,,,,,
4002880,,unknown,,unknown,,unknown,,,,,,,
4002910,,unknown,,unknown,,unknown,,,,,,,
4003000,,unknown,,unknown,,unknown,,,,,,,
4003010,,unknown,,unknown,,unknown,,,,,,,
4003060,,unknown,,unknown,,unknown,,,,,,,
4003120,,unknown,,unknown,,unknown,,,,,,,
4003180,,unknown,,unknown,,unknown,,,,,,,
4003210,,unknown,,unknown,,unknown,,,,,,,
4003240,,unknown,,unknown,,unknown,,,,,,,
4003300,,unknown,,unknown,,unknown,,,,,,,
4003360,,unknown,,unknown,,unknown,,,,,,,
4003450,,unknown,,unknown,,unknown,,,,,,,
4003510,,unknown,,unknown,,unknown,,,,,,,
4003540,,unknown,,unknown,,unknown,,,,,,,
4003570,,unknown,,unknown,,unknown,,,,,,,
4003630,,unknown,,unknown,,unknown,,,,,,,
4003660,,unknown,,unknown,,unknown,,,,,,,
4003690,,unknown,,unknown,,unknown,,,,,,,
4003750,,unknown,,unknown,,unknown,,,,,,,
632010,2019Q1,exact,2018Q3,backcast_award_minus_2q,2018Q2,from_applied_minus_1q,2019Q4,2021Q1,2021Q1,3.0,5.0,0.0,8.0
4003840,,unknown,,unknown,,unknown,,,,,,,
4003930,,unknown,,unknown,,unknown,,,,,,,
4004020,,unknown,,unknown,,unknown,,,,,,,
4004110,,unknown,,unknown,,unknown,,,,,,,
4004230,,unknown,,unknown,,unknown,,,,,,,
4004350,,unknown,,unknown,,unknown,,,,,,,
4004360,,unknown,,unknown,,unknown,,,,,,,
4004470,,unknown,,unknown,,unknown,,,,,,,
4004500,,unknown,,unknown,,unknown,,,,,,,
4004630,,unknown,,unknown,,unknown,,,,,,,
4004650,,unknown,,unknown,,unknown,,,,,,,
4004680,,unknown,,unknown,,unknown,,,,,,,
4004830,,unknown,,unknown,,unknown,,,,,,,
4004860,,unknown,,unknown,,unknown,,,,,,,
4004950,,unknown,,unknown,,unknown,,,,,,,
4005010,,unknown,,unknown,,unknown,,,,,,,
4005040,,unknown,,unknown,,unknown,,,,,,,
4005130,,unknown,,unknown,,unknown,,,,,,,
4005160,,unknown,,unknown,,unknown,,,,,,,
4005280,,unknown,,unknown,,unknown,,,,,,,
4005340,,unknown,,unknown,,unknown,,,,,,,
4005400,,unknown,,unknown,,unknown,,,,,,,
4005430,,unknown,,unknown,,unknown,,,,,,,
4005460,,unknown,,unknown,,unknown,,,,,,,
4005490,,unknown,,unknown,,unknown,,,,,,,
4005520,,unknown,,unknown,,unknown,,,,,,,
4005580,,unknown,,unknown,,unknown,,,,,,,
4005760,,unknown,,unknown,,unknown,,,,,,,
631980,2018Q3,exact,2018Q1,backcast_award_minus_2q,2017Q4,from_applied_minus_1q,2018Q4,2020Q3,2020Q4,1.0,7.0,1.0,9.0
4005910,,unknown,,unknown,,unknown,,,,,,,
4006000,,unknown,,unknown,,unknown,,,,,,,
4006060,,unknown,,unknown,,unknown,,,,,,,
1001300,2023Q4,exact,2023Q2,backcast_award_minus_2q,2023Q1,from_applied_minus_1q,2024Q1,nanQnan,nanQnan,1.0,,,
4006150,,unknown,,unknown,,unknown,,,,,,,
4006180,,unknown,,unknown,,unknown,,,,,,,
4006240,,unknown,,unknown,,unknown,,,,,,,
4006270,,unknown,,unknown,,unknown,,,,,,,
4006330,,unknown,,unknown,,unknown,,,,,,,
4006390,,unknown,,unknown,,unknown,,,,,,,
4006420,,unknown,,unknown,,unknown,,,,,,,
4006480,,unknown,,unknown,,unknown,,,,,,,
4006510,,unknown,,unknown,,unknown,,,,,,,
4006630,,unknown,,unknown,,unknown,,,,,,,
4006690,,unknown,,unknown,,unknown,,,,,,,
4006810,,unknown,,unknown,,unknown,,,,,,,
4006850,,unknown,,unknown,,unknown,,,,,,,
4006870,,unknown,,unknown,,unknown,,,,,,,
4006930,,unknown,,unknown,,unknown,,,,,,,
4006960,,unknown,,unknown,,unknown,,,,,,,
4007140,,unknown,,unknown,,unknown,,,,,,,
4007170,,unknown,,unknown,,unknown,,,,,,,
4007290,,unknown,,unknown,,unknown,,,,,,,
4007320,,unknown,,unknown,,unknown,,,,,,,
4007350,,unknown,,unknown,,unknown,,,,,,,
4007380,,unknown,,unknown,,unknown,,,,,,,
4007410,,unknown,,unknown,,unknown,,,,,,,
4007500,,unknown,,unknown,,unknown,,,,,,,
2730510,2022Q4,exact,2022Q2,backcast_award_minus_2q,2022Q1,from_applied_minus_1q,2023Q1,2024Q3,nanQnan,1.0,6.0,,
4007620,,unknown,,unknown,,unknown,,,,,,,
4007670,,unknown,,unknown,,unknown,,,,,,,
4007710,,unknown,,unknown,,unknown,,,,,,,
4007740,,unknown,,unknown,,unknown,,,,,,,
4007800,,unknown,,unknown,,unknown,,,,,,,
4008010,,unknown,,unknown,,unknown,,,,,,,
4008040,,unknown,,unknown,,unknown,,,,,,,
406870,2022Q4,exact,2022Q2,backcast_award_minus_2q,2022Q1,from_applied_minus_1q,2023Q2,2024Q1,2024Q1,2.0,3.0,0.0,5.0
4008130,,unknown,,unknown,,unknown,,,,,,,
4008220,,unknown,,unknown,,unknown,,,,,,,
2629460,2023Q4,exact,2023Q2,backcast_award_minus_2q,2023Q1,from_applied_minus_1q,nanQnan,nanQnan,nanQnan,,,,
4008310,,unknown,,unknown,,unknown,,,,,,,
4008370,,unknown,,unknown,,unknown,,,,,,,
4008460,,unknown,,unknown,,unknown,,,,,,,
4008490,,unknown,,unknown,,unknown,,,,,,,
4008610,,unknown,,unknown,,unknown,,,,,,,
4008640,,unknown,,unknown,,unknown,,,,,,,
4008730,,unknown,,unknown,,unknown,,,,,,,
4008790,,unknown,,unknown,,unknown,,,,,,,
632070,2023Q2,exact,2022Q4,backcast_award_minus_2q,2022Q3,from_applied_minus_1q,2023Q3,2024Q1,2024Q1,1.0,2.0,0.0,3.0
4008940,,unknown,,unknown,,unknown,,,,,,,
4009000,,unknown,,unknown,,unknown,,,,,,,
4009060,,unknown,,unknown,,unknown,,,,,,,
4009090,,unknown,,unknown,,unknown,,,,,,,
4009150,,unknown,,unknown,,unknown,,,,,,,
4009240,,unknown,,unknown,,unknown,,,,,,,
4009300,,unknown,,unknown,,unknown,,,,,,,
4009360,,unknown,,unknown,,unknown,,,,,,,
632130,2020Q1,exact,2019Q3,backcast_award_minus_2q,2019Q2,from_applied_minus_1q,2020Q4,2021Q4,2022Q1,3.0,4.0,1.0,8.0
4009420,,unknown,,unknown,,unknown,,,,,,,
4009450,,unknown,,unknown,,unknown,,,,,,,
4009510,,unknown,,unknown,,unknown,,,,,,,
4009570,,unknown,,unknown,,unknown,,,,,,,
4009720,,unknown,,unknown,,unknown,,,,,,,
4009750,,unknown,,unknown,,unknown,,,,,,,
4009780,,unknown,,unknown,,unknown,,,,,,,
4009810,,unknown,,unknown,,unknown,,,,,,,
4009870,,unknown,,unknown,,unknown,,,,,,,
4009910,,unknown,,unknown,,unknown,,,,,,,
4010050,,unknown,,unknown,,unknown,,,,,,,
4010170,,unknown,,unknown,,unknown,,,,,,,
4010200,,unknown,,unknown,,unknown,,,,,,,
4010260,,unknown,,unknown,,unknown,,,,,,,
4010290,,unknown,,unknown,,unknown,,,,,,,
4010350,,unknown,,unknown,,unknown,,,,,,,
4010440,,unknown,,unknown,,unknown,,,,,,,
1809420,2021Q3,exact,2020Q2,program_calendar,2020Q1,from_applied_minus_1q,2022Q2,2023Q3,2023Q3,3.0,5.0,0.0,8.0
4010560,,unknown,,unknown,,unknown,,,,,,,
4010590,,unknown,,unknown,,unknown,,,,,,,
4010650,,unknown,,unknown,,unknown,,,,,,,
4010710,,unknown,,unknown,,unknown,,,,,,,
4010740,,unknown,,unknown,,unknown,,,,,,,
4010860,,unknown,,unknown,,unknown,,,,,,,
4010890,,unknown,,unknown,,unknown,,,,,,,
4010920,,unknown,,unknown,,unknown,,,,,,,
4011040,,unknown,,unknown,,unknown,,,,,,,
4011160,,unknown,,unknown,,unknown,,,,,,,
4011250,,unknown,,unknown,,unknown,,,,,,,
4011280,,unknown,,unknown,,unknown,,,,,,,
4011400,,unknown,,unknown,,unknown,,,,,,,
4011430,,unknown,,unknown,,unknown,,,,,,,
4011580,,unknown,,unknown,,unknown,,,,,,,
4011700,,unknown,,unknown,,unknown,,,,,,,
4011760,,unknown,,unknown,,unknown,,,,,,,
4011850,,unknown,,unknown,,unknown,,,,,,,
4011880,,unknown,,unknown,,unknown,,,,,,,
4011970,,unknown,,unknown,,unknown,,,,,,,
4012000,,unknown,,unknown,,unknown,,,,,,,
4012060,,unknown,,unknown,,unknown,,,,,,,
4012090,,unknown,,unknown,,unknown,,,,,,,
4012150,,unknown,,unknown,,unknown,,,,,,,
4012180,,unknown,,unknown,,unknown,,,,,,,
4012210,,unknown,,unknown,,unknown,,,,,,,
4012240,,unknown,,unknown,,unknown,,,,,,,
4012300,,unknown,,unknown,,unknown,,,,,,,
4012390,,unknown,,unknown,,unknown,,,,,,,
4012420,,unknown,,unknown,,unknown,,,,,,,
4012570,,unknown,,unknown,,unknown,,,,,,,
5307230,2020Q2,exact,2020Q2,program_calendar,2020Q1,from_applied_minus_1q,2021Q1,2022Q2,2022Q3,3.0,5.0,1.0,9.0
4012690,,unknown,,unknown,,unknown,,,,,,,
4012720,,unknown,,unknown,,unknown,,,,,,,
4012750,,unknown,,unknown,,unknown,,,,,,,
4012870,,unknown,,unknown,,unknown,,,,,,,
4012900,,unknown,,unknown,,unknown,,,,,,,
4013080,,unknown,,unknown,,unknown,,,,,,,
4013200,,unknown,,unknown,,unknown,,,,,,,
4013230,,unknown,,unknown,,unknown,,,,,,,
4013260,,unknown,,unknown,,unknown,,,,,,,
5307260,2020Q2,exact,2020Q2,program_calendar,2020Q1,from_applied_minus_1q,2021Q2,2021Q2,2021Q2,4.0,0.0,0.0,4.0
4013380,,unknown,,unknown,,unknown,,,,,,,
4013500,,unknown,,unknown,,unknown,,,,,,,
632310,2016Q1,exact,2015Q3,backcast_award_minus_2q,2015Q2,from_applied_minus_1q,2016Q2,2018Q1,2018Q1,1.0,7.0,0.0,8.0
4013560,,unknown,,unknown,,unknown,,,,,,,
4013590,,unknown,,unknown,,unknown,,,,,,,
4013600,,unknown,,unknown,,unknown,,,,,,,
4013620,,unknown,,unknown,,unknown,,,,,,,
4013650,,unknown,,unknown,,unknown,,,,,,,
4013680,,unknown,,unknown,,unknown,,,,,,,
4013740,,unknown,,unknown,,unknown,,,,,,,
4013830,,unknown,,unknown,,unknown,,,,,,,
4013890,,unknown,,unknown,,unknown,,,,,,,
4013920,,unknown,,unknown,,unknown,,,,,,,
4013950,,unknown,,unknown,,unknown,,,,,,,
4014080,,unknown,,unknown,,unknown,,,,,,,
4014100,,unknown,,unknown,,unknown,,,,,,,
4014130,,unknown,,unknown,,unknown,,,,,,,
4110520,2019Q1,exact,2020Q2,program_calendar,2020Q1,from_applied_minus_1q,2019Q4,2021Q1,2021Q2,3.0,5.0,1.0,9.0
4014340,,unknown,,unknown,,unknown,,,,,,,
4014370,,unknown,,unknown,,unknown,,,,,,,
632370,2017Q2,exact,2016Q4,backcast_award_minus_2q,2016Q3,from_applied_minus_1q,2017Q3,2019Q4,2020Q1,1.0,9.0,1.0,11.0
4014610,,unknown,,unknown,,unknown,,,,,,,
4014670,,unknown,,unknown,,unknown,,,,,,,
4014700,,unknown,,unknown,,unknown,,,,,,,
4014730,,unknown,,unknown,,unknown,,,,,,,
4014790,,unknown,,unknown,,unknown,,,,,,,
4014850,,unknown,,unknown,,unknown,,,,,,,
4014890,,unknown,,unknown,,unknown,,,,,,,
4014970,,unknown,,unknown,,unknown,,,,,,,
4015090,,unknown,,unknown,,unknown,,,,,,,
4015120,,unknown,,unknown,,unknown,,,,,,,
4015210,,unknown,,unknown,,unknown,,,,,,,
4015240,,unknown,,unknown,,unknown,,,,,,,
4015370,,unknown,,unknown,,unknown,,,,,,,
4015420,,unknown,,unknown,,unknown,,,,,,,
4015450,,unknown,,unknown,,unknown,,,,,,,
4015480,,unknown,,unknown,,unknown,,,,,,,
4015690,,unknown,,unknown,,unknown,,,,,,,
4015720,,unknown,,unknown,,unknown,,,,,,,
4015750,,unknown,,unknown,,unknown,,,,,,,
4015840,,unknown,,unknown,,unknown,,,,,,,
4015900,,unknown,,unknown,,unknown,,,,,,,
4015930,,unknown,,unknown,,unknown,,,,,,,
4015990,,unknown,,unknown,,unknown,,,,,,,
4016170,,unknown,,unknown,,unknown,,,,,,,
4016320,,unknown,,unknown,,unknown,,,,,,,
4016350,,unknown,,unknown,,unknown,,,,,,,
4016380,,unknown,,unknown,,unknown,,,,,,,
4016470,,unknown,,unknown,,unknown,,,,,,,
4016500,,unknown,,unknown,,unknown,,,,,,,
4016530,,unknown,,unknown,,unknown,,,,,,,
4016560,,unknown,,unknown,,unknown,,,,,,,
4016590,,unknown,,unknown,,unknown,,,,,,,
4016620,,unknown,,unknown,,unknown,,,,,,,
4016650,,unknown,,unknown,,unknown,,,,,,,
4016710,,unknown,,unknown,,unknown,,,,,,,
4016720,,unknown,,unknown,,unknown,,,,,,,
4016740,,unknown,,unknown,,unknown,,,,,,,
4017020,,unknown,,unknown,,unknown,,,,,,,
4017040,,unknown,,unknown,,unknown,,,,,,,
4017190,,unknown,,unknown,,unknown,,,,,,,
4017220,,unknown,,unknown,,unknown,,,,,,,
4503360,2020Q1,exact,2021Q2,program_calendar,2021Q1,from_applied_minus_1q,2020Q4,2022Q1,2022Q2,3.0,5.0,1.0,9.0
4017280,,unknown,,unknown,,unknown,,,,,,,
4017310,,unknown,,unknown,,unknown,,,,,,,
4017370,,unknown,,unknown,,unknown,,,,,,,
4017580,,unknown,,unknown,,unknown,,,,,,,
4017700,,unknown,,unknown,,unknown,,,,,,,
4017760,,unknown,,unknown,,unknown,,,,,,,
4017850,,unknown,,unknown,,unknown,,,,,,,
4017880,,unknown,,unknown,,unknown,,,,,,,
4018000,,unknown,,unknown,,unknown,,,,,,,
4503390,2021Q1,exact,2020Q3,backcast_award_minus_2q,2020Q2,from_applied_minus_1q,2021Q4,2022Q2,2022Q3,3.0,2.0,1.0,6.0
4018240,,unknown,,unknown,,unknown,,,,,,,
4018270,,unknown,,unknown,,unknown,,,,,,,
4018390,,unknown,,unknown,,unknown,,,,,,,
4018480,,unknown,,unknown,,unknown,,,,,,,
4018570,,unknown,,unknown,,unknown,,,,,,,
4018630,,unknown,,unknown,,unknown,,,,,,,
4018660,,unknown,,unknown,,unknown,,,,,,,
4018700,,unknown,,unknown,,unknown,,,,,,,
4018780,,unknown,,unknown,,unknown,,,,,,,
4018840,,unknown,,unknown,,unknown,,,,,,,
4018870,,unknown,,unknown,,unknown,,,,,,,
4018900,,unknown,,unknown,,unknown,,,,,,,
4018960,,unknown,,unknown,,unknown,,,,,,,
4018990,,unknown,,unknown,,unknown,,,,,,,
4019080,,unknown,,unknown,,unknown,,,,,,,
4019200,,unknown,,unknown,,unknown,,,,,,,
4019260,,unknown,,unknown,,unknown,,,,,,,
4019290,,unknown,,unknown,,unknown,,,,,,,
4019380,,unknown,,unknown,,unknown,,,,,,,
4019410,,unknown,,unknown,,unknown,,,,,,,
621450,2021Q1,exact,2020Q3,backcast_award_minus_2q,2020Q2,from_applied_minus_1q,nanQnan,nanQnan,nanQnan,,,,
4019500,,unknown,,unknown,,unknown,,,,,,,
4019560,,unknown,,unknown,,unknown,,,,,,,
4019620,,unknown,,unknown,,unknown,,,,,,,
4019680,,unknown,,unknown,,unknown,,,,,,,
4019800,,unknown,,unknown,,unknown,,,,,,,
4019860,,unknown,,unknown,,unknown,,,,,,,
4019890,,unknown,,unknown,,unknown,,,,,,,
4019950,,unknown,,unknown,,unknown,,,,,,,
4019980,,unknown,,unknown,,unknown,,,,,,,
4020040,,unknown,,unknown,,unknown,,,,,,,
4020080,,unknown,,unknown,,unknown,,,,,,,
4020100,,unknown,,unknown,,unknown,,,,,,,
4020160,,unknown,,unknown,,unknown,,,,,,,
4020190,,unknown,,unknown,,unknown,,,,,,,
4020250,,unknown,,unknown,,unknown,,,,,,,
4020280,,unknown,,unknown,,unknown,,,,,,,
4020310,,unknown,,unknown,,unknown,,,,,,,
4020340,,unknown,,unknown,,unknown,,,,,,,
4020430,,unknown,,unknown,,unknown,,,,,,,
4020460,,unknown,,unknown,,unknown,,,,,,,
4020550,,unknown,,unknown,,unknown,,,,,,,
4020640,,unknown,,unknown,,unknown,,,,,,,
4020880,,unknown,,unknown,,unknown,,,,,,,
4020910,,unknown,,unknown,,unknown,,,,,,,
4020970,,unknown,,unknown,,unknown,,,,,,,
4021000,,unknown,2020Q2,program_calendar,2020Q1,from_applied_minus_1q,,,,,,,
4021030,,unknown,,unknown,,unknown,,,,,,,
1304380,2023Q4,exact,2023Q2,backcast_award_minus_2q,2023Q1,from_applied_minus_1q,nanQnan,nanQnan,nanQnan,,,,
4021180,,unknown,,unknown,,unknown,,,,,,,
4021360,,unknown,,unknown,,unknown,,,,,,,
4021510,,unknown,,unknown,,unknown,,,,,,,
4021540,,unknown,,unknown,,unknown,,,,,,,
4021600,,unknown,,unknown,,unknown,,,,,,,
4021630,,unknown,,unknown,,unknown,,,,,,,
4021720,,unknown,,unknown,,unknown,,,,,,,
4021780,,unknown,,unknown,,unknown,,,,,,,
4021900,,unknown,,unknown,,unknown,,,,,,,
4021930,,unknown,,unknown,,unknown,,,,,,,
4022160,,unknown,,unknown,,unknown,,,,,,,
4022350,,unknown,,unknown,,unknown,,,,,,,
4022410,,unknown,,unknown,,unknown,,,,,,,
3703870,2023Q4,exact,2021Q2,program_calendar,2021Q1,from_applied_minus_1q,nanQnan,nanQnan,nanQnan,,,,
4022590,,unknown,,unknown,,unknown,,,,,,,
4022620,,unknown,,unknown,,unknown,,,,,,,
4022650,,unknown,,unknown,,unknown,,,,,,,
4022770,,unknown,,unknown,,unknown,,,,,,,
4022800,,unknown,,unknown,,unknown,,,,,,,
4022830,,unknown,,unknown,,unknown,,,,,,,
4022860,,unknown,,unknown,,unknown,,,,,,,
4022950,,unknown,,unknown,,unknown,,,,,,,
4023040,,unknown,,unknown,,unknown,,,,,,,
4023070,,unknown,,unknown,,unknown,,,,,,,
4023190,,unknown,,unknown,,unknown,,,,,,,
4023220,,unknown,,unknown,,unknown,,,,,,,
4023280,,unknown,,unknown,,unknown,,,,,,,
4023340,,unknown,,unknown,,unknown,,,,,,,
4023370,,unknown,,unknown,,unknown,,,,,,,
4023400,,unknown,,unknown,,unknown,,,,,,,
4023430,,unknown,,unknown,,unknown,,,,,,,
4023550,,unknown,,unknown,,unknown,,,,,,,
903810,2024Q2,exact,2023Q4,backcast_award_minus_2q,2023Q3,from_applied_minus_1q,nanQnan,nanQnan,nanQnan,,,,
4023610,,unknown,,unknown,,unknown,,,,,,,
4023700,,unknown,,unknown,,unknown,,,,,,,
4023730,,unknown,,unknown,,unknown,,,,,,,
4023800,,unknown,,unknown,,unknown,,,,,,,
4023850,,unknown,,unknown,,unknown,,,,,,,
4023970,,unknown,,unknown,,unknown,,,,,,,
4024150,,unknown,,unknown,,unknown,,,,,,,
4024180,,unknown,,unknown,,unknown,,,,,,,
4024240,,unknown,,unknown,,unknown,,,,,,,
4024330,,unknown,,unknown,,unknown,,,,,,,
4024510,,unknown,,unknown,,unknown,,,,,,,
1733690,2023Q4,exact,2023Q2,backcast_award_minus_2q,2023Q1,from_applied_minus_1q,nanQnan,nanQnan,nanQnan,,,,
4024690,,unknown,,unknown,,unknown,,,,,,,
4024720,,unknown,,unknown,,unknown,,,,,,,
4024840,,unknown,,unknown,,unknown,,,,,,,
632610,2021Q4,exact,2021Q2,backcast_award_minus_2q,2021Q1,from_applied_minus_1q,2022Q1,nanQnan,nanQnan,1.0,,,
4024930,,unknown,,unknown,,unknown,,,,,,,
4025050,,unknown,,unknown,,unknown,,,,,,,
4025080,,unknown,,unknown,,unknown,,,,,,,
4025170,,unknown,,unknown,,unknown,,,,,,,
4025200,,unknown,,unknown,,unknown,,,,,,,
4025230,,unknown,,unknown,,unknown,,,,,,,
4025290,,unknown,,unknown,,unknown,,,,,,,
4025320,,unknown,,unknown,,unknown,,,,,,,
4025410,,unknown,,unknown,,unknown,,,,,,,
4025470,,unknown,,unknown,,unknown,,,,,,,
4025500,,unknown,,unknown,,unknown,,,,,,,
4025530,,unknown,,unknown,,unknown,,,,,,,
4025590,,unknown,,unknown,,unknown,,,,,,,
4025800,,unknown,,unknown,,unknown,,,,,,,
4025860,,unknown,,unknown,,unknown,,,,,,,
4025920,,unknown,,unknown,,unknown,,,,,,,
4025950,,unknown,,unknown,,unknown,,,,,,,
4026010,,unknown,,unknown,,unknown,,,,,,,
4026100,,unknown,,unknown,,unknown,,,,,,,
4026250,,unknown,,unknown,,unknown,,,,,,,
4026280,,unknown,,unknown,,unknown,,,,,,,
4026310,,unknown,,unknown,,unknown,,,,,,,
4026550,,unknown,,unknown,,unknown,,,,,,,
4026580,,unknown,,unknown,,unknown,,,,,,,
4026610,,unknown,,unknown,,unknown,,,,,,,
4026640,,unknown,,unknown,,unknown,,,,,,,
4026730,,unknown,,unknown,,unknown,,,,,,,
4026790,,unknown,,unknown,,unknown,,,,,,,
4026880,,unknown,,unknown,,unknown,,,,,,,
4026910,,unknown,,unknown,,unknown,,,,,,,
4026940,,unknown,,unknown,,unknown,,,,,,,
4027000,,unknown,,unknown,,unknown,,,,,,,
4027060,,unknown,,unknown,,unknown,,,,,,,
4027090,,unknown,,unknown,,unknown,,,,,,,
4027240,,unknown,,unknown,,unknown,,,,,,,
4027300,,unknown,,unknown,,unknown,,,,,,,
632640,2021Q2,exact,2020Q4,backcast_award_minus_2q,2020Q3,from_applied_minus_1q,2022Q1,2022Q4,2023Q1,3.0,3.0,1.0,7.0
4027390,,unknown,,unknown,,unknown,,,,,,,
4027420,,unknown,,unknown,,unknown,,,,,,,
4027450,,unknown,,unknown,,unknown,,,,,,,
4027540,,unknown,,unknown,,unknown,,,,,,,
632880,2022Q3,exact,2022Q1,backcast_award_minus_2q,2021Q4,from_applied_minus_1q,2022Q4,2023Q3,2023Q3,1.0,3.0,0.0,4.0
4027630,,unknown,,unknown,,unknown,,,,,,,
4027640,,unknown,,unknown,,unknown,,,,,,,
4027750,,unknown,,unknown,,unknown,,,,,,,
4027840,,unknown,,unknown,,unknown,,,,,,,
4027930,,unknown,,unknown,,unknown,,,,,,,
4027960,,unknown,,unknown,,unknown,,,,,,,
4027990,,unknown,,unknown,,unknown,,,,,,,
4028170,,unknown,,unknown,,unknown,,,,,,,
4028200,,unknown,,unknown,,unknown,,,,,,,
4028350,,unknown,,unknown,,unknown,,,,,,,
4028590,,unknown,,unknown,,unknown,,,,,,,
4028620,,unknown,,unknown,,unknown,,,,,,,
4028650,,unknown,,unknown,,unknown,,,,,,,
4028680,,unknown,,unknown,,unknown,,,,,,,
4028710,,unknown,,unknown,,unknown,,,,,,,
4028800,,unknown,,unknown,,unknown,,,,,,,
4028920,,unknown,,unknown,,unknown,,,,,,,
4028980,,unknown,,unknown,,unknown,,,,,,,
4029010,,unknown,,unknown,,unknown,,,,,,,
4029040,,unknown,,unknown,,unknown,,,,,,,
4029070,,unknown,,unknown,,unknown,,,,,,,
4029100,,unknown,,unknown,,unknown,,,,,,,
4029160,,unknown,,unknown,,unknown,,,,,,,
4029310,,unknown,,unknown,,unknown,,,,,,,
4029380,,unknown,,unknown,,unknown,,,,,,,
4029400,,unknown,,unknown,,unknown,,,,,,,
4029430,,unknown,,unknown,,unknown,,,,,,,
4029520,,unknown,,unknown,,unknown,,,,,,,
4029610,,unknown,,unknown,,unknown,,,,,,,
4029640,,unknown,,unknown,,unknown,,,,,,,
4029670,,unknown,,unknown,,unknown,,,,,,,
4029760,,unknown,,unknown,,unknown,,,,,,,
4029820,,unknown,,unknown,,unknown,,,,,,,
4029850,,unknown,,unknown,,unknown,,,,,,,
4029886,,unknown,,unknown,,unknown,,,,,,,
4030030,,unknown,,unknown,,unknown,,,,,,,
4030048,,unknown,,unknown,,unknown,,,,,,,
4030060,,unknown,,unknown,,unknown,,,,,,,
4030120,,unknown,,unknown,,unknown,,,,,,,
4030197,,unknown,,unknown,,unknown,,,,,,,
2926640,2023Q4,exact,2023Q2,backcast_award_minus_2q,2023Q1,from_applied_minus_1q,nanQnan,nanQnan,nanQnan,,,,
4030270,,unknown,,unknown,,unknown,,,,,,,
4030290,,unknown,,unknown,,unknown,,,,,,,
4030300,,unknown,,unknown,,unknown,,,,,,,
4030330,,unknown,,unknown,,unknown,,,,,,,
4030360,,unknown,,unknown,,unknown,,,,,,,
4030390,,unknown,,unknown,,unknown,,,,,,,
4030420,,unknown,,unknown,,unknown,,,,,,,
4030450,,unknown,,unknown,,unknown,,,,,,,
4030480,,unknown,,unknown,,unknown,,,,,,,
4030600,,unknown,,unknown,,unknown,,,,,,,
4030630,,unknown,,unknown,,unknown,,,,,,,
4030870,,unknown,,unknown,,unknown,,,,,,,
4030960,,unknown,,unknown,,unknown,,,,,,,
4030990,,unknown,,unknown,,unknown,,,,,,,
4031020,,unknown,,unknown,,unknown,,,,,,,
4031080,,unknown,,unknown,,unknown,,,,,,,
4031110,,unknown,,unknown,,unknown,,,,,,,
4031140,,unknown,,unknown,,unknown,,,,,,,
4031170,,unknown,,unknown,,unknown,,,,,,,
4031290,,unknown,,unknown,,unknown,,,,,,,
4031350,,unknown,,unknown,,unknown,,,,,,,
4031380,,unknown,,unknown,,unknown,,,,,,,
4031470,,unknown,,unknown,,unknown,,,,,,,
4031500,,unknown,,unknown,,unknown,,,,,,,
4031590,,unknown,,unknown,,unknown,,,,,,,
4031650,,unknown,,unknown,,unknown,,,,,,,
4031710,,unknown,,unknown,,unknown,,,,,,,
4031770,,unknown,,unknown,,unknown,,,,,,,
4031860,,unknown,,unknown,,unknown,,,,,,,
4031950,,unknown,,unknown,,unknown,,,,,,,
4031980,,unknown,,unknown,,unknown,,,,,,,
4032010,,unknown,,unknown,,unknown,,,,,,,
4032040,,unknown,,unknown,,unknown,,,,,,,
4032070,,unknown,,unknown,,unknown,,,,,,,
633110,2019Q1,exact,2018Q3,backcast_award_minus_2q,2018Q2,from_applied_minus_1q,2019Q4,nanQnan,nanQnan,3.0,,,
4032190,,unknown,,unknown,,unknown,,,,,,,
4032220,,unknown,,unknown,,unknown,,,,,,,
4032280,,unknown,,unknown,,unknown,,,,,,,
4032370,,unknown,,unknown,,unknown,,,,,,,
4032400,,unknown,,unknown,,unknown,,,,,,,
4032430,,unknown,,unknown,,unknown,,,,,,,
4032460,,unknown,,unknown,,unknown,,,,,,,
4032610,,unknown,,unknown,,unknown,,,,,,,
4032640,,unknown,,unknown,,unknown,,,,,,,
4032670,,unknown,,unknown,,unknown,,,,,,,
4032700,,unknown,,unknown,,unknown,,,,,,,
4032730,,unknown,,unknown,,unknown,,,,,,,
4032760,,unknown,,unknown,,unknown,,,,,,,
4032790,,unknown,,unknown,,unknown,,,,,,,
4032880,,unknown,,unknown,,unknown,,,,,,,
4032940,,unknown,,unknown,,unknown,,,,,,,
4032970,,unknown,,unknown,,unknown,,,,,,,
4033090,,unknown,,unknown,,unknown,,,,,,,
4033180,,unknown,,unknown,,unknown,,,,,,,
4033210,,unknown,,unknown,,unknown,,,,,,,
4033240,,unknown,,unknown,,unknown,,,,,,,
4033300,,unknown,,unknown,,unknown,,,,,,,
4033330,,unknown,,unknown,,unknown,,,,,,,
4033360,,unknown,,unknown,,unknown,,,,,,,
4033390,,unknown,,unknown,,unknown,,,,,,,
4033480,,unknown,,unknown,,unknown,,,,,,,
4033540,,unknown,,unknown,,unknown,,,,,,,
4033600,,unknown,,unknown,,unknown,,,,,,,
4033601,,unknown,,unknown,,unknown,,,,,,,
4033602,,unknown,,unknown,,unknown,,,,,,,
4033603,,unknown,,unknown,,unknown,,,,,,,
4033604,,unknown,,unknown,,unknown,,,,,,,
4100003,,unknown,,unknown,,unknown,,,,,,,
4100009,,unknown,,unknown,,unknown,,,,,,,
4100014,,unknown,,unknown,,unknown,,,,,,,
4100015,,unknown,,unknown,,unknown,,,,,,,
4100016,,unknown,,unknown,,unknown,,,,,,,
4100019,,unknown,,unknown,,unknown,,,,,,,
4100020,,unknown,,unknown,,unknown,,,,,,,
4100021,,unknown,,unknown,,unknown,,,,,,,
4100022,,unknown,,unknown,,unknown,,,,,,,
1733870,2022Q1,exact,2021Q3,backcast_award_minus_2q,2021Q2,from_applied_minus_1q,2022Q2,2023Q1,2023Q2,1.0,3.0,1.0,5.0
4100024,,unknown,,unknown,,unknown,,,,,,,
4100025,,unknown,,unknown,,unknown,,,,,,,
4100026,,unknown,,unknown,,unknown,,,,,,,
4100027,,unknown,,unknown,,unknown,,,,,,,
4100028,,unknown,,unknown,,unknown,,,,,,,
4100029,,unknown,,unknown,,unknown,,,,,,,
4100030,,unknown,,unknown,,unknown,,,,,,,
4100031,,unknown,,unknown,,unknown,,,,,,,
4100032,,unknown,,unknown,,unknown,,,,,,,
4100033,,unknown,,unknown,,unknown,,,,,,,
4100034,,unknown,,unknown,,unknown,,,,,,,
4100035,,unknown,,unknown,,unknown,,,,,,,
4100036,,unknown,,unknown,,unknown,,,,,,,
4100038,,unknown,,unknown,,unknown,,,,,,,
4100040,,unknown,,unknown,,unknown,,,,,,,
4100042,,unknown,,unknown,,unknown,,,,,,,
4100043,,unknown,,unknown,,unknown,,,,,,,
4100045,,unknown,,unknown,,unknown,,,,,,,
4100046,,unknown,,unknown,,unknown,,,,,,,
4100047,,unknown,,unknown,,unknown,,,,,,,
4100048,,unknown,,unknown,,unknown,,,,,,,
4100049,,unknown,,unknown,,unknown,,,,,,,
4100384,,unknown,,unknown,,unknown,,,,,,,
4100640,,unknown,,unknown,,unknown,,,,,,,
4100990,,unknown,,unknown,,unknown,,,,,,,
4101020,,unknown,,unknown,,unknown,,,,,,,
4101120,,unknown,,unknown,,unknown,,,,,,,
4101200,,unknown,,unknown,,unknown,,,,,,,
5000447,2024Q2,exact,2023Q4,backcast_award_minus_2q,2023Q3,from_applied_minus_1q,nanQnan,nanQnan,nanQnan,,,,
4101350,,unknown,,unknown,,unknown,,,,,,,
4101355,,unknown,,unknown,,unknown,,,,,,,
4101470,,unknown,,unknown,,unknown,,,,,,,
4101500,,unknown,,unknown,,unknown,,,,,,,
633150,2021Q3,exact,2021Q1,backcast_award_minus_2q,2020Q4,from_applied_minus_1q,2021Q3,2023Q2,2023Q2,0.0,7.0,0.0,7.0
4101590,,unknown,,unknown,,unknown,,,,,,,
4101620,,unknown,,unknown,,unknown,,,,,,,
4101660,,unknown,,unknown,,unknown,,,,,,,
4101710,,unknown,,unknown,,unknown,,,,,,,
4101740,,unknown,,unknown,,unknown,,,,,,,
4101800,,unknown,,unknown,,unknown,,,,,,,
2926670,2023Q4,exact,2023Q2,backcast_award_minus_2q,2023Q1,from_applied_minus_1q,nanQnan,nanQnan,nanQnan,,,,
804260,2020Q1,exact,2019Q3,backcast_award_minus_2q,2019Q2,from_applied_minus_1q,2020Q4,2022Q1,2022Q2,3.0,5.0,1.0,9.0
633210,2019Q3,exact,2019Q1,backcast_award_minus_2q,2018Q4,from_applied_minus_1q,2020Q2,2021Q3,2021Q4,3.0,5.0,1.0,9.0
4102040,,unknown,,unknown,,unknown,,,,,,,
4102160,,unknown,,unknown,,unknown,,,,,,,
4102190,,unknown,,unknown,,unknown,,,,,,,
4102310,,unknown,,unknown,,unknown,,,,,,,
4102490,,unknown,,unknown,,unknown,,,,,,,
4102580,,unknown,,unknown,,unknown,,,,,,,
4102610,,unknown,,unknown,,unknown,,,,,,,
4102640,,unknown,,unknown,,unknown,,,,,,,
4102780,,unknown,,unknown,,unknown,,,,,,,
15ROBER,2021Q1,exact,2020Q3,backcast_award_minus_2q,2020Q2,from_applied_minus_1q,2021Q4,2023Q1,2023Q2,3.0,5.0,1.0,9.0
4102840,,unknown,,unknown,,unknown,,,,,,,
4102910,,unknown,,unknown,,unknown,,,,,,,
4102940,,unknown,,unknown,,unknown,,,,,,,
4103260,,unknown,,unknown,,unknown,,,,,,,
4103265,,unknown,,unknown,,unknown,,,,,,,
4103270,,unknown,,unknown,,unknown,,,,,,,
4103330,,unknown,,unknown,,unknown,,,,,,,
4103390,,unknown,,unknown,,unknown,,,,,,,
633240,2019Q1,exact,2018Q3,backcast_award_minus_2q,2018Q2,from_applied_minus_1q,2019Q4,nanQnan,nanQnan,3.0,,,
4103480,,unknown,,unknown,,unknown,,,,,,,
4103540,,unknown,,unknown,,unknown,,,,,,,
4103600,,unknown,,unknown,,unknown,,,,,,,
4103630,,unknown,,unknown,,unknown,,,,,,,
4103660,,unknown,,unknown,,unknown,,,,,,,
4103690,,unknown,,unknown,,unknown,,,,,,,
4103720,,unknown,,unknown,,unknown,,,,,,,
4103780,,unknown,,unknown,,unknown,,,,,,,
4103840,,unknown,,unknown,,unknown,,,,,,,
4103860,,unknown,,unknown,,unknown,,,,,,,
4103940,,unknown,,unknown,,unknown,,,,,,,
4103960,,unknown,,unknown,,unknown,,,,,,,
2731800,2024Q2,exact,2023Q4,backcast_award_minus_2q,2023Q3,from_applied_minus_1q,nanQnan,nanQnan,nanQnan,,,,
4104020,,unknown,,unknown,,unknown,,,,,,,
4104170,,unknown,,unknown,,unknown,,,,,,,
4104290,,unknown,,unknown,,unknown,,,,,,,
600013,2022Q2,exact,2021Q4,backcast_award_minus_2q,2021Q3,from_applied_minus_1q,2022Q3,nanQnan,nanQnan,1.0,,,
4104380,,unknown,,unknown,,unknown,,,,,,,
4104410,,unknown,,unknown,,unknown,,,,,,,
4104500,,unknown,,unknown,,unknown,,,,,,,
4104530,,unknown,,unknown,,unknown,,,,,,,
4104590,,unknown,,unknown,,unknown,,,,,,,
42ROHRE,2021Q1,exact,2020Q3,backcast_award_minus_2q,2020Q2,from_applied_minus_1q,2021Q4,2023Q1,2023Q2,3.0,5.0,1.0,9.0
4104700,,unknown,,unknown,,unknown,,,,,,,
4104740,,unknown,,unknown,,unknown,,,,,,,
4104950,,unknown,,unknown,,unknown,,,,,,,
4105020,,unknown,,unknown,,unknown,,,,,,,
4105080,,unknown,,unknown,,unknown,,,,,,,
4105100,,unknown,,unknown,,unknown,,,,,,,
4105160,,unknown,,unknown,,unknown,,,,,,,
4105250,,unknown,,unknown,,unknown,,,,,,,
4105310,,unknown,,unknown,,unknown,,,,,,,
4105430,,unknown,,unknown,,unknown,,,,,,,
4105610,,unknown,,unknown,,unknown,,,,,,,
4105640,,unknown,,unknown,,unknown,,,,,,,
4105670,,unknown,,unknown,,unknown,,,,,,,
4105760,,unknown,,unknown,,unknown,,,,,,,
4105910,,unknown,,unknown,,unknown,,,,,,,
3624960,2022Q4,exact,2022Q2,backcast_award_minus_2q,2022Q1,from_applied_minus_1q,2023Q2,2024Q3,nanQnan,2.0,5.0,,
4106120,,unknown,,unknown,,unknown,,,,,,,
4106270,,unknown,,unknown,,unknown,,,,,,,
4106300,,unknown,,unknown,,unknown,,,,,,,
407080,2023Q4,exact,2023Q2,backcast_award_minus_2q,2023Q1,from_applied_minus_1q,2024Q3,nanQnan,nanQnan,3.0,,,
4106600,,unknown,,unknown,,unknown,,,,,,,
4106630,,unknown,,unknown,,unknown,,,,,,,
4106710,,unknown,,unknown,,unknown,,,,,,,
4106740,,unknown,,unknown,,unknown,,,,,,,
4106750,,unknown,,unknown,,unknown,,,,,,,
4106780,,unknown,,unknown,,unknown,,,,,,,
4106820,,unknown,,unknown,,unknown,,,,,,,
4106870,,unknown,,unknown,,unknown,,,,,,,
4106900,,unknown,,unknown,,unknown,,,,,,,
4106930,,unknown,,unknown,,unknown,,,,,,,
4106960,,unknown,,unknown,,unknown,,,,,,,
4107020,,unknown,,unknown,,unknown,,,,,,,
4107080,,unknown,,unknown,,unknown,,,,,,,
4107200,2024Q2,exact,2023Q4,backcast_award_minus_2q,2023Q3,from_applied_minus_1q,nanQnan,nanQnan,nanQnan,,,,
4220550,2024Q2,exact,2023Q4,backcast_award_minus_2q,2023Q3,from_applied_minus_1q,nanQnan,nanQnan,nanQnan,,,,
4107280,,unknown,,unknown,,unknown,,,,,,,
4107380,,unknown,,unknown,,unknown,,,,,,,
4107500,,unknown,,unknown,,unknown,,,,,,,
4107530,,unknown,,unknown,,unknown,,,,,,,
4107590,,unknown,,unknown,,unknown,,,,,,,
4107710,,unknown,,unknown,,unknown,,,,,,,
4107740,,unknown,,unknown,,unknown,,,,,,,
4107980,,unknown,,unknown,,unknown,,,,,,,
2732390,2024Q2,exact,2023Q4,backcast_award_minus_2q,2023Q3,from_applied_minus_1q,nanQnan,nanQnan,nanQnan,,,,
4108040,,unknown,,unknown,,unknown,,,,,,,
4108100,,unknown,,unknown,,unknown,,,,,,,
4108160,,unknown,,unknown,,unknown,,,,,,,
4108280,,unknown,,unknown,,unknown,,,,,,,
2200307,2023Q4,exact,2023Q2,backcast_award_minus_2q,2023Q1,from_applied_minus_1q,nanQnan,nanQnan,nanQnan,,,,
4108430,,unknown,,unknown,,unknown,,,,,,,
4108460,,unknown,,unknown,,unknown,,,,,,,
633600,2024Q2,exact,2023Q4,backcast_award_minus_2q,2023Q3,from_applied_minus_1q,nanQnan,nanQnan,nanQnan,,,,
4108550,,unknown,,unknown,,unknown,,,,,,,
2630210,2019Q3,exact,2019Q1,backcast_award_minus_2q,2018Q4,from_applied_minus_1q,2020Q2,2021Q3,2021Q4,3.0,5.0,1.0,9.0
4108700,,unknown,,unknown,,unknown,,,,,,,
633630,2020Q3,exact,2020Q1,backcast_award_minus_2q,2019Q4,from_applied_minus_1q,2021Q2,2023Q4,2023Q4,3.0,10.0,0.0,13.0
4108820,,unknown,,unknown,,unknown,,,,,,,
4108830,,unknown,,unknown,,unknown,,,,,,,
3704050,2021Q3,exact,2021Q1,backcast_award_minus_2q,2020Q4,from_applied_minus_1q,2022Q1,2022Q4,2023Q1,2.0,3.0,1.0,6.0
4108940,2024Q2,exact,2023Q4,backcast_award_minus_2q,2023Q3,from_applied_minus_1q,nanQnan,nanQnan,nanQnan,,,,
4109000,,unknown,,unknown,,unknown,,,,,,,
4109120,,unknown,,unknown,,unknown,,,,,,,
4109150,,unknown,,unknown,,unknown,,,,,,,
4109270,,unknown,,unknown,,unknown,,,,,,,
4109330,,unknown,,unknown,,unknown,,,,,,,
4109430,,unknown,,unknown,,unknown,,,,,,,
4109480,,unknown,,unknown,,unknown,,,,,,,
633750,2019Q3,exact,2019Q1,backcast_award_minus_2q,2018Q4,from_applied_minus_1q,2020Q2,2023Q2,2023Q2,3.0,12.0,0.0,15.0
4109530,,unknown,,unknown,,unknown,,,,,,,
4109600,,unknown,,unknown,,unknown,,,,,,,
4109630,,unknown,,unknown,,unknown,,,,,,,
4109660,,unknown,,unknown,,unknown,,,,,,,
4109690,,unknown,,unknown,,unknown,,,,,,,
4109720,,unknown,,unknown,,unknown,,,,,,,
4109750,,unknown,,unknown,,unknown,,,,,,,
4109870,,unknown,,unknown,,unknown,,,,,,,
4109960,,unknown,,unknown,,unknown,,,,,,,
4110020,,unknown,,unknown,,unknown,,,,,,,
2311850,2021Q1,exact,2020Q3,backcast_award_minus_2q,2020Q2,from_applied_minus_1q,2021Q4,2022Q3,2022Q3,3.0,3.0,0.0,6.0
4110080,,unknown,,unknown,,unknown,,,,,,,
4110110,,unknown,,unknown,,unknown,,,,,,,
4110200,,unknown,,unknown,,unknown,,,,,,,
4110350,,unknown,,unknown,,unknown,,,,,,,
4110410,,unknown,,unknown,,unknown,,,,,,,
2314780,2022Q4,exact,2022Q2,backcast_award_minus_2q,2022Q1,from_applied_minus_1q,2023Q2,2024Q1,2024Q1,2.0,3.0,0.0,5.0
4110530,,unknown,,unknown,,unknown,,,,,,,
4110560,,unknown,,unknown,,unknown,,,,,,,
4110680,,unknown,,unknown,,unknown,,,,,,,
4110710,,unknown,,unknown,,unknown,,,,,,,
2314787,2022Q1,exact,2021Q3,backcast_award_minus_2q,2021Q2,from_applied_minus_1q,2022Q2,2023Q1,2023Q2,1.0,3.0,1.0,5.0
4110890,,unknown,,unknown,,unknown,,,,,,,
4110980,,unknown,,unknown,,unknown,,,,,,,
4111040,,unknown,,unknown,,unknown,,,,,,,
4111100,,unknown,,unknown,,unknown,,,,,,,
4111220,,unknown,,unknown,,unknown,,,,,,,
4111250,,unknown,,unknown,,unknown,,,,,,,
4111290,,unknown,,unknown,,unknown,,,,,,,
4111400,,unknown,,unknown,,unknown,,,,,,,
4111450,,unknown,,unknown,,unknown,,,,,,,
4111490,,unknown,,unknown,,unknown,,,,,,,
4111580,,unknown,,unknown,,unknown,,,,,,,
4111610,,unknown,,unknown,,unknown,,,,,,,
4111640,,unknown,,unknown,,unknown,,,,,,,
4111670,,unknown,,unknown,,unknown,,,,,,,
4111720,,unknown,,unknown,,unknown,,,,,,,
4111760,,unknown,,unknown,,unknown,,,,,,,
4111790,,unknown,,unknown,,unknown,,,,,,,
4111910,,unknown,,unknown,,unknown,,,,,,,
4111940,,unknown,,unknown,,unknown,,,,,,,
4111970,,unknown,2020Q2,program_calendar,2020Q1,from_applied_minus_1q,,,,,,,
2310770,2024Q2,exact,2023Q4,backcast_award_minus_2q,2023Q3,from_applied_minus_1q,nanQnan,nanQnan,nanQnan,,,,
4112320,,unknown,,unknown,,unknown,,,,,,,
4112360,,unknown,,unknown,,unknown,,,,,,,
4112540,,unknown,,unknown,,unknown,,,,,,,
2311130,2022Q1,exact,2021Q3,backcast_award_minus_2q,2021Q2,from_applied_minus_1q,2022Q2,2022Q4,2023Q1,1.0,2.0,1.0,4.0
4112690,,unknown,,unknown,,unknown,,,,,,,
4112930,,unknown,,unknown,,unknown,,,,,,,
4112990,,unknown,,unknown,,unknown,,,,,,,
4113080,,unknown,,unknown,,unknown,,,,,,,
4113170,,unknown,,unknown,,unknown,,,,,,,
2314240,2024Q2,exact,2023Q4,backcast_award_minus_2q,2023Q3,from_applied_minus_1q,nanQnan,nanQnan,nanQnan,,,,
4113490,,unknown,,unknown,,unknown,,,,,,,
4113530,,unknown,,unknown,,unknown,,,,,,,
2314670,2022Q4,exact,2022Q2,backcast_award_minus_2q,2022Q1,from_applied_minus_1q,2023Q2,2024Q1,2024Q1,2.0,3.0,0.0,5.0
4180070,,unknown,,unknown,,unknown,,,,,,,
4180180,,unknown,,unknown,,unknown,,,,,,,
4180505,,unknown,,unknown,,unknown,,,,,,,
4200001,,unknown,,unknown,,unknown,,,,,,,
4200003,,unknown,,unknown,,unknown,,,,,,,
4200007,,unknown,,unknown,,unknown,,,,,,,
4200011,,unknown,,unknown,,unknown,,,,,,,
4200012,,unknown,,unknown,,unknown,,,,,,,
4200013,,unknown,,unknown,,unknown,,,,,,,
4200014,,unknown,,unknown,,unknown,,,,,,,
4200016,,unknown,,unknown,,unknown,,,,,,,
4200017,,unknown,,unknown,,unknown,,,,,,,
4200018,,unknown,,unknown,,unknown,,,,,,,
4200019,,unknown,,unknown,,unknown,,,,,,,
4200020,,unknown,,unknown,,unknown,,,,,,,
4200021,,unknown,,unknown,,unknown,,,,,,,
4200023,,unknown,,unknown,,unknown,,,,,,,
4200024,,unknown,,unknown,,unknown,,,,,,,
4200025,,unknown,,unknown,,unknown,,,,,,,
4200026,,unknown,,unknown,,unknown,,,,,,,
4200027,,unknown,,unknown,,unknown,,,,,,,
4200030,,unknown,,unknown,,unknown,,,,,,,
4200035,,unknown,,unknown,,unknown,,,,,,,
4200036,,unknown,,unknown,,unknown,,,,,,,
4200038,,unknown,,unknown,,unknown,,,,,,,
4200039,,unknown,,unknown,,unknown,,,,,,,
4200040,,unknown,,unknown,,unknown,,,,,,,
4200041,,unknown,,unknown,,unknown,,,,,,,
4200042,,unknown,,unknown,,unknown,,,,,,,
4200043,,unknown,,unknown,,unknown,,,,,,,
4200044,,unknown,,unknown,,unknown,,,,,,,
4200048,,unknown,,unknown,,unknown,,,,,,,
4200049,,unknown,,unknown,,unknown,,,,,,,
4200050,,unknown,,unknown,,unknown,,,,,,,
4200051,,unknown,,unknown,,unknown,,,,,,,
4200052,,unknown,,unknown,,unknown,,,,,,,
4200055,,unknown,,unknown,,unknown,,,,,,,
4200056,,unknown,,unknown,,unknown,,,,,,,
4200058,,unknown,,unknown,,unknown,,,,,,,
4200060,,unknown,,unknown,,unknown,,,,,,,
4200061,,unknown,,unknown,,unknown,,,,,,,
4200062,,unknown,,unknown,,unknown,,,,,,,
4200063,,unknown,,unknown,,unknown,,,,,,,
4200064,,unknown,,unknown,,unknown,,,,,,,
4200065,,unknown,,unknown,,unknown,,,,,,,
4200067,,unknown,,unknown,,unknown,,,,,,,
4200068,,unknown,,unknown,,unknown,,,,,,,
4200069,,unknown,,unknown,,unknown,,,,,,,
4200070,,unknown,,unknown,,unknown,,,,,,,
4200071,,unknown,2020Q2,program_calendar,2020Q1,from_applied_minus_1q,,,,,,,
4200073,,unknown,,unknown,,unknown,,,,,,,
4200074,,unknown,,unknown,,unknown,,,,,,,
4200075,,unknown,,unknown,,unknown,,,,,,,
4200076,,unknown,,unknown,,unknown,,,,,,,
4200077,,unknown,,unknown,,unknown,,,,,,,
4200079,,unknown,,unknown,,unknown,,,,,,,
4200084,,unknown,,unknown,,unknown,,,,,,,
4200085,,unknown,,unknown,,unknown,,,,,,,
4200086,,unknown,,unknown,,unknown,,,,,,,
4200087,,unknown,,unknown,,unknown,,,,,,,
4200088,,unknown,,unknown,,unknown,,,,,,,
4200091,,unknown,,unknown,,unknown,,,,,,,
4200092,,unknown,,unknown,,unknown,,,,,,,
4200093,,unknown,,unknown,,unknown,,,,,,,
4200094,,unknown,,unknown,,unknown,,,,,,,
4200095,,unknown,,unknown,,unknown,,,,,,,
4200096,,unknown,,unknown,,unknown,,,,,,,
4200098,,unknown,,unknown,,unknown,,,,,,,
4200099,,unknown,,unknown,,unknown,,,,,,,
4200100,,unknown,,unknown,,unknown,,,,,,,
4200101,,unknown,,unknown,,unknown,,,,,,,
4200104,,unknown,,unknown,,unknown,,,,,,,
4200105,,unknown,,unknown,,unknown,,,,,,,
4200106,,unknown,,unknown,,unknown,,,,,,,
4200107,,unknown,,unknown,,unknown,,,,,,,
4200108,,unknown,,unknown,,unknown,,,,,,,
4200109,,unknown,,unknown,,unknown,,,,,,,
4200110,,unknown,,unknown,,unknown,,,,,,,
4200111,,unknown,,unknown,,unknown,,,,,,,
4200114,,unknown,,unknown,,unknown,,,,,,,
4200115,,unknown,,unknown,,unknown,,,,,,,
4200118,,unknown,,unknown,,unknown,,,,,,,
4200119,,unknown,,unknown,,unknown,,,,,,,
4200121,,unknown,,unknown,,unknown,,,,,,,
4200122,,unknown,,unknown,,unknown,,,,,,,
4200123,,unknown,,unknown,,unknown,,,,,,,
4200124,,unknown,,unknown,,unknown,,,,,,,
4200125,,unknown,,unknown,,unknown,,,,,,,
4200126,,unknown,,unknown,,unknown,,,,,,,
4200127,,unknown,,unknown,,unknown,,,,,,,
4200128,,unknown,,unknown,,unknown,,,,,,,
4200129,,unknown,,unknown,,unknown,,,,,,,
4200130,,unknown,,unknown,,unknown,,,,,,,
4200133,,unknown,,unknown,,unknown,,,,,,,
4200134,,unknown,,unknown,,unknown,,,,,,,
4200135,,unknown,,unknown,,unknown,,,,,,,
4200136,,unknown,,unknown,,unknown,,,,,,,
4200137,,unknown,,unknown,,unknown,,,,,,,
4200139,,unknown,,unknown,,unknown,,,,,,,
4200140,,unknown,,unknown,,unknown,,,,,,,
4200141,,unknown,,unknown,,unknown,,,,,,,
4200143,,unknown,,unknown,,unknown,,,,,,,
4200144,,unknown,,unknown,,unknown,,,,,,,
4200145,,unknown,,unknown,,unknown,,,,,,,
4200749,,unknown,,unknown,,unknown,,,,,,,
4200750,,unknown,,unknown,,unknown,,,,,,,
4200751,,unknown,,unknown,,unknown,,,,,,,
4200752,,unknown,,unknown,,unknown,,,,,,,
4200754,,unknown,,unknown,,unknown,,,,,,,
4200755,,unknown,,unknown,,unknown,,,,,,,
4200758,,unknown,,unknown,,unknown,,,,,,,
4200760,,unknown,,unknown,,unknown,,,,,,,
4200761,,unknown,,unknown,,unknown,,,,,,,
4200762,,unknown,,unknown,,unknown,,,,,,,
4200810,,unknown,,unknown,,unknown,,,,,,,
4200812,,unknown,,unknown,,unknown,,,,,,,
4200813,,unknown,,unknown,,unknown,,,,,,,
4200814,,unknown,,unknown,,unknown,,,,,,,
4200816,,unknown,,unknown,,unknown,,,,,,,
4200817,,unknown,,unknown,,unknown,,,,,,,
4200818,,unknown,,unknown,,unknown,,,,,,,
4200819,,unknown,,unknown,,unknown,,,,,,,
4200821,,unknown,,unknown,,unknown,,,,,,,
4200824,,unknown,,unknown,,unknown,,,,,,,
4200828,,unknown,,unknown,,unknown,,,,,,,
4200829,,unknown,,unknown,,unknown,,,,,,,
4200830,,unknown,,unknown,,unknown,,,,,,,
4200831,,unknown,,unknown,,unknown,,,,,,,
4200832,,unknown,,unknown,,unknown,,,,,,,
4200833,,unknown,,unknown,,unknown,,,,,,,
4200834,,unknown,,unknown,,unknown,,,,,,,
4200835,,unknown,,unknown,,unknown,,,,,,,
4200836,,unknown,,unknown,,unknown,,,,,,,
4200840,,unknown,,unknown,,unknown,,,,,,,
4200841,,unknown,,unknown,,unknown,,,,,,,
4200844,,unknown,,unknown,,unknown,,,,,,,
4200845,,unknown,,unknown,,unknown,,,,,,,
4200846,,unknown,,unknown,,unknown,,,,,,,
4200847,,unknown,,unknown,,unknown,,,,,,,
4200849,,unknown,,unknown,,unknown,,,,,,,
4200850,,unknown,,unknown,,unknown,,,,,,,
4200851,,unknown,,unknown,,unknown,,,,,,,
4200852,,unknown,,unknown,,unknown,,,,,,,
4200853,,unknown,,unknown,,unknown,,,,,,,
4200854,,unknown,,unknown,,unknown,,,,,,,
4200855,,unknown,,unknown,,unknown,,,,,,,
4200856,,unknown,,unknown,,unknown,,,,,,,
4200857,,unknown,,unknown,,unknown,,,,,,,
4200858,,unknown,,unknown,,unknown,,,,,,,
4200859,,unknown,,unknown,,unknown,,,,,,,
4200860,,unknown,,unknown,,unknown,,,,,,,
4200861,,unknown,,unknown,,unknown,,,,,,,
4200862,,unknown,,unknown,,unknown,,,,,,,
4200863,,unknown,,unknown,,unknown,,,,,,,
4200866,,unknown,,unknown,,unknown,,,,,,,
4200867,,unknown,,unknown,,unknown,,,,,,,
4200870,,unknown,,unknown,,unknown,,,,,,,
4200872,,unknown,,unknown,,unknown,,,,,,,
4200873,,unknown,,unknown,,unknown,,,,,,,
4200874,,unknown,,unknown,,unknown,,,,,,,
4200875,,unknown,,unknown,,unknown,,,,,,,
4200876,,unknown,,unknown,,unknown,,,,,,,
4200878,,unknown,,unknown,,unknown,,,,,,,
4200879,,unknown,,unknown,,unknown,,,,,,,
4200880,,unknown,,unknown,,unknown,,,,,,,
4200882,,unknown,,unknown,,unknown,,,,,,,
4200883,,unknown,,unknown,,unknown,,,,,,,
4200884,,unknown,,unknown,,unknown,,,,,,,
4200885,,unknown,,unknown,,unknown,,,,,,,
4200886,,unknown,,unknown,,unknown,,,,,,,
4200887,,unknown,,unknown,,unknown,,,,,,,
4200888,,unknown,,unknown,,unknown,,,,,,,
4200889,,unknown,,unknown,,unknown,,,,,,,
4200890,,unknown,,unknown,,unknown,,,,,,,
4200891,,unknown,,unknown,,unknown,,,,,,,
4200892,,unknown,,unknown,,unknown,,,,,,,
4200893,,unknown,,unknown,,unknown,,,,,,,
4200894,,unknown,,unknown,,unknown,,,,,,,
4200895,,unknown,,unknown,,unknown,,,,,,,
4200896,,unknown,,unknown,,unknown,,,,,,,
4200897,,unknown,,unknown,,unknown,,,,,,,
4200898,,unknown,,unknown,,unknown,,,,,,,
4200899,,unknown,,unknown,,unknown,,,,,,,
4200900,,unknown,,unknown,,unknown,,,,,,,
4200901,,unknown,,unknown,,unknown,,,,,,,
4200902,,unknown,,unknown,,unknown,,,,,,,
4200903,,unknown,,unknown,,unknown,,,,,,,
4200904,,unknown,,unknown,,unknown,,,,,,,
4200905,,unknown,,unknown,,unknown,,,,,,,
4200906,,unknown,,unknown,,unknown,,,,,,,
4200907,,unknown,,unknown,,unknown,,,,,,,
4202010,,unknown,,unknown,,unknown,,,,,,,
4202040,,unknown,,unknown,,unknown,,,,,,,
4202100,,unknown,,unknown,,unknown,,,,,,,
4202130,,unknown,,unknown,,unknown,,,,,,,
4202190,,unknown,,unknown,,unknown,,,,,,,
4202280,,unknown,,unknown,,unknown,,,,,,,
4202310,,unknown,,unknown,,unknown,,,,,,,
4202340,,unknown,,unknown,,unknown,,,,,,,
4202400,,unknown,,unknown,,unknown,,,,,,,
4202440,,unknown,,unknown,,unknown,,,,,,,
4202480,,unknown,,unknown,,unknown,,,,,,,
4202490,,unknown,,unknown,,unknown,,,,,,,
4202550,,unknown,,unknown,,unknown,,,,,,,
4202590,,unknown,,unknown,,unknown,,,,,,,
4202600,,unknown,,unknown,,unknown,,,,,,,
4202670,,unknown,,unknown,,unknown,,,,,,,
4202700,,unknown,,unknown,,unknown,,,,,,,
2314768,2024Q2,exact,2023Q4,backcast_award_minus_2q,2023Q3,from_applied_minus_1q,nanQnan,nanQnan,nanQnan,,,,
4202790,,unknown,,unknown,,unknown,,,,,,,
4202820,,unknown,,unknown,,unknown,,,,,,,
2310650,2022Q4,exact,2022Q2,backcast_award_minus_2q,2022Q1,from_applied_minus_1q,2022Q4,2023Q2,2023Q2,0.0,2.0,0.0,2.0
4202900,,unknown,,unknown,,unknown,,,,,,,
4202910,,unknown,,unknown,,unknown,,,,,,,
4202970,2024Q2,exact,2023Q4,backcast_award_minus_2q,2023Q3,from_applied_minus_1q,nanQnan,nanQnan,nanQnan,,,,
4203000,,unknown,,unknown,,unknown,,,,,,,
4203120,,unknown,,unknown,,unknown,,,,,,,
4203180,,unknown,,unknown,,unknown,,,,,,,
4203210,,unknown,,unknown,,unknown,,,,,,,
4203240,,unknown,,unknown,,unknown,,,,,,,
4203300,,unknown,,unknown,,unknown,,,,,,,
4203330,,unknown,,unknown,,unknown,,,,,,,
4203360,,unknown,,unknown,,unknown,,,,,,,
4203390,,unknown,,unknown,,unknown,,,,,,,
4203420,,unknown,,unknown,,unknown,,,,,,,
4203450,,unknown,,unknown,,unknown,,,,,,,
4203480,,unknown,,unknown,,unknown,,,,,,,
2310830,2024Q2,exact,2023Q4,backcast_award_minus_2q,2023Q3,from_applied_minus_1q,nanQnan,nanQnan,nanQnan,,,,
3306000,2022Q4,exact,2022Q2,backcast_award_minus_2q,2022Q1,from_applied_minus_1q,nanQnan,2024Q3,nanQnan,,,,
4203600,,unknown,,unknown,,unknown,,,,,,,
4203630,,unknown,,unknown,,unknown,,,,,,,
4203660,,unknown,,unknown,,unknown,,,,,,,
4203688,,unknown,,unknown,,unknown,,,,,,,
4203690,,unknown,,unknown,,unknown,,,,,,,
4203750,,unknown,,unknown,,unknown,,,,,,,
4203840,,unknown,,unknown,,unknown,,,,,,,
4203870,,unknown,,unknown,,unknown,,,,,,,
4203900,,unknown,,unknown,,unknown,,,,,,,
4203960,,unknown,,unknown,,unknown,,,,,,,
4204020,,unknown,,unknown,,unknown,,,,,,,
4204050,,unknown,,unknown,,unknown,,,,,,,
4204080,,unknown,,unknown,,unknown,,,,,,,
4204090,,unknown,,unknown,,unknown,,,,,,,
4204140,,unknown,,unknown,,unknown,,,,,,,
4204200,,unknown,,unknown,,unknown,,,,,,,
4204230,,unknown,,unknown,,unknown,,,,,,,
4204260,,unknown,,unknown,,unknown,,,,,,,
4204320,,unknown,,unknown,,unknown,,,,,,,
4204500,,unknown,,unknown,,unknown,,,,,,,
4204530,,unknown,,unknown,,unknown,,,,,,,
4204590,,unknown,,unknown,,unknown,,,,,,,
4204710,,unknown,,unknown,,unknown,,,,,,,
4204740,,unknown,,unknown,,unknown,,,,,,,
4204830,,unknown,,unknown,,unknown,,,,,,,
4204860,,unknown,,unknown,,unknown,,,,,,,
4204890,,unknown,,unknown,,unknown,,,,,,,
4204920,,unknown,,unknown,,unknown,,,,,,,
4204980,,unknown,,unknown,,unknown,,,,,,,
4205010,,unknown,,unknown,,unknown,,,,,,,
4205040,,unknown,,unknown,,unknown,,,,,,,
4205070,,unknown,,unknown,,unknown,,,,,,,
4205160,,unknown,,unknown,,unknown,,,,,,,
4205190,,unknown,,unknown,,unknown,,,,,,,
4205310,,unknown,,unknown,,unknown,,,,,,,
4205340,,unknown,,unknown,,unknown,,,,,,,
4205370,,unknown,,unknown,,unknown,,,,,,,
4205400,,unknown,,unknown,,unknown,,,,,,,
4205430,,unknown,,unknown,,unknown,,,,,,,
4205460,,unknown,,unknown,,unknown,,,,,,,
4205490,,unknown,,unknown,,unknown,,,,,,,
4205550,,unknown,,unknown,,unknown,,,,,,,
4205640,,unknown,,unknown,,unknown,,,,,,,
4205700,,unknown,,unknown,,unknown,,,,,,,
4205730,,unknown,,unknown,,unknown,,,,,,,
4205760,,unknown,,unknown,,unknown,,,,,,,
4205860,,unknown,,unknown,,unknown,,,,,,,
4205880,,unknown,,unknown,,unknown,,,,,,,
4205910,,unknown,,unknown,,unknown,,,,,,,
4206030,,unknown,,unknown,,unknown,,,,,,,
4206060,,unknown,,unknown,,unknown,,,,,,,
4206090,,unknown,,unknown,,unknown,,,,,,,
4206120,,unknown,,unknown,,unknown,,,,,,,
4206150,,unknown,,unknown,,unknown,,,,,,,
4206240,,unknown,,unknown,,unknown,,,,,,,
4206270,,unknown,,unknown,,unknown,,,,,,,
4206360,,unknown,,unknown,,unknown,,,,,,,
4206365,,unknown,,unknown,,unknown,,,,,,,
4206390,,unknown,,unknown,,unknown,,,,,,,
4206420,,unknown,,unknown,,unknown,,,,,,,
4206430,,unknown,,unknown,,unknown,,,,,,,
4206480,,unknown,,unknown,,unknown,,,,,,,
4206550,,unknown,,unknown,,unknown,,,,,,,
4206590,,unknown,,unknown,,unknown,,,,,,,
4206660,,unknown,,unknown,,unknown,,,,,,,
4206780,,unknown,,unknown,,unknown,,,,,,,
4206810,,unknown,,unknown,,unknown,,,,,,,
4206840,,unknown,,unknown,,unknown,,,,,,,
4206860,,unknown,,unknown,,unknown,,,,,,,
4206930,,unknown,,unknown,,unknown,,,,,,,
4206960,,unknown,,unknown,,unknown,,,,,,,
4207050,,unknown,,unknown,,unknown,,,,,,,
4207080,,unknown,,unknown,,unknown,,,,,,,
4207110,,unknown,,unknown,,unknown,,,,,,,
4207140,,unknown,,unknown,,unknown,,,,,,,
4207200,,unknown,,unknown,,unknown,,,,,,,
4207230,,unknown,,unknown,,unknown,,,,,,,
4207290,,unknown,,unknown,,unknown,,,,,,,
4207320,,unknown,,unknown,,unknown,,,,,,,
4207385,,unknown,,unknown,,unknown,,,,,,,
4207530,,unknown,,unknown,,unknown,,,,,,,
4207540,,unknown,2021Q2,program_calendar,2021Q1,from_applied_minus_1q,,,,,,,
4207560,,unknown,,unknown,,unknown,,,,,,,
4207590,,unknown,,unknown,,unknown,,,,,,,
4207650,,unknown,,unknown,,unknown,,,,,,,
4207680,,unknown,,unknown,,unknown,,,,,,,
4207710,,unknown,,unknown,,unknown,,,,,,,
4207830,,unknown,,unknown,,unknown,,,,,,,
4207980,,unknown,,unknown,,unknown,,,,,,,
4208010,,unknown,,unknown,,unknown,,,,,,,
4208060,,unknown,,unknown,,unknown,,,,,,,
4208280,,unknown,,unknown,,unknown,,,,,,,
4208460,,unknown,,unknown,,unknown,,,,,,,
4208490,,unknown,,unknown,,unknown,,,,,,,
4208550,,unknown,,unknown,,unknown,,,,,,,
4208580,,unknown,,unknown,,unknown,,,,,,,
4208670,,unknown,,unknown,,unknown,,,,,,,
4208790,,unknown,,unknown,,unknown,,,,,,,
4208820,,unknown,,unknown,,unknown,,,,,,,
4208850,,unknown,2021Q2,program_calendar,2021Q1,from_applied_minus_1q,,,,,,,
4209090,,unknown,,unknown,,unknown,,,,,,,
4209120,,unknown,,unknown,,unknown,,,,,,,
4209150,,unknown,,unknown,,unknown,,,,,,,
4209240,,unknown,,unknown,,unknown,,,,,,,
4209270,,unknown,,unknown,,unknown,,,,,,,
2310380,2024Q2,exact,2023Q4,backcast_award_minus_2q,2023Q3,from_applied_minus_1q,nanQnan,nanQnan,nanQnan,,,,
4209360,,unknown,,unknown,,unknown,,,,,,,
4209480,,unknown,,unknown,,unknown,,,,,,,
4209540,,unknown,,unknown,,unknown,,,,,,,
4209570,,unknown,,unknown,,unknown,,,,,,,
4209600,,unknown,,unknown,,unknown,,,,,,,
4209660,,unknown,,unknown,,unknown,,,,,,,
4209690,,unknown,,unknown,,unknown,,,,,,,
4209750,,unknown,,unknown,,unknown,,,,,,,
4209780,,unknown,,unknown,,unknown,,,,,,,
4209870,,unknown,,unknown,,unknown,,,,,,,
4209930,,unknown,,unknown,,unknown,,,,,,,
4209931,,unknown,,unknown,,unknown,,,,,,,
4209932,,unknown,,unknown,,unknown,,,,,,,
4209933,,unknown,,unknown,,unknown,,,,,,,
4209934,,unknown,,unknown,,unknown,,,,,,,
4209940,,unknown,,unknown,,unknown,,,,,,,
4209960,,unknown,,unknown,,unknown,,,,,,,
4209990,,unknown,,unknown,,unknown,,,,,,,
4210070,,unknown,,unknown,,unknown,,,,,,,
4210110,,unknown,,unknown,,unknown,,,,,,,
4210115,,unknown,,unknown,,unknown,,,,,,,
4210200,,unknown,,unknown,,unknown,,,,,,,
4210230,,unknown,,unknown,,unknown,,,,,,,
4210350,,unknown,,unknown,,unknown,,,,,,,
4210380,,unknown,,unknown,,unknown,,,,,,,
4210440,,unknown,,unknown,,unknown,,,,,,,
4210530,,unknown,,unknown,,unknown,,,,,,,
4210590,,unknown,2021Q2,program_calendar,2021Q1,from_applied_minus_1q,,,,,,,
4210620,,unknown,,unknown,,unknown,,,,,,,
4210650,,unknown,,unknown,,unknown,,,,,,,
4210710,,unknown,,unknown,,unknown,,,,,,,
4210740,,unknown,,unknown,,unknown,,,,,,,
4210830,,unknown,,unknown,,unknown,,,,,,,
4210860,,unknown,,unknown,,unknown,,,,,,,
4210870,,unknown,,unknown,,unknown,,,,,,,
4210920,,unknown,,unknown,,unknown,,,,,,,
633840,2017Q1,exact,2016Q3,backcast_award_minus_2q,2016Q2,from_applied_minus_1q,2017Q2,2018Q4,2019Q1,1.0,6.0,1.0,8.0
4210970,,unknown,,unknown,,unknown,,,,,,,
4210980,,unknown,,unknown,,unknown,,,,,,,
4211010,,unknown,,unknown,,unknown,,,,,,,
4211160,,unknown,,unknown,,unknown,,,,,,,
4211190,,unknown,,unknown,,unknown,,,,,,,
4211220,,unknown,,unknown,,unknown,,,,,,,
633860,2024Q2,exact,2023Q4,backcast_award_minus_2q,2023Q3,from_applied_minus_1q,nanQnan,nanQnan,nanQnan,,,,
4211340,,unknown,,unknown,,unknown,,,,,,,
4211400,,unknown,,unknown,,unknown,,,,,,,
4211420,,unknown,,unknown,,unknown,,,,,,,
4211450,,unknown,,unknown,,unknown,,,,,,,
4211490,,unknown,,unknown,,unknown,,,,,,,
4211520,,unknown,,unknown,,unknown,,,,,,,
2733840,2023Q4,exact,2023Q2,backcast_award_minus_2q,2023Q1,from_applied_minus_1q,nanQnan,nanQnan,nanQnan,,,,
4211610,,unknown,,unknown,,unknown,,,,,,,
4211670,,unknown,,unknown,,unknown,,,,,,,
4211700,,unknown,,unknown,,unknown,,,,,,,
4211730,,unknown,,unknown,,unknown,,,,,,,
4211760,,unknown,,unknown,,unknown,,,,,,,
4211790,,unknown,,unknown,,unknown,,,,,,,
4211820,,unknown,,unknown,,unknown,,,,,,,
4211880,,unknown,,unknown,,unknown,,,,,,,
4211940,,unknown,,unknown,,unknown,,,,,,,
4212030,,unknown,,unknown,,unknown,,,,,,,
4212090,,unknown,,unknown,,unknown,,,,,,,
4212150,,unknown,,unknown,,unknown,,,,,,,
4212170,,unknown,,unknown,,unknown,,,,,,,
4212210,,unknown,,unknown,,unknown,,,,,,,
4212300,,unknown,,unknown,,unknown,,,,,,,
4212330,,unknown,,unknown,,unknown,,,,,,,
4212335,,unknown,,unknown,,unknown,,,,,,,
4212390,,unknown,,unknown,,unknown,,,,,,,
4212420,,unknown,,unknown,,unknown,,,,,,,
4212480,,unknown,,unknown,,unknown,,,,,,,
4212540,,unknown,,unknown,,unknown,,,,,,,
4212570,,unknown,,unknown,,unknown,,,,,,,
4212600,,unknown,,unknown,,unknown,,,,,,,
4212630,,unknown,,unknown,,unknown,,,,,,,
4212660,,unknown,,unknown,,unknown,,,,,,,
4212690,,unknown,,unknown,,unknown,,,,,,,
4212720,,unknown,,unknown,,unknown,,,,,,,
4212725,,unknown,,unknown,,unknown,,,,,,,
4212750,,unknown,,unknown,,unknown,,,,,,,
4212840,,unknown,,unknown,,unknown,,,,,,,
4212930,,unknown,,unknown,,unknown,,,,,,,
4212990,,unknown,,unknown,,unknown,,,,,,,
7800030,2022Q4,exact,2022Q2,backcast_award_minus_2q,2022Q1,from_applied_minus_1q,nanQnan,nanQnan,nanQnan,,,,
4213050,,unknown,,unknown,,unknown,,,,,,,
4213080,,unknown,,unknown,,unknown,,,,,,,
4213110,,unknown,,unknown,,unknown,,,,,,,
4213140,,unknown,,unknown,,unknown,,,,,,,
4213290,,unknown,,unknown,,unknown,,,,,,,
4838580,2024Q2,exact,2023Q4,backcast_award_minus_2q,2023Q3,from_applied_minus_1q,nanQnan,nanQnan,nanQnan,,,,
4213380,,unknown,,unknown,,unknown,,,,,,,
4213390,,unknown,,unknown,,unknown,,,,,,,
4213440,,unknown,,unknown,,unknown,,,,,,,
4213470,,unknown,,unknown,,unknown,,,,,,,
4213500,,unknown,,unknown,,unknown,,,,,,,
4213590,,unknown,,unknown,,unknown,,,,,,,
4213710,,unknown,,unknown,,unknown,,,,,,,
4213770,,unknown,,unknown,,unknown,,,,,,,
4213980,,unknown,,unknown,,unknown,,,,,,,
4214100,,unknown,,unknown,,unknown,,,,,,,
4214160,,unknown,,unknown,,unknown,,,,,,,
4214190,,unknown,,unknown,,unknown,,,,,,,
4214250,,unknown,,unknown,,unknown,,,,,,,
4214310,,unknown,,unknown,,unknown,,,,,,,
4214430,,unknown,,unknown,,unknown,,,,,,,
4214460,,unknown,,unknown,,unknown,,,,,,,
4214550,,unknown,,unknown,,unknown,,,,,,,
4214580,,unknown,,unknown,,unknown,,,,,,,
4214730,,unknown,,unknown,,unknown,,,,,,,
4214760,,unknown,,unknown,,unknown,,,,,,,
4214790,,unknown,,unknown,,unknown,,,,,,,
4214850,,unknown,,unknown,,unknown,,,,,,,
4214880,,unknown,,unknown,,unknown,,,,,,,
4214940,,unknown,,unknown,,unknown,,,,,,,
4215030,,unknown,,unknown,,unknown,,,,,,,
4215120,,unknown,,unknown,,unknown,,,,,,,
4215150,,unknown,,unknown,,unknown,,,,,,,
2510380,2024Q2,exact,2023Q4,backcast_award_minus_2q,2023Q3,from_applied_minus_1q,nanQnan,nanQnan,nanQnan,,,,
4215210,,unknown,,unknown,,unknown,,,,,,,
4215240,,unknown,,unknown,,unknown,,,,,,,
4215270,,unknown,,unknown,,unknown,,,,,,,
4215290,,unknown,,unknown,,unknown,,,,,,,
4215330,,unknown,,unknown,,unknown,,,,,,,
4215360,,unknown,,unknown,,unknown,,,,,,,
4215450,,unknown,,unknown,,unknown,,,,,,,
4215480,,unknown,,unknown,,unknown,,,,,,,
4215510,,unknown,,unknown,,unknown,,,,,,,
4215540,,unknown,,unknown,,unknown,,,,,,,
4215600,,unknown,,unknown,,unknown,,,,,,,
4215660,,unknown,,unknown,,unknown,,,,,,,
4215720,,unknown,2020Q2,program_calendar,2020Q1,from_applied_minus_1q,,,,,,,
4215750,,unknown,,unknown,,unknown,,,,,,,
4215810,,unknown,,unknown,,unknown,,,,,,,
4110820,2020Q2,exact,2021Q2,program_calendar,2021Q1,from_applied_minus_1q,2021Q1,2021Q3,2021Q4,3.0,2.0,1.0,6.0
4215900,,unknown,,unknown,,unknown,,,,,,,
4215960,,unknown,,unknown,,unknown,,,,,,,
4215990,,unknown,,unknown,,unknown,,,,,,,
4216020,,unknown,,unknown,,unknown,,,,,,,
4216050,,unknown,,unknown,,unknown,,,,,,,
4216110,,unknown,2021Q2,program_calendar,2021Q1,from_applied_minus_1q,,,,,,,
4216170,,unknown,,unknown,,unknown,,,,,,,
4216200,,unknown,,unknown,,unknown,,,,,,,
4216230,,unknown,,unknown,,unknown,,,,,,,
633930,2019Q3,exact,2019Q1,backcast_award_minus_2q,2018Q4,from_applied_minus_1q,2020Q2,2020Q4,2021Q1,3.0,2.0,1.0,6.0
4216380,,unknown,,unknown,,unknown,,,,,,,
4216410,,unknown,2021Q2,program_calendar,2021Q1,from_applied_minus_1q,,,,,,,
4216440,,unknown,,unknown,,unknown,,,,,,,
633980,2019Q3,exact,2019Q1,backcast_award_minus_2q,2018Q4,from_applied_minus_1q,2020Q2,2020Q4,2021Q1,3.0,2.0,1.0,6.0
4216530,,unknown,,unknown,,unknown,,,,,,,
2630660,2024Q2,exact,2023Q4,backcast_award_minus_2q,2023Q3,from_applied_minus_1q,nanQnan,nanQnan,nanQnan,,,,
4216740,,unknown,,unknown,,unknown,,,,,,,
4216860,,unknown,,unknown,,unknown,,,,,,,
4216890,,unknown,,unknown,,unknown,,,,,,,
4216980,,unknown,2021Q2,program_calendar,2021Q1,from_applied_minus_1q,,,,,,,
4217010,,unknown,,unknown,,unknown,,,,,,,
4217100,,unknown,,unknown,,unknown,,,,,,,
4217130,,unknown,,unknown,,unknown,,,,,,,
4217160,,unknown,,unknown,,unknown,,,,,,,
4217220,,unknown,,unknown,,unknown,,,,,,,
4217280,,unknown,2021Q2,program_calendar,2021Q1,from_applied_minus_1q,,,,,,,
4217310,,unknown,,unknown,,unknown,,,,,,,
4217370,,unknown,,unknown,,unknown,,,,,,,
4217430,,unknown,,unknown,,unknown,,,,,,,
4217460,,unknown,,unknown,,unknown,,,,,,,
4217520,,unknown,,unknown,,unknown,,,,,,,
4217580,,unknown,,unknown,,unknown,,,,,,,
4217610,,unknown,,unknown,,unknown,,,,,,,
4217640,,unknown,,unknown,,unknown,,,,,,,
4217670,,unknown,,unknown,,unknown,,,,,,,
2927520,2022Q4,exact,2022Q2,backcast_award_minus_2q,2022Q1,from_applied_minus_1q,2023Q1,2023Q3,2023Q3,1.0,2.0,0.0,3.0
4217730,,unknown,,unknown,,unknown,,,,,,,
4217760,,unknown,,unknown,,unknown,,,,,,,
4217770,,unknown,,unknown,,unknown,,,,,,,
3625500,2022Q4,exact,2022Q2,backcast_award_minus_2q,2022Q1,from_applied_minus_1q,nanQnan,2024Q2,2024Q2,,,0.0,6.0
4217850,,unknown,,unknown,,unknown,,,,,,,
4217880,,unknown,,unknown,,unknown,,,,,,,
4217940,,unknown,,unknown,,unknown,,,,,,,
4218030,,unknown,,unknown,,unknown,,,,,,,
4218090,,unknown,,unknown,,unknown,,,,,,,
4218120,,unknown,,unknown,,unknown,,,,,,,
4218150,,unknown,,unknown,,unknown,,,,,,,
4218210,,unknown,,unknown,,unknown,,,,,,,
4218240,,unknown,,unknown,,unknown,,,,,,,
4218270,,unknown,,unknown,,unknown,,,,,,,
4218300,,unknown,,unknown,,unknown,,,,,,,
4218330,,unknown,,unknown,,unknown,,,,,,,
4218360,,unknown,,unknown,,unknown,,,,,,,
4218390,,unknown,,unknown,,unknown,,,,,,,
4218450,,unknown,,unknown,,unknown,,,,,,,
4218510,,unknown,,unknown,,unknown,,,,,,,
4218570,,unknown,,unknown,,unknown,,,,,,,
4218580,,unknown,,unknown,,unknown,,,,,,,
4218590,,unknown,,unknown,,unknown,,,,,,,
4218630,,unknown,,unknown,,unknown,,,,,,,
4218660,,unknown,,unknown,,unknown,,,,,,,
4218740,,unknown,,unknown,,unknown,,,,,,,
4218750,,unknown,,unknown,,unknown,,,,,,,
4218780,,unknown,,unknown,,unknown,,,,,,,
4218810,,unknown,,unknown,,unknown,,,,,,,
4218840,,unknown,,unknown,,unknown,,,,,,,
4218900,,unknown,,unknown,,unknown,,,,,,,
4218930,,unknown,,unknown,,unknown,,,,,,,
4218960,,unknown,,unknown,,unknown,,,,,,,
4900870,2018Q1,exact,2020Q2,program_calendar,2020Q1,from_applied_minus_1q,2018Q2,2020Q1,2020Q2,1.0,7.0,1.0,9.0
4219020,,unknown,,unknown,,unknown,,,,,,,
4219050,,unknown,,unknown,,unknown,,,,,,,
4219140,,unknown,,unknown,,unknown,,,,,,,
4838640,2023Q4,exact,2023Q2,backcast_award_minus_2q,2023Q1,from_applied_minus_1q,nanQnan,nanQnan,nanQnan,,,,
4219200,,unknown,,unknown,,unknown,,,,,,,
4219290,,unknown,,unknown,,unknown,,,,,,,
4838730,2023Q4,exact,2021Q2,program_calendar,2021Q1,from_applied_minus_1q,nanQnan,nanQnan,nanQnan,,,,
4219470,,unknown,,unknown,,unknown,,,,,,,
4219500,,unknown,,unknown,,unknown,,,,,,,
4219530,,unknown,,unknown,,unknown,,,,,,,
4219560,,unknown,,unknown,,unknown,,,,,,,
4219650,,unknown,2020Q2,program_calendar,2020Q1,from_applied_minus_1q,,,,,,,
4219680,,unknown,,unknown,,unknown,,,,,,,
4219710,,unknown,,unknown,,unknown,,,,,,,
4219800,,unknown,,unknown,,unknown,,,,,,,
4219830,,unknown,,unknown,,unknown,,,,,,,
4219860,,unknown,,unknown,,unknown,,,,,,,
4219890,,unknown,,unknown,,unknown,,,,,,,
4219920,,unknown,,unknown,,unknown,,,,,,,
634050,2018Q2,exact,2017Q4,backcast_award_minus_2q,2017Q3,from_applied_minus_1q,2019Q1,2019Q4,2020Q1,3.0,3.0,1.0,7.0
4220100,,unknown,,unknown,,unknown,,,,,,,
4220130,,unknown,,unknown,,unknown,,,,,,,
4220220,,unknown,,unknown,,unknown,,,,,,,
4220250,,unknown,,unknown,,unknown,,,,,,,
4220310,,unknown,,unknown,,unknown,,,,,,,
4220370,,unknown,,unknown,,unknown,,,,,,,
4220400,,unknown,,unknown,,unknown,,,,,,,
4220430,,unknown,,unknown,,unknown,,,,,,,
4220460,,unknown,,unknown,,unknown,,,,,,,
4220520,,unknown,,unknown,,unknown,,,,,,,
634140,2020Q3,exact,2020Q1,backcast_award_minus_2q,2019Q4,from_applied_minus_1q,2021Q2,2023Q1,2023Q1,3.0,7.0,0.0,10.0
634320,2020Q1,exact,2019Q3,backcast_award_minus_2q,2019Q2,from_applied_minus_1q,2020Q4,2021Q3,2021Q4,3.0,3.0,1.0,7.0
4220640,,unknown,,unknown,,unknown,,,,,,,
4220730,,unknown,,unknown,,unknown,,,,,,,
4220760,,unknown,,unknown,,unknown,,,,,,,
4220850,,unknown,,unknown,,unknown,,,,,,,
4220910,,unknown,,unknown,,unknown,,,,,,,
4220970,,unknown,,unknown,,unknown,,,,,,,
634380,2024Q2,exact,2023Q4,backcast_award_minus_2q,2023Q3,from_applied_minus_1q,nanQnan,nanQnan,nanQnan,,,,
4221120,,unknown,,unknown,,unknown,,,,,,,
4221150,,unknown,,unknown,,unknown,,,,,,,
4221180,,unknown,,unknown,,unknown,,,,,,,
4221200,,unknown,,unknown,,unknown,,,,,,,
4221240,,unknown,,unknown,,unknown,,,,,,,
4221270,,unknown,,unknown,,unknown,,,,,,,
4221330,,unknown,,unknown,,unknown,,,,,,,
4221420,,unknown,,unknown,,unknown,,,,,,,
4221490,,unknown,,unknown,,unknown,,,,,,,
4221510,,unknown,,unknown,,unknown,,,,,,,
4221540,,unknown,,unknown,,unknown,,,,,,,
4221570,,unknown,,unknown,,unknown,,,,,,,
4221660,,unknown,,unknown,,unknown,,,,,,,
4221690,,unknown,,unknown,,unknown,,,,,,,
4221810,,unknown,,unknown,,unknown,,,,,,,
4221840,,unknown,,unknown,,unknown,,,,,,,
4221870,,unknown,,unknown,,unknown,,,,,,,
4221910,,unknown,,unknown,,unknown,,,,,,,
4221930,,unknown,,unknown,,unknown,,,,,,,
4222050,,unknown,,unknown,,unknown,,,,,,,
4222060,,unknown,,unknown,,unknown,,,,,,,
4222140,,unknown,,unknown,,unknown,,,,,,,
4222170,,unknown,,unknown,,unknown,,,,,,,
4222200,,unknown,,unknown,,unknown,,,,,,,
4222230,,unknown,,unknown,,unknown,,,,,,,
4222260,,unknown,,unknown,,unknown,,,,,,,
4222290,,unknown,,unknown,,unknown,,,,,,,
4222320,,unknown,,unknown,,unknown,,,,,,,
4222350,,unknown,,unknown,,unknown,,,,,,,
4222370,,unknown,,unknown,,unknown,,,,,,,
4222380,,unknown,,unknown,,unknown,,,,,,,
4222400,,unknown,,unknown,,unknown,,,,,,,
4222410,,unknown,,unknown,,unknown,,,,,,,
4222440,,unknown,,unknown,,unknown,,,,,,,
4222470,,unknown,,unknown,,unknown,,,,,,,
4222530,,unknown,,unknown,,unknown,,,,,,,
4222560,,unknown,,unknown,,unknown,,,,,,,
4222590,,unknown,,unknown,,unknown,,,,,,,
4222600,,unknown,,unknown,,unknown,,,,,,,
4838900,2022Q4,exact,2022Q2,backcast_award_minus_2q,2022Q1,from_applied_minus_1q,2023Q1,2024Q1,2024Q1,1.0,4.0,0.0,5.0
4222710,,unknown,,unknown,,unknown,,,,,,,
4222740,,unknown,,unknown,,unknown,,,,,,,
4222770,,unknown,,unknown,,unknown,,,,,,,
4222790,,unknown,,unknown,,unknown,,,,,,,
634410,2020Q1,exact,2019Q3,backcast_award_minus_2q,2019Q2,from_applied_minus_1q,2020Q4,2022Q1,2022Q1,3.0,5.0,0.0,8.0
4222830,,unknown,,unknown,,unknown,,,,,,,
4222860,,unknown,,unknown,,unknown,,,,,,,
4222920,,unknown,,unknown,,unknown,,,,,,,
4222980,,unknown,,unknown,,unknown,,,,,,,
4223010,,unknown,,unknown,,unknown,,,,,,,
4223040,,unknown,,unknown,,unknown,,,,,,,
4223220,,unknown,,unknown,,unknown,,,,,,,
4223250,,unknown,,unknown,,unknown,,,,,,,
4223490,,unknown,,unknown,,unknown,,,,,,,
4223550,,unknown,,unknown,,unknown,,,,,,,
4223640,,unknown,,unknown,,unknown,,,,,,,
4223700,,unknown,,unknown,,unknown,,,,,,,
4223760,,unknown,,unknown,,unknown,,,,,,,
634440,2019Q3,exact,2019Q1,backcast_award_minus_2q,2018Q4,from_applied_minus_1q,2020Q2,2020Q4,2021Q1,3.0,2.0,1.0,6.0
4223820,,unknown,,unknown,,unknown,,,,,,,
4223850,,unknown,,unknown,,unknown,,,,,,,
4223880,,unknown,,unknown,,unknown,,,,,,,
4223970,,unknown,,unknown,,unknown,,,,,,,
4224000,,unknown,,unknown,,unknown,,,,,,,
4224030,,unknown,,unknown,,unknown,,,,,,,
4224060,,unknown,,unknown,,unknown,,,,,,,
4224090,,unknown,,unknown,,unknown,,,,,,,
4224120,,unknown,,unknown,,unknown,,,,,,,
4224150,,unknown,,unknown,,unknown,,,,,,,
634620,2018Q4,exact,2018Q2,backcast_award_minus_2q,2018Q1,from_applied_minus_1q,2019Q3,2023Q1,2023Q1,3.0,14.0,0.0,17.0
4224240,,unknown,,unknown,,unknown,,,,,,,
4224300,,unknown,,unknown,,unknown,,,,,,,
4224320,,unknown,,unknown,,unknown,,,,,,,
4224360,,unknown,,unknown,,unknown,,,,,,,
4224390,,unknown,,unknown,,unknown,,,,,,,
4224480,,unknown,,unknown,,unknown,,,,,,,
4224510,,unknown,,unknown,,unknown,,,,,,,
4224540,,unknown,,unknown,,unknown,,,,,,,
4224570,,unknown,,unknown,,unknown,,,,,,,
4224630,,unknown,,unknown,,unknown,,,,,,,
634740,2018Q2,exact,2017Q4,backcast_award_minus_2q,2017Q3,from_applied_minus_1q,2019Q1,2019Q4,2020Q1,3.0,3.0,1.0,7.0
4224750,,unknown,,unknown,,unknown,,,,,,,
4224790,,unknown,,unknown,,unknown,,,,,,,
4224820,,unknown,,unknown,,unknown,,,,,,,
4224870,,unknown,,unknown,,unknown,,,,,,,
4224960,,unknown,,unknown,,unknown,,,,,,,
4224970,,unknown,,unknown,,unknown,,,,,,,
634800,2023Q1,exact,2022Q3,backcast_award_minus_2q,2022Q2,from_applied_minus_1q,2023Q2,nanQnan,nanQnan,1.0,,,
4225080,,unknown,,unknown,,unknown,,,,,,,
4225110,,unknown,,unknown,,unknown,,,,,,,
4225140,,unknown,,unknown,,unknown,,,,,,,
4225170,,unknown,,unknown,,unknown,,,,,,,
4225200,,unknown,,unknown,,unknown,,,,,,,
4225230,,unknown,,unknown,,unknown,,,,,,,
4225290,,unknown,,unknown,,unknown,,,,,,,
4225440,,unknown,,unknown,,unknown,,,,,,,
4225590,,unknown,,unknown,,unknown,,,,,,,
4225650,,unknown,,unknown,,unknown,,,,,,,
4225680,,unknown,,unknown,,unknown,,,,,,,
4225740,,unknown,,unknown,,unknown,,,,,,,
4225830,,unknown,,unknown,,unknown,,,,,,,
4225870,,unknown,,unknown,,unknown,,,,,,,
4225950,,unknown,,unknown,,unknown,,,,,,,
4225980,,unknown,,unknown,,unknown,,,,,,,
4226010,,unknown,,unknown,,unknown,,,,,,,
4226040,,unknown,,unknown,,unknown,,,,,,,
4226070,,unknown,,unknown,,unknown,,,,,,,
4226130,,unknown,,unknown,,unknown,,,,,,,
4226250,,unknown,,unknown,,unknown,,,,,,,
4838970,2023Q4,exact,2023Q2,backcast_award_minus_2q,2023Q1,from_applied_minus_1q,nanQnan,nanQnan,nanQnan,,,,
4226370,,unknown,,unknown,,unknown,,,,,,,
634880,2022Q1,exact,2021Q3,backcast_award_minus_2q,2021Q2,from_applied_minus_1q,2023Q2,2023Q4,2024Q1,5.0,2.0,1.0,8.0
4226400,,unknown,,unknown,,unknown,,,,,,,
4226430,,unknown,,unknown,,unknown,,,,,,,
4226460,,unknown,,unknown,,unknown,,,,,,,
4226520,,unknown,,unknown,,unknown,,,,,,,
4226550,,unknown,,unknown,,unknown,,,,,,,
4226580,,unknown,,unknown,,unknown,,,,,,,
4226610,,unknown,,unknown,,unknown,,,,,,,
4226700,,unknown,,unknown,,unknown,,,,,,,
4226730,,unknown,,unknown,,unknown,,,,,,,
4226760,,unknown,,unknown,,unknown,,,,,,,
4226810,,unknown,,unknown,,unknown,,,,,,,
4226820,,unknown,,unknown,,unknown,,,,,,,
4226850,,unknown,,unknown,,unknown,,,,,,,
4280010,,unknown,,unknown,,unknown,,,,,,,
4280020,,unknown,,unknown,,unknown,,,,,,,
4280030,,unknown,,unknown,,unknown,,,,,,,
4280040,,unknown,,unknown,,unknown,,,,,,,
4280050,,unknown,,unknown,,unknown,,,,,,,
4280060,,unknown,,unknown,,unknown,,,,,,,
4280070,,unknown,,unknown,,unknown,,,,,,,
4280080,,unknown,,unknown,,unknown,,,,,,,
4280090,,unknown,,unknown,,unknown,,,,,,,
4280100,,unknown,,unknown,,unknown,,,,,,,
4280110,,unknown,,unknown,,unknown,,,,,,,
4280120,,unknown,,unknown,,unknown,,,,,,,
4280130,,unknown,,unknown,,unknown,,,,,,,
4280150,,unknown,,unknown,,unknown,,,,,,,
4280160,,unknown,,unknown,,unknown,,,,,,,
4280170,,unknown,,unknown,,unknown,,,,,,,
4280180,,unknown,,unknown,,unknown,,,,,,,
4280200,,unknown,,unknown,,unknown,,,,,,,
4280210,,unknown,,unknown,,unknown,,,,,,,
4280220,,unknown,,unknown,,unknown,,,,,,,
4280230,,unknown,,unknown,,unknown,,,,,,,
4280240,,unknown,,unknown,,unknown,,,,,,,
4280250,,unknown,,unknown,,unknown,,,,,,,
4280260,,unknown,,unknown,,unknown,,,,,,,
4280270,,unknown,,unknown,,unknown,,,,,,,
4280280,,unknown,,unknown,,unknown,,,,,,,
4280290,,unknown,,unknown,,unknown,,,,,,,
4280300,,unknown,,unknown,,unknown,,,,,,,
4280310,,unknown,,unknown,,unknown,,,,,,,
4280320,,unknown,,unknown,,unknown,,,,,,,
4280330,,unknown,,unknown,,unknown,,,,,,,
4280340,,unknown,,unknown,,unknown,,,,,,,
4280360,,unknown,,unknown,,unknown,,,,,,,
4280370,,unknown,,unknown,,unknown,,,,,,,
4280380,,unknown,,unknown,,unknown,,,,,,,
4280400,,unknown,,unknown,,unknown,,,,,,,
4280420,,unknown,,unknown,,unknown,,,,,,,
4280430,,unknown,,unknown,,unknown,,,,,,,
4280440,,unknown,,unknown,,unknown,,,,,,,
4280450,,unknown,,unknown,,unknown,,,,,,,
4280460,,unknown,,unknown,,unknown,,,,,,,
4280470,,unknown,,unknown,,unknown,,,,,,,
4280480,,unknown,,unknown,,unknown,,,,,,,
4280490,,unknown,,unknown,,unknown,,,,,,,
4280491,,unknown,,unknown,,unknown,,,,,,,
4280500,,unknown,,unknown,,unknown,,,,,,,
4280510,,unknown,,unknown,,unknown,,,,,,,
4280520,,unknown,,unknown,,unknown,,,,,,,
4280530,,unknown,,unknown,,unknown,,,,,,,
4280560,,unknown,,unknown,,unknown,,,,,,,
4280570,,unknown,,unknown,,unknown,,,,,,,
4280590,,unknown,,unknown,,unknown,,,,,,,
4280620,,unknown,,unknown,,unknown,,,,,,,
4280630,,unknown,,unknown,,unknown,,,,,,,
4280660,,unknown,,unknown,,unknown,,,,,,,
4280670,,unknown,,unknown,,unknown,,,,,,,
4289110,,unknown,,unknown,,unknown,,,,,,,
4289130,,unknown,,unknown,,unknown,,,,,,,
4289140,,unknown,,unknown,,unknown,,,,,,,
4289150,,unknown,,unknown,,unknown,,,,,,,
4289160,,unknown,,unknown,,unknown,,,,,,,
4289170,,unknown,,unknown,,unknown,,,,,,,
4289180,,unknown,,unknown,,unknown,,,,,,,
4289190,,unknown,,unknown,,unknown,,,,,,,
4289200,,unknown,,unknown,,unknown,,,,,,,
4289210,,unknown,,unknown,,unknown,,,,,,,
4289220,,unknown,,unknown,,unknown,,,,,,,
4289230,,unknown,,unknown,,unknown,,,,,,,
4289240,,unknown,,unknown,,unknown,,,,,,,
4289250,,unknown,,unknown,,unknown,,,,,,,
4289260,,unknown,,unknown,,unknown,,,,,,,
4289270,,unknown,,unknown,,unknown,,,,,,,
4289280,,unknown,,unknown,,unknown,,,,,,,
4289290,,unknown,,unknown,,unknown,,,,,,,
4289300,,unknown,,unknown,,unknown,,,,,,,
4289310,,unknown,,unknown,,unknown,,,,,,,
4289320,,unknown,,unknown,,unknown,,,,,,,
4289330,,unknown,,unknown,,unknown,,,,,,,
4289340,,unknown,,unknown,,unknown,,,,,,,
4289350,,unknown,,unknown,,unknown,,,,,,,
4289370,,unknown,,unknown,,unknown,,,,,,,
4289380,,unknown,,unknown,,unknown,,,,,,,
4289390,,unknown,,unknown,,unknown,,,,,,,
4289393,,unknown,,unknown,,unknown,,,,,,,
4289394,,unknown,,unknown,,unknown,,,,,,,
4289395,,unknown,,unknown,,unknown,,,,,,,
4289396,,unknown,,unknown,,unknown,,,,,,,
4400001,,unknown,,unknown,,unknown,,,,,,,
4400003,,unknown,,unknown,,unknown,,,,,,,
4400004,,unknown,,unknown,,unknown,,,,,,,
4400005,,unknown,,unknown,,unknown,,,,,,,
4400006,,unknown,,unknown,,unknown,,,,,,,
4400008,,unknown,,unknown,,unknown,,,,,,,
4400009,,unknown,,unknown,,unknown,,,,,,,
4400014,,unknown,,unknown,,unknown,,,,,,,
634980,2024Q2,exact,2023Q4,backcast_award_minus_2q,2023Q3,from_applied_minus_1q,nanQnan,nanQnan,nanQnan,,,,
4400017,,unknown,,unknown,,unknown,,,,,,,
4400018,,unknown,,unknown,,unknown,,,,,,,
4400019,,unknown,,unknown,,unknown,,,,,,,
4400020,,unknown,,unknown,,unknown,,,,,,,
4400021,,unknown,,unknown,,unknown,,,,,,,
4400023,,unknown,,unknown,,unknown,,,,,,,
4400024,,unknown,,unknown,,unknown,,,,,,,
4400025,,unknown,,unknown,,unknown,,,,,,,
4400026,,unknown,,unknown,,unknown,,,,,,,
4400027,,unknown,,unknown,,unknown,,,,,,,
4400028,,unknown,,unknown,,unknown,,,,,,,
4400029,,unknown,,unknown,,unknown,,,,,,,
4400030,,unknown,,unknown,,unknown,,,,,,,
4400031,,unknown,,unknown,,unknown,,,,,,,
4400032,,unknown,,unknown,,unknown,,,,,,,
4400033,,unknown,,unknown,,unknown,,,,,,,
4400034,,unknown,,unknown,,unknown,,,,,,,
4400035,,unknown,,unknown,,unknown,,,,,,,
4400036,,unknown,,unknown,,unknown,,,,,,,
4400037,,unknown,,unknown,,unknown,,,,,,,
4400038,,unknown,,unknown,,unknown,,,,,,,
635010,2022Q1,exact,2021Q3,backcast_award_minus_2q,2021Q2,from_applied_minus_1q,2022Q2,2023Q1,2023Q1,1.0,3.0,0.0,4.0
4400065,,unknown,,unknown,,unknown,,,,,,,
4400090,,unknown,,unknown,,unknown,,,,,,,
4400120,,unknown,,unknown,,unknown,,,,,,,
4400150,,unknown,,unknown,,unknown,,,,,,,
4400210,,unknown,,unknown,,unknown,,,,,,,
4400240,,unknown,,unknown,,unknown,,,,,,,
4400270,,unknown,,unknown,,unknown,,,,,,,
4400300,,unknown,,unknown,,unknown,,,,,,,
4400330,,unknown,,unknown,,unknown,,,,,,,
4400360,,unknown,,unknown,,unknown,,,,,,,
4400390,,unknown,,unknown,,unknown,,,,,,,
4400420,,unknown,,unknown,,unknown,,,,,,,
4400450,,unknown,,unknown,,unknown,,,,,,,
635220,2020Q3,exact,2020Q1,backcast_award_minus_2q,2019Q4,from_applied_minus_1q,2021Q2,2023Q1,2023Q2,3.0,7.0,1.0,11.0
4400540,,unknown,,unknown,,unknown,,,,,,,
2630780,2022Q4,exact,2022Q2,backcast_award_minus_2q,2022Q1,from_applied_minus_1q,2023Q1,2023Q3,2023Q3,1.0,2.0,0.0,3.0
4400600,,unknown,,unknown,,unknown,,,,,,,
4400630,,unknown,,unknown,,unknown,,,,,,,
4400660,,unknown,,unknown,,unknown,,,,,,,
406740,2023Q4,exact,2023Q2,backcast_award_minus_2q,2023Q1,from_applied_minus_1q,nanQnan,nanQnan,nanQnan,,,,
4400720,,unknown,,unknown,,unknown,,,,,,,
4400750,,unknown,,unknown,,unknown,,,,,,,
4400780,,unknown,,unknown,,unknown,,,,,,,
4400810,,unknown,,unknown,,unknown,,,,,,,
5007170,2024Q2,exact,2023Q4,backcast_award_minus_2q,2023Q3,from_applied_minus_1q,nanQnan,nanQnan,nanQnan,,,,
4400870,,unknown,,unknown,,unknown,,,,,,,
635250,2017Q3,exact,2021Q2,program_calendar,2021Q1,from_applied_minus_1q,2017Q4,2019Q1,2019Q2,1.0,5.0,1.0,7.0
4400960,,unknown,,unknown,,unknown,,,,,,,
4400990,,unknown,,unknown,,unknown,,,,,,,
4401020,,unknown,,unknown,,unknown,,,,,,,
4401050,,unknown,,unknown,,unknown,,,,,,,
4401110,,unknown,,unknown,,unknown,,,,,,,
4401140,,unknown,,unknown,,unknown,,,,,,,
806420,2022Q4,exact,2022Q2,backcast_award_minus_2q,2022Q1,from_applied_minus_1q,nanQnan,2024Q1,2024Q1,,,0.0,5.0
691034,2020Q1,exact,2019Q3,backcast_award_minus_2q,2019Q2,from_applied_minus_1q,2020Q4,2022Q1,2022Q2,3.0,5.0,1.0,9.0
4401201,,unknown,,unknown,,unknown,,,,,,,
4401202,,unknown,,unknown,,unknown,,,,,,,
4500001,,unknown,,unknown,,unknown,,,,,,,
601414,2024Q2,exact,2023Q4,backcast_award_minus_2q,2023Q3,from_applied_minus_1q,nanQnan,nanQnan,nanQnan,,,,
4500004,,unknown,,unknown,,unknown,,,,,,,
4500007,,unknown,,unknown,,unknown,,,,,,,
4500008,,unknown,,unknown,,unknown,,,,,,,
4500010,,unknown,,unknown,,unknown,,,,,,,
4500011,,unknown,,unknown,,unknown,,,,,,,
635430,2020Q1,exact,2019Q3,backcast_award_minus_2q,2019Q2,from_applied_minus_1q,2020Q4,2022Q1,2022Q2,3.0,5.0,1.0,9.0
4500720,,unknown,,unknown,,unknown,,,,,,,
4500750,,unknown,,unknown,,unknown,,,,,,,
4500760,,unknown,,unknown,,unknown,,,,,,,
4500780,,unknown,,unknown,,unknown,,,,,,,
4500810,,unknown,2021Q2,program_calendar,2021Q1,from_applied_minus_1q,,,,,,,
635590,2018Q2,exact,2017Q4,backcast_award_minus_2q,2017Q3,from_applied_minus_1q,2019Q1,2020Q1,2021Q2,3.0,4.0,5.0,12.0
4500870,,unknown,,unknown,,unknown,,,,,,,
601327,2023Q2,exact,2021Q2,program_calendar,2021Q1,from_applied_minus_1q,2023Q3,nanQnan,nanQnan,1.0,,,
4500980,,unknown,,unknown,,unknown,,,,,,,
635600,2022Q1,exact,2021Q3,backcast_award_minus_2q,2021Q2,from_applied_minus_1q,2022Q2,2023Q1,2023Q2,1.0,3.0,1.0,5.0
4501100,,unknown,,unknown,,unknown,,,,,,,
4501110,,unknown,,unknown,,unknown,,,,,,,
4501170,,unknown,,unknown,,unknown,,,,,,,
4501250,,unknown,,unknown,,unknown,,,,,,,
3502370,2020Q2,exact,2019Q4,backcast_award_minus_2q,2019Q3,from_applied_minus_1q,2021Q1,2022Q2,2022Q3,3.0,5.0,1.0,9.0
4501500,,unknown,,unknown,,unknown,,,,,,,
4839330,2023Q4,exact,2023Q2,backcast_award_minus_2q,2023Q1,from_applied_minus_1q,nanQnan,nanQnan,nanQnan,,,,
635670,2019Q1,exact,2018Q3,backcast_award_minus_2q,2018Q2,from_applied_minus_1q,2019Q3,2021Q1,2021Q1,2.0,6.0,0.0,8.0
635700,2023Q2,exact,2022Q4,backcast_award_minus_2q,2022Q3,from_applied_minus_1q,2023Q3,nanQnan,nanQnan,1.0,,,
4501860,,unknown,,unknown,,unknown,,,,,,,
4501870,,unknown,,unknown,,unknown,,,,,,,
4501920,,unknown,,unknown,,unknown,,,,,,,
4501950,,unknown,,unknown,,unknown,,,,,,,
4501990,,unknown,,unknown,,unknown,,,,,,,
4502010,,unknown,,unknown,,unknown,,,,,,,
4502070,,unknown,,unknown,,unknown,,,,,,,
635790,2017Q2,exact,2016Q4,backcast_award_minus_2q,2016Q3,from_applied_minus_1q,2017Q3,2018Q1,2018Q2,1.0,2.0,1.0,4.0
4502130,,unknown,,unknown,,unknown,,,,,,,
4502160,,unknown,,unknown,,unknown,,,,,,,
4502190,,unknown,,unknown,,unknown,,,,,,,
4502250,,unknown,,unknown,,unknown,,,,,,,
635880,2021Q4,exact,2021Q2,backcast_award_minus_2q,2021Q1,from_applied_minus_1q,2022Q1,2023Q3,2023Q3,1.0,6.0,0.0,7.0
3600009,2024Q2,exact,2023Q4,backcast_award_minus_2q,2023Q3,from_applied_minus_1q,nanQnan,nanQnan,nanQnan,,,,
4502340,,unknown,,unknown,,unknown,,,,,,,
4502370,,unknown,,unknown,,unknown,,,,,,,
4502400,,unknown,,unknown,,unknown,,,,,,,
4502490,,unknown,,unknown,,unknown,,,,,,,
1201680,2021Q2,exact,2020Q4,backcast_award_minus_2q,2020Q3,from_applied_minus_1q,2022Q1,2023Q3,2024Q1,3.0,6.0,2.0,11.0
4502550,,unknown,,unknown,,unknown,,,,,,,
4502580,,unknown,,unknown,,unknown,,,,,,,
4502610,,unknown,,unknown,,unknown,,,,,,,
A0902202,2021Q4,exact,2021Q2,backcast_award_minus_2q,2021Q1,from_applied_minus_1q,2022Q3,2023Q2,2023Q2,3.0,3.0,0.0,6.0
4502670,,unknown,,unknown,,unknown,,,,,,,
4502700,,unknown,,unknown,,unknown,,,,,,,
4502730,,unknown,2021Q2,program_calendar,2021Q1,from_applied_minus_1q,,,,,,,
4502760,,unknown,,unknown,,unknown,,,,,,,
4502790,,unknown,,unknown,,unknown,,,,,,,
3600002,2024Q2,exact,2023Q4,backcast_award_minus_2q,2023Q3,from_applied_minus_1q,nanQnan,nanQnan,nanQnan,,,,
4502970,,unknown,,unknown,,unknown,,,,,,,
636030,2017Q2,exact,2016Q4,backcast_award_minus_2q,2016Q3,from_applied_minus_1q,2017Q2,2019Q4,2020Q1,0.0,10.0,1.0,11.0
4503030,2024Q2,exact,2023Q4,backcast_award_minus_2q,2023Q3,from_applied_minus_1q,nanQnan,nanQnan,nanQnan,,,,
1301020,2022Q4,exact,2022Q2,backcast_award_minus_2q,2022Q1,from_applied_minus_1q,2023Q1,2023Q4,2023Q4,1.0,3.0,0.0,4.0
4503330,,unknown,,unknown,,unknown,,,,,,,
4503901,2024Q2,exact,2023Q4,backcast_award_minus_2q,2023Q3,from_applied_minus_1q,nanQnan,nanQnan,nanQnan,,,,
3625950,2024Q2,exact,2023Q4,backcast_award_minus_2q,2023Q3,from_applied_minus_1q,nanQnan,nanQnan,nanQnan,,,,
4503420,,unknown,,unknown,,unknown,,,,,,,
4503460,,unknown,,unknown,,unknown,,,,,,,
4503470,,unknown,,unknown,,unknown,,,,,,,
4503480,,unknown,,unknown,,unknown,,,,,,,
4503510,,unknown,,unknown,,unknown,,,,,,,
4503540,,unknown,,unknown,,unknown,,,,,,,
4503570,,unknown,,unknown,,unknown,,,,,,,
4503600,,unknown,,unknown,,unknown,,,,,,,
4503630,,unknown,,unknown,,unknown,,,,,,,
4503660,,unknown,,unknown,,unknown,,,,,,,
1734740,2022Q1,exact,2021Q3,backcast_award_minus_2q,2021Q2,from_applied_minus_1q,2022Q2,2023Q1,2023Q2,1.0,3.0,1.0,5.0
803360,2019Q4,exact,2019Q2,backcast_award_minus_2q,2019Q1,from_applied_minus_1q,2020Q3,2021Q4,2022Q1,3.0,5.0,1.0,9.0
4503810,,unknown,,unknown,,unknown,,,,,,,
4503840,,unknown,,unknown,,unknown,,,,,,,
4503870,,unknown,,unknown,,unknown,,,,,,,
4503900,,unknown,,unknown,,unknown,,,,,,,
1807350,2021Q3,exact,2021Q1,backcast_award_minus_2q,2020Q4,from_applied_minus_1q,2022Q2,2023Q1,2023Q2,3.0,3.0,1.0,7.0
2927660,2022Q4,exact,2022Q2,backcast_award_minus_2q,2022Q1,from_applied_minus_1q,2022Q4,2023Q3,2023Q3,0.0,3.0,0.0,3.0
4503903,,unknown,,unknown,,unknown,,,,,,,
4503904,,unknown,,unknown,,unknown,,,,,,,
4503905,,unknown,,unknown,,unknown,,,,,,,
4503906,,unknown,,unknown,,unknown,,,,,,,
4503907,,unknown,,unknown,,unknown,,,,,,,
2105220,2024Q2,exact,2023Q4,backcast_award_minus_2q,2023Q3,from_applied_minus_1q,nanQnan,nanQnan,nanQnan,,,,
4503909,,unknown,,unknown,,unknown,,,,,,,
2920700,2024Q2,exact,2023Q4,backcast_award_minus_2q,2023Q3,from_applied_minus_1q,nanQnan,nanQnan,nanQnan,,,,
4503911,,unknown,,unknown,,unknown,,,,,,,
2921420,2024Q2,exact,2023Q4,backcast_award_minus_2q,2023Q3,from_applied_minus_1q,nanQnan,nanQnan,nanQnan,,,,
4503914,,unknown,,unknown,,unknown,,,,,,,
4503915,,unknown,,unknown,,unknown,,,,,,,
4503916,,unknown,,unknown,,unknown,,,,,,,
4503917,,unknown,,unknown,,unknown,,,,,,,
4503919,,unknown,,unknown,,unknown,,,,,,,
4600002,,unknown,,unknown,,unknown,,,,,,,
4600003,,unknown,,unknown,,unknown,,,,,,,
4600024,,unknown,,unknown,,unknown,,,,,,,
4600025,,unknown,,unknown,,unknown,,,,,,,
4600027,,unknown,,unknown,,unknown,,,,,,,
4600028,,unknown,,unknown,,unknown,,,,,,,
4600029,,unknown,,unknown,,unknown,,,,,,,
4600032,,unknown,,unknown,,unknown,,,,,,,
4600036,,unknown,,unknown,,unknown,,,,,,,
4600039,,unknown,,unknown,,unknown,,,,,,,
4600041,,unknown,,unknown,,unknown,,,,,,,
4600042,,unknown,,unknown,,unknown,,,,,,,
4600045,,unknown,,unknown,,unknown,,,,,,,
4600046,,unknown,,unknown,,unknown,,,,,,,
4600050,,unknown,,unknown,,unknown,,,,,,,
4600052,,unknown,,unknown,,unknown,,,,,,,
4600053,,unknown,,unknown,,unknown,,,,,,,
4601026,,unknown,,unknown,,unknown,,,,,,,
4601027,,unknown,,unknown,,unknown,,,,,,,
4601028,,unknown,,unknown,,unknown,,,,,,,
4602070,,unknown,,unknown,,unknown,,,,,,,
4221090,2022Q4,exact,2022Q2,backcast_award_minus_2q,2022Q1,from_applied_minus_1q,2023Q2,2024Q3,2024Q3,2.0,5.0,0.0,7.0
4603720,,unknown,,unknown,,unknown,,,,,,,
4603780,,unknown,,unknown,,unknown,,,,,,,
4603932,,unknown,,unknown,,unknown,,,,,,,
4604270,,unknown,,unknown,,unknown,,,,,,,
4604680,,unknown,,unknown,,unknown,,,,,,,
4605610,,unknown,,unknown,,unknown,,,,,,,
4606240,,unknown,,unknown,,unknown,,,,,,,
4606360,,unknown,,unknown,,unknown,,,,,,,
4606960,,unknown,,unknown,,unknown,,,,,,,
4607050,,unknown,,unknown,,unknown,,,,,,,
4607400,,unknown,,unknown,,unknown,,,,,,,
4607670,,unknown,,unknown,,unknown,,,,,,,
4607800,,unknown,,unknown,,unknown,,,,,,,
4607950,,unknown,,unknown,,unknown,,,,,,,
4608520,,unknown,,unknown,,unknown,,,,,,,
4609300,,unknown,,unknown,,unknown,,,,,,,
4609512,,unknown,,unknown,,unknown,,,,,,,
4610320,,unknown,,unknown,,unknown,,,,,,,
4610560,,unknown,,unknown,,unknown,,,,,,,
4611280,,unknown,,unknown,,unknown,,,,,,,
4611760,,unknown,,unknown,,unknown,,,,,,,
4612000,,unknown,,unknown,,unknown,,,,,,,
4612300,,unknown,,unknown,,unknown,,,,,,,
4612940,,unknown,,unknown,,unknown,,,,,,,
4614100,,unknown,,unknown,,unknown,,,,,,,
4614130,,unknown,,unknown,,unknown,,,,,,,
4616150,,unknown,,unknown,,unknown,,,,,,,
4616950,,unknown,,unknown,,unknown,,,,,,,
512210,2023Q4,exact,2023Q2,backcast_award_minus_2q,2023Q1,from_applied_minus_1q,2024Q2,nanQnan,nanQnan,2.0,,,
4618120,,unknown,,unknown,,unknown,,,,,,,
4619170,,unknown,,unknown,,unknown,,,,,,,
4619410,,unknown,,unknown,,unknown,,,,,,,
4619450,,unknown,,unknown,,unknown,,,,,,,
4619580,,unknown,,unknown,,unknown,,,,,,,
4620100,,unknown,,unknown,,unknown,,,,,,,
4620850,,unknown,,unknown,,unknown,,,,,,,
4621300,,unknown,,unknown,,unknown,,,,,,,
4621340,,unknown,,unknown,,unknown,,,,,,,
4621390,,unknown,,unknown,,unknown,,,,,,,
4621400,,unknown,,unknown,,unknown,,,,,,,
4621420,,unknown,,unknown,,unknown,,,,,,,
4622410,,unknown,2020Q2,program_calendar,2020Q1,from_applied_minus_1q,,,,,,,
4622500,,unknown,,unknown,,unknown,,,,,,,
4622560,,unknown,,unknown,,unknown,,,,,,,
4622940,,unknown,,unknown,,unknown,,,,,,,
4624030,,unknown,,unknown,,unknown,,,,,,,
4624390,,unknown,,unknown,,unknown,,,,,,,
4624540,,unknown,,unknown,,unknown,,,,,,,
4624850,,unknown,,unknown,,unknown,,,,,,,
4625500,,unknown,,unknown,,unknown,,,,,,,
5307710,2023Q4,exact,2023Q2,backcast_award_minus_2q,2023Q1,from_applied_minus_1q,nanQnan,nanQnan,nanQnan,,,,
4626490,,unknown,,unknown,,unknown,,,,,,,
4626970,,unknown,,unknown,,unknown,,,,,,,
4629880,,unknown,,unknown,,unknown,,,,,,,
4630490,,unknown,,unknown,,unknown,,,,,,,
4630800,,unknown,,unknown,,unknown,,,,,,,
4631350,,unknown,,unknown,,unknown,,,,,,,
4631710,,unknown,,unknown,,unknown,,,,,,,
4632340,,unknown,,unknown,,unknown,,,,,,,
4632430,,unknown,,unknown,,unknown,,,,,,,
4633360,,unknown,,unknown,,unknown,,,,,,,
4634440,,unknown,,unknown,,unknown,,,,,,,
4634480,,unknown,2020Q2,program_calendar,2020Q1,from_applied_minus_1q,,,,,,,
4634600,,unknown,,unknown,,unknown,,,,,,,
4635480,,unknown,,unknown,,unknown,,,,,,,
4636060,,unknown,,unknown,,unknown,,,,,,,
4636150,,unknown,,unknown,,unknown,,,,,,,
4636990,,unknown,,unknown,,unknown,,,,,,,
4638220,,unknown,,unknown,,unknown,,,,,,,
4639540,,unknown,,unknown,,unknown,,,,,,,
4639600,,unknown,,unknown,,unknown,,,,,,,
4639990,,unknown,,unknown,,unknown,,,,,,,
4640860,,unknown,,unknown,,unknown,,,,,,,
4641300,,unknown,,unknown,,unknown,,,,,,,
4641520,,unknown,,unknown,,unknown,,,,,,,
4641550,,unknown,,unknown,,unknown,,,,,,,
4641640,,unknown,,unknown,,unknown,,,,,,,
4644770,,unknown,,unknown,,unknown,,,,,,,
4644940,,unknown,,unknown,,unknown,,,,,,,
4645450,,unknown,,unknown,,unknown,,,,,,,
4646260,,unknown,,unknown,,unknown,,,,,,,
4646380,,unknown,,unknown,,unknown,,,,,,,
4647100,,unknown,,unknown,,unknown,,,,,,,
4647942,,unknown,,unknown,,unknown,,,,,,,
4648390,,unknown,,unknown,,unknown,,,,,,,
4648780,,unknown,,unknown,,unknown,,,,,,,
4649650,,unknown,,unknown,,unknown,,,,,,,
4650670,,unknown,,unknown,,unknown,,,,,,,
4650850,,unknown,2020Q2,program_calendar,2020Q1,from_applied_minus_1q,,,,,,,
4651730,,unknown,,unknown,,unknown,,,,,,,
4651750,,unknown,,unknown,,unknown,,,,,,,
4652770,,unknown,,unknown,,unknown,,,,,,,
4654270,,unknown,,unknown,,unknown,,,,,,,
4654300,,unknown,,unknown,,unknown,,,,,,,
4655260,,unknown,,unknown,,unknown,,,,,,,
4655710,,unknown,,unknown,,unknown,,,,,,,
4659820,,unknown,,unknown,,unknown,,,,,,,
4660450,,unknown,,unknown,,unknown,,,,,,,
4663360,,unknown,,unknown,,unknown,,,,,,,
4664140,,unknown,,unknown,,unknown,,,,,,,
4664300,,unknown,,unknown,,unknown,,,,,,,
4665180,,unknown,,unknown,,unknown,,,,,,,
4665460,,unknown,,unknown,,unknown,,,,,,,
4666270,,unknown,,unknown,,unknown,,,,,,,
4666300,,unknown,,unknown,,unknown,,,,,,,
4666930,,unknown,,unknown,,unknown,,,,,,,
4669930,,unknown,,unknown,,unknown,,,,,,,
4670000,,unknown,,unknown,,unknown,,,,,,,
4670140,,unknown,,unknown,,unknown,,,,,,,
4671880,,unknown,,unknown,,unknown,,,,,,,
4672090,,unknown,,unknown,,unknown,,,,,,,
5307800,2023Q4,exact,2023Q2,backcast_award_minus_2q,2023Q1,from_applied_minus_1q,nanQnan,nanQnan,nanQnan,,,,
4674370,,unknown,,unknown,,unknown,,,,,,,
102970,2024Q2,exact,2023Q4,backcast_award_minus_2q,2023Q3,from_applied_minus_1q,nanQnan,nanQnan,nanQnan,,,,
4675420,,unknown,,unknown,,unknown,,,,,,,
4675600,,unknown,,unknown,,unknown,,,,,,,
4675660,,unknown,,unknown,,unknown,,,,,,,
4676020,,unknown,,unknown,,unknown,,,,,,,
4676620,,unknown,,unknown,,unknown,,,,,,,
4676680,,unknown,,unknown,,unknown,,,,,,,
4676740,,unknown,,unknown,,unknown,,,,,,,
4676990,,unknown,,unknown,,unknown,,,,,,,
4677460,,unknown,,unknown,,unknown,,,,,,,
4678300,,unknown,,unknown,,unknown,,,,,,,
4678510,,unknown,,unknown,,unknown,,,,,,,
4678570,,unknown,,unknown,,unknown,,,,,,,
4679350,,unknown,2020Q2,program_calendar,2020Q1,from_applied_minus_1q,,,,,,,
4679710,,unknown,,unknown,,unknown,,,,,,,
4680100,,unknown,,unknown,,unknown,,,,,,,
4680120,,unknown,,unknown,,unknown,,,,,,,
4680170,,unknown,,unknown,,unknown,,,,,,,
4680190,,unknown,,unknown,,unknown,,,,,,,
4680280,,unknown,,unknown,,unknown,,,,,,,
4680430,,unknown,,unknown,,unknown,,,,,,,
4680431,,unknown,,unknown,,unknown,,,,,,,
4680437,,unknown,,unknown,,unknown,,,,,,,
4680438,,unknown,,unknown,,unknown,,,,,,,
4680439,,unknown,,unknown,,unknown,,,,,,,
4680440,,unknown,,unknown,,unknown,,,,,,,
4680441,,unknown,,unknown,,unknown,,,,,,,
4680442,,unknown,,unknown,,unknown,,,,,,,
4680443,,unknown,,unknown,,unknown,,,,,,,
4680445,,unknown,,unknown,,unknown,,,,,,,
4680446,,unknown,,unknown,,unknown,,,,,,,
4680447,,unknown,,unknown,,unknown,,,,,,,
4700001,,unknown,,unknown,,unknown,,,,,,,
4700030,,unknown,,unknown,,unknown,,,,,,,
4700060,,unknown,,unknown,,unknown,,,,,,,
4700090,,unknown,,unknown,,unknown,,,,,,,
636270,2024Q2,exact,2023Q4,backcast_award_minus_2q,2023Q3,from_applied_minus_1q,nanQnan,nanQnan,nanQnan,,,,
4700143,,unknown,,unknown,,unknown,,,,,,,
4700144,,unknown,,unknown,,unknown,,,,,,,
4700145,,unknown,,unknown,,unknown,,,,,,,
4700146,,unknown,,unknown,,unknown,,,,,,,
4700147,,unknown,,unknown,,unknown,,,,,,,
34SEMAN,2023Q1,exact,2022Q3,backcast_award_minus_2q,2022Q2,from_applied_minus_1q,nanQnan,nanQnan,nanQnan,,,,
4700149,,unknown,,unknown,,unknown,,,,,,,
4700150,,unknown,,unknown,,unknown,,,,,,,
4700151,,unknown,,unknown,,unknown,,,,,,,
4700152,,unknown,,unknown,,unknown,,,,,,,
4700153,,unknown,,unknown,,unknown,,,,,,,
4700154,,unknown,,unknown,,unknown,,,,,,,
4700156,,unknown,,unknown,,unknown,,,,,,,
4700157,,unknown,,unknown,,unknown,,,,,,,
4700180,,unknown,,unknown,,unknown,,,,,,,
4700210,,unknown,,unknown,,unknown,,,,,,,
4027330,2022Q4,exact,2022Q2,backcast_award_minus_2q,2022Q1,from_applied_minus_1q,2022Q4,2023Q2,2023Q2,0.0,2.0,0.0,2.0
636390,2021Q4,exact,2021Q2,backcast_award_minus_2q,2021Q1,from_applied_minus_1q,2022Q1,nanQnan,nanQnan,1.0,,,
4700300,,unknown,,unknown,,unknown,,,,,,,
4700330,,unknown,,unknown,,unknown,,,,,,,
4700360,,unknown,,unknown,,unknown,,,,,,,
4700420,,unknown,,unknown,,unknown,,,,,,,
4700450,,unknown,,unknown,,unknown,,,,,,,
4700480,,unknown,,unknown,,unknown,,,,,,,
4700510,,unknown,,unknown,,unknown,,,,,,,
5900034,2018Q1,exact,2017Q3,backcast_award_minus_2q,2017Q2,from_applied_minus_1q,2018Q2,2021Q2,2021Q3,1.0,12.0,1.0,14.0
4700600,,unknown,,unknown,,unknown,,,,,,,
4700630,,unknown,,unknown,,unknown,,,,,,,
4700660,,unknown,,unknown,,unknown,,,,,,,
4700690,,unknown,,unknown,,unknown,,,,,,,
4700720,,unknown,,unknown,,unknown,,,,,,,
4700750,,unknown,,unknown,,unknown,,,,,,,
4700780,,unknown,,unknown,,unknown,,,,,,,
4700850,,unknown,,unknown,,unknown,,,,,,,
4700900,,unknown,,unknown,,unknown,,,,,,,
4700930,,unknown,,unknown,,unknown,,,,,,,
4700960,,unknown,,unknown,,unknown,,,,,,,
4700990,,unknown,,unknown,,unknown,,,,,,,
4701020,,unknown,,unknown,,unknown,,,,,,,
4701050,,unknown,,unknown,,unknown,,,,,,,
4701080,,unknown,,unknown,,unknown,,,,,,,
4701110,,unknown,,unknown,,unknown,,,,,,,
4701140,,unknown,,unknown,,unknown,,,,,,,
4701170,,unknown,,unknown,,unknown,,,,,,,
4701200,,unknown,,unknown,,unknown,,,,,,,
4701230,,unknown,,unknown,,unknown,,,,,,,
4701260,,unknown,,unknown,,unknown,,,,,,,
4701290,,unknown,,unknown,,unknown,,,,,,,
4701390,,unknown,,unknown,,unknown,,,,,,,
4701400,,unknown,,unknown,,unknown,,,,,,,
4701410,,unknown,,unknown,,unknown,,,,,,,
4701440,,unknown,,unknown,,unknown,,,,,,,
4701470,,unknown,,unknown,,unknown,,,,,,,
4701500,2024Q2,exact,2023Q4,backcast_award_minus_2q,2023Q3,from_applied_minus_1q,nanQnan,nanQnan,nanQnan,,,,
4701530,,unknown,,unknown,,unknown,,,,,,,
4701590,,unknown,,unknown,,unknown,,,,,,,
4701620,,unknown,,unknown,,unknown,,,,,,,
4701650,,unknown,,unknown,,unknown,,,,,,,
3904475,2022Q1,exact,2021Q3,backcast_award_minus_2q,2021Q2,from_applied_minus_1q,2022Q2,2023Q3,2023Q3,1.0,5.0,0.0,6.0
4701740,,unknown,,unknown,,unknown,,,,,,,
4701770,,unknown,,unknown,,unknown,,,,,,,
4701800,,unknown,,unknown,,unknown,,,,,,,
4701830,2024Q2,exact,2023Q4,backcast_award_minus_2q,2023Q3,from_applied_minus_1q,nanQnan,nanQnan,nanQnan,,,,
4701860,,unknown,,unknown,,unknown,,,,,,,
4701890,,unknown,,unknown,,unknown,,,,,,,
4701920,,unknown,,unknown,,unknown,,,,,,,
4701950,,unknown,,unknown,,unknown,,,,,,,
4701980,,unknown,,unknown,,unknown,,,,,,,
4702010,,unknown,,unknown,,unknown,,,,,,,
691037,2018Q3,exact,2018Q1,backcast_award_minus_2q,2017Q4,from_applied_minus_1q,2018Q4,2020Q3,2020Q4,1.0,7.0,1.0,9.0
4702100,,unknown,,unknown,,unknown,,,,,,,
4702130,,unknown,,unknown,,unknown,,,,,,,
636600,2020Q2,exact,2019Q4,backcast_award_minus_2q,2019Q3,from_applied_minus_1q,2021Q1,2022Q2,2022Q3,3.0,5.0,1.0,9.0
4702190,,unknown,,unknown,,unknown,,,,,,,
4702220,,unknown,,unknown,,unknown,,,,,,,
4702280,,unknown,,unknown,,unknown,,,,,,,
4702310,,unknown,,unknown,,unknown,,,,,,,
4702340,,unknown,,unknown,,unknown,,,,,,,
4702370,,unknown,,unknown,,unknown,,,,,,,
4702400,,unknown,,unknown,,unknown,,,,,,,
4702430,,unknown,,unknown,,unknown,,,,,,,
4702460,,unknown,,unknown,,unknown,,,,,,,
4702490,,unknown,,unknown,,unknown,,,,,,,
4702520,,unknown,,unknown,,unknown,,,,,,,
4702550,,unknown,,unknown,,unknown,,,,,,,
4702580,,unknown,,unknown,,unknown,,,,,,,
4702610,,unknown,,unknown,,unknown,,,,,,,
4702640,,unknown,,unknown,,unknown,,,,,,,
4702670,,unknown,,unknown,,unknown,,,,,,,
4027570,2022Q4,exact,2022Q2,backcast_award_minus_2q,2022Q1,from_applied_minus_1q,2023Q1,2023Q4,2023Q4,1.0,3.0,0.0,4.0
4702760,,unknown,,unknown,,unknown,,,,,,,
4702790,,unknown,,unknown,,unknown,,,,,,,
4702820,,unknown,,unknown,,unknown,,,,,,,
4840020,2023Q4,exact,2023Q2,backcast_award_minus_2q,2023Q1,from_applied_minus_1q,nanQnan,nanQnan,nanQnan,,,,
4702910,,unknown,,unknown,,unknown,,,,,,,
4702970,,unknown,,unknown,,unknown,,,,,,,
4703000,,unknown,,unknown,,unknown,,,,,,,
4703030,,unknown,,unknown,,unknown,,,,,,,
4703060,,unknown,,unknown,,unknown,,,,,,,
4703090,,unknown,,unknown,,unknown,,,,,,,
4703150,,unknown,,unknown,,unknown,,,,,,,
806540,2023Q3,exact,2023Q1,backcast_award_minus_2q,2022Q4,from_applied_minus_1q,2023Q4,nanQnan,nanQnan,1.0,,,
4703210,,unknown,,unknown,,unknown,,,,,,,
4703240,,unknown,,unknown,,unknown,,,,,,,
3700389,2024Q2,exact,2023Q4,backcast_award_minus_2q,2023Q3,from_applied_minus_1q,nanQnan,nanQnan,nanQnan,,,,
4703300,,unknown,,unknown,,unknown,,,,,,,
4703330,,unknown,,unknown,,unknown,,,,,,,
5307920,2020Q2,exact,2019Q4,backcast_award_minus_2q,2019Q3,from_applied_minus_1q,2021Q1,2022Q2,2022Q3,3.0,5.0,1.0,9.0
4703390,,unknown,,unknown,,unknown,,,,,,,
4703420,,unknown,,unknown,,unknown,,,,,,,
4703450,,unknown,,unknown,,unknown,,,,,,,
1926250,2022Q4,exact,2022Q2,backcast_award_minus_2q,2022Q1,from_applied_minus_1q,2022Q4,2023Q2,2023Q2,0.0,2.0,0.0,2.0
4703510,,unknown,,unknown,,unknown,,,,,,,
4703540,,unknown,,unknown,,unknown,,,,,,,
4703590,,unknown,,unknown,,unknown,,,,,,,
4703600,,unknown,,unknown,,unknown,,,,,,,
4703660,,unknown,,unknown,,unknown,,,,,,,
4703690,,unknown,,unknown,,unknown,,,,,,,
4703720,,unknown,,unknown,,unknown,,,,,,,
4703750,,unknown,,unknown,,unknown,,,,,,,
4703780,,unknown,,unknown,,unknown,,,,,,,
4703870,,unknown,,unknown,,unknown,,,,,,,
4703900,,unknown,,unknown,,unknown,,,,,,,
4703960,,unknown,,unknown,,unknown,,,,,,,
4703990,,unknown,,unknown,,unknown,,,,,,,
4704020,,unknown,,unknown,,unknown,,,,,,,
4704050,,unknown,,unknown,,unknown,,,,,,,
4704080,,unknown,,unknown,,unknown,,,,,,,
4704100,,unknown,,unknown,,unknown,,,,,,,
4704170,,unknown,,unknown,,unknown,,,,,,,
4704200,,unknown,,unknown,,unknown,,,,,,,
4704230,,unknown,,unknown,,unknown,,,,,,,
4704260,,unknown,,unknown,,unknown,,,,,,,
636800,2022Q3,exact,2022Q1,backcast_award_minus_2q,2021Q4,from_applied_minus_1q,2022Q4,nanQnan,nanQnan,1.0,,,
4704320,,unknown,,unknown,,unknown,,,,,,,
636805,2024Q2,exact,2023Q4,backcast_award_minus_2q,2023Q3,from_applied_minus_1q,nanQnan,nanQnan,nanQnan,,,,
636780,2018Q3,exact,2018Q1,backcast_award_minus_2q,2017Q4,from_applied_minus_1q,2018Q4,2019Q4,2020Q1,1.0,4.0,1.0,6.0
2928290,2022Q4,exact,2022Q2,backcast_award_minus_2q,2022Q1,from_applied_minus_1q,2023Q1,2024Q1,2024Q1,1.0,4.0,0.0,5.0
4704470,,unknown,,unknown,,unknown,,,,,,,
4704490,,unknown,,unknown,,unknown,,,,,,,
4704500,,unknown,,unknown,,unknown,,,,,,,
4704530,,unknown,,unknown,,unknown,,,,,,,
4704550,,unknown,,unknown,,unknown,,,,,,,
4800001,,unknown,,unknown,,unknown,,,,,,,
4800002,,unknown,,unknown,,unknown,,,,,,,
4800003,,unknown,,unknown,,unknown,,,,,,,
4800004,,unknown,,unknown,,unknown,,,,,,,
4800005,,unknown,,unknown,,unknown,,,,,,,
4800006,,unknown,,unknown,,unknown,,,,,,,
4800007,,unknown,,unknown,,unknown,,,,,,,
4800008,,unknown,,unknown,,unknown,,,,,,,
4800009,,unknown,,unknown,,unknown,,,,,,,
4800010,,unknown,,unknown,,unknown,,,,,,,
4800011,,unknown,,unknown,,unknown,,,,,,,
4800012,,unknown,,unknown,,unknown,,,,,,,
4800014,,unknown,,unknown,,unknown,,,,,,,
4800016,,unknown,,unknown,,unknown,,,,,,,
4800018,,unknown,,unknown,,unknown,,,,,,,
4800019,,unknown,,unknown,,unknown,,,,,,,
4800020,,unknown,,unknown,,unknown,,,,,,,
4800022,,unknown,,unknown,,unknown,,,,,,,
4800024,,unknown,,unknown,,unknown,,,,,,,
4800025,,unknown,,unknown,,unknown,,,,,,,
4800029,,unknown,,unknown,,unknown,,,,,,,
4800030,,unknown,,unknown,,unknown,,,,,,,
4800032,,unknown,,unknown,,unknown,,,,,,,
4800034,,unknown,,unknown,,unknown,,,,,,,
4800035,,unknown,,unknown,,unknown,,,,,,,
4800037,,unknown,,unknown,,unknown,,,,,,,
4800041,,unknown,,unknown,,unknown,,,,,,,
4800042,,unknown,,unknown,,unknown,,,,,,,
4800044,,unknown,,unknown,,unknown,,,,,,,
4800048,,unknown,,unknown,,unknown,,,,,,,
4800049,,unknown,,unknown,,unknown,,,,,,,
4800053,,unknown,,unknown,,unknown,,,,,,,
4800055,,unknown,,unknown,,unknown,,,,,,,
4800058,,unknown,,unknown,,unknown,,,,,,,
4800059,,unknown,,unknown,,unknown,,,,,,,
4800061,,unknown,,unknown,,unknown,,,,,,,
4800062,,unknown,,unknown,,unknown,,,,,,,
4800063,,unknown,,unknown,,unknown,,,,,,,
4800064,,unknown,,unknown,,unknown,,,,,,,
4800065,,unknown,,unknown,,unknown,,,,,,,
4800066,,unknown,,unknown,,unknown,,,,,,,
4800068,,unknown,,unknown,,unknown,,,,,,,
4800069,,unknown,,unknown,,unknown,,,,,,,
4800070,,unknown,,unknown,,unknown,,,,,,,
4800071,,unknown,,unknown,,unknown,,,,,,,
4800072,,unknown,,unknown,,unknown,,,,,,,
4800073,,unknown,,unknown,,unknown,,,,,,,
4800074,,unknown,,unknown,,unknown,,,,,,,
4800075,,unknown,,unknown,,unknown,,,,,,,
4800076,,unknown,,unknown,,unknown,,,,,,,
4800077,,unknown,,unknown,,unknown,,,,,,,
4800080,,unknown,,unknown,,unknown,,,,,,,
4800083,,unknown,,unknown,,unknown,,,,,,,
4800086,,unknown,,unknown,,unknown,,,,,,,
4800089,,unknown,,unknown,,unknown,,,,,,,
4800090,,unknown,,unknown,,unknown,,,,,,,
4800092,,unknown,,unknown,,unknown,,,,,,,
4800093,,unknown,,unknown,,unknown,,,,,,,
4800095,,unknown,,unknown,,unknown,,,,,,,
4800098,,unknown,,unknown,,unknown,,,,,,,
4800104,,unknown,,unknown,,unknown,,,,,,,
4800105,,unknown,,unknown,,unknown,,,,,,,
4800106,,unknown,,unknown,,unknown,,,,,,,
4800107,,unknown,,unknown,,unknown,,,,,,,
4800108,,unknown,,unknown,,unknown,,,,,,,
4800109,,unknown,,unknown,,unknown,,,,,,,
4800110,,unknown,,unknown,,unknown,,,,,,,
4800113,,unknown,,unknown,,unknown,,,,,,,
4800115,,unknown,,unknown,,unknown,,,,,,,
4800118,,unknown,,unknown,,unknown,,,,,,,
4800124,,unknown,,unknown,,unknown,,,,,,,
4800125,,unknown,,unknown,,unknown,,,,,,,
4800127,,unknown,,unknown,,unknown,,,,,,,
4800130,,unknown,,unknown,,unknown,,,,,,,
4800132,,unknown,,unknown,,unknown,,,,,,,
4800133,,unknown,,unknown,,unknown,,,,,,,
4800136,,unknown,,unknown,,unknown,,,,,,,
4800139,,unknown,,unknown,,unknown,,,,,,,
4800141,,unknown,,unknown,,unknown,,,,,,,
4800142,,unknown,,unknown,,unknown,,,,,,,
4800144,,unknown,,unknown,,unknown,,,,,,,
4800146,,unknown,,unknown,,unknown,,,,,,,
4800148,,unknown,,unknown,,unknown,,,,,,,
4800150,,unknown,,unknown,,unknown,,,,,,,
4800151,,unknown,,unknown,,unknown,,,,,,,
4800154,,unknown,,unknown,,unknown,,,,,,,
4800155,,unknown,,unknown,,unknown,,,,,,,
4800156,,unknown,,unknown,,unknown,,,,,,,
4800158,,unknown,,unknown,,unknown,,,,,,,
4800159,,unknown,,unknown,,unknown,,,,,,,
4800162,,unknown,,unknown,,unknown,,,,,,,
4800163,,unknown,,unknown,,unknown,,,,,,,
4800164,,unknown,,unknown,,unknown,,,,,,,
4800165,,unknown,,unknown,,unknown,,,,,,,
4800166,,unknown,,unknown,,unknown,,,,,,,
4800169,,unknown,,unknown,,unknown,,,,,,,
4800171,,unknown,,unknown,,unknown,,,,,,,
4800172,,unknown,,unknown,,unknown,,,,,,,
4800173,,unknown,,unknown,,unknown,,,,,,,
4800174,,unknown,,unknown,,unknown,,,,,,,
4800176,,unknown,,unknown,,unknown,,,,,,,
4800177,,unknown,,unknown,,unknown,,,,,,,
4800179,,unknown,,unknown,,unknown,,,,,,,
4800184,,unknown,,unknown,,unknown,,,,,,,
4800186,,unknown,,unknown,,unknown,,,,,,,
4800187,,unknown,,unknown,,unknown,,,,,,,
4800190,,unknown,,unknown,,unknown,,,,,,,
4800192,,unknown,,unknown,,unknown,,,,,,,
4800194,,unknown,,unknown,,unknown,,,,,,,
4800195,,unknown,,unknown,,unknown,,,,,,,
4800201,,unknown,,unknown,,unknown,,,,,,,
4800202,,unknown,,unknown,,unknown,,,,,,,
4800203,,unknown,,unknown,,unknown,,,,,,,
4800204,,unknown,,unknown,,unknown,,,,,,,
4800205,,unknown,,unknown,,unknown,,,,,,,
4800207,,unknown,,unknown,,unknown,,,,,,,
4800209,,unknown,,unknown,,unknown,,,,,,,
4800210,,unknown,,unknown,,unknown,,,,,,,
4800211,,unknown,,unknown,,unknown,,,,,,,
4800213,,unknown,,unknown,,unknown,,,,,,,
4800214,,unknown,,unknown,,unknown,,,,,,,
4800221,,unknown,,unknown,,unknown,,,,,,,
4800227,,unknown,,unknown,,unknown,,,,,,,
4800231,,unknown,,unknown,,unknown,,,,,,,
4800232,,unknown,,unknown,,unknown,,,,,,,
4800235,,unknown,,unknown,,unknown,,,,,,,
4800236,,unknown,,unknown,,unknown,,,,,,,
4800237,,unknown,,unknown,,unknown,,,,,,,
4800240,,unknown,,unknown,,unknown,,,,,,,
4800241,,unknown,,unknown,,unknown,,,,,,,
4800246,,unknown,,unknown,,unknown,,,,,,,
4800248,,unknown,,unknown,,unknown,,,,,,,
4800251,,unknown,,unknown,,unknown,,,,,,,
4800252,,unknown,,unknown,,unknown,,,,,,,
4800253,,unknown,,unknown,,unknown,,,,,,,
4800254,,unknown,,unknown,,unknown,,,,,,,
4800255,,unknown,,unknown,,unknown,,,,,,,
4800258,,unknown,,unknown,,unknown,,,,,,,
4800259,,unknown,,unknown,,unknown,,,,,,,
4800261,,unknown,,unknown,,unknown,,,,,,,
4800262,,unknown,,unknown,,unknown,,,,,,,
4800263,,unknown,,unknown,,unknown,,,,,,,
4800264,,unknown,,unknown,,unknown,,,,,,,
4800265,,unknown,,unknown,,unknown,,,,,,,
4800266,,unknown,,unknown,,unknown,,,,,,,
4800268,,unknown,,unknown,,unknown,,,,,,,
4800270,,unknown,,unknown,,unknown,,,,,,,
4800271,,unknown,,unknown,,unknown,,,,,,,
4800272,,unknown,,unknown,,unknown,,,,,,,
4800274,,unknown,,unknown,,unknown,,,,,,,
4800275,,unknown,,unknown,,unknown,,,,,,,
4800278,,unknown,,unknown,,unknown,,,,,,,
4800279,,unknown,,unknown,,unknown,,,,,,,
4800283,,unknown,,unknown,,unknown,,,,,,,
4800284,,unknown,,unknown,,unknown,,,,,,,
4800286,,unknown,,unknown,,unknown,,,,,,,
4800287,,unknown,,unknown,,unknown,,,,,,,
4800288,,unknown,,unknown,,unknown,,,,,,,
4800289,,unknown,,unknown,,unknown,,,,,,,
4800291,,unknown,,unknown,,unknown,,,,,,,
4800292,,unknown,,unknown,,unknown,,,,,,,
4801394,,unknown,,unknown,,unknown,,,,,,,
4801395,,unknown,,unknown,,unknown,,,,,,,
4801400,,unknown,,unknown,,unknown,,,,,,,
4801404,,unknown,,unknown,,unknown,,,,,,,
4801405,,unknown,,unknown,,unknown,,,,,,,
4801407,,unknown,,unknown,,unknown,,,,,,,
4801409,,unknown,,unknown,,unknown,,,,,,,
4801410,,unknown,,unknown,,unknown,,,,,,,
4801412,,unknown,,unknown,,unknown,,,,,,,
4801414,,unknown,,unknown,,unknown,,,,,,,
4801415,,unknown,,unknown,,unknown,,,,,,,
4801416,,unknown,,unknown,,unknown,,,,,,,
4801417,,unknown,,unknown,,unknown,,,,,,,
4801418,,unknown,,unknown,,unknown,,,,,,,
4801420,,unknown,,unknown,,unknown,,,,,,,
4801421,,unknown,,unknown,,unknown,,,,,,,
4801422,,unknown,,unknown,,unknown,,,,,,,
4801425,,unknown,,unknown,,unknown,,,,,,,
4801427,,unknown,,unknown,,unknown,,,,,,,
4801428,,unknown,,unknown,,unknown,,,,,,,
4801429,,unknown,,unknown,,unknown,,,,,,,
4801431,,unknown,,unknown,,unknown,,,,,,,
4801432,,unknown,,unknown,,unknown,,,,,,,
4801433,,unknown,,unknown,,unknown,,,,,,,
4801434,,unknown,,unknown,,unknown,,,,,,,
4801435,,unknown,,unknown,,unknown,,,,,,,
4801436,,unknown,,unknown,,unknown,,,,,,,
4801438,,unknown,,unknown,,unknown,,,,,,,
4801439,,unknown,,unknown,,unknown,,,,,,,
4801440,,unknown,,unknown,,unknown,,,,,,,
4801441,,unknown,,unknown,,unknown,,,,,,,
4801442,,unknown,,unknown,,unknown,,,,,,,
4801446,,unknown,,unknown,,unknown,,,,,,,
4801447,,unknown,,unknown,,unknown,,,,,,,
4801448,,unknown,,unknown,,unknown,,,,,,,
4801450,,unknown,,unknown,,unknown,,,,,,,
4801451,,unknown,,unknown,,unknown,,,,,,,
4801452,,unknown,,unknown,,unknown,,,,,,,
4801453,,unknown,,unknown,,unknown,,,,,,,
4801454,,unknown,,unknown,,unknown,,,,,,,
4801456,,unknown,,unknown,,unknown,,,,,,,
4801457,,unknown,,unknown,,unknown,,,,,,,
4801458,,unknown,,unknown,,unknown,,,,,,,
4801459,,unknown,,unknown,,unknown,,,,,,,
4801460,,unknown,,unknown,,unknown,,,,,,,
4801461,,unknown,,unknown,,unknown,,,,,,,
4801462,,unknown,,unknown,,unknown,,,,,,,
4801463,,unknown,,unknown,,unknown,,,,,,,
4801464,,unknown,,unknown,,unknown,,,,,,,
4801465,,unknown,,unknown,,unknown,,,,,,,
4801466,,unknown,,unknown,,unknown,,,,,,,
4801467,,unknown,,unknown,,unknown,,,,,,,
4801468,,unknown,,unknown,,unknown,,,,,,,
4801469,,unknown,,unknown,,unknown,,,,,,,
4801470,,unknown,,unknown,,unknown,,,,,,,
4801471,,unknown,,unknown,,unknown,,,,,,,
4801472,,unknown,,unknown,,unknown,,,,,,,
4801473,,unknown,,unknown,,unknown,,,,,,,
4801474,,unknown,,unknown,,unknown,,,,,,,
4801475,,unknown,,unknown,,unknown,,,,,,,
4801476,,unknown,,unknown,,unknown,,,,,,,
4801477,,unknown,,unknown,,unknown,,,,,,,
4801478,,unknown,,unknown,,unknown,,,,,,,
4801479,,unknown,,unknown,,unknown,,,,,,,
4801480,,unknown,,unknown,,unknown,,,,,,,
4801481,,unknown,,unknown,,unknown,,,,,,,
4801482,,unknown,,unknown,,unknown,,,,,,,
4807350,,unknown,,unknown,,unknown,,,,,,,
4807380,,unknown,,unknown,,unknown,,,,,,,
4807410,,unknown,,unknown,,unknown,,,,,,,
4807440,,unknown,,unknown,,unknown,,,,,,,
4807470,,unknown,,unknown,,unknown,,,,,,,
4807500,,unknown,,unknown,,unknown,,,,,,,
4807530,,unknown,,unknown,,unknown,,,,,,,
4807590,,unknown,,unknown,,unknown,,,,,,,
4807650,,unknown,,unknown,,unknown,,,,,,,
4807680,,unknown,,unknown,,unknown,,,,,,,
4807710,,unknown,,unknown,,unknown,,,,,,,
4807780,,unknown,,unknown,,unknown,,,,,,,
4807800,,unknown,,unknown,,unknown,,,,,,,
636840,2021Q4,exact,2021Q2,backcast_award_minus_2q,2021Q1,from_applied_minus_1q,2022Q1,nanQnan,nanQnan,1.0,,,
4807890,,unknown,,unknown,,unknown,,,,,,,
4807950,,unknown,,unknown,,unknown,,,,,,,
4807980,,unknown,,unknown,,unknown,,,,,,,
4808090,,unknown,,unknown,,unknown,,,,,,,
4808100,,unknown,,unknown,,unknown,,,,,,,
4808130,,unknown,,unknown,,unknown,,,,,,,
4808160,,unknown,,unknown,,unknown,,,,,,,
4808190,,unknown,,unknown,,unknown,,,,,,,
4808230,,unknown,,unknown,,unknown,,,,,,,
4808280,,unknown,,unknown,,unknown,,,,,,,
4808310,,unknown,,unknown,,unknown,,,,,,,
4808340,,unknown,,unknown,,unknown,,,,,,,
4808400,,unknown,,unknown,,unknown,,,,,,,
4808430,,unknown,,unknown,,unknown,,,,,,,
4808460,,unknown,,unknown,,unknown,,,,,,,
4808490,,unknown,,unknown,,unknown,,,,,,,
4808520,,unknown,,unknown,,unknown,,,,,,,
4808550,,unknown,,unknown,,unknown,,,,,,,
4808580,,unknown,,unknown,,unknown,,,,,,,
4808610,,unknown,,unknown,,unknown,,,,,,,
4808670,,unknown,,unknown,,unknown,,,,,,,
4808700,,unknown,,unknown,,unknown,,,,,,,
4808730,,unknown,,unknown,,unknown,,,,,,,
4808870,,unknown,,unknown,,unknown,,,,,,,
4808880,,unknown,,unknown,,unknown,,,,,,,
4808910,,unknown,,unknown,,unknown,,,,,,,
1926400,2023Q4,exact,2020Q2,program_calendar,2020Q1,from_applied_minus_1q,nanQnan,nanQnan,nanQnan,,,,
4809000,,unknown,,unknown,,unknown,,,,,,,
4809030,,unknown,,unknown,,unknown,,,,,,,
4809060,,unknown,,unknown,,unknown,,,,,,,
4809090,,unknown,,unknown,,unknown,,,,,,,
4809150,,unknown,,unknown,,unknown,,,,,,,
4809200,,unknown,,unknown,,unknown,,,,,,,
4809280,,unknown,,unknown,,unknown,,,,,,,
4809300,,unknown,,unknown,,unknown,,,,,,,
4809330,,unknown,,unknown,,unknown,,,,,,,
4809360,,unknown,,unknown,,unknown,,,,,,,
4809390,,unknown,,unknown,,unknown,,,,,,,
4809410,,unknown,,unknown,,unknown,,,,,,,
4809450,,unknown,,unknown,,unknown,,,,,,,
4809540,,unknown,,unknown,,unknown,,,,,,,
4809570,,unknown,,unknown,,unknown,,,,,,,
5900137,2022Q4,exact,2022Q2,backcast_award_minus_2q,2022Q1,from_applied_minus_1q,2022Q4,2024Q2,nanQnan,0.0,6.0,,
4809670,,unknown,,unknown,,unknown,,,,,,,
4809690,,unknown,,unknown,,unknown,,,,,,,
4809720,,unknown,,unknown,,unknown,,,,,,,
4809750,,unknown,,unknown,,unknown,,,,,,,
4809780,,unknown,,unknown,,unknown,,,,,,,
4809810,,unknown,,unknown,,unknown,,,,,,,
4809860,,unknown,,unknown,,unknown,,,,,,,
4809870,,unknown,,unknown,,unknown,,,,,,,
4809980,,unknown,,unknown,,unknown,,,,,,,
4810140,,unknown,,unknown,,unknown,,,,,,,
4810170,,unknown,,unknown,,unknown,,,,,,,
4810200,,unknown,,unknown,,unknown,,,,,,,
4810230,,unknown,,unknown,,unknown,,,,,,,
4810260,,unknown,,unknown,,unknown,,,,,,,
4810320,,unknown,,unknown,,unknown,,,,,,,
4810350,,unknown,,unknown,,unknown,,,,,,,
5307950,2022Q1,exact,2021Q3,backcast_award_minus_2q,2021Q2,from_applied_minus_1q,2022Q2,2023Q1,2023Q2,1.0,3.0,1.0,5.0
4810440,,unknown,,unknown,,unknown,,,,,,,
4810470,,unknown,,unknown,,unknown,,,,,,,
4810500,,unknown,,unknown,,unknown,,,,,,,
4810590,,unknown,,unknown,,unknown,,,,,,,
5308020,2020Q2,exact,2020Q2,program_calendar,2020Q1,from_applied_minus_1q,2021Q1,2022Q2,2022Q3,3.0,5.0,1.0,9.0
4810650,,unknown,,unknown,,unknown,,,,,,,
4810710,,unknown,,unknown,,unknown,,,,,,,
4810740,,unknown,,unknown,,unknown,,,,,,,
4810780,,unknown,,unknown,,unknown,,,,,,,
4810800,,unknown,,unknown,,unknown,,,,,,,
4810830,,unknown,,unknown,,unknown,,,,,,,
4810860,,unknown,,unknown,,unknown,,,,,,,
4810890,,unknown,,unknown,,unknown,,,,,,,
4810910,,unknown,,unknown,,unknown,,,,,,,
4810950,,unknown,,unknown,,unknown,,,,,,,
4810990,,unknown,,unknown,,unknown,,,,,,,
4811010,,unknown,,unknown,,unknown,,,,,,,
4811040,,unknown,,unknown,,unknown,,,,,,,
4811070,,unknown,,unknown,,unknown,,,,,,,
4811110,,unknown,,unknown,,unknown,,,,,,,
4811190,,unknown,,unknown,,unknown,,,,,,,
4811220,,unknown,,unknown,,unknown,,,,,,,
4811250,,unknown,,unknown,,unknown,,,,,,,
4811280,,unknown,,unknown,,unknown,,,,,,,
4811310,,unknown,,unknown,,unknown,,,,,,,
4811340,,unknown,,unknown,,unknown,,,,,,,
4811400,,unknown,,unknown,,unknown,,,,,,,
4811430,,unknown,,unknown,,unknown,,,,,,,
4811460,,unknown,,unknown,,unknown,,,,,,,
4811490,,unknown,,unknown,,unknown,,,,,,,
4811520,,unknown,,unknown,,unknown,,,,,,,
4811550,,unknown,,unknown,,unknown,,,,,,,
4811580,,unknown,,unknown,,unknown,,,,,,,
4811610,,unknown,,unknown,,unknown,,,,,,,
4811640,,unknown,,unknown,,unknown,,,,,,,
4811680,,unknown,,unknown,,unknown,,,,,,,
4811700,,unknown,,unknown,,unknown,,,,,,,
4811730,,unknown,,unknown,,unknown,,,,,,,
4811790,,unknown,,unknown,,unknown,,,,,,,
4811820,,unknown,,unknown,,unknown,,,,,,,
4811850,,unknown,,unknown,,unknown,,,,,,,
4811910,,unknown,,unknown,,unknown,,,,,,,
4811990,,unknown,,unknown,,unknown,,,,,,,
4812060,,unknown,,unknown,,unknown,,,,,,,
4812090,,unknown,,unknown,,unknown,,,,,,,
4812120,,unknown,,unknown,,unknown,,,,,,,
4812150,,unknown,,unknown,,unknown,,,,,,,
4812180,,unknown,,unknown,,unknown,,,,,,,
4812220,,unknown,,unknown,,unknown,,,,,,,
4812240,,unknown,,unknown,,unknown,,,,,,,
4812360,,unknown,,unknown,,unknown,,,,,,,
4812390,,unknown,,unknown,,unknown,,,,,,,
4812420,,unknown,,unknown,,unknown,,,,,,,
4812460,,unknown,,unknown,,unknown,,,,,,,
4812480,,unknown,,unknown,,unknown,,,,,,,
4812510,,unknown,,unknown,,unknown,,,,,,,
4812540,,unknown,,unknown,,unknown,,,,,,,
4812640,,unknown,,unknown,,unknown,,,,,,,
4812660,,unknown,,unknown,,unknown,,,,,,,
4812700,,unknown,,unknown,,unknown,,,,,,,
4812750,,unknown,,unknown,,unknown,,,,,,,
5308040,2020Q2,exact,2019Q4,backcast_award_minus_2q,2019Q3,from_applied_minus_1q,2021Q1,2021Q2,2021Q3,3.0,1.0,1.0,5.0
4812810,,unknown,,unknown,,unknown,,,,,,,
4812870,,unknown,,unknown,,unknown,,,,,,,
4812990,,unknown,,unknown,,unknown,,,,,,,
4813020,,unknown,,unknown,,unknown,,,,,,,
4813050,,unknown,,unknown,,unknown,,,,,,,
4813110,,unknown,,unknown,,unknown,,,,,,,
4813170,,unknown,,unknown,,unknown,,,,,,,
4813200,,unknown,,unknown,,unknown,,,,,,,
4840710,2022Q4,exact,2022Q2,backcast_award_minus_2q,2022Q1,from_applied_minus_1q,nanQnan,2024Q1,2024Q1,,,0.0,5.0
4813260,,unknown,,unknown,,unknown,,,,,,,
4813290,,unknown,,unknown,,unknown,,,,,,,
4813320,,unknown,,unknown,,unknown,,,,,,,
4813350,,unknown,,unknown,,unknown,,,,,,,
4813380,,unknown,,unknown,,unknown,,,,,,,
4813410,,unknown,,unknown,,unknown,,,,,,,
4813440,,unknown,,unknown,,unknown,,,,,,,
4813500,,unknown,,unknown,,unknown,,,,,,,
4813530,,unknown,,unknown,,unknown,,,,,,,
4813590,,unknown,,unknown,,unknown,,,,,,,
4813620,,unknown,,unknown,,unknown,,,,,,,
4813650,,unknown,,unknown,,unknown,,,,,,,
4813680,,unknown,,unknown,,unknown,,,,,,,
4813710,,unknown,,unknown,,unknown,,,,,,,
4813740,,unknown,,unknown,,unknown,,,,,,,
4813770,,unknown,,unknown,,unknown,,,,,,,
4813800,,unknown,,unknown,,unknown,,,,,,,
4813860,,unknown,,unknown,,unknown,,,,,,,
4813890,,unknown,,unknown,,unknown,,,,,,,
4813920,,unknown,,unknown,,unknown,,,,,,,
4813960,,unknown,,unknown,,unknown,,,,,,,
4813980,,unknown,,unknown,,unknown,,,,,,,
4814010,,unknown,,unknown,,unknown,,,,,,,
4814070,,unknown,,unknown,,unknown,,,,,,,
4814130,,unknown,,unknown,,unknown,,,,,,,
4814160,,unknown,,unknown,,unknown,,,,,,,
4814190,,unknown,,unknown,,unknown,,,,,,,
4814250,,unknown,,unknown,,unknown,,,,,,,
4814280,,unknown,,unknown,,unknown,,,,,,,
4814310,,unknown,,unknown,,unknown,,,,,,,
4814370,,unknown,,unknown,,unknown,,,,,,,
4814400,,unknown,,unknown,,unknown,,,,,,,
4814430,,unknown,,unknown,,unknown,,,,,,,
4814450,,unknown,,unknown,,unknown,,,,,,,
4814490,,unknown,,unknown,,unknown,,,,,,,
4814520,,unknown,,unknown,,unknown,,,,,,,
4814550,,unknown,,unknown,,unknown,,,,,,,
4814580,,unknown,,unknown,,unknown,,,,,,,
4814600,,unknown,,unknown,,unknown,,,,,,,
4814640,,unknown,,unknown,,unknown,,,,,,,
4814670,,unknown,,unknown,,unknown,,,,,,,
4814700,,unknown,,unknown,,unknown,,,,,,,
4814730,,unknown,,unknown,,unknown,,,,,,,
4814760,,unknown,,unknown,,unknown,,,,,,,
4814790,,unknown,,unknown,,unknown,,,,,,,
4814820,,unknown,,unknown,,unknown,,,,,,,
4814850,,unknown,,unknown,,unknown,,,,,,,
4814880,,unknown,,unknown,,unknown,,,,,,,
4814920,,unknown,,unknown,,unknown,,,,,,,
4814970,,unknown,,unknown,,unknown,,,,,,,
4815000,,unknown,,unknown,,unknown,,,,,,,
4815120,,unknown,,unknown,,unknown,,,,,,,
4815150,,unknown,,unknown,,unknown,,,,,,,
4815180,,unknown,,unknown,,unknown,,,,,,,
4815210,,unknown,,unknown,,unknown,,,,,,,
4815240,,unknown,,unknown,,unknown,,,,,,,
4815270,,unknown,,unknown,,unknown,,,,,,,
4815300,,unknown,,unknown,,unknown,,,,,,,
4815330,,unknown,,unknown,,unknown,,,,,,,
4815360,,unknown,,unknown,,unknown,,,,,,,
4815400,,unknown,,unknown,,unknown,,,,,,,
4815420,,unknown,,unknown,,unknown,,,,,,,
4815480,,unknown,,unknown,,unknown,,,,,,,
4815510,,unknown,2021Q2,program_calendar,2021Q1,from_applied_minus_1q,,,,,,,
4815540,,unknown,,unknown,,unknown,,,,,,,
4815570,,unknown,,unknown,,unknown,,,,,,,
4815600,,unknown,,unknown,,unknown,,,,,,,
4815690,,unknown,,unknown,,unknown,,,,,,,
4815720,,unknown,,unknown,,unknown,,,,,,,
4815750,,unknown,,unknown,,unknown,,,,,,,
4815810,,unknown,,unknown,,unknown,,,,,,,
4815840,,unknown,,unknown,,unknown,,,,,,,
4815870,,unknown,,unknown,,unknown,,,,,,,
4815910,,unknown,,unknown,,unknown,,,,,,,
4815930,,unknown,,unknown,,unknown,,,,,,,
4815960,,unknown,,unknown,,unknown,,,,,,,
4815990,,unknown,,unknown,,unknown,,,,,,,
4816020,,unknown,,unknown,,unknown,,,,,,,
637050,2020Q3,exact,2020Q1,backcast_award_minus_2q,2019Q4,from_applied_minus_1q,2021Q2,2022Q3,2022Q4,3.0,5.0,1.0,9.0
407890,2022Q4,exact,2022Q2,backcast_award_minus_2q,2022Q1,from_applied_minus_1q,2023Q2,2024Q2,2024Q2,2.0,4.0,0.0,6.0
4816140,,unknown,,unknown,,unknown,,,,,,,
4816180,,unknown,,unknown,,unknown,,,,,,,
4816200,,unknown,,unknown,,unknown,,,,,,,
637140,2022Q4,exact,2022Q2,backcast_award_minus_2q,2022Q1,from_applied_minus_1q,2023Q1,nanQnan,nanQnan,1.0,,,
4816260,,unknown,,unknown,,unknown,,,,,,,
4816290,,unknown,,unknown,,unknown,,,,,,,
4816320,,unknown,,unknown,,unknown,,,,,,,
4816350,,unknown,,unknown,,unknown,,,,,,,
4816380,,unknown,,unknown,,unknown,,,,,,,
4816410,,unknown,,unknown,,unknown,,,,,,,
4816440,,unknown,,unknown,,unknown,,,,,,,
4816500,,unknown,,unknown,,unknown,,,,,,,
4816530,,unknown,,unknown,,unknown,,,,,,,
4816570,,unknown,,unknown,,unknown,,,,,,,
637200,2018Q2,exact,2017Q4,backcast_award_minus_2q,2017Q3,from_applied_minus_1q,2019Q1,2019Q4,2020Q1,3.0,3.0,1.0,7.0
4816650,,unknown,,unknown,,unknown,,,,,,,
4816710,,unknown,,unknown,,unknown,,,,,,,
4816740,,unknown,,unknown,,unknown,,,,,,,
4816770,,unknown,,unknown,,unknown,,,,,,,
4816860,,unknown,,unknown,,unknown,,,,,,,
4816890,,unknown,,unknown,,unknown,,,,,,,
4816920,,unknown,,unknown,,unknown,,,,,,,
4816950,,unknown,,unknown,,unknown,,,,,,,
4816980,,unknown,,unknown,,unknown,,,,,,,
4817010,,unknown,,unknown,,unknown,,,,,,,
4817040,,unknown,,unknown,,unknown,,,,,,,
4817070,,unknown,,unknown,,unknown,,,,,,,
4817100,,unknown,,unknown,,unknown,,,,,,,
4817130,,unknown,,unknown,,unknown,,,,,,,
4817160,,unknown,,unknown,,unknown,,,,,,,
4817190,,unknown,,unknown,,unknown,,,,,,,
4817280,,unknown,,unknown,,unknown,,,,,,,
4817390,,unknown,,unknown,,unknown,,,,,,,
4817400,,unknown,,unknown,,unknown,,,,,,,
4817460,,unknown,,unknown,,unknown,,,,,,,
4817550,,unknown,,unknown,,unknown,,,,,,,
4817580,,unknown,,unknown,,unknown,,,,,,,
4817610,,unknown,,unknown,,unknown,,,,,,,
4817640,,unknown,,unknown,,unknown,,,,,,,
4817700,,unknown,,unknown,,unknown,,,,,,,
4817730,,unknown,,unknown,,unknown,,,,,,,
4817760,,unknown,,unknown,,unknown,,,,,,,
4817790,,unknown,,unknown,,unknown,,,,,,,
4817830,,unknown,,unknown,,unknown,,,,,,,
4817850,,unknown,,unknown,,unknown,,,,,,,
4817880,,unknown,,unknown,,unknown,,,,,,,
4817960,,unknown,,unknown,,unknown,,,,,,,
4818000,,unknown,,unknown,,unknown,,,,,,,
4818030,,unknown,,unknown,,unknown,,,,,,,
4818060,,unknown,,unknown,,unknown,,,,,,,
4818070,,unknown,,unknown,,unknown,,,,,,,
4818120,,unknown,,unknown,,unknown,,,,,,,
4818150,,unknown,,unknown,,unknown,,,,,,,
2200186,2024Q2,exact,2023Q4,backcast_award_minus_2q,2023Q3,from_applied_minus_1q,nanQnan,nanQnan,nanQnan,,,,
4818210,,unknown,,unknown,,unknown,,,,,,,
4818280,,unknown,,unknown,,unknown,,,,,,,
4818300,,unknown,,unknown,,unknown,,,,,,,
4818330,,unknown,,unknown,,unknown,,,,,,,
4818360,,unknown,,unknown,,unknown,,,,,,,
4818390,,unknown,,unknown,,unknown,,,,,,,
4818480,,unknown,,unknown,,unknown,,,,,,,
4818540,,unknown,,unknown,,unknown,,,,,,,
4818600,,unknown,,unknown,,unknown,,,,,,,
4818690,,unknown,,unknown,,unknown,,,,,,,
4818720,,unknown,,unknown,,unknown,,,,,,,
637290,2023Q1,exact,2022Q3,backcast_award_minus_2q,2022Q2,from_applied_minus_1q,2023Q2,nanQnan,nanQnan,1.0,,,
4818780,,unknown,,unknown,,unknown,,,,,,,
1810290,2021Q1,exact,2020Q3,backcast_award_minus_2q,2020Q2,from_applied_minus_1q,2022Q1,2023Q1,2023Q2,4.0,4.0,1.0,9.0
5007470,2021Q1,exact,2020Q3,backcast_award_minus_2q,2020Q2,from_applied_minus_1q,2021Q4,2022Q2,2022Q3,3.0,2.0,1.0,6.0
4818890,,unknown,,unknown,,unknown,,,,,,,
4818900,,unknown,,unknown,,unknown,,,,,,,
4818940,,unknown,,unknown,,unknown,,,,,,,
4819020,,unknown,,unknown,,unknown,,,,,,,
4819050,,unknown,,unknown,,unknown,,,,,,,
4819080,,unknown,,unknown,,unknown,,,,,,,
4819110,,unknown,,unknown,,unknown,,,,,,,
4819140,,unknown,,unknown,,unknown,,,,,,,
4819170,,unknown,,unknown,,unknown,,,,,,,
4819280,,unknown,,unknown,,unknown,,,,,,,
4819320,,unknown,,unknown,,unknown,,,,,,,
4819350,,unknown,,unknown,,unknown,,,,,,,
4819380,,unknown,,unknown,,unknown,,,,,,,
4819440,,unknown,,unknown,,unknown,,,,,,,
4819500,,unknown,,unknown,,unknown,,,,,,,
4819530,,unknown,,unknown,,unknown,,,,,,,
4819560,,unknown,,unknown,,unknown,,,,,,,
4819620,,unknown,,unknown,,unknown,,,,,,,
4819650,,unknown,,unknown,,unknown,,,,,,,
2928430,2022Q2,exact,2021Q4,backcast_award_minus_2q,2021Q3,from_applied_minus_1q,2022Q3,2023Q2,2023Q2,1.0,3.0,0.0,4.0
4819740,,unknown,,unknown,,unknown,,,,,,,
4819770,,unknown,,unknown,,unknown,,,,,,,
4220580,2024Q2,exact,2023Q4,backcast_award_minus_2q,2023Q3,from_applied_minus_1q,nanQnan,nanQnan,nanQnan,,,,
4819830,,unknown,,unknown,,unknown,,,,,,,
4819840,,unknown,,unknown,,unknown,,,,,,,
4819950,,unknown,,unknown,,unknown,,,,,,,
4819980,,unknown,,unknown,,unknown,,,,,,,
4820010,,unknown,,unknown,,unknown,,,,,,,
4820040,,unknown,,unknown,,unknown,,,,,,,
4820070,,unknown,,unknown,,unknown,,,,,,,
4820100,,unknown,,unknown,,unknown,,,,,,,
4820130,,unknown,,unknown,,unknown,,,,,,,
4820160,,unknown,,unknown,,unknown,,,,,,,
4820190,,unknown,,unknown,,unknown,,,,,,,
4820220,,unknown,,unknown,,unknown,,,,,,,
4820250,,unknown,,unknown,,unknown,,,,,,,
4820280,,unknown,,unknown,,unknown,,,,,,,
4820310,,unknown,,unknown,,unknown,,,,,,,
4820340,,unknown,,unknown,,unknown,,,,,,,
4820370,,unknown,,unknown,,unknown,,,,,,,
4820400,,unknown,,unknown,,unknown,,,,,,,
3627240,2024Q2,exact,2023Q4,backcast_award_minus_2q,2023Q3,from_applied_minus_1q,nanQnan,nanQnan,nanQnan,,,,
4820500,,unknown,,unknown,,unknown,,,,,,,
4820520,,unknown,,unknown,,unknown,,,,,,,
4820550,,unknown,,unknown,,unknown,,,,,,,
4820600,,unknown,,unknown,,unknown,,,,,,,
4820610,,unknown,,unknown,,unknown,,,,,,,
4820640,,unknown,,unknown,,unknown,,,,,,,
4820700,,unknown,,unknown,,unknown,,,,,,,
4820760,,unknown,,unknown,,unknown,,,,,,,
4820790,,unknown,,unknown,,unknown,,,,,,,
4820850,,unknown,,unknown,,unknown,,,,,,,
4820960,,unknown,,unknown,,unknown,,,,,,,
4820970,,unknown,,unknown,,unknown,,,,,,,
4821000,,unknown,,unknown,,unknown,,,,,,,
4821030,,unknown,,unknown,,unknown,,,,,,,
4821060,,unknown,,unknown,,unknown,,,,,,,
4821090,,unknown,,unknown,,unknown,,,,,,,
4821150,,unknown,,unknown,,unknown,,,,,,,
4821180,,unknown,,unknown,,unknown,,,,,,,
4821270,,unknown,,unknown,,unknown,,,,,,,
4821300,,unknown,,unknown,,unknown,,,,,,,
4821330,,unknown,,unknown,,unknown,,,,,,,
4821360,,unknown,,unknown,,unknown,,,,,,,
4821390,,unknown,,unknown,,unknown,,,,,,,
4821420,,unknown,,unknown,,unknown,,,,,,,
4821450,,unknown,,unknown,,unknown,,,,,,,
4821480,,unknown,,unknown,,unknown,,,,,,,
4821540,,unknown,,unknown,,unknown,,,,,,,
4821560,,unknown,,unknown,,unknown,,,,,,,
4821590,,unknown,,unknown,,unknown,,,,,,,
4821600,,unknown,,unknown,,unknown,,,,,,,
4821630,,unknown,,unknown,,unknown,,,,,,,
4821660,,unknown,,unknown,,unknown,,,,,,,
4821720,,unknown,,unknown,,unknown,,,,,,,
4821750,,unknown,,unknown,,unknown,,,,,,,
4821780,,unknown,,unknown,,unknown,,,,,,,
4821810,,unknown,,unknown,,unknown,,,,,,,
4821840,,unknown,,unknown,,unknown,,,,,,,
4821900,,unknown,2020Q2,program_calendar,2020Q1,from_applied_minus_1q,,,,,,,
4821930,,unknown,,unknown,,unknown,,,,,,,
4821960,,unknown,,unknown,,unknown,,,,,,,
4821990,,unknown,,unknown,,unknown,,,,,,,
4822020,,unknown,,unknown,,unknown,,,,,,,
4822050,,unknown,,unknown,,unknown,,,,,,,
4822120,,unknown,,unknown,,unknown,,,,,,,
4822140,,unknown,,unknown,,unknown,,,,,,,
4822170,,unknown,,unknown,,unknown,,,,,,,
4822230,,unknown,,unknown,,unknown,,,,,,,
4822260,,unknown,,unknown,,unknown,,,,,,,
4822320,,unknown,,unknown,,unknown,,,,,,,
4822350,,unknown,,unknown,,unknown,,,,,,,
4822380,,unknown,,unknown,,unknown,,,,,,,
4822410,,unknown,,unknown,,unknown,,,,,,,
4822470,,unknown,,unknown,,unknown,,,,,,,
4822500,,unknown,,unknown,,unknown,,,,,,,
4822530,,unknown,,unknown,,unknown,,,,,,,
4822560,,unknown,,unknown,,unknown,,,,,,,
4822590,,unknown,,unknown,,unknown,,,,,,,
4822620,,unknown,,unknown,,unknown,,,,,,,
4822650,,unknown,,unknown,,unknown,,,,,,,
4822680,,unknown,,unknown,,unknown,,,,,,,
4822710,,unknown,,unknown,,unknown,,,,,,,
4822740,,unknown,,unknown,,unknown,,,,,,,
4822770,,unknown,,unknown,,unknown,,,,,,,
4822800,,unknown,,unknown,,unknown,,,,,,,
4822830,,unknown,,unknown,,unknown,,,,,,,
4822850,,unknown,,unknown,,unknown,,,,,,,
4822890,,unknown,,unknown,,unknown,,,,,,,
4822920,,unknown,,unknown,,unknown,,,,,,,
4822970,,unknown,,unknown,,unknown,,,,,,,
4822980,,unknown,2020Q2,program_calendar,2020Q1,from_applied_minus_1q,,,,,,,
4823010,,unknown,,unknown,,unknown,,,,,,,
4823040,,unknown,,unknown,,unknown,,,,,,,
4823070,,unknown,,unknown,,unknown,,,,,,,
4823100,,unknown,,unknown,,unknown,,,,,,,
4823160,,unknown,,unknown,,unknown,,,,,,,
4823190,,unknown,,unknown,,unknown,,,,,,,
4823250,,unknown,,unknown,,unknown,,,,,,,
4823280,,unknown,,unknown,,unknown,,,,,,,
2900002,2022Q2,exact,2021Q4,backcast_award_minus_2q,2021Q3,from_applied_minus_1q,2022Q3,2023Q2,2023Q2,1.0,3.0,0.0,4.0
4823370,,unknown,,unknown,,unknown,,,,,,,
4823400,,unknown,,unknown,,unknown,,,,,,,
4823430,,unknown,,unknown,,unknown,,,,,,,
4823460,,unknown,,unknown,,unknown,,,,,,,
4823490,,unknown,,unknown,,unknown,,,,,,,
3400769,2024Q2,exact,2023Q4,backcast_award_minus_2q,2023Q3,from_applied_minus_1q,nanQnan,nanQnan,nanQnan,,,,
4823670,,unknown,,unknown,,unknown,,,,,,,
4823700,,unknown,,unknown,,unknown,,,,,,,
4823730,,unknown,,unknown,,unknown,,,,,,,
4823760,,unknown,,unknown,,unknown,,,,,,,
4823790,,unknown,,unknown,,unknown,,,,,,,
4823820,,unknown,,unknown,,unknown,,,,,,,
4823850,,unknown,,unknown,,unknown,,,,,,,
4823880,,unknown,,unknown,,unknown,,,,,,,
4823910,,unknown,,unknown,,unknown,,,,,,,
4823970,,unknown,2021Q2,program_calendar,2021Q1,from_applied_minus_1q,,,,,,,
4824000,,unknown,,unknown,,unknown,,,,,,,
4824030,,unknown,,unknown,,unknown,,,,,,,
4824060,,unknown,,unknown,,unknown,,,,,,,
4824100,,unknown,,unknown,,unknown,,,,,,,
4824120,,unknown,,unknown,,unknown,,,,,,,
4824150,,unknown,,unknown,,unknown,,,,,,,
4824180,,unknown,,unknown,,unknown,,,,,,,
4824210,,unknown,,unknown,,unknown,,,,,,,
4824240,,unknown,,unknown,,unknown,,,,,,,
4824260,,unknown,,unknown,,unknown,,,,,,,
4824300,,unknown,,unknown,,unknown,,,,,,,
4824330,,unknown,,unknown,,unknown,,,,,,,
4824360,,unknown,,unknown,,unknown,,,,,,,
4824420,,unknown,,unknown,,unknown,,,,,,,
4824450,,unknown,,unknown,,unknown,,,,,,,
4824480,,unknown,,unknown,,unknown,,,,,,,
4824530,,unknown,,unknown,,unknown,,,,,,,
4824590,,unknown,,unknown,,unknown,,,,,,,
4824600,,unknown,,unknown,,unknown,,,,,,,
4824630,,unknown,,unknown,,unknown,,,,,,,
4824660,,unknown,,unknown,,unknown,,,,,,,
4824730,,unknown,,unknown,,unknown,,,,,,,
4824750,,unknown,,unknown,,unknown,,,,,,,
4824780,,unknown,,unknown,,unknown,,,,,,,
4824810,,unknown,,unknown,,unknown,,,,,,,
4824840,,unknown,,unknown,,unknown,,,,,,,
4824900,,unknown,,unknown,,unknown,,,,,,,
4824930,,unknown,,unknown,,unknown,,,,,,,
4824960,,unknown,,unknown,,unknown,,,,,,,
4824990,,unknown,,unknown,,unknown,,,,,,,
4825020,,unknown,,unknown,,unknown,,,,,,,
4825110,,unknown,,unknown,,unknown,,,,,,,
4825140,,unknown,,unknown,,unknown,,,,,,,
4825170,,unknown,,unknown,,unknown,,,,,,,
4825200,,unknown,,unknown,,unknown,,,,,,,
4825230,,unknown,,unknown,,unknown,,,,,,,
4825260,,unknown,,unknown,,unknown,,,,,,,
4825290,,unknown,,unknown,,unknown,,,,,,,
4825320,,unknown,,unknown,,unknown,,,,,,,
4825410,,unknown,,unknown,,unknown,,,,,,,
4825440,,unknown,,unknown,,unknown,,,,,,,
4825470,,unknown,,unknown,,unknown,,,,,,,
4825500,,unknown,,unknown,,unknown,,,,,,,
4825530,,unknown,,unknown,,unknown,,,,,,,
4825560,,unknown,,unknown,,unknown,,,,,,,
4825590,,unknown,,unknown,,unknown,,,,,,,
5308190,2022Q4,exact,2022Q2,backcast_award_minus_2q,2022Q1,from_applied_minus_1q,2023Q1,2023Q3,2023Q3,1.0,2.0,0.0,3.0
5103600,2021Q3,exact,2021Q1,backcast_award_minus_2q,2020Q4,from_applied_minus_1q,2022Q2,2023Q1,2023Q2,3.0,3.0,1.0,7.0
4825680,,unknown,,unknown,,unknown,,,,,,,
4825710,,unknown,,unknown,,unknown,,,,,,,
4825740,,unknown,,unknown,,unknown,,,,,,,
4825790,,unknown,,unknown,,unknown,,,,,,,
4825800,,unknown,,unknown,,unknown,,,,,,,
4825870,,unknown,,unknown,,unknown,,,,,,,
3700346,2024Q2,exact,2023Q4,backcast_award_minus_2q,2023Q3,from_applied_minus_1q,nanQnan,nanQnan,nanQnan,,,,
4825920,,unknown,,unknown,,unknown,,,,,,,
4825950,,unknown,,unknown,,unknown,,,,,,,
4825980,,unknown,,unknown,,unknown,,,,,,,
4826040,,unknown,,unknown,,unknown,,,,,,,
4826070,,unknown,,unknown,,unknown,,,,,,,
4826100,,unknown,,unknown,,unknown,,,,,,,
4826130,,unknown,,unknown,,unknown,,,,,,,
4826190,,unknown,,unknown,,unknown,,,,,,,
4826220,,unknown,,unknown,,unknown,,,,,,,
4826250,,unknown,,unknown,,unknown,,,,,,,
4826280,,unknown,,unknown,,unknown,,,,,,,
4826310,,unknown,,unknown,,unknown,,,,,,,
4826340,,unknown,,unknown,,unknown,,,,,,,
4826370,,unknown,,unknown,,unknown,,,,,,,
4826400,,unknown,,unknown,,unknown,,,,,,,
4826430,,unknown,,unknown,,unknown,,,,,,,
4826470,,unknown,,unknown,,unknown,,,,,,,
4826490,,unknown,,unknown,,unknown,,,,,,,
4826580,,unknown,,unknown,,unknown,,,,,,,
4826610,,unknown,,unknown,,unknown,,,,,,,
4826640,,unknown,,unknown,,unknown,,,,,,,
4826670,,unknown,,unknown,,unknown,,,,,,,
4826700,,unknown,,unknown,,unknown,,,,,,,
4826790,,unknown,,unknown,,unknown,,,,,,,
4826850,,unknown,,unknown,,unknown,,,,,,,
4826910,,unknown,,unknown,,unknown,,,,,,,
4826970,,unknown,,unknown,,unknown,,,,,,,
4827000,,unknown,,unknown,,unknown,,,,,,,
4827030,,unknown,,unknown,,unknown,,,,,,,
4827060,,unknown,,unknown,,unknown,,,,,,,
4827090,,unknown,,unknown,,unknown,,,,,,,
4827120,,unknown,,unknown,,unknown,,,,,,,
4827180,,unknown,,unknown,,unknown,,,,,,,
4827210,,unknown,,unknown,,unknown,,,,,,,
4827240,,unknown,,unknown,,unknown,,,,,,,
4827270,,unknown,,unknown,,unknown,,,,,,,
4827300,,unknown,,unknown,,unknown,,,,,,,
4827330,,unknown,,unknown,,unknown,,,,,,,
4827390,,unknown,,unknown,,unknown,,,,,,,
4827420,,unknown,,unknown,,unknown,,,,,,,
4827450,,unknown,,unknown,,unknown,,,,,,,
4827510,,unknown,,unknown,,unknown,,,,,,,
4827540,,unknown,,unknown,,unknown,,,,,,,
4827570,,unknown,,unknown,,unknown,,,,,,,
4827600,,unknown,,unknown,,unknown,,,,,,,
4827630,,unknown,,unknown,,unknown,,,,,,,
2006930,2022Q4,exact,2020Q2,program_calendar,2020Q1,from_applied_minus_1q,nanQnan,2024Q2,2024Q2,,,0.0,6.0
4827720,,unknown,,unknown,,unknown,,,,,,,
4827750,,unknown,,unknown,,unknown,,,,,,,
4827780,,unknown,,unknown,,unknown,,,,,,,
4827810,,unknown,,unknown,,unknown,,,,,,,
4827870,,unknown,,unknown,,unknown,,,,,,,
4827890,,unknown,,unknown,,unknown,,,,,,,
4827930,,unknown,,unknown,,unknown,,,,,,,
4827960,,unknown,,unknown,,unknown,,,,,,,
4827990,,unknown,,unknown,,unknown,,,,,,,
4828020,,unknown,,unknown,,unknown,,,,,,,
3177180,2022Q4,exact,2022Q2,backcast_award_minus_2q,2022Q1,from_applied_minus_1q,2022Q4,2023Q3,2023Q3,0.0,3.0,0.0,3.0
4828140,,unknown,,unknown,,unknown,,,,,,,
4828170,,unknown,,unknown,,unknown,,,,,,,
4828200,,unknown,,unknown,,unknown,,,,,,,
4828230,,unknown,,unknown,,unknown,,,,,,,
4828290,,unknown,,unknown,,unknown,,,,,,,
4828350,,unknown,,unknown,,unknown,,,,,,,
4828380,,unknown,,unknown,,unknown,,,,,,,
2632310,2024Q2,exact,2023Q4,backcast_award_minus_2q,2023Q3,from_applied_minus_1q,nanQnan,nanQnan,nanQnan,,,,
4828500,,unknown,,unknown,,unknown,,,,,,,
4828530,,unknown,,unknown,,unknown,,,,,,,
4828550,,unknown,,unknown,,unknown,,,,,,,
4828590,,unknown,,unknown,,unknown,,,,,,,
4828620,,unknown,,unknown,,unknown,,,,,,,
4828650,,unknown,,unknown,,unknown,,,,,,,
4828680,,unknown,,unknown,,unknown,,,,,,,
4828710,,unknown,,unknown,,unknown,,,,,,,
4828740,,unknown,,unknown,,unknown,,,,,,,
4828780,,unknown,,unknown,,unknown,,,,,,,
4828800,,unknown,,unknown,,unknown,,,,,,,
4828830,,unknown,,unknown,,unknown,,,,,,,
4828890,,unknown,,unknown,,unknown,,,,,,,
4828920,,unknown,,unknown,,unknown,,,,,,,
4828980,,unknown,,unknown,,unknown,,,,,,,
4829010,,unknown,,unknown,,unknown,,,,,,,
4829040,,unknown,,unknown,,unknown,,,,,,,
4829100,,unknown,,unknown,,unknown,,,,,,,
4829130,,unknown,,unknown,,unknown,,,,,,,
4829160,,unknown,,unknown,,unknown,,,,,,,
4829190,,unknown,,unknown,,unknown,,,,,,,
4829220,,unknown,,unknown,,unknown,,,,,,,
2312390,2022Q4,exact,2022Q2,backcast_award_minus_2q,2022Q1,from_applied_minus_1q,2022Q4,2023Q2,2023Q2,0.0,2.0,0.0,2.0
4829280,,unknown,,unknown,,unknown,,,,,,,
601394,2023Q2,exact,2022Q4,backcast_award_minus_2q,2022Q3,from_applied_minus_1q,2023Q2,2024Q1,2024Q1,0.0,3.0,0.0,3.0
4829400,,unknown,,unknown,,unknown,,,,,,,
4829460,,unknown,,unknown,,unknown,,,,,,,
4829520,,unknown,,unknown,,unknown,,,,,,,
4829580,,unknown,,unknown,,unknown,,,,,,,
4829670,,unknown,2021Q2,program_calendar,2021Q1,from_applied_minus_1q,,,,,,,
4829700,,unknown,,unknown,,unknown,,,,,,,
4829760,,unknown,,unknown,,unknown,,,,,,,
4829820,,unknown,,unknown,,unknown,,,,,,,
4829850,,unknown,,unknown,,unknown,,,,,,,
4829880,,unknown,,unknown,,unknown,,,,,,,
4829910,,unknown,,unknown,,unknown,,,,,,,
4829940,,unknown,,unknown,,unknown,,,,,,,
4830000,,unknown,,unknown,,unknown,,,,,,,
4830030,,unknown,,unknown,,unknown,,,,,,,
4830060,,unknown,,unknown,,unknown,,,,,,,
4830120,,unknown,,unknown,,unknown,,,,,,,
4830180,,unknown,,unknown,,unknown,,,,,,,
4830210,,unknown,,unknown,,unknown,,,,,,,
4830250,,unknown,,unknown,,unknown,,,,,,,
4830300,,unknown,,unknown,,unknown,,,,,,,
4830340,,unknown,,unknown,,unknown,,,,,,,
4830360,,unknown,,unknown,,unknown,,,,,,,
4830390,,unknown,,unknown,,unknown,,,,,,,
4830420,,unknown,,unknown,,unknown,,,,,,,
4830450,,unknown,,unknown,,unknown,,,,,,,
4830480,,unknown,,unknown,,unknown,,,,,,,
4830570,,unknown,,unknown,,unknown,,,,,,,
4830600,,unknown,,unknown,,unknown,,,,,,,
4830640,,unknown,,unknown,,unknown,,,,,,,
4830660,,unknown,,unknown,,unknown,,,,,,,
4830690,,unknown,,unknown,,unknown,,,,,,,
4830720,,unknown,,unknown,,unknown,,,,,,,
4830750,,unknown,,unknown,,unknown,,,,,,,
4830780,,unknown,,unknown,,unknown,,,,,,,
3627780,2024Q2,exact,2023Q4,backcast_award_minus_2q,2023Q3,from_applied_minus_1q,nanQnan,nanQnan,nanQnan,,,,
4830870,,unknown,,unknown,,unknown,,,,,,,
4830930,,unknown,,unknown,,unknown,,,,,,,
4830950,,unknown,,unknown,,unknown,,,,,,,
4831040,,unknown,,unknown,,unknown,,,,,,,
4831170,,unknown,,unknown,,unknown,,,,,,,
4831200,,unknown,,unknown,,unknown,,,,,,,
4831230,,unknown,,unknown,,unknown,,,,,,,
4831260,,unknown,,unknown,,unknown,,,,,,,
4831290,,unknown,,unknown,,unknown,,,,,,,
4831320,,unknown,,unknown,,unknown,,,,,,,
4831380,,unknown,,unknown,,unknown,,,,,,,
4831410,,unknown,,unknown,,unknown,,,,,,,
4831470,,unknown,,unknown,,unknown,,,,,,,
4831500,,unknown,,unknown,,unknown,,,,,,,
4831560,,unknown,,unknown,,unknown,,,,,,,
4831620,,unknown,,unknown,,unknown,,,,,,,
4831650,,unknown,,unknown,,unknown,,,,,,,
4831760,,unknown,,unknown,,unknown,,,,,,,
4831770,,unknown,,unknown,,unknown,,,,,,,
5308250,2024Q2,exact,2023Q4,backcast_award_minus_2q,2023Q3,from_applied_minus_1q,nanQnan,nanQnan,nanQnan,,,,
4831890,,unknown,,unknown,,unknown,,,,,,,
4831920,,unknown,,unknown,,unknown,,,,,,,
4831950,,unknown,,unknown,,unknown,,,,,,,
4831970,,unknown,,unknown,,unknown,,,,,,,
4832010,,unknown,,unknown,,unknown,,,,,,,
4832090,,unknown,,unknown,,unknown,,,,,,,
1737080,2024Q2,exact,2023Q4,backcast_award_minus_2q,2023Q3,from_applied_minus_1q,nanQnan,nanQnan,nanQnan,,,,
4832160,,unknown,,unknown,,unknown,,,,,,,
4832190,,unknown,,unknown,,unknown,,,,,,,
4832220,,unknown,,unknown,,unknown,,,,,,,
4832250,,unknown,,unknown,,unknown,,,,,,,
4832280,,unknown,,unknown,,unknown,,,,,,,
4832310,,unknown,,unknown,,unknown,,,,,,,
4832340,,unknown,,unknown,,unknown,,,,,,,
4832370,,unknown,,unknown,,unknown,,,,,,,
4832400,,unknown,,unknown,,unknown,,,,,,,
4832430,,unknown,,unknown,,unknown,,,,,,,
4832460,,unknown,,unknown,,unknown,,,,,,,
4832490,,unknown,,unknown,,unknown,,,,,,,
4832610,,unknown,,unknown,,unknown,,,,,,,
4832640,,unknown,,unknown,,unknown,,,,,,,
4832700,,unknown,,unknown,,unknown,,,,,,,
4832730,,unknown,,unknown,,unknown,,,,,,,
4832740,,unknown,,unknown,,unknown,,,,,,,
4832790,,unknown,,unknown,,unknown,,,,,,,
4832880,,unknown,,unknown,,unknown,,,,,,,
4832910,,unknown,,unknown,,unknown,,,,,,,
4832940,,unknown,,unknown,,unknown,,,,,,,
4222620,2023Q3,exact,2023Q1,backcast_award_minus_2q,2022Q4,from_applied_minus_1q,2023Q4,nanQnan,nanQnan,1.0,,,
4833010,,unknown,,unknown,,unknown,,,,,,,
4833030,,unknown,,unknown,,unknown,,,,,,,
4833090,,unknown,,unknown,,unknown,,,,,,,
4833120,,unknown,,unknown,,unknown,,,,,,,
4833180,,unknown,,unknown,,unknown,,,,,,,
4833240,,unknown,,unknown,,unknown,,,,,,,
4833270,,unknown,,unknown,,unknown,,,,,,,
3612990,2024Q2,exact,2023Q4,backcast_award_minus_2q,2023Q3,from_applied_minus_1q,nanQnan,nanQnan,nanQnan,,,,
4833360,,unknown,,unknown,,unknown,,,,,,,
4833390,,unknown,,unknown,,unknown,,,,,,,
4833420,,unknown,,unknown,,unknown,,,,,,,
4833570,,unknown,,unknown,,unknown,,,,,,,
4833630,,unknown,,unknown,,unknown,,,,,,,
4833660,,unknown,,unknown,,unknown,,,,,,,
4833690,,unknown,,unknown,,unknown,,,,,,,
4833720,,unknown,,unknown,,unknown,,,,,,,
4833780,,unknown,,unknown,,unknown,,,,,,,
4833840,,unknown,,unknown,,unknown,,,,,,,
4833870,,unknown,,unknown,,unknown,,,,,,,
4833900,,unknown,,unknown,,unknown,,,,,,,
4833960,,unknown,,unknown,,unknown,,,,,,,
4833980,,unknown,,unknown,,unknown,,,,,,,
4834020,,unknown,,unknown,,unknown,,,,,,,
4834050,,unknown,,unknown,,unknown,,,,,,,
4834110,,unknown,,unknown,,unknown,,,,,,,
4834140,,unknown,,unknown,,unknown,,,,,,,
4834170,,unknown,,unknown,,unknown,,,,,,,
4834230,,unknown,,unknown,,unknown,,,,,,,
4834260,,unknown,,unknown,,unknown,,,,,,,
4834290,,unknown,,unknown,,unknown,,,,,,,
4834320,,unknown,,unknown,,unknown,,,,,,,
4834380,,unknown,,unknown,,unknown,,,,,,,
4834410,,unknown,,unknown,,unknown,,,,,,,
4834440,,unknown,,unknown,,unknown,,,,,,,
4834470,,unknown,,unknown,,unknown,,,,,,,
4834500,,unknown,,unknown,,unknown,,,,,,,
4834550,,unknown,,unknown,,unknown,,,,,,,
4834560,,unknown,,unknown,,unknown,,,,,,,
4834630,,unknown,,unknown,,unknown,,,,,,,
4834650,,unknown,,unknown,,unknown,,,,,,,
4834680,,unknown,,unknown,,unknown,,,,,,,
4834710,,unknown,,unknown,,unknown,,,,,,,
4834770,,unknown,,unknown,,unknown,,,,,,,
4834800,,unknown,,unknown,,unknown,,,,,,,
4834830,,unknown,,unknown,,unknown,,,,,,,
4834860,,unknown,,unknown,,unknown,,,,,,,
4834920,,unknown,,unknown,,unknown,,,,,,,
4834980,,unknown,,unknown,,unknown,,,,,,,
4835010,,unknown,,unknown,,unknown,,,,,,,
4835040,,unknown,,unknown,,unknown,,,,,,,
4835070,,unknown,,unknown,,unknown,,,,,,,
4835100,2024Q2,exact,2023Q4,backcast_award_minus_2q,2023Q3,from_applied_minus_1q,nanQnan,nanQnan,nanQnan,,,,
4835130,,unknown,,unknown,,unknown,,,,,,,
4835190,,unknown,,unknown,,unknown,,,,,,,
4835250,,unknown,,unknown,,unknown,,,,,,,
4835310,,unknown,,unknown,,unknown,,,,,,,
4835340,,unknown,,unknown,,unknown,,,,,,,
4835370,,unknown,,unknown,,unknown,,,,,,,
4835400,,unknown,,unknown,,unknown,,,,,,,
4835430,,unknown,,unknown,,unknown,,,,,,,
4835490,,unknown,,unknown,,unknown,,,,,,,
4835520,,unknown,,unknown,,unknown,,,,,,,
4835550,,unknown,,unknown,,unknown,,,,,,,
4835560,,unknown,,unknown,,unknown,,,,,,,
4835570,,unknown,,unknown,,unknown,,,,,,,
4835580,,unknown,,unknown,,unknown,,,,,,,
4835700,,unknown,,unknown,,unknown,,,,,,,
4835730,,unknown,,unknown,,unknown,,,,,,,
4835740,,unknown,,unknown,,unknown,,,,,,,
4835760,,unknown,,unknown,,unknown,,,,,,,
4835800,,unknown,,unknown,,unknown,,,,,,,
4835820,,unknown,,unknown,,unknown,,,,,,,
3024930,2023Q4,exact,2023Q2,backcast_award_minus_2q,2023Q1,from_applied_minus_1q,nanQnan,nanQnan,nanQnan,,,,
4835890,,unknown,,unknown,,unknown,,,,,,,
4835910,,unknown,,unknown,,unknown,,,,,,,
4836000,,unknown,,unknown,,unknown,,,,,,,
4836180,,unknown,,unknown,,unknown,,,,,,,
2201500,2024Q2,exact,2023Q4,backcast_award_minus_2q,2023Q3,from_applied_minus_1q,nanQnan,nanQnan,nanQnan,,,,
4836240,,unknown,,unknown,,unknown,,,,,,,
4836300,,unknown,,unknown,,unknown,,,,,,,
4836360,,unknown,,unknown,,unknown,,,,,,,
4836390,,unknown,,unknown,,unknown,,,,,,,
4836420,,unknown,,unknown,,unknown,,,,,,,
4836450,,unknown,,unknown,,unknown,,,,,,,
4836480,,unknown,,unknown,,unknown,,,,,,,
4836510,,unknown,,unknown,,unknown,,,,,,,
4836540,,unknown,,unknown,,unknown,,,,,,,
4836570,,unknown,,unknown,,unknown,,,,,,,
4836630,,unknown,,unknown,,unknown,,,,,,,
4836660,,unknown,,unknown,,unknown,,,,,,,
4836750,,unknown,,unknown,,unknown,,,,,,,
4836780,,unknown,,unknown,,unknown,,,,,,,
4836930,,unknown,,unknown,,unknown,,,,,,,
4836960,,unknown,,unknown,,unknown,,,,,,,
4836970,,unknown,,unknown,,unknown,,,,,,,
4836990,,unknown,,unknown,,unknown,,,,,,,
4837020,,unknown,,unknown,,unknown,,,,,,,
4837080,,unknown,,unknown,,unknown,,,,,,,
4837110,,unknown,,unknown,,unknown,,,,,,,
4837140,,unknown,,unknown,,unknown,,,,,,,
4837150,,unknown,,unknown,,unknown,,,,,,,
4837170,,unknown,,unknown,,unknown,,,,,,,
4837200,,unknown,,unknown,,unknown,,,,,,,
4837230,,unknown,,unknown,,unknown,,,,,,,
4837260,,unknown,,unknown,,unknown,,,,,,,
4837320,,unknown,,unknown,,unknown,,,,,,,
4837380,,unknown,,unknown,,unknown,,,,,,,
4837410,,unknown,,unknown,,unknown,,,,,,,
4837440,,unknown,,unknown,,unknown,,,,,,,
4837470,,unknown,,unknown,,unknown,,,,,,,
4837500,,unknown,,unknown,,unknown,,,,,,,
4837590,,unknown,,unknown,,unknown,,,,,,,
4837650,,unknown,,unknown,,unknown,,,,,,,
4837710,,unknown,,unknown,,unknown,,,,,,,
4837740,,unknown,,unknown,,unknown,,,,,,,
4837800,,unknown,,unknown,,unknown,,,,,,,
4837830,,unknown,,unknown,,unknown,,,,,,,
4837860,,unknown,,unknown,,unknown,,,,,,,
4837900,,unknown,,unknown,,unknown,,,,,,,
4838040,,unknown,,unknown,,unknown,,,,,,,
4838080,,unknown,,unknown,,unknown,,,,,,,
4838100,,unknown,,unknown,,unknown,,,,,,,
4838190,,unknown,,unknown,,unknown,,,,,,,
4838220,,unknown,,unknown,,unknown,,,,,,,
4838280,,unknown,,unknown,,unknown,,,,,,,
4838310,,unknown,,unknown,,unknown,,,,,,,
4838360,,unknown,,unknown,,unknown,,,,,,,
4838400,,unknown,,unknown,,unknown,,,,,,,
4838430,,unknown,,unknown,,unknown,,,,,,,
4838460,,unknown,,unknown,,unknown,,,,,,,
4838490,,unknown,,unknown,,unknown,,,,,,,
4838520,,unknown,,unknown,,unknown,,,,,,,
2929280,2023Q4,exact,2023Q2,backcast_award_minus_2q,2023Q1,from_applied_minus_1q,nanQnan,nanQnan,nanQnan,,,,
4838610,,unknown,,unknown,,unknown,,,,,,,
3024990,2024Q2,exact,2023Q4,backcast_award_minus_2q,2023Q3,from_applied_minus_1q,nanQnan,nanQnan,nanQnan,,,,
4838700,,unknown,,unknown,,unknown,,,,,,,
800020,2021Q3,exact,2021Q1,backcast_award_minus_2q,2020Q4,from_applied_minus_1q,2022Q2,2023Q1,2023Q2,3.0,3.0,1.0,7.0
4838760,,unknown,,unknown,,unknown,,,,,,,
4838790,,unknown,,unknown,,unknown,,,,,,,
4838820,,unknown,,unknown,,unknown,,,,,,,
4838850,,unknown,,unknown,,unknown,,,,,,,
1300218,2022Q4,exact,2022Q2,backcast_award_minus_2q,2022Q1,from_applied_minus_1q,2023Q1,2023Q4,2023Q4,1.0,3.0,0.0,4.0
4838910,,unknown,,unknown,,unknown,,,,,,,
54WVGOV,,unknown,,unknown,,unknown,,,,,,,
4839000,,unknown,,unknown,,unknown,,,,,,,
4839030,,unknown,,unknown,,unknown,,,,,,,
4839060,,unknown,,unknown,,unknown,,,,,,,
4839120,,unknown,,unknown,,unknown,,,,,,,
4839150,,unknown,,unknown,,unknown,,,,,,,
4839180,,unknown,,unknown,,unknown,,,,,,,
4839210,,unknown,,unknown,,unknown,,,,,,,
4839270,,unknown,,unknown,,unknown,,,,,,,
4839300,,unknown,,unknown,,unknown,,,,,,,
806660,2020Q4,exact,2020Q2,program_calendar,2020Q1,from_applied_minus_1q,2021Q1,2022Q1,2022Q2,1.0,4.0,1.0,6.0
4839360,,unknown,,unknown,,unknown,,,,,,,
4839390,,unknown,,unknown,,unknown,,,,,,,
4839450,,unknown,,unknown,,unknown,,,,,,,
4839480,,unknown,,unknown,,unknown,,,,,,,
4839510,,unknown,,unknown,,unknown,,,,,,,
4839540,,unknown,,unknown,,unknown,,,,,,,
4839570,,unknown,2021Q2,program_calendar,2021Q1,from_applied_minus_1q,,,,,,,
4839600,,unknown,,unknown,,unknown,,,,,,,
4839630,,unknown,,unknown,,unknown,,,,,,,
4839690,,unknown,,unknown,,unknown,,,,,,,
4839750,,unknown,,unknown,,unknown,,,,,,,
4839780,,unknown,,unknown,,unknown,,,,,,,
4839870,,unknown,,unknown,,unknown,,,,,,,
4839900,,unknown,,unknown,,unknown,,,,,,,
4839930,,unknown,,unknown,,unknown,,,,,,,
4839960,,unknown,,unknown,,unknown,,,,,,,
4839990,,unknown,,unknown,,unknown,,,,,,,
1800171,2024Q2,exact,2023Q4,backcast_award_minus_2q,2023Q3,from_applied_minus_1q,nanQnan,nanQnan,nanQnan,,,,
4840080,,unknown,,unknown,,unknown,,,,,,,
4840110,,unknown,,unknown,,unknown,,,,,,,
4840170,,unknown,,unknown,,unknown,,,,,,,
4840200,,unknown,,unknown,,unknown,,,,,,,
4840230,,unknown,,unknown,,unknown,,,,,,,
4840290,,unknown,,unknown,,unknown,,,,,,,
4840320,,unknown,,unknown,,unknown,,,,,,,
4840350,,unknown,,unknown,,unknown,,,,,,,
4840380,,unknown,,unknown,,unknown,,,,,,,
4840410,,unknown,,unknown,,unknown,,,,,,,
4840440,,unknown,,unknown,,unknown,,,,,,,
4840470,,unknown,,unknown,,unknown,,,,,,,
4840500,,unknown,,unknown,,unknown,,,,,,,
4840550,,unknown,,unknown,,unknown,,,,,,,
4840590,,unknown,,unknown,,unknown,,,,,,,
4840620,,unknown,,unknown,,unknown,,,,,,,
4840650,,unknown,,unknown,,unknown,,,,,,,
4840680,,unknown,,unknown,,unknown,,,,,,,
4222800,2022Q4,exact,2022Q2,backcast_award_minus_2q,2022Q1,from_applied_minus_1q,2023Q2,2024Q2,2024Q2,2.0,4.0,0.0,6.0
4840740,,unknown,,unknown,,unknown,,,,,,,
4840770,,unknown,,unknown,,unknown,,,,,,,
4840800,,unknown,,unknown,,unknown,,,,,,,
4840890,,unknown,,unknown,,unknown,,,,,,,
4840920,,unknown,,unknown,,unknown,,,,,,,
4840950,,unknown,,unknown,,unknown,,,,,,,
4841010,,unknown,,unknown,,unknown,,,,,,,
4841070,,unknown,,unknown,,unknown,,,,,,,
4841100,,unknown,,unknown,,unknown,,,,,,,
4841130,,unknown,,unknown,,unknown,,,,,,,
4841190,,unknown,,unknown,,unknown,,,,,,,
4841220,,unknown,,unknown,,unknown,,,,,,,
4841250,,unknown,,unknown,,unknown,,,,,,,
4841280,,unknown,,unknown,,unknown,,,,,,,
4841340,,unknown,,unknown,,unknown,,,,,,,
4841350,,unknown,,unknown,,unknown,,,,,,,
4841400,,unknown,,unknown,,unknown,,,,,,,
4841430,,unknown,,unknown,,unknown,,,,,,,
4841520,,unknown,,unknown,,unknown,,,,,,,
4841550,,unknown,,unknown,,unknown,,,,,,,
4841580,,unknown,,unknown,,unknown,,,,,,,
4841610,,unknown,,unknown,,unknown,,,,,,,
4841670,,unknown,,unknown,,unknown,,,,,,,
4841700,,unknown,2021Q2,program_calendar,2021Q1,from_applied_minus_1q,,,,,,,
4841760,,unknown,,unknown,,unknown,,,,,,,
4841790,,unknown,,unknown,,unknown,,,,,,,
4841820,,unknown,,unknown,,unknown,,,,,,,
4841850,,unknown,,unknown,,unknown,,,,,,,
4841880,,unknown,,unknown,,unknown,,,,,,,
4841910,,unknown,,unknown,,unknown,,,,,,,
4841970,,unknown,,unknown,,unknown,,,,,,,
4842000,,unknown,,unknown,,unknown,,,,,,,
4842030,,unknown,,unknown,,unknown,,,,,,,
4842060,,unknown,,unknown,,unknown,,,,,,,
4842090,,unknown,,unknown,,unknown,,,,,,,
4842120,,unknown,,unknown,,unknown,,,,,,,
4842210,,unknown,,unknown,,unknown,,,,,,,
1737680,2023Q4,exact,2023Q2,backcast_award_minus_2q,2023Q1,from_applied_minus_1q,nanQnan,nanQnan,nanQnan,,,,
4842280,,unknown,,unknown,,unknown,,,,,,,
4842300,,unknown,,unknown,,unknown,,,,,,,
4842330,,unknown,,unknown,,unknown,,,,,,,
4842360,,unknown,,unknown,,unknown,,,,,,,
4842390,,unknown,,unknown,,unknown,,,,,,,
4842420,,unknown,,unknown,,unknown,,,,,,,
4842450,,unknown,,unknown,,unknown,,,,,,,
4842480,,unknown,,unknown,,unknown,,,,,,,
4842510,,unknown,,unknown,,unknown,,,,,,,
4842540,,unknown,,unknown,,unknown,,,,,,,
4842570,,unknown,,unknown,,unknown,,,,,,,
4842630,,unknown,,unknown,,unknown,,,,,,,
4842660,,unknown,,unknown,,unknown,,,,,,,
4842690,,unknown,,unknown,,unknown,,,,,,,
4842720,,unknown,,unknown,,unknown,,,,,,,
4842780,,unknown,,unknown,,unknown,,,,,,,
4842810,,unknown,,unknown,,unknown,,,,,,,
4842840,,unknown,,unknown,,unknown,,,,,,,
4842870,,unknown,,unknown,,unknown,,,,,,,
4842900,,unknown,,unknown,,unknown,,,,,,,
4842930,,unknown,,unknown,,unknown,,,,,,,
4842960,,unknown,,unknown,,unknown,,,,,,,
4842990,,unknown,,unknown,,unknown,,,,,,,
4843110,,unknown,,unknown,,unknown,,,,,,,
4843140,,unknown,,unknown,,unknown,,,,,,,
4843170,,unknown,,unknown,,unknown,,,,,,,
4843200,,unknown,,unknown,,unknown,,,,,,,
4843230,,unknown,,unknown,,unknown,,,,,,,
4843260,,unknown,,unknown,,unknown,,,,,,,
4843290,,unknown,,unknown,,unknown,,,,,,,
4843320,,unknown,,unknown,,unknown,,,,,,,
4843350,,unknown,,unknown,,unknown,,,,,,,
4843400,,unknown,,unknown,,unknown,,,,,,,
4843470,,unknown,,unknown,,unknown,,,,,,,
4843530,,unknown,,unknown,,unknown,,,,,,,
4843560,,unknown,,unknown,,unknown,,,,,,,
4843650,,unknown,,unknown,,unknown,,,,,,,
4843680,,unknown,,unknown,,unknown,,,,,,,
4843720,,unknown,,unknown,,unknown,,,,,,,
4843740,,unknown,,unknown,,unknown,,,,,,,
4843760,,unknown,,unknown,,unknown,,,,,,,
2012030,2022Q4,exact,2022Q2,backcast_award_minus_2q,2022Q1,from_applied_minus_1q,2022Q4,2023Q2,2023Q2,0.0,2.0,0.0,2.0
4843860,,unknown,,unknown,,unknown,,,,,,,
4843890,,unknown,,unknown,,unknown,,,,,,,
4843920,,unknown,,unknown,,unknown,,,,,,,
4843950,,unknown,,unknown,,unknown,,,,,,,
4843980,,unknown,,unknown,,unknown,,,,,,,
4844010,,unknown,,unknown,,unknown,,,,,,,
4844040,,unknown,,unknown,,unknown,,,,,,,
4844110,,unknown,,unknown,,unknown,,,,,,,
4844150,,unknown,2020Q2,program_calendar,2020Q1,from_applied_minus_1q,,,,,,,
4844160,,unknown,,unknown,,unknown,,,,,,,
4844250,,unknown,,unknown,,unknown,,,,,,,
4844280,,unknown,,unknown,,unknown,,,,,,,
1737830,2022Q4,exact,2022Q2,backcast_award_minus_2q,2022Q1,from_applied_minus_1q,nanQnan,2023Q4,2023Q4,,,0.0,4.0
4844370,,unknown,,unknown,,unknown,,,,,,,
4844410,,unknown,,unknown,,unknown,,,,,,,
4844430,,unknown,,unknown,,unknown,,,,,,,
4844470,,unknown,,unknown,,unknown,,,,,,,
4844490,,unknown,,unknown,,unknown,,,,,,,
4844520,,unknown,,unknown,,unknown,,,,,,,
4844580,,unknown,,unknown,,unknown,,,,,,,
4844670,,unknown,,unknown,,unknown,,,,,,,
4844710,,unknown,,unknown,,unknown,,,,,,,
4844730,,unknown,,unknown,,unknown,,,,,,,
4844800,,unknown,,unknown,,unknown,,,,,,,
4844810,,unknown,,unknown,,unknown,,,,,,,
4844820,,unknown,,unknown,,unknown,,,,,,,
4844890,,unknown,,unknown,,unknown,,,,,,,
4844910,,unknown,,unknown,,unknown,,,,,,,
4844940,,unknown,,unknown,,unknown,,,,,,,
4844960,,unknown,,unknown,,unknown,,,,,,,
2633030,2024Q2,exact,2023Q4,backcast_award_minus_2q,2023Q3,from_applied_minus_1q,nanQnan,nanQnan,nanQnan,,,,
4845040,,unknown,,unknown,,unknown,,,,,,,
4845090,,unknown,,unknown,,unknown,,,,,,,
4845120,,unknown,,unknown,,unknown,,,,,,,
4845150,,unknown,,unknown,,unknown,,,,,,,
4845180,,unknown,,unknown,,unknown,,,,,,,
4845210,,unknown,,unknown,,unknown,,,,,,,
4845240,,unknown,,unknown,,unknown,,,,,,,
4845330,,unknown,,unknown,,unknown,,,,,,,
4845380,,unknown,,unknown,,unknown,,,,,,,
4845420,,unknown,,unknown,,unknown,,,,,,,
4845450,,unknown,,unknown,,unknown,,,,,,,
4845480,,unknown,,unknown,,unknown,,,,,,,
4845540,,unknown,,unknown,,unknown,,,,,,,
4845570,,unknown,,unknown,,unknown,,,,,,,
4845600,,unknown,,unknown,,unknown,,,,,,,
4845630,,unknown,,unknown,,unknown,,,,,,,
4845670,,unknown,,unknown,,unknown,,,,,,,
4845690,,unknown,,unknown,,unknown,,,,,,,
4845720,,unknown,,unknown,,unknown,,,,,,,
4845780,,unknown,,unknown,,unknown,,,,,,,
4845840,,unknown,,unknown,,unknown,,,,,,,
4845900,,unknown,,unknown,,unknown,,,,,,,
4845950,,unknown,,unknown,,unknown,,,,,,,
4845990,,unknown,,unknown,,unknown,,,,,,,
4846080,,unknown,,unknown,,unknown,,,,,,,
4846170,,unknown,,unknown,,unknown,,,,,,,
4846200,,unknown,,unknown,,unknown,,,,,,,
4846230,,unknown,,unknown,,unknown,,,,,,,
4846260,,unknown,,unknown,,unknown,,,,,,,
4846320,,unknown,,unknown,,unknown,,,,,,,
4846350,,unknown,,unknown,,unknown,,,,,,,
4846380,,unknown,,unknown,,unknown,,,,,,,
4846410,,unknown,,unknown,,unknown,,,,,,,
4846440,,unknown,,unknown,,unknown,,,,,,,
4846470,,unknown,,unknown,,unknown,,,,,,,
638010,2019Q3,exact,2019Q1,backcast_award_minus_2q,2018Q4,from_applied_minus_1q,2020Q2,2021Q2,2021Q3,3.0,4.0,1.0,8.0
4846530,,unknown,,unknown,,unknown,,,,,,,
4846590,,unknown,,unknown,,unknown,,,,,,,
4846620,,unknown,,unknown,,unknown,,,,,,,
4846650,,unknown,,unknown,,unknown,,,,,,,
4846680,,unknown,,unknown,,unknown,,,,,,,
4846710,,unknown,,unknown,,unknown,,,,,,,
4846740,,unknown,,unknown,,unknown,,,,,,,
4846770,,unknown,,unknown,,unknown,,,,,,,
4899130,,unknown,,unknown,,unknown,,,,,,,
4899131,,unknown,,unknown,,unknown,,,,,,,
4900005,,unknown,,unknown,,unknown,,,,,,,
4900008,,unknown,,unknown,,unknown,,,,,,,
4900009,,unknown,,unknown,,unknown,,,,,,,
4900011,,unknown,,unknown,,unknown,,,,,,,
4900012,,unknown,,unknown,,unknown,,,,,,,
4900013,,unknown,,unknown,,unknown,,,,,,,
4900014,,unknown,,unknown,,unknown,,,,,,,
4900015,,unknown,,unknown,,unknown,,,,,,,
4900016,,unknown,,unknown,,unknown,,,,,,,
4900017,,unknown,,unknown,,unknown,,,,,,,
4900018,,unknown,,unknown,,unknown,,,,,,,
4900019,,unknown,,unknown,,unknown,,,,,,,
4900020,,unknown,,unknown,,unknown,,,,,,,
4900021,,unknown,,unknown,,unknown,,,,,,,
4900022,,unknown,,unknown,,unknown,,,,,,,
4900023,,unknown,,unknown,,unknown,,,,,,,
4900024,,unknown,,unknown,,unknown,,,,,,,
4900025,,unknown,,unknown,,unknown,,,,,,,
4900027,,unknown,,unknown,,unknown,,,,,,,
4900028,,unknown,,unknown,,unknown,,,,,,,
4900029,,unknown,,unknown,,unknown,,,,,,,
4900030,,unknown,,unknown,,unknown,,,,,,,
4900031,,unknown,,unknown,,unknown,,,,,,,
4900032,,unknown,,unknown,,unknown,,,,,,,
4900033,,unknown,,unknown,,unknown,,,,,,,
4900034,,unknown,,unknown,,unknown,,,,,,,
4900035,,unknown,,unknown,,unknown,,,,,,,
4900036,,unknown,,unknown,,unknown,,,,,,,
4900037,,unknown,,unknown,,unknown,,,,,,,
4900038,,unknown,,unknown,,unknown,,,,,,,
4900039,,unknown,,unknown,,unknown,,,,,,,
4900040,,unknown,,unknown,,unknown,,,,,,,
4900041,,unknown,,unknown,,unknown,,,,,,,
4900042,,unknown,,unknown,,unknown,,,,,,,
4900043,,unknown,,unknown,,unknown,,,,,,,
4900044,,unknown,,unknown,,unknown,,,,,,,
4900045,,unknown,,unknown,,unknown,,,,,,,
4900046,,unknown,,unknown,,unknown,,,,,,,
4900048,,unknown,,unknown,,unknown,,,,,,,
4900049,,unknown,,unknown,,unknown,,,,,,,
4900050,,unknown,,unknown,,unknown,,,,,,,
4900051,,unknown,,unknown,,unknown,,,,,,,
4900052,,unknown,,unknown,,unknown,,,,,,,
4900056,,unknown,,unknown,,unknown,,,,,,,
4900058,,unknown,,unknown,,unknown,,,,,,,
4900060,,unknown,,unknown,,unknown,,,,,,,
4900061,,unknown,,unknown,,unknown,,,,,,,
4900062,,unknown,,unknown,,unknown,,,,,,,
4900063,,unknown,,unknown,,unknown,,,,,,,
4900064,,unknown,,unknown,,unknown,,,,,,,
4900065,,unknown,,unknown,,unknown,,,,,,,
4900066,,unknown,,unknown,,unknown,,,,,,,
4900067,,unknown,,unknown,,unknown,,,,,,,
4900068,,unknown,,unknown,,unknown,,,,,,,
4900069,,unknown,,unknown,,unknown,,,,,,,
4900070,,unknown,,unknown,,unknown,,,,,,,
4900071,,unknown,,unknown,,unknown,,,,,,,
638070,2018Q3,exact,2018Q1,backcast_award_minus_2q,2017Q4,from_applied_minus_1q,2018Q4,2020Q3,2020Q4,1.0,7.0,1.0,9.0
4900073,,unknown,,unknown,,unknown,,,,,,,
4900074,,unknown,,unknown,,unknown,,,,,,,
4900090,,unknown,,unknown,,unknown,,,,,,,
4900118,,unknown,,unknown,,unknown,,,,,,,
4900120,,unknown,,unknown,,unknown,,,,,,,
4900122,,unknown,,unknown,,unknown,,,,,,,
4900123,,unknown,,unknown,,unknown,,,,,,,
4900124,,unknown,,unknown,,unknown,,,,,,,
4900125,,unknown,,unknown,,unknown,,,,,,,
4900130,,unknown,,unknown,,unknown,,,,,,,
4900131,,unknown,,unknown,,unknown,,,,,,,
4900132,,unknown,,unknown,,unknown,,,,,,,
4900133,,unknown,,unknown,,unknown,,,,,,,
4900135,,unknown,,unknown,,unknown,,,,,,,
4900136,,unknown,,unknown,,unknown,,,,,,,
4900137,,unknown,,unknown,,unknown,,,,,,,
4900138,,unknown,,unknown,,unknown,,,,,,,
4900139,,unknown,,unknown,,unknown,,,,,,,
4900140,,unknown,,unknown,,unknown,,,,,,,
4900141,,unknown,,unknown,,unknown,,,,,,,
4900142,,unknown,,unknown,,unknown,,,,,,,
4900143,,unknown,,unknown,,unknown,,,,,,,
4900144,,unknown,,unknown,,unknown,,,,,,,
4900145,,unknown,,unknown,,unknown,,,,,,,
4900146,,unknown,,unknown,,unknown,,,,,,,
4900147,,unknown,,unknown,,unknown,,,,,,,
4900148,,unknown,,unknown,,unknown,,,,,,,
4900150,,unknown,,unknown,,unknown,,,,,,,
4900151,,unknown,,unknown,,unknown,,,,,,,
4900155,,unknown,,unknown,,unknown,,,,,,,
4900156,,unknown,,unknown,,unknown,,,,,,,
4900157,,unknown,,unknown,,unknown,,,,,,,
4900158,,unknown,,unknown,,unknown,,,,,,,
4900159,,unknown,,unknown,,unknown,,,,,,,
4900160,,unknown,,unknown,,unknown,,,,,,,
4900161,,unknown,,unknown,,unknown,,,,,,,
4900162,,unknown,,unknown,,unknown,,,,,,,
4900165,,unknown,,unknown,,unknown,,,,,,,
4900166,,unknown,,unknown,,unknown,,,,,,,
4900167,,unknown,,unknown,,unknown,,,,,,,
4900168,,unknown,,unknown,,unknown,,,,,,,
4900169,,unknown,,unknown,,unknown,,,,,,,
4900170,,unknown,,unknown,,unknown,,,,,,,
4900171,,unknown,,unknown,,unknown,,,,,,,
4900174,,unknown,,unknown,,unknown,,,,,,,
4900175,,unknown,,unknown,,unknown,,,,,,,
4900176,,unknown,,unknown,,unknown,,,,,,,
4900177,,unknown,,unknown,,unknown,,,,,,,
4900178,,unknown,,unknown,,unknown,,,,,,,
4900179,,unknown,,unknown,,unknown,,,,,,,
4900180,,unknown,,unknown,,unknown,,,,,,,
4900181,,unknown,,unknown,,unknown,,,,,,,
4900182,,unknown,,unknown,,unknown,,,,,,,
4900183,,unknown,,unknown,,unknown,,,,,,,
4900184,,unknown,,unknown,,unknown,,,,,,,
4900185,,unknown,,unknown,,unknown,,,,,,,
4900186,,unknown,,unknown,,unknown,,,,,,,
4900187,,unknown,,unknown,,unknown,,,,,,,
4900188,,unknown,,unknown,,unknown,,,,,,,
4900189,,unknown,,unknown,,unknown,,,,,,,
4900192,,unknown,,unknown,,unknown,,,,,,,
4900193,,unknown,,unknown,,unknown,,,,,,,
4900194,,unknown,,unknown,,unknown,,,,,,,
4900195,,unknown,,unknown,,unknown,,,,,,,
4900196,,unknown,,unknown,,unknown,,,,,,,
4900197,,unknown,,unknown,,unknown,,,,,,,
4900198,,unknown,,unknown,,unknown,,,,,,,
4900202,,unknown,,unknown,,unknown,,,,,,,
4900203,,unknown,,unknown,,unknown,,,,,,,
4900206,,unknown,,unknown,,unknown,,,,,,,
4900210,,unknown,,unknown,,unknown,,,,,,,
4900240,,unknown,,unknown,,unknown,,,,,,,
4900270,,unknown,,unknown,,unknown,,,,,,,
4900300,,unknown,,unknown,,unknown,,,,,,,
4900330,,unknown,,unknown,,unknown,,,,,,,
06STORE,2021Q3,exact,2021Q1,backcast_award_minus_2q,2020Q4,from_applied_minus_1q,2022Q2,2023Q1,2023Q2,3.0,3.0,1.0,7.0
4900390,,unknown,,unknown,,unknown,,,,,,,
4900420,,unknown,2021Q2,program_calendar,2021Q1,from_applied_minus_1q,,,,,,,
4900450,,unknown,,unknown,,unknown,,,,,,,
4900480,,unknown,,unknown,,unknown,,,,,,,
4900510,,unknown,,unknown,,unknown,,,,,,,
4900540,,unknown,,unknown,,unknown,,,,,,,
3904485,2023Q4,exact,2023Q2,backcast_award_minus_2q,2023Q1,from_applied_minus_1q,nanQnan,nanQnan,nanQnan,,,,
4900600,,unknown,,unknown,,unknown,,,,,,,
4900630,,unknown,,unknown,,unknown,,,,,,,
4900660,,unknown,2020Q2,program_calendar,2020Q1,from_applied_minus_1q,,,,,,,
4900690,,unknown,,unknown,,unknown,,,,,,,
4900720,,unknown,,unknown,,unknown,,,,,,,
09STUDE,2021Q4,exact,2021Q2,backcast_award_minus_2q,2021Q1,from_applied_minus_1q,2022Q3,2023Q2,2023Q2,3.0,3.0,0.0,6.0
4900780,,unknown,,unknown,,unknown,,,,,,,
4900810,,unknown,,unknown,,unknown,,,,,,,
4900840,,unknown,,unknown,,unknown,,,,,,,
36SUFFO,2016Q1,exact,2015Q3,backcast_award_minus_2q,2015Q2,from_applied_minus_1q,2016Q2,2018Q1,2018Q2,1.0,7.0,1.0,9.0
4900900,,unknown,,unknown,,unknown,,,,,,,
4900930,,unknown,,unknown,,unknown,,,,,,,
4900960,,unknown,,unknown,,unknown,,,,,,,
4900990,,unknown,,unknown,,unknown,,,,,,,
638220,2020Q3,exact,2020Q1,backcast_award_minus_2q,2019Q4,from_applied_minus_1q,2021Q2,2021Q4,2021Q4,3.0,2.0,0.0,5.0
4901050,,unknown,,unknown,,unknown,,,,,,,
5308550,2024Q2,exact,2023Q4,backcast_award_minus_2q,2023Q3,from_applied_minus_1q,nanQnan,nanQnan,nanQnan,,,,
4901110,,unknown,,unknown,,unknown,,,,,,,
4901140,,unknown,,unknown,,unknown,,,,,,,
4901170,,unknown,2020Q2,program_calendar,2020Q1,from_applied_minus_1q,,,,,,,
4901200,,unknown,,unknown,,unknown,,,,,,,
5000007,,unknown,,unknown,,unknown,,,,,,,
5000011,,unknown,,unknown,,unknown,,,,,,,
5000012,,unknown,,unknown,,unknown,,,,,,,
5000013,,unknown,,unknown,,unknown,,,,,,,
5000014,,unknown,,unknown,,unknown,,,,,,,
5000015,,unknown,,unknown,,unknown,,,,,,,
5000016,,unknown,,unknown,,unknown,,,,,,,
5000017,,unknown,,unknown,,unknown,,,,,,,
5000018,,unknown,,unknown,,unknown,,,,,,,
5000019,,unknown,,unknown,,unknown,,,,,,,
5000021,,unknown,,unknown,,unknown,,,,,,,
5000022,,unknown,,unknown,,unknown,,,,,,,
5000024,,unknown,,unknown,,unknown,,,,,,,
5000028,,unknown,,unknown,,unknown,,,,,,,
5000371,,unknown,,unknown,,unknown,,,,,,,
5000372,,unknown,,unknown,,unknown,,,,,,,
5000373,,unknown,,unknown,,unknown,,,,,,,
5000384,,unknown,,unknown,,unknown,,,,,,,
5000385,,unknown,,unknown,,unknown,,,,,,,
5000390,,unknown,,unknown,,unknown,,,,,,,
5000392,,unknown,,unknown,,unknown,,,,,,,
5000393,,unknown,,unknown,,unknown,,,,,,,
5000394,,unknown,,unknown,,unknown,,,,,,,
5000395,,unknown,,unknown,,unknown,,,,,,,
3100189,2022Q4,exact,2022Q2,backcast_award_minus_2q,2022Q1,from_applied_minus_1q,nanQnan,2023Q3,2023Q3,,,0.0,3.0
5000397,,unknown,,unknown,,unknown,,,,,,,
5000398,,unknown,,unknown,,unknown,,,,,,,
5000399,,unknown,,unknown,,unknown,,,,,,,
5000400,,unknown,,unknown,,unknown,,,,,,,
5000401,,unknown,,unknown,,unknown,,,,,,,
5000402,,unknown,,unknown,,unknown,,,,,,,
5000403,,unknown,,unknown,,unknown,,,,,,,
5000404,,unknown,,unknown,,unknown,,,,,,,
5000405,,unknown,,unknown,,unknown,,,,,,,
5000406,,unknown,,unknown,,unknown,,,,,,,
5000407,,unknown,,unknown,,unknown,,,,,,,
5000408,,unknown,,unknown,,unknown,,,,,,,
5000409,,unknown,,unknown,,unknown,,,,,,,
5000410,,unknown,,unknown,,unknown,,,,,,,
5000411,,unknown,,unknown,,unknown,,,,,,,
5000412,,unknown,,unknown,,unknown,,,,,,,
5000414,,unknown,,unknown,,unknown,,,,,,,
5000415,,unknown,,unknown,,unknown,,,,,,,
5401350,2024Q2,exact,2023Q4,backcast_award_minus_2q,2023Q3,from_applied_minus_1q,nanQnan,nanQnan,nanQnan,,,,
5000418,,unknown,,unknown,,unknown,,,,,,,
5000419,,unknown,,unknown,,unknown,,,,,,,
5000421,,unknown,,unknown,,unknown,,,,,,,
5000422,,unknown,,unknown,,unknown,,,,,,,
5000423,,unknown,,unknown,,unknown,,,,,,,
5000425,,unknown,,unknown,,unknown,,,,,,,
5000426,,unknown,,unknown,,unknown,,,,,,,
5000427,,unknown,,unknown,,unknown,,,,,,,
5000429,,unknown,,unknown,,unknown,,,,,,,
5000430,,unknown,,unknown,,unknown,,,,,,,
5000431,,unknown,,unknown,,unknown,,,,,,,
5000432,,unknown,,unknown,,unknown,,,,,,,
5000433,,unknown,,unknown,,unknown,,,,,,,
5000434,,unknown,,unknown,,unknown,,,,,,,
5000435,,unknown,,unknown,,unknown,,,,,,,
5000436,,unknown,,unknown,,unknown,,,,,,,
5000437,,unknown,,unknown,,unknown,,,,,,,
5000438,,unknown,,unknown,,unknown,,,,,,,
5000439,,unknown,,unknown,,unknown,,,,,,,
5000440,,unknown,,unknown,,unknown,,,,,,,
5000441,,unknown,,unknown,,unknown,,,,,,,
5000442,,unknown,,unknown,,unknown,,,,,,,
5000443,,unknown,,unknown,,unknown,,,,,,,
5000444,,unknown,,unknown,,unknown,,,,,,,
3415900,2024Q2,exact,2023Q4,backcast_award_minus_2q,2023Q3,from_applied_minus_1q,nanQnan,nanQnan,nanQnan,,,,
5000446,,unknown,,unknown,,unknown,,,,,,,
806810,2023Q3,exact,2023Q1,backcast_award_minus_2q,2022Q4,from_applied_minus_1q,2023Q4,nanQnan,nanQnan,1.0,,,
5000448,,unknown,,unknown,,unknown,,,,,,,
5000449,,unknown,,unknown,,unknown,,,,,,,
4503902,2022Q4,exact,2022Q2,backcast_award_minus_2q,2022Q1,from_applied_minus_1q,2023Q1,2023Q3,2023Q3,1.0,2.0,0.0,3.0
5001770,,unknown,,unknown,,unknown,,,,,,,
5308670,2022Q1,exact,2021Q3,backcast_award_minus_2q,2021Q2,from_applied_minus_1q,2022Q2,2023Q1,2023Q2,1.0,3.0,1.0,5.0
5002610,,unknown,,unknown,,unknown,,,,,,,
5002820,,unknown,,unknown,,unknown,,,,,,,
5002850,,unknown,,unknown,,unknown,,,,,,,
5002910,,unknown,,unknown,,unknown,,,,,,,
5002940,,unknown,,unknown,,unknown,,,,,,,
5003060,,unknown,,unknown,,unknown,,,,,,,
5003240,,unknown,,unknown,,unknown,,,,,,,
5003360,,unknown,,unknown,,unknown,,,,,,,
5003390,,unknown,,unknown,,unknown,,,,,,,
5003450,,unknown,,unknown,,unknown,,,,,,,
5003480,,unknown,,unknown,,unknown,,,,,,,
638460,2018Q4,exact,2018Q2,backcast_award_minus_2q,2018Q1,from_applied_minus_1q,2019Q3,2020Q3,2020Q4,3.0,4.0,1.0,8.0
5004080,,unknown,,unknown,,unknown,,,,,,,
5004140,,unknown,,unknown,,unknown,,,,,,,
5004500,,unknown,,unknown,,unknown,,,,,,,
5004590,,unknown,,unknown,,unknown,,,,,,,
5004620,,unknown,,unknown,,unknown,,,,,,,
5004710,,unknown,,unknown,,unknown,,,,,,,
5004830,,unknown,,unknown,,unknown,,,,,,,
5004950,,unknown,,unknown,,unknown,,,,,,,
5004960,,unknown,,unknown,,unknown,,,,,,,
5005050,,unknown,,unknown,,unknown,,,,,,,
5005220,,unknown,,unknown,,unknown,,,,,,,
5005400,,unknown,,unknown,,unknown,,,,,,,
5005610,,unknown,,unknown,,unknown,,,,,,,
5005760,,unknown,,unknown,,unknown,,,,,,,
5005810,,unknown,,unknown,,unknown,,,,,,,
5006000,,unknown,,unknown,,unknown,,,,,,,
5006030,,unknown,,unknown,,unknown,,,,,,,
5006060,,unknown,,unknown,,unknown,,,,,,,
5006180,,unknown,,unknown,,unknown,,,,,,,
5006390,,unknown,,unknown,,unknown,,,,,,,
5006450,,unknown,,unknown,,unknown,,,,,,,
5006780,,unknown,,unknown,,unknown,,,,,,,
5006930,,unknown,,unknown,,unknown,,,,,,,
5007050,,unknown,,unknown,,unknown,,,,,,,
5007080,,unknown,,unknown,,unknown,,,,,,,
3704410,2022Q4,exact,2022Q2,backcast_award_minus_2q,2022Q1,from_applied_minus_1q,2023Q1,2023Q4,2023Q4,1.0,3.0,0.0,4.0
5007200,,unknown,,unknown,,unknown,,,,,,,
5007260,,unknown,,unknown,,unknown,,,,,,,
3704440,2022Q4,exact,2022Q2,backcast_award_minus_2q,2022Q1,from_applied_minus_1q,2023Q1,2023Q4,2023Q4,1.0,3.0,0.0,4.0
5007500,,unknown,,unknown,,unknown,,,,,,,
5007530,,unknown,,unknown,,unknown,,,,,,,
5007650,,unknown,,unknown,,unknown,,,,,,,
5007680,,unknown,,unknown,,unknown,,,,,,,
5007710,,unknown,,unknown,,unknown,,,,,,,
5007830,,unknown,,unknown,,unknown,,,,,,,
5007860,,unknown,,unknown,,unknown,,,,,,,
5008010,,unknown,,unknown,,unknown,,,,,,,
5008130,,unknown,,unknown,,unknown,,,,,,,
5008224,,unknown,,unknown,,unknown,,,,,,,
5008225,,unknown,,unknown,,unknown,,,,,,,
5008242,,unknown,,unknown,,unknown,,,,,,,
5008243,,unknown,,unknown,,unknown,,,,,,,
5008246,,unknown,,unknown,,unknown,,,,,,,
24SWANN,2022Q1,exact,2021Q3,backcast_award_minus_2q,2021Q2,from_applied_minus_1q,2022Q2,2023Q1,2023Q2,1.0,3.0,1.0,5.0
5008700,,unknown,,unknown,,unknown,,,,,,,
5008910,,unknown,,unknown,,unknown,,,,,,,
5008970,,unknown,,unknown,,unknown,,,,,,,
5009000,,unknown,,unknown,,unknown,,,,,,,
5009270,,unknown,,unknown,,unknown,,,,,,,
5009330,,unknown,,unknown,,unknown,,,,,,,
5009360,,unknown,,unknown,,unknown,,,,,,,
5009390,,unknown,,unknown,,unknown,,,,,,,
5009570,,unknown,,unknown,,unknown,,,,,,,
5009600,,unknown,,unknown,,unknown,,,,,,,
5099901,,unknown,,unknown,,unknown,,,,,,,
5099902,,unknown,,unknown,,unknown,,,,,,,
5099903,,unknown,,unknown,,unknown,,,,,,,
5099904,,unknown,,unknown,,unknown,,,,,,,
5099905,,unknown,,unknown,,unknown,,,,,,,
5099906,,unknown,,unknown,,unknown,,,,,,,
5099907,,unknown,,unknown,,unknown,,,,,,,
3628500,2023Q1,exact,2022Q3,backcast_award_minus_2q,2022Q2,from_applied_minus_1q,2023Q2,2024Q1,2024Q1,1.0,3.0,0.0,4.0
5099910,,unknown,,unknown,,unknown,,,,,,,
5099911,,unknown,,unknown,,unknown,,,,,,,
5099912,,unknown,,unknown,,unknown,,,,,,,
5099914,,unknown,,unknown,,unknown,,,,,,,
5099915,,unknown,,unknown,,unknown,,,,,,,
5099916,,unknown,,unknown,,unknown,,,,,,,
5099917,,unknown,,unknown,,unknown,,,,,,,
5099919,,unknown,,unknown,,unknown,,,,,,,
5099920,,unknown,,unknown,,unknown,,,,,,,
5099921,,unknown,,unknown,,unknown,,,,,,,
5099922,,unknown,,unknown,,unknown,,,,,,,
5099923,,unknown,,unknown,,unknown,,,,,,,
5099924,,unknown,,unknown,,unknown,,,,,,,
5099925,,unknown,,unknown,,unknown,,,,,,,
5099926,,unknown,,unknown,,unknown,,,,,,,
5099927,,unknown,,unknown,,unknown,,,,,,,
5099928,,unknown,,unknown,,unknown,,,,,,,
638640,2022Q2,exact,2021Q2,program_calendar,2021Q1,from_applied_minus_1q,2022Q3,nanQnan,nanQnan,1.0,,,
5099931,,unknown,,unknown,,unknown,,,,,,,
5099932,,unknown,,unknown,,unknown,,,,,,,
5099933,,unknown,,unknown,,unknown,,,,,,,
5099934,,unknown,,unknown,,unknown,,,,,,,
5099935,,unknown,,unknown,,unknown,,,,,,,
5099936,,unknown,,unknown,,unknown,,,,,,,
5099940,,unknown,,unknown,,unknown,,,,,,,
5099942,,unknown,,unknown,,unknown,,,,,,,
5099946,,unknown,,unknown,,unknown,,,,,,,
5099947,,unknown,,unknown,,unknown,,,,,,,
5099948,,unknown,,unknown,,unknown,,,,,,,
5099949,,unknown,,unknown,,unknown,,,,,,,
5099951,,unknown,,unknown,,unknown,,,,,,,
5099952,,unknown,,unknown,,unknown,,,,,,,
5099954,,unknown,,unknown,,unknown,,,,,,,
5099955,,unknown,,unknown,,unknown,,,,,,,
5099956,,unknown,,unknown,,unknown,,,,,,,
5099962,,unknown,,unknown,,unknown,,,,,,,
5100003,,unknown,,unknown,,unknown,,,,,,,
5100004,,unknown,,unknown,,unknown,,,,,,,
5100006,,unknown,,unknown,,unknown,,,,,,,
5100008,,unknown,,unknown,,unknown,,,,,,,
5100009,,unknown,,unknown,,unknown,,,,,,,
5100011,,unknown,,unknown,,unknown,,,,,,,
5100012,,unknown,,unknown,,unknown,,,,,,,
5100013,,unknown,,unknown,,unknown,,,,,,,
5100014,,unknown,,unknown,,unknown,,,,,,,
5100017,,unknown,,unknown,,unknown,,,,,,,
5100018,,unknown,,unknown,,unknown,,,,,,,
5100024,,unknown,,unknown,,unknown,,,,,,,
5100025,,unknown,,unknown,,unknown,,,,,,,
5100026,,unknown,,unknown,,unknown,,,,,,,
5100028,,unknown,,unknown,,unknown,,,,,,,
5100029,,unknown,,unknown,,unknown,,,,,,,
5100032,,unknown,,unknown,,unknown,,,,,,,
5100033,,unknown,,unknown,,unknown,,,,,,,
5100034,,unknown,,unknown,,unknown,,,,,,,
5100035,,unknown,,unknown,,unknown,,,,,,,
5100038,,unknown,,unknown,,unknown,,,,,,,
5100040,,unknown,,unknown,,unknown,,,,,,,
5100041,,unknown,,unknown,,unknown,,,,,,,
5100042,,unknown,,unknown,,unknown,,,,,,,
5100045,,unknown,,unknown,,unknown,,,,,,,
5100046,,unknown,,unknown,,unknown,,,,,,,
5100047,,unknown,,unknown,,unknown,,,,,,,
5100048,,unknown,,unknown,,unknown,,,,,,,
5100050,,unknown,,unknown,,unknown,,,,,,,
5100051,,unknown,,unknown,,unknown,,,,,,,
5100052,,unknown,,unknown,,unknown,,,,,,,
5100053,,unknown,,unknown,,unknown,,,,,,,
5100054,,unknown,,unknown,,unknown,,,,,,,
5100055,,unknown,,unknown,,unknown,,,,,,,
5100056,,unknown,,unknown,,unknown,,,,,,,
5100058,,unknown,,unknown,,unknown,,,,,,,
5100060,,unknown,,unknown,,unknown,,,,,,,
5100061,,unknown,,unknown,,unknown,,,,,,,
5100062,,unknown,,unknown,,unknown,,,,,,,
5100063,,unknown,,unknown,,unknown,,,,,,,
5100070,,unknown,,unknown,,unknown,,,,,,,
5100071,,unknown,,unknown,,unknown,,,,,,,
5100072,,unknown,,unknown,,unknown,,,,,,,
5100073,,unknown,,unknown,,unknown,,,,,,,
5100074,,unknown,,unknown,,unknown,,,,,,,
5100075,,unknown,,unknown,,unknown,,,,,,,
5100076,,unknown,,unknown,,unknown,,,,,,,
5100077,,unknown,,unknown,,unknown,,,,,,,
5100078,,unknown,,unknown,,unknown,,,,,,,
5100079,,unknown,,unknown,,unknown,,,,,,,
5100080,,unknown,,unknown,,unknown,,,,,,,
5100081,,unknown,,unknown,,unknown,,,,,,,
5100082,,unknown,,unknown,,unknown,,,,,,,
5100083,,unknown,,unknown,,unknown,,,,,,,
5100084,,unknown,,unknown,,unknown,,,,,,,
5100086,,unknown,,unknown,,unknown,,,,,,,
5100087,,unknown,,unknown,,unknown,,,,,,,
5100088,,unknown,,unknown,,unknown,,,,,,,
5100089,,unknown,,unknown,,unknown,,,,,,,
5308700,2022Q1,exact,2021Q3,backcast_award_minus_2q,2021Q2,from_applied_minus_1q,2023Q2,2024Q1,2024Q1,5.0,3.0,0.0,8.0
5100091,,unknown,,unknown,,unknown,,,,,,,
5100092,,unknown,,unknown,,unknown,,,,,,,
5100093,,unknown,,unknown,,unknown,,,,,,,
5100094,,unknown,,unknown,,unknown,,,,,,,
5100096,,unknown,,unknown,,unknown,,,,,,,
5100097,,unknown,,unknown,,unknown,,,,,,,
5100099,,unknown,,unknown,,unknown,,,,,,,
5100100,,unknown,,unknown,,unknown,,,,,,,
5100102,,unknown,,unknown,,unknown,,,,,,,
5100103,,unknown,,unknown,,unknown,,,,,,,
5100105,,unknown,,unknown,,unknown,,,,,,,
5100107,,unknown,,unknown,,unknown,,,,,,,
5100109,,unknown,,unknown,,unknown,,,,,,,
5000417,2022Q4,exact,2022Q2,backcast_award_minus_2q,2022Q1,from_applied_minus_1q,2023Q1,2023Q3,2023Q3,1.0,2.0,0.0,3.0
5100152,,unknown,,unknown,,unknown,,,,,,,
3628620,2022Q4,exact,2022Q2,backcast_award_minus_2q,2022Q1,from_applied_minus_1q,2023Q3,2024Q3,nanQnan,3.0,4.0,,
638700,2019Q3,exact,2019Q1,backcast_award_minus_2q,2018Q4,from_applied_minus_1q,2020Q2,2020Q4,2021Q1,3.0,2.0,1.0,6.0
5100240,,unknown,,unknown,,unknown,,,,,,,
5100251,,unknown,,unknown,,unknown,,,,,,,
5100252,,unknown,,unknown,,unknown,,,,,,,
5100253,,unknown,,unknown,,unknown,,,,,,,
5100255,,unknown,,unknown,,unknown,,,,,,,
5100256,,unknown,,unknown,,unknown,,,,,,,
5100258,,unknown,,unknown,,unknown,,,,,,,
638770,2020Q3,exact,2021Q2,program_calendar,2021Q1,from_applied_minus_1q,2021Q2,2022Q3,2022Q4,3.0,5.0,1.0,9.0
2804230,2022Q4,exact,2022Q2,backcast_award_minus_2q,2022Q1,from_applied_minus_1q,2023Q1,2023Q4,2023Q4,1.0,3.0,0.0,4.0
5100330,,unknown,2021Q2,program_calendar,2021Q1,from_applied_minus_1q,,,,,,,
4842240,2024Q2,exact,2023Q4,backcast_award_minus_2q,2023Q3,from_applied_minus_1q,nanQnan,nanQnan,nanQnan,,,,
5100390,,unknown,,unknown,,unknown,,,,,,,
5100420,,unknown,,unknown,,unknown,,,,,,,
5100450,,unknown,,unknown,,unknown,,,,,,,
3416080,2021Q1,exact,2020Q3,backcast_award_minus_2q,2020Q2,from_applied_minus_1q,2021Q4,2023Q1,2023Q2,3.0,5.0,1.0,9.0
5100510,,unknown,,unknown,,unknown,,,,,,,
5100540,,unknown,,unknown,,unknown,,,,,,,
5100560,,unknown,,unknown,,unknown,,,,,,,
5308790,2022Q4,exact,2022Q2,backcast_award_minus_2q,2022Q1,from_applied_minus_1q,2023Q1,2023Q2,2023Q2,1.0,1.0,0.0,2.0
5100660,,unknown,,unknown,,unknown,,,,,,,
3700472,2022Q4,exact,2022Q2,backcast_award_minus_2q,2022Q1,from_applied_minus_1q,2023Q1,2023Q4,2023Q4,1.0,3.0,0.0,4.0
408310,2023Q3,exact,2023Q1,backcast_award_minus_2q,2022Q4,from_applied_minus_1q,2023Q4,nanQnan,nanQnan,1.0,,,
639060,2022Q1,exact,2021Q3,backcast_award_minus_2q,2021Q2,from_applied_minus_1q,2022Q2,2024Q3,nanQnan,1.0,9.0,,
2600173,2024Q2,exact,2023Q4,backcast_award_minus_2q,2023Q3,from_applied_minus_1q,nanQnan,nanQnan,nanQnan,,,,
89169,2020Q1,exact,2019Q3,backcast_award_minus_2q,2019Q2,from_applied_minus_1q,2020Q4,2022Q1,2022Q1,3.0,5.0,0.0,8.0
10TEENW,2020Q4,exact,2020Q2,backcast_award_minus_2q,2020Q1,from_applied_minus_1q,2021Q2,2021Q2,2021Q2,2.0,0.0,0.0,2.0
5100870,,unknown,,unknown,,unknown,,,,,,,
5100930,,unknown,,unknown,,unknown,,,,,,,
5100960,,unknown,,unknown,,unknown,,,,,,,
5101020,,unknown,,unknown,,unknown,,,,,,,
5900132,2022Q1,exact,2021Q3,backcast_award_minus_2q,2021Q2,from_applied_minus_1q,2022Q2,2023Q1,2023Q2,1.0,3.0,1.0,5.0
5101080,,unknown,,unknown,,unknown,,,,,,,
5101110,,unknown,2021Q2,program_calendar,2021Q1,from_applied_minus_1q,,,,,,,
5101140,,unknown,2020Q2,program_calendar,2020Q1,from_applied_minus_1q,,,,,,,
5101170,,unknown,,unknown,,unknown,,,,,,,
639180,2018Q3,exact,2018Q1,backcast_award_minus_2q,2017Q4,from_applied_minus_1q,2018Q4,2020Q3,2020Q4,1.0,7.0,1.0,9.0
3026100,2023Q4,exact,2023Q2,backcast_award_minus_2q,2023Q1,from_applied_minus_1q,nanQnan,nanQnan,nanQnan,,,,
805400,2023Q3,exact,2020Q2,program_calendar,2020Q1,from_applied_minus_1q,2023Q4,nanQnan,nanQnan,1.0,,,
5101320,,unknown,,unknown,,unknown,,,,,,,
2633840,2019Q3,exact,2019Q1,backcast_award_minus_2q,2018Q4,from_applied_minus_1q,2019Q4,2019Q4,2020Q1,1.0,0.0,1.0,2.0
5101380,,unknown,,unknown,,unknown,,,,,,,
1304980,2022Q4,exact,2022Q2,backcast_award_minus_2q,2022Q1,from_applied_minus_1q,2023Q2,2023Q4,2023Q4,2.0,2.0,0.0,4.0
5101440,,unknown,,unknown,,unknown,,,,,,,
5101470,,unknown,,unknown,,unknown,,,,,,,
4112240,2022Q3,exact,2022Q1,backcast_award_minus_2q,2021Q4,from_applied_minus_1q,2022Q4,2023Q3,2023Q3,1.0,3.0,0.0,4.0
4000013,2024Q2,exact,2023Q4,backcast_award_minus_2q,2023Q3,from_applied_minus_1q,nanQnan,nanQnan,nanQnan,,,,
5101590,,unknown,,unknown,,unknown,,,,,,,
5101620,,unknown,,unknown,,unknown,,,,,,,
4901020,2022Q4,exact,2022Q2,backcast_award_minus_2q,2022Q1,from_applied_minus_1q,nanQnan,2024Q3,nanQnan,,,,
3904561,2024Q2,exact,2023Q4,backcast_award_minus_2q,2023Q3,from_applied_minus_1q,nanQnan,nanQnan,nanQnan,,,,
5101710,,unknown,,unknown,,unknown,,,,,,,
5101740,,unknown,,unknown,,unknown,,,,,,,
5101770,,unknown,2020Q2,program_calendar,2020Q1,from_applied_minus_1q,,,,,,,
601952,2017Q2,exact,2016Q4,backcast_award_minus_2q,2016Q3,from_applied_minus_1q,2017Q3,2019Q2,2019Q3,1.0,7.0,1.0,9.0
5101830,,unknown,,unknown,,unknown,,,,,,,
408520,2023Q4,exact,2023Q2,backcast_award_minus_2q,2023Q1,from_applied_minus_1q,nanQnan,nanQnan,nanQnan,,,,
3416230,2024Q2,exact,2020Q2,program_calendar,2020Q1,from_applied_minus_1q,nanQnan,nanQnan,nanQnan,,,,
5101920,,unknown,,unknown,,unknown,,,,,,,
5101950,,unknown,,unknown,,unknown,,,,,,,
5101980,,unknown,,unknown,,unknown,,,,,,,
5102010,,unknown,,unknown,,unknown,,,,,,,
5102070,,unknown,,unknown,,unknown,,,,,,,
5102100,,unknown,,unknown,,unknown,,,,,,,
5102120,,unknown,,unknown,,unknown,,,,,,,
5102160,,unknown,,unknown,,unknown,,,,,,,
5102173,,unknown,,unknown,,unknown,,,,,,,
5102174,,unknown,,unknown,,unknown,,,,,,,
5102175,,unknown,,unknown,,unknown,,,,,,,
5102176,,unknown,,unknown,,unknown,,,,,,,
5102177,,unknown,,unknown,,unknown,,,,,,,
5308940,2023Q4,exact,2021Q2,program_calendar,2021Q1,from_applied_minus_1q,nanQnan,nanQnan,nanQnan,,,,
5102220,,unknown,,unknown,,unknown,,,,,,,
2012260,2023Q4,exact,2023Q2,backcast_award_minus_2q,2023Q1,from_applied_minus_1q,nanQnan,nanQnan,nanQnan,,,,
5308970,2022Q4,exact,2022Q2,backcast_award_minus_2q,2022Q1,from_applied_minus_1q,nanQnan,2023Q1,2023Q1,,,0.0,1.0
5102310,,unknown,,unknown,,unknown,,,,,,,
639420,2023Q3,exact,2023Q1,backcast_award_minus_2q,2022Q4,from_applied_minus_1q,2023Q4,nanQnan,nanQnan,1.0,,,
1704170,2022Q1,exact,2021Q3,backcast_award_minus_2q,2021Q2,from_applied_minus_1q,2022Q2,2023Q1,2023Q2,1.0,3.0,1.0,5.0
5102370,,unknown,2021Q2,program_calendar,2021Q1,from_applied_minus_1q,,,,,,,
5102390,,unknown,,unknown,,unknown,,,,,,,
34MAPLE,2023Q1,exact,2022Q3,backcast_award_minus_2q,2022Q2,from_applied_minus_1q,2023Q2,2024Q1,2024Q1,1.0,3.0,0.0,4.0
5102430,,unknown,,unknown,,unknown,,,,,,,
5102460,,unknown,,unknown,,unknown,,,,,,,
3704530,2021Q3,exact,2021Q1,backcast_award_minus_2q,2020Q4,from_applied_minus_1q,2022Q1,2022Q4,2023Q1,2.0,3.0,1.0,6.0
639600,2019Q3,exact,2019Q1,backcast_award_minus_2q,2018Q4,from_applied_minus_1q,2020Q2,2020Q4,2021Q1,3.0,2.0,1.0,6.0
2633870,2024Q2,exact,2023Q4,backcast_award_minus_2q,2023Q3,from_applied_minus_1q,nanQnan,nanQnan,nanQnan,,,,
5102610,,unknown,,unknown,,unknown,,,,,,,
5102640,,unknown,2020Q2,program_calendar,2020Q1,from_applied_minus_1q,,,,,,,
5102670,,unknown,2020Q2,program_calendar,2020Q1,from_applied_minus_1q,,,,,,,
602157,2022Q2,exact,2021Q4,backcast_award_minus_2q,2021Q3,from_applied_minus_1q,2022Q3,nanQnan,nanQnan,1.0,,,
5102730,,unknown,,unknown,,unknown,,,,,,,
5102760,,unknown,,unknown,,unknown,,,,,,,
5102790,,unknown,,unknown,,unknown,,,,,,,
5102820,,unknown,,unknown,,unknown,,,,,,,
5102850,,unknown,,unknown,,unknown,,,,,,,
5102880,,unknown,2020Q2,program_calendar,2020Q1,from_applied_minus_1q,,,,,,,
1739390,2024Q2,exact,2023Q4,backcast_award_minus_2q,2023Q3,from_applied_minus_1q,nanQnan,nanQnan,nanQnan,,,,
3416290,2019Q1,exact,2018Q3,backcast_award_minus_2q,2018Q2,from_applied_minus_1q,2020Q2,2021Q4,2022Q1,5.0,6.0,1.0,12.0
5102980,,unknown,,unknown,,unknown,,,,,,,
2633900,2024Q2,exact,2023Q4,backcast_award_minus_2q,2023Q3,from_applied_minus_1q,nanQnan,nanQnan,nanQnan,,,,
1737350,2019Q3,exact,2019Q1,backcast_award_minus_2q,2018Q4,from_applied_minus_1q,2019Q4,2021Q1,2021Q2,1.0,5.0,1.0,7.0
5103060,,unknown,,unknown,,unknown,,,,,,,
5103090,,unknown,,unknown,,unknown,,,,,,,
1927990,2024Q2,exact,2023Q4,backcast_award_minus_2q,2023Q3,from_applied_minus_1q,nanQnan,nanQnan,nanQnan,,,,
5103150,,unknown,,unknown,,unknown,,,,,,,
5103180,,unknown,,unknown,,unknown,,,,,,,
5103210,,unknown,2020Q2,program_calendar,2020Q1,from_applied_minus_1q,,,,,,,
5103240,,unknown,,unknown,,unknown,,,,,,,
5103270,,unknown,,unknown,,unknown,,,,,,,
5103300,,unknown,,unknown,,unknown,,,,,,,
5103330,,unknown,2020Q2,program_calendar,2020Q1,from_applied_minus_1q,,,,,,,
5103370,,unknown,,unknown,,unknown,,,,,,,
5103390,,unknown,,unknown,,unknown,,,,,,,
5103420,,unknown,,unknown,,unknown,,,,,,,
5103460,,unknown,,unknown,,unknown,,,,,,,
5103480,,unknown,,unknown,,unknown,,,,,,,
5103510,,unknown,,unknown,,unknown,,,,,,,
5103520,,unknown,,unknown,,unknown,,,,,,,
2105580,2022Q4,exact,2022Q2,backcast_award_minus_2q,2022Q1,from_applied_minus_1q,nanQnan,2024Q2,2024Q2,,,0.0,6.0
5103640,,unknown,,unknown,,unknown,,,,,,,
5103660,,unknown,,unknown,,unknown,,,,,,,
5103690,,unknown,,unknown,,unknown,,,,,,,
5103710,,unknown,,unknown,,unknown,,,,,,,
5103750,,unknown,,unknown,,unknown,,,,,,,
5103780,,unknown,,unknown,,unknown,,,,,,,
5103810,,unknown,,unknown,,unknown,,,,,,,
601331,2022Q3,exact,2022Q1,backcast_award_minus_2q,2021Q4,from_applied_minus_1q,2022Q3,2023Q3,2023Q3,0.0,4.0,0.0,4.0
5103870,,unknown,2021Q2,program_calendar,2021Q1,from_applied_minus_1q,,,,,,,
4672450,2024Q2,exact,2023Q4,backcast_award_minus_2q,2023Q3,from_applied_minus_1q,nanQnan,nanQnan,nanQnan,,,,
3026520,2023Q4,exact,2023Q2,backcast_award_minus_2q,2023Q1,from_applied_minus_1q,nanQnan,nanQnan,nanQnan,,,,
5103950,,unknown,,unknown,,unknown,,,,,,,
4223790,2022Q4,exact,2022Q2,backcast_award_minus_2q,2022Q1,from_applied_minus_1q,nanQnan,2024Q2,2024Q2,,,0.0,6.0
1739510,2022Q1,exact,2021Q3,backcast_award_minus_2q,2021Q2,from_applied_minus_1q,2022Q2,2022Q4,2023Q1,1.0,2.0,1.0,4.0
5104050,,unknown,,unknown,,unknown,,,,,,,
2634260,2024Q2,exact,2023Q4,backcast_award_minus_2q,2023Q3,from_applied_minus_1q,nanQnan,nanQnan,nanQnan,,,,
5104110,,unknown,,unknown,,unknown,,,,,,,
5104150,,unknown,,unknown,,unknown,,,,,,,
5300001,,unknown,,unknown,,unknown,,,,,,,
5300002,,unknown,,unknown,,unknown,,,,,,,
5300003,,unknown,,unknown,,unknown,,,,,,,
5300004,,unknown,,unknown,,unknown,,,,,,,
5300005,,unknown,,unknown,,unknown,,,,,,,
5300006,,unknown,,unknown,,unknown,,,,,,,
5300007,,unknown,,unknown,,unknown,,,,,,,
5300008,,unknown,,unknown,,unknown,,,,,,,
5300010,,unknown,,unknown,,unknown,,,,,,,
5300011,,unknown,,unknown,,unknown,,,,,,,
5300012,,unknown,,unknown,,unknown,,,,,,,
5300013,,unknown,,unknown,,unknown,,,,,,,
5300014,,unknown,,unknown,,unknown,,,,,,,
5300015,,unknown,,unknown,,unknown,,,,,,,
5300016,,unknown,,unknown,,unknown,,,,,,,
5300017,,unknown,,unknown,,unknown,,,,,,,
5300030,,unknown,,unknown,,unknown,,,,,,,
5300060,,unknown,,unknown,,unknown,,,,,,,
5300090,,unknown,,unknown,,unknown,,,,,,,
5300150,,unknown,2020Q2,program_calendar,2020Q1,from_applied_minus_1q,,,,,,,
5300240,,unknown,,unknown,,unknown,,,,,,,
5300280,,unknown,,unknown,,unknown,,,,,,,
5300300,,unknown,,unknown,,unknown,,,,,,,
5300313,,unknown,,unknown,,unknown,,,,,,,
5300314,,unknown,,unknown,,unknown,,,,,,,
5300315,,unknown,,unknown,,unknown,,,,,,,
5300317,,unknown,,unknown,,unknown,,,,,,,
5300318,,unknown,,unknown,,unknown,,,,,,,
5300319,,unknown,,unknown,,unknown,,,,,,,
5300320,,unknown,,unknown,,unknown,,,,,,,
5300321,,unknown,,unknown,,unknown,,,,,,,
5300322,,unknown,,unknown,,unknown,,,,,,,
5300323,,unknown,,unknown,,unknown,,,,,,,
5300324,,unknown,,unknown,,unknown,,,,,,,
5300325,,unknown,,unknown,,unknown,,,,,,,
5300326,,unknown,,unknown,,unknown,,,,,,,
5300328,,unknown,,unknown,,unknown,,,,,,,
5300330,,unknown,,unknown,,unknown,,,,,,,
5300333,,unknown,,unknown,,unknown,,,,,,,
5300334,,unknown,,unknown,,unknown,,,,,,,
5300335,,unknown,,unknown,,unknown,,,,,,,
5300337,,unknown,,unknown,,unknown,,,,,,,
5300339,,unknown,,unknown,,unknown,,,,,,,
5300340,,unknown,,unknown,,unknown,,,,,,,
5300341,,unknown,,unknown,,unknown,,,,,,,
5300342,,unknown,,unknown,,unknown,,,,,,,
5300343,,unknown,,unknown,,unknown,,,,,,,
5300345,,unknown,,unknown,,unknown,,,,,,,
5300347,,unknown,,unknown,,unknown,,,,,,,
5300348,,unknown,,unknown,,unknown,,,,,,,
5300349,,unknown,,unknown,,unknown,,,,,,,
5300350,,unknown,,unknown,,unknown,,,,,,,
5300351,,unknown,,unknown,,unknown,,,,,,,
5300352,,unknown,,unknown,,unknown,,,,,,,
5300354,,unknown,,unknown,,unknown,,,,,,,
5300355,,unknown,,unknown,,unknown,,,,,,,
5300380,,unknown,,unknown,,unknown,,,,,,,
5300390,,unknown,,unknown,,unknown,,,,,,,
5300420,,unknown,,unknown,,unknown,,,,,,,
5300450,,unknown,,unknown,,unknown,,,,,,,
5300480,,unknown,,unknown,,unknown,,,,,,,
5300510,,unknown,,unknown,,unknown,,,,,,,
5300570,,unknown,,unknown,,unknown,,,,,,,
5300630,,unknown,,unknown,,unknown,,,,,,,
5300660,,unknown,,unknown,,unknown,,,,,,,
5300690,,unknown,,unknown,,unknown,,,,,,,
5300720,,unknown,,unknown,,unknown,,,,,,,
5300750,,unknown,2020Q2,program_calendar,2020Q1,from_applied_minus_1q,,,,,,,
5300780,,unknown,,unknown,,unknown,,,,,,,
5300810,,unknown,,unknown,,unknown,,,,,,,
5300840,,unknown,,unknown,,unknown,,,,,,,
5300870,,unknown,,unknown,,unknown,,,,,,,
5300950,,unknown,,unknown,,unknown,,,,,,,
5300960,,unknown,,unknown,,unknown,,,,,,,
5300990,,unknown,,unknown,,unknown,,,,,,,
5301050,,unknown,,unknown,,unknown,,,,,,,
408800,2023Q4,exact,2023Q2,backcast_award_minus_2q,2023Q1,from_applied_minus_1q,2024Q3,nanQnan,nanQnan,3.0,,,
5301110,,unknown,,unknown,,unknown,,,,,,,
5301140,,unknown,,unknown,,unknown,,,,,,,
5301170,,unknown,,unknown,,unknown,,,,,,,
5301200,,unknown,,unknown,,unknown,,,,,,,
5301230,,unknown,,unknown,,unknown,,,,,,,
4030240,2022Q4,exact,2022Q2,backcast_award_minus_2q,2022Q1,from_applied_minus_1q,2023Q1,2023Q3,2023Q3,1.0,2.0,0.0,3.0
5301290,,unknown,2020Q2,program_calendar,2020Q1,from_applied_minus_1q,,,,,,,
5301320,,unknown,,unknown,,unknown,,,,,,,
5301350,,unknown,,unknown,,unknown,,,,,,,
5301380,,unknown,,unknown,,unknown,,,,,,,
5301410,,unknown,,unknown,,unknown,,,,,,,
5301440,,unknown,,unknown,,unknown,,,,,,,
06TUMBL,2021Q4,exact,2021Q2,backcast_award_minus_2q,2021Q1,from_applied_minus_1q,2022Q3,2023Q2,2023Q2,3.0,3.0,0.0,6.0
5301500,,unknown,,unknown,,unknown,,,,,,,
5301560,,unknown,,unknown,,unknown,,,,,,,
5301590,,unknown,,unknown,,unknown,,,,,,,
5301630,,unknown,,unknown,,unknown,,,,,,,
5301660,,unknown,,unknown,,unknown,,,,,,,
5301680,,unknown,,unknown,,unknown,,,,,,,
103420,2022Q4,exact,2022Q2,backcast_award_minus_2q,2022Q1,from_applied_minus_1q,2022Q4,2023Q3,2023Q3,0.0,3.0,0.0,3.0
5301800,,unknown,,unknown,,unknown,,,,,,,
5301830,,unknown,,unknown,,unknown,,,,,,,
5301860,,unknown,,unknown,,unknown,,,,,,,
1928170,2022Q4,exact,2022Q2,backcast_award_minus_2q,2022Q1,from_applied_minus_1q,2022Q4,2023Q3,2023Q3,0.0,3.0,0.0,3.0
5301920,,unknown,,unknown,,unknown,,,,,,,
5301950,,unknown,,unknown,,unknown,,,,,,,
5301980,,unknown,,unknown,,unknown,,,,,,,
5302010,,unknown,,unknown,,unknown,,,,,,,
5302040,,unknown,,unknown,,unknown,,,,,,,
5302070,,unknown,,unknown,,unknown,,,,,,,
5302130,,unknown,,unknown,,unknown,,,,,,,
5302160,,unknown,,unknown,,unknown,,,,,,,
5302280,,unknown,,unknown,,unknown,,,,,,,
5302310,,unknown,,unknown,,unknown,,,,,,,
5302340,,unknown,,unknown,,unknown,,,,,,,
5302370,,unknown,,unknown,,unknown,,,,,,,
5302400,,unknown,,unknown,,unknown,,,,,,,
5302460,,unknown,,unknown,,unknown,,,,,,,
601332,2017Q1,exact,2016Q3,backcast_award_minus_2q,2016Q2,from_applied_minus_1q,2017Q2,2017Q2,2017Q3,1.0,0.0,1.0,2.0
5302520,,unknown,,unknown,,unknown,,,,,,,
5302550,,unknown,,unknown,,unknown,,,,,,,
5302610,,unknown,,unknown,,unknown,,,,,,,
5302640,,unknown,,unknown,,unknown,,,,,,,
1719080,2024Q2,exact,2023Q4,backcast_award_minus_2q,2023Q3,from_applied_minus_1q,nanQnan,nanQnan,nanQnan,,,,
5302700,,unknown,2021Q2,program_calendar,2021Q1,from_applied_minus_1q,,,,,,,
5302730,,unknown,,unknown,,unknown,,,,,,,
5302820,,unknown,2020Q2,program_calendar,2020Q1,from_applied_minus_1q,,,,,,,
5302850,,unknown,,unknown,,unknown,,,,,,,
5302880,,unknown,2020Q2,program_calendar,2020Q1,from_applied_minus_1q,,,,,,,
5302910,,unknown,,unknown,,unknown,,,,,,,
2634380,2022Q4,exact,2022Q2,backcast_award_minus_2q,2022Q1,from_applied_minus_1q,2023Q1,2023Q3,2023Q3,1.0,2.0,0.0,3.0
5302970,,unknown,,unknown,,unknown,,,,,,,
5303000,,unknown,,unknown,,unknown,,,,,,,
5303030,,unknown,,unknown,,unknown,,,,,,,
5303090,,unknown,,unknown,,unknown,,,,,,,
5303130,,unknown,,unknown,,unknown,,,,,,,
5303150,,unknown,,unknown,,unknown,,,,,,,
5303180,,unknown,,unknown,,unknown,,,,,,,
5303210,,unknown,,unknown,,unknown,,,,,,,
5303240,,unknown,,unknown,,unknown,,,,,,,
5303270,,unknown,,unknown,,unknown,,,,,,,
5303300,,unknown,,unknown,,unknown,,,,,,,
5303330,,unknown,,unknown,,unknown,,,,,,,
5303360,,unknown,,unknown,,unknown,,,,,,,
5303440,,unknown,,unknown,,unknown,,,,,,,
5303510,,unknown,,unknown,,unknown,,,,,,,
4901080,2022Q4,exact,2022Q2,backcast_award_minus_2q,2022Q1,from_applied_minus_1q,2023Q1,2023Q3,2023Q3,1.0,2.0,0.0,3.0
5303570,,unknown,,unknown,,unknown,,,,,,,
5303600,,unknown,,unknown,,unknown,,,,,,,
5303660,,unknown,,unknown,,unknown,,,,,,,
5303720,,unknown,,unknown,,unknown,,,,,,,
640300,2018Q1,exact,2017Q3,backcast_award_minus_2q,2017Q2,from_applied_minus_1q,2018Q2,2019Q3,2019Q4,1.0,5.0,1.0,7.0
5303780,,unknown,,unknown,,unknown,,,,,,,
5303810,,unknown,,unknown,,unknown,,,,,,,
5303870,,unknown,,unknown,,unknown,,,,,,,
5303930,,unknown,,unknown,,unknown,,,,,,,
4112600,2024Q2,exact,2023Q4,backcast_award_minus_2q,2023Q3,from_applied_minus_1q,nanQnan,nanQnan,nanQnan,,,,
5303990,,unknown,,unknown,,unknown,,,,,,,
5304020,,unknown,,unknown,,unknown,,,,,,,
5304050,,unknown,,unknown,,unknown,,,,,,,
5304080,,unknown,,unknown,,unknown,,,,,,,
5304110,,unknown,,unknown,,unknown,,,,,,,
5304150,,unknown,,unknown,,unknown,,,,,,,
5304170,,unknown,,unknown,,unknown,,,,,,,
5304200,,unknown,,unknown,,unknown,,,,,,,
3119560,2023Q4,exact,2023Q2,backcast_award_minus_2q,2023Q1,from_applied_minus_1q,nanQnan,nanQnan,nanQnan,,,,
4503750,2024Q2,exact,2023Q4,backcast_award_minus_2q,2023Q3,from_applied_minus_1q,nanQnan,nanQnan,nanQnan,,,,
5304290,,unknown,,unknown,,unknown,,,,,,,
3416380,2023Q4,exact,2023Q2,backcast_award_minus_2q,2023Q1,from_applied_minus_1q,nanQnan,nanQnan,nanQnan,,,,
5304410,,unknown,,unknown,,unknown,,,,,,,
5304470,,unknown,,unknown,,unknown,,,,,,,
1900022,2024Q2,exact,2023Q4,backcast_award_minus_2q,2023Q3,from_applied_minus_1q,nanQnan,nanQnan,nanQnan,,,,
1305250,2022Q4,exact,2022Q2,backcast_award_minus_2q,2022Q1,from_applied_minus_1q,2023Q1,2023Q4,2023Q4,1.0,3.0,0.0,4.0
5304560,,unknown,,unknown,,unknown,,,,,,,
5304590,,unknown,,unknown,,unknown,,,,,,,
5304620,,unknown,,unknown,,unknown,,,,,,,
5304650,,unknown,,unknown,,unknown,,,,,,,
5304710,,unknown,,unknown,,unknown,,,,,,,
5304740,,unknown,,unknown,,unknown,,,,,,,
2105640,2022Q4,exact,2022Q2,backcast_award_minus_2q,2022Q1,from_applied_minus_1q,2023Q1,2023Q4,2023Q4,1.0,3.0,0.0,4.0
5304830,,unknown,,unknown,,unknown,,,,,,,
5304860,,unknown,,unknown,,unknown,,,,,,,
5304890,,unknown,,unknown,,unknown,,,,,,,
4704290,2022Q4,exact,2022Q2,backcast_award_minus_2q,2022Q1,from_applied_minus_1q,2023Q1,2023Q2,2023Q2,1.0,1.0,0.0,2.0
5304950,,unknown,,unknown,,unknown,,,,,,,
408820,2023Q4,exact,2023Q2,backcast_award_minus_2q,2023Q1,from_applied_minus_1q,nanQnan,nanQnan,nanQnan,,,,
5305010,,unknown,,unknown,,unknown,,,,,,,
5305020,,unknown,,unknown,,unknown,,,,,,,
5305040,,unknown,,unknown,,unknown,,,,,,,
5305130,,unknown,,unknown,,unknown,,,,,,,
5305160,,unknown,,unknown,,unknown,,,,,,,
5305190,,unknown,,unknown,,unknown,,,,,,,
5305220,,unknown,2020Q2,program_calendar,2020Q1,from_applied_minus_1q,,,,,,,
5305250,,unknown,,unknown,,unknown,,,,,,,
5305280,,unknown,,unknown,,unknown,,,,,,,
5305310,,unknown,,unknown,,unknown,,,,,,,
5305340,,unknown,,unknown,,unknown,,,,,,,
5305370,,unknown,,unknown,,unknown,,,,,,,
5305400,,unknown,2020Q2,program_calendar,2020Q1,from_applied_minus_1q,,,,,,,
5305430,,unknown,,unknown,,unknown,,,,,,,
3628650,2022Q1,exact,2021Q3,backcast_award_minus_2q,2021Q2,from_applied_minus_1q,2022Q2,2023Q3,2023Q3,1.0,5.0,0.0,6.0
5305490,,unknown,,unknown,,unknown,,,,,,,
5305520,,unknown,,unknown,,unknown,,,,,,,
5305550,,unknown,,unknown,,unknown,,,,,,,
5305610,,unknown,,unknown,,unknown,,,,,,,
5305640,,unknown,,unknown,,unknown,,,,,,,
5305670,,unknown,,unknown,,unknown,,,,,,,
5309150,2022Q1,exact,2020Q2,program_calendar,2020Q1,from_applied_minus_1q,2022Q2,2023Q1,2023Q2,1.0,3.0,1.0,5.0
5305730,,unknown,,unknown,,unknown,,,,,,,
3629250,2024Q2,exact,2023Q4,backcast_award_minus_2q,2023Q3,from_applied_minus_1q,nanQnan,nanQnan,nanQnan,,,,
5305790,,unknown,,unknown,,unknown,,,,,,,
5305820,,unknown,,unknown,,unknown,,,,,,,
4224210,2022Q1,exact,2021Q3,backcast_award_minus_2q,2021Q2,from_applied_minus_1q,2022Q2,2023Q1,2023Q2,1.0,3.0,1.0,5.0
2634440,2022Q4,exact,2022Q2,backcast_award_minus_2q,2022Q1,from_applied_minus_1q,2023Q2,2023Q3,2023Q3,2.0,1.0,0.0,3.0
1739870,2024Q2,exact,2023Q4,backcast_award_minus_2q,2023Q3,from_applied_minus_1q,nanQnan,nanQnan,nanQnan,,,,
5309180,2020Q2,exact,2019Q4,backcast_award_minus_2q,2019Q3,from_applied_minus_1q,2021Q1,2022Q2,2022Q3,3.0,5.0,1.0,9.0
5305970,,unknown,,unknown,,unknown,,,,,,,
5306000,,unknown,,unknown,,unknown,,,,,,,
5306060,,unknown,,unknown,,unknown,,,,,,,
5306090,,unknown,,unknown,,unknown,,,,,,,
5306120,,unknown,,unknown,,unknown,,,,,,,
5306150,,unknown,,unknown,,unknown,,,,,,,
2511800,2022Q4,exact,2022Q2,backcast_award_minus_2q,2022Q1,from_applied_minus_1q,2023Q2,2023Q4,2023Q4,2.0,2.0,0.0,4.0
5306220,,unknown,,unknown,,unknown,,,,,,,
5306240,,unknown,,unknown,,unknown,,,,,,,
5306270,,unknown,,unknown,,unknown,,,,,,,
1739960,2024Q2,exact,2023Q4,backcast_award_minus_2q,2023Q3,from_applied_minus_1q,nanQnan,nanQnan,nanQnan,,,,
5306330,,unknown,,unknown,,unknown,,,,,,,
5306360,,unknown,,unknown,,unknown,,,,,,,
5306390,,unknown,,unknown,,unknown,,,,,,,
5306420,,unknown,,unknown,,unknown,,,,,,,
5306450,,unknown,,unknown,,unknown,,,,,,,
5306480,,unknown,,unknown,,unknown,,,,,,,
5306510,,unknown,,unknown,,unknown,,,,,,,
5306540,,unknown,,unknown,,unknown,,,,,,,
640590,2018Q4,exact,2018Q2,backcast_award_minus_2q,2018Q1,from_applied_minus_1q,2019Q3,2020Q4,2021Q1,3.0,5.0,1.0,9.0
5306600,,unknown,,unknown,,unknown,,,,,,,
5306630,,unknown,,unknown,,unknown,,,,,,,
5306660,,unknown,,unknown,,unknown,,,,,,,
5306690,,unknown,,unknown,,unknown,,,,,,,
600069,2021Q4,exact,2021Q2,backcast_award_minus_2q,2021Q1,from_applied_minus_1q,2022Q1,2023Q1,2023Q1,1.0,4.0,0.0,5.0
5306780,,unknown,,unknown,,unknown,,,,,,,
5306820,,unknown,,unknown,,unknown,,,,,,,
5306840,,unknown,2020Q2,program_calendar,2020Q1,from_applied_minus_1q,,,,,,,
5306870,,unknown,,unknown,,unknown,,,,,,,
5306900,,unknown,,unknown,,unknown,,,,,,,
5309240,2022Q1,exact,2021Q3,backcast_award_minus_2q,2021Q2,from_applied_minus_1q,2022Q2,2023Q1,2023Q2,1.0,3.0,1.0,5.0
5306960,,unknown,,unknown,,unknown,,,,,,,
5306990,,unknown,,unknown,,unknown,,,,,,,
5307020,,unknown,,unknown,,unknown,,,,,,,
1740070,2022Q1,exact,2021Q3,backcast_award_minus_2q,2021Q2,from_applied_minus_1q,2022Q2,2023Q1,2023Q3,1.0,3.0,2.0,6.0
5307080,,unknown,,unknown,,unknown,,,,,,,
5307110,,unknown,,unknown,,unknown,,,,,,,
5307140,,unknown,,unknown,,unknown,,,,,,,
4843800,2024Q2,exact,2021Q2,program_calendar,2021Q1,from_applied_minus_1q,nanQnan,nanQnan,nanQnan,,,,
4224650,2024Q2,exact,2023Q4,backcast_award_minus_2q,2023Q3,from_applied_minus_1q,nanQnan,nanQnan,nanQnan,,,,
2930750,2022Q4,exact,2022Q2,backcast_award_minus_2q,2022Q1,from_applied_minus_1q,nanQnan,2023Q3,2023Q3,,,0.0,3.0
5307320,,unknown,,unknown,,unknown,,,,,,,
5307350,,unknown,,unknown,,unknown,,,,,,,
5307380,,unknown,,unknown,,unknown,,,,,,,
5307440,,unknown,,unknown,,unknown,,,,,,,
5307470,,unknown,,unknown,,unknown,,,,,,,
5307530,,unknown,,unknown,,unknown,,,,,,,
5307560,,unknown,,unknown,,unknown,,,,,,,
5307620,,unknown,,unknown,,unknown,,,,,,,
5307650,,unknown,,unknown,,unknown,,,,,,,
5307680,,unknown,,unknown,,unknown,,,,,,,
3622200,2024Q2,exact,2023Q4,backcast_award_minus_2q,2023Q3,from_applied_minus_1q,nanQnan,nanQnan,nanQnan,,,,
5307740,,unknown,2020Q2,program_calendar,2020Q1,from_applied_minus_1q,,,,,,,
5307770,,unknown,,unknown,,unknown,,,,,,,
5309270,2020Q2,exact,2019Q4,backcast_award_minus_2q,2019Q3,from_applied_minus_1q,2021Q2,2021Q2,2021Q2,4.0,0.0,0.0,4.0
5307830,,unknown,,unknown,,unknown,,,,,,,
5307860,,unknown,,unknown,,unknown,,,,,,,
5307900,,unknown,,unknown,,unknown,,,,,,,
2634620,2024Q2,exact,2023Q4,backcast_award_minus_2q,2023Q3,from_applied_minus_1q,nanQnan,nanQnan,nanQnan,,,,
640980,2022Q1,exact,2021Q3,backcast_award_minus_2q,2021Q2,from_applied_minus_1q,2022Q2,2023Q1,2023Q2,1.0,3.0,1.0,5.0
5307980,,unknown,,unknown,,unknown,,,,,,,
2700372,2023Q4,exact,2023Q2,backcast_award_minus_2q,2023Q1,from_applied_minus_1q,nanQnan,nanQnan,nanQnan,,,,
5008310,2024Q2,exact,2023Q4,backcast_award_minus_2q,2023Q3,from_applied_minus_1q,nanQnan,nanQnan,nanQnan,,,,
5308070,,unknown,,unknown,,unknown,,,,,,,
5308100,,unknown,,unknown,,unknown,,,,,,,
5308130,2024Q2,exact,2023Q4,backcast_award_minus_2q,2023Q3,from_applied_minus_1q,nanQnan,nanQnan,nanQnan,,,,
5308160,,unknown,,unknown,,unknown,,,,,,,
4674520,2022Q4,exact,2022Q2,backcast_award_minus_2q,2022Q1,from_applied_minus_1q,2023Q1,2023Q2,2023Q2,1.0,1.0,0.0,2.0
5308220,,unknown,,unknown,,unknown,,,,,,,
2804470,2022Q4,exact,2022Q2,backcast_award_minus_2q,2022Q1,from_applied_minus_1q,nanQnan,nanQnan,nanQnan,,,,
5308280,,unknown,,unknown,,unknown,,,,,,,
5308310,,unknown,,unknown,,unknown,,,,,,,
5308340,,unknown,,unknown,,unknown,,,,,,,
5308370,,unknown,,unknown,,unknown,,,,,,,
5308400,,unknown,,unknown,,unknown,,,,,,,
5308430,,unknown,,unknown,,unknown,,,,,,,
5308460,,unknown,,unknown,,unknown,,,,,,,
5308490,,unknown,,unknown,,unknown,,,,,,,
5308520,,unknown,,unknown,,unknown,,,,,,,
641040,2022Q1,exact,2021Q3,backcast_award_minus_2q,2021Q2,from_applied_minus_1q,2022Q2,nanQnan,nanQnan,1.0,,,
5308580,,unknown,,unknown,,unknown,,,,,,,
5308610,,unknown,,unknown,,unknown,,,,,,,
1740290,2024Q2,exact,2023Q4,backcast_award_minus_2q,2023Q3,from_applied_minus_1q,nanQnan,nanQnan,nanQnan,,,,
641130,2023Q2,exact,2022Q4,backcast_award_minus_2q,2022Q3,from_applied_minus_1q,2023Q3,nanQnan,nanQnan,1.0,,,
5308730,,unknown,2021Q2,program_calendar,2021Q1,from_applied_minus_1q,,,,,,,
5308760,,unknown,,unknown,,unknown,,,,,,,
5103840,2019Q4,exact,2019Q2,backcast_award_minus_2q,2019Q1,from_applied_minus_1q,2020Q3,2021Q4,2022Q1,3.0,5.0,1.0,9.0
5308820,,unknown,,unknown,,unknown,,,,,,,
5308850,,unknown,,unknown,,unknown,,,,,,,
5308910,,unknown,,unknown,,unknown,,,,,,,
641160,2020Q3,exact,2020Q1,backcast_award_minus_2q,2019Q4,from_applied_minus_1q,2021Q1,2021Q1,2021Q2,2.0,0.0,1.0,3.0
06VISSE,2022Q3,exact,2022Q1,backcast_award_minus_2q,2021Q4,from_applied_minus_1q,2022Q4,2023Q3,2023Q3,1.0,3.0,0.0,4.0
5309000,,unknown,,unknown,,unknown,,,,,,,
5309030,,unknown,,unknown,,unknown,,,,,,,
5309060,,unknown,,unknown,,unknown,,,,,,,
5309100,,unknown,,unknown,,unknown,,,,,,,
641190,2020Q3,exact,2020Q1,backcast_award_minus_2q,2019Q4,from_applied_minus_1q,2021Q2,2022Q4,2022Q4,3.0,6.0,0.0,9.0
1718480,2023Q4,exact,2023Q2,backcast_award_minus_2q,2023Q1,from_applied_minus_1q,nanQnan,nanQnan,nanQnan,,,,
2003240,2022Q4,exact,2022Q2,backcast_award_minus_2q,2022Q1,from_applied_minus_1q,2022Q4,2022Q4,2023Q1,0.0,0.0,1.0,1.0
2004470,2022Q4,exact,2022Q2,backcast_award_minus_2q,2022Q1,from_applied_minus_1q,2023Q1,2023Q3,2023Q3,1.0,2.0,0.0,3.0
5309300,,unknown,,unknown,,unknown,,,,,,,
5309330,,unknown,,unknown,,unknown,,,,,,,
5309360,,unknown,,unknown,,unknown,,,,,,,
5309390,,unknown,,unknown,,unknown,,,,,,,
4844310,2023Q4,exact,2023Q2,backcast_award_minus_2q,2023Q1,from_applied_minus_1q,nanQnan,nanQnan,nanQnan,,,,
2313200,2022Q4,exact,2022Q2,backcast_award_minus_2q,2022Q1,from_applied_minus_1q,2023Q1,2023Q2,2023Q2,1.0,1.0,0.0,2.0
5309510,,unknown,,unknown,,unknown,,,,,,,
5309540,,unknown,,unknown,,unknown,,,,,,,
5309570,,unknown,,unknown,,unknown,,,,,,,
5309600,,unknown,,unknown,,unknown,,,,,,,
5309630,,unknown,,unknown,,unknown,,,,,,,
5309660,,unknown,,unknown,,unknown,,,,,,,
3416890,2023Q1,exact,2020Q2,program_calendar,2020Q1,from_applied_minus_1q,2023Q2,2024Q1,2024Q1,1.0,3.0,0.0,4.0
5309720,,unknown,,unknown,,unknown,,,,,,,
5309750,,unknown,,unknown,,unknown,,,,,,,
5309780,,unknown,,unknown,,unknown,,,,,,,
5309810,,unknown,,unknown,,unknown,,,,,,,
5309840,,unknown,,unknown,,unknown,,,,,,,
5309870,,unknown,,unknown,,unknown,,,,,,,
5309450,2022Q1,exact,2021Q3,backcast_award_minus_2q,2021Q2,from_applied_minus_1q,2022Q2,2023Q1,2023Q2,1.0,3.0,1.0,5.0
5309930,,unknown,,unknown,,unknown,,,,,,,
5309990,,unknown,,unknown,,unknown,,,,,,,
5310020,,unknown,,unknown,,unknown,,,,,,,
641280,2023Q4,exact,2023Q2,backcast_award_minus_2q,2023Q1,from_applied_minus_1q,2024Q1,nanQnan,nanQnan,1.0,,,
5309480,2023Q4,exact,2023Q2,backcast_award_minus_2q,2023Q1,from_applied_minus_1q,nanQnan,nanQnan,nanQnan,,,,
5310140,,unknown,,unknown,,unknown,,,,,,,
5310170,,unknown,,unknown,,unknown,,,,,,,
5400030,,unknown,2020Q2,program_calendar,2020Q1,from_applied_minus_1q,,,,,,,
5400058,,unknown,,unknown,,unknown,,,,,,,
5400059,,unknown,,unknown,,unknown,,,,,,,
5400060,2024Q2,exact,2021Q2,program_calendar,2021Q1,from_applied_minus_1q,nanQnan,nanQnan,nanQnan,,,,
5400061,,unknown,,unknown,,unknown,,,,,,,
5400062,,unknown,,unknown,,unknown,,,,,,,
5400063,,unknown,,unknown,,unknown,,,,,,,
5400064,,unknown,,unknown,,unknown,,,,,,,
600042,2022Q4,exact,2022Q2,backcast_award_minus_2q,2022Q1,from_applied_minus_1q,nanQnan,nanQnan,nanQnan,,,,
5400120,,unknown,,unknown,,unknown,,,,,,,
5400150,,unknown,,unknown,,unknown,,,,,,,
4704350,2023Q4,exact,2023Q2,backcast_award_minus_2q,2023Q1,from_applied_minus_1q,nanQnan,nanQnan,nanQnan,,,,
2200316,2023Q4,exact,2023Q2,backcast_award_minus_2q,2023Q1,from_applied_minus_1q,nanQnan,nanQnan,nanQnan,,,,
641400,2022Q4,exact,2022Q2,backcast_award_minus_2q,2022Q1,from_applied_minus_1q,2023Q3,2023Q4,2023Q4,3.0,1.0,0.0,4.0
5400270,,unknown,,unknown,,unknown,,,,,,,
5400300,2024Q2,exact,2023Q4,backcast_award_minus_2q,2023Q3,from_applied_minus_1q,nanQnan,nanQnan,nanQnan,,,,
5400330,,unknown,,unknown,,unknown,,,,,,,
4704380,2019Q2,exact,2018Q4,backcast_award_minus_2q,2018Q3,from_applied_minus_1q,2020Q1,2021Q2,2021Q3,3.0,5.0,1.0,9.0
5400390,2022Q1,exact,2021Q3,backcast_award_minus_2q,2021Q2,from_applied_minus_1q,2023Q2,nanQnan,nanQnan,5.0,,,
5400420,2022Q1,exact,2021Q3,backcast_award_minus_2q,2021Q2,from_applied_minus_1q,2023Q2,nanQnan,nanQnan,5.0,,,
5400450,,unknown,,unknown,,unknown,,,,,,,
5400480,2022Q1,exact,2021Q3,backcast_award_minus_2q,2021Q2,from_applied_minus_1q,2023Q2,nanQnan,nanQnan,5.0,,,
5103900,2021Q4,exact,2021Q2,backcast_award_minus_2q,2021Q1,from_applied_minus_1q,2021Q4,2022Q2,2022Q2,0.0,2.0,0.0,2.0
5400511,,unknown,,unknown,,unknown,,,,,,,
5400540,2022Q1,exact,2021Q3,backcast_award_minus_2q,2021Q2,from_applied_minus_1q,2023Q2,nanQnan,nanQnan,5.0,,,
5400570,2022Q1,exact,2021Q2,program_calendar,2021Q1,from_applied_minus_1q,2023Q2,nanQnan,nanQnan,5.0,,,
4224990,2022Q4,exact,2022Q2,backcast_award_minus_2q,2022Q1,from_applied_minus_1q,nanQnan,2024Q2,2024Q2,,,0.0,6.0
1741040,2024Q2,exact,2023Q4,backcast_award_minus_2q,2023Q3,from_applied_minus_1q,nanQnan,nanQnan,nanQnan,,,,
5400660,,unknown,,unknown,,unknown,,,,,,,
5400690,,unknown,,unknown,,unknown,,,,,,,
5400720,,unknown,,unknown,,unknown,,,,,,,
5400750,,unknown,,unknown,,unknown,,,,,,,
5400780,,unknown,,unknown,,unknown,,,,,,,
641580,2018Q3,exact,2018Q1,backcast_award_minus_2q,2017Q4,from_applied_minus_1q,2019Q2,2019Q4,2019Q4,3.0,2.0,0.0,5.0
5400840,,unknown,,unknown,,unknown,,,,,,,
641610,2023Q2,exact,2022Q4,backcast_award_minus_2q,2022Q3,from_applied_minus_1q,2023Q3,nanQnan,nanQnan,1.0,,,
5400900,2022Q1,exact,2021Q3,backcast_award_minus_2q,2021Q2,from_applied_minus_1q,2023Q2,nanQnan,nanQnan,5.0,,,
3200480,2022Q3,exact,2022Q1,backcast_award_minus_2q,2021Q4,from_applied_minus_1q,2022Q4,2023Q3,2023Q4,1.0,3.0,1.0,5.0
5400960,,unknown,,unknown,,unknown,,,,,,,
5400990,,unknown,,unknown,,unknown,,,,,,,
5401020,,unknown,,unknown,,unknown,,,,,,,
5401050,,unknown,,unknown,,unknown,,,,,,,
5401080,,unknown,,unknown,,unknown,,,,,,,
5401110,,unknown,,unknown,,unknown,,,,,,,
5401140,,unknown,,unknown,,unknown,,,,,,,
5401170,,unknown,,unknown,,unknown,,,,,,,
5401200,,unknown,,unknown,,unknown,,,,,,,
5401230,2022Q1,exact,2021Q3,backcast_award_minus_2q,2021Q2,from_applied_minus_1q,2023Q2,nanQnan,nanQnan,5.0,,,
1741190,2022Q1,exact,2021Q3,backcast_award_minus_2q,2021Q2,from_applied_minus_1q,2022Q2,2022Q4,2023Q1,1.0,2.0,1.0,4.0
5401290,2022Q1,exact,2021Q3,backcast_award_minus_2q,2021Q2,from_applied_minus_1q,2023Q2,nanQnan,nanQnan,5.0,,,
5401320,2022Q1,exact,2021Q3,backcast_award_minus_2q,2021Q2,from_applied_minus_1q,2023Q2,nanQnan,nanQnan,5.0,,,
4704440,2022Q4,exact,2022Q2,backcast_award_minus_2q,2022Q1,from_applied_minus_1q,2023Q1,2023Q2,2023Q4,1.0,1.0,2.0,4.0
5401380,,unknown,,unknown,,unknown,,,,,,,
5401410,,unknown,,unknown,,unknown,,,,,,,
5401440,,unknown,,unknown,,unknown,,,,,,,
5401470,,unknown,,unknown,,unknown,,,,,,,
5401500,,unknown,,unknown,,unknown,,,,,,,
5401530,,unknown,,unknown,,unknown,,,,,,,
5401560,,unknown,,unknown,,unknown,,,,,,,
5103930,2019Q4,exact,2019Q2,backcast_award_minus_2q,2019Q1,from_applied_minus_1q,2020Q3,2020Q3,2020Q4,3.0,0.0,1.0,4.0
5401620,2022Q1,exact,2021Q3,backcast_award_minus_2q,2021Q2,from_applied_minus_1q,2023Q2,nanQnan,nanQnan,5.0,,,
5401621,,unknown,,unknown,,unknown,,,,,,,
4032130,2022Q4,exact,2022Q2,backcast_award_minus_2q,2022Q1,from_applied_minus_1q,2022Q4,2023Q4,2023Q4,0.0,4.0,0.0,4.0
5401651,,unknown,,unknown,,unknown,,,,,,,
5401652,,unknown,,unknown,,unknown,,,,,,,
5500013,,unknown,,unknown,,unknown,,,,,,,
5500016,,unknown,,unknown,,unknown,,,,,,,
5500017,,unknown,,unknown,,unknown,,,,,,,
5500018,,unknown,,unknown,,unknown,,,,,,,
5500019,,unknown,,unknown,,unknown,,,,,,,
5500021,,unknown,,unknown,,unknown,,,,,,,
5500022,,unknown,,unknown,,unknown,,,,,,,
5500023,,unknown,,unknown,,unknown,,,,,,,
5500024,,unknown,,unknown,,unknown,,,,,,,
5500025,,unknown,,unknown,,unknown,,,,,,,
5500026,,unknown,,unknown,,unknown,,,,,,,
5500027,,unknown,,unknown,,unknown,,,,,,,
5500028,,unknown,,unknown,,unknown,,,,,,,
5500029,,unknown,,unknown,,unknown,,,,,,,
5500030,,unknown,,unknown,,unknown,,,,,,,
5500031,,unknown,,unknown,,unknown,,,,,,,
5500032,,unknown,,unknown,,unknown,,,,,,,
5500033,,unknown,,unknown,,unknown,,,,,,,
5500034,,unknown,,unknown,,unknown,,,,,,,
5500035,,unknown,,unknown,,unknown,,,,,,,
5500036,,unknown,,unknown,,unknown,,,,,,,
5500037,,unknown,,unknown,,unknown,,,,,,,
5500039,,unknown,,unknown,,unknown,,,,,,,
5500041,,unknown,,unknown,,unknown,,,,,,,
5500042,,unknown,,unknown,,unknown,,,,,,,
5500045,,unknown,,unknown,,unknown,,,,,,,
5500047,,unknown,,unknown,,unknown,,,,,,,
5500049,,unknown,,unknown,,unknown,,,,,,,
5500052,,unknown,,unknown,,unknown,,,,,,,
5500056,,unknown,,unknown,,unknown,,,,,,,
5500058,,unknown,,unknown,,unknown,,,,,,,
5500060,,unknown,,unknown,,unknown,,,,,,,
5500061,,unknown,,unknown,,unknown,,,,,,,
5500065,,unknown,,unknown,,unknown,,,,,,,
5500066,,unknown,,unknown,,unknown,,,,,,,
5500067,,unknown,,unknown,,unknown,,,,,,,
5500069,,unknown,,unknown,,unknown,,,,,,,
5500073,,unknown,,unknown,,unknown,,,,,,,
5500074,,unknown,,unknown,,unknown,,,,,,,
5500075,,unknown,,unknown,,unknown,,,,,,,
5500076,,unknown,,unknown,,unknown,,,,,,,
5500077,,unknown,,unknown,,unknown,,,,,,,
5500078,,unknown,,unknown,,unknown,,,,,,,
5500079,,unknown,,unknown,,unknown,,,,,,,
5500080,,unknown,,unknown,,unknown,,,,,,,
5500081,,unknown,,unknown,,unknown,,,,,,,
641980,2022Q2,exact,2021Q2,program_calendar,2021Q1,from_applied_minus_1q,2022Q3,nanQnan,nanQnan,1.0,,,
5500083,,unknown,,unknown,,unknown,,,,,,,
5500085,,unknown,,unknown,,unknown,,,,,,,
5500086,,unknown,,unknown,,unknown,,,,,,,
5500087,,unknown,,unknown,,unknown,,,,,,,
5500089,,unknown,,unknown,,unknown,,,,,,,
5500090,,unknown,,unknown,,unknown,,,,,,,
5500091,,unknown,,unknown,,unknown,,,,,,,
5500092,,unknown,,unknown,,unknown,,,,,,,
5500113,,unknown,,unknown,,unknown,,,,,,,
5500120,,unknown,,unknown,,unknown,,,,,,,
5500150,,unknown,,unknown,,unknown,,,,,,,
3417310,2023Q1,exact,2022Q3,backcast_award_minus_2q,2022Q2,from_applied_minus_1q,2023Q2,2024Q1,2024Q1,1.0,3.0,0.0,4.0
5500210,,unknown,,unknown,,unknown,,,,,,,
5500240,,unknown,,unknown,,unknown,,,,,,,
5500270,,unknown,,unknown,,unknown,,,,,,,
5500300,,unknown,,unknown,,unknown,,,,,,,
5500330,,unknown,,unknown,,unknown,,,,,,,
5500360,,unknown,,unknown,,unknown,,,,,,,
5500390,,unknown,,unknown,,unknown,,,,,,,
5500420,,unknown,,unknown,,unknown,,,,,,,
5500450,,unknown,,unknown,,unknown,,,,,,,
5500510,,unknown,,unknown,,unknown,,,,,,,
5500540,,unknown,,unknown,,unknown,,,,,,,
5500570,,unknown,,unknown,,unknown,,,,,,,
800270,2023Q3,exact,2023Q1,backcast_award_minus_2q,2022Q4,from_applied_minus_1q,2023Q4,nanQnan,nanQnan,1.0,,,
2313490,2022Q4,exact,2022Q2,backcast_award_minus_2q,2022Q1,from_applied_minus_1q,2023Q2,2024Q4,nanQnan,2.0,6.0,,
5500720,,unknown,,unknown,,unknown,,,,,,,
5500750,,unknown,,unknown,,unknown,,,,,,,
5500780,,unknown,,unknown,,unknown,,,,,,,
5500810,,unknown,,unknown,,unknown,,,,,,,
5500840,,unknown,,unknown,,unknown,,,,,,,
5500870,,unknown,,unknown,,unknown,,,,,,,
5500900,,unknown,,unknown,,unknown,,,,,,,
5500960,,unknown,,unknown,,unknown,,,,,,,
5500990,,unknown,,unknown,,unknown,,,,,,,
5501020,,unknown,,unknown,,unknown,,,,,,,
632550,2021Q3,exact,2021Q1,backcast_award_minus_2q,2020Q4,from_applied_minus_1q,2021Q3,2023Q1,2023Q2,0.0,6.0,1.0,7.0
5501080,,unknown,2021Q2,program_calendar,2021Q1,from_applied_minus_1q,,,,,,,
5501110,,unknown,,unknown,,unknown,,,,,,,
5501140,,unknown,,unknown,,unknown,,,,,,,
5501170,,unknown,,unknown,,unknown,,,,,,,
5501230,,unknown,,unknown,,unknown,,,,,,,
5501260,,unknown,,unknown,,unknown,,,,,,,
5501310,,unknown,,unknown,,unknown,,,,,,,
5501350,,unknown,,unknown,,unknown,,,,,,,
5501470,,unknown,,unknown,,unknown,,,,,,,
5501500,,unknown,,unknown,,unknown,,,,,,,
5501530,,unknown,,unknown,,unknown,,,,,,,
5501560,,unknown,,unknown,,unknown,,,,,,,
5501590,,unknown,,unknown,,unknown,,,,,,,
5501650,,unknown,,unknown,,unknown,,,,,,,
5501680,,unknown,,unknown,,unknown,,,,,,,
5501710,,unknown,,unknown,,unknown,,,,,,,
5501740,,unknown,,unknown,,unknown,,,,,,,
3819410,2018Q1,exact,2017Q3,backcast_award_minus_2q,2017Q2,from_applied_minus_1q,2018Q4,2019Q2,2019Q3,3.0,2.0,1.0,6.0
5501800,,unknown,,unknown,,unknown,,,,,,,
5501830,,unknown,,unknown,,unknown,,,,,,,
5501890,,unknown,,unknown,,unknown,,,,,,,
5501920,,unknown,,unknown,,unknown,,,,,,,
5502040,,unknown,,unknown,,unknown,,,,,,,
5502070,,unknown,,unknown,,unknown,,,,,,,
5502100,,unknown,,unknown,,unknown,,,,,,,
5502130,,unknown,,unknown,,unknown,,,,,,,
5502160,,unknown,,unknown,,unknown,,,,,,,
5502340,,unknown,2020Q2,program_calendar,2020Q1,from_applied_minus_1q,,,,,,,
5502400,,unknown,,unknown,,unknown,,,,,,,
5502430,,unknown,,unknown,,unknown,,,,,,,
5502460,,unknown,,unknown,,unknown,,,,,,,
5502520,,unknown,,unknown,,unknown,,,,,,,
5502550,,unknown,,unknown,,unknown,,,,,,,
5502580,,unknown,,unknown,,unknown,,,,,,,
5502610,,unknown,,unknown,,unknown,,,,,,,
5502640,,unknown,,unknown,,unknown,,,,,,,
5502670,,unknown,,unknown,,unknown,,,,,,,
5502700,,unknown,,unknown,,unknown,,,,,,,
5502730,,unknown,,unknown,,unknown,,,,,,,
5502760,,unknown,,unknown,,unknown,,,,,,,
5502790,,unknown,,unknown,,unknown,,,,,,,
5502820,,unknown,,unknown,,unknown,,,,,,,
5502880,,unknown,,unknown,,unknown,,,,,,,
5502910,,unknown,,unknown,,unknown,,,,,,,
5502970,,unknown,,unknown,,unknown,,,,,,,
5503030,,unknown,,unknown,,unknown,,,,,,,
5503060,,unknown,,unknown,,unknown,,,,,,,
5503090,,unknown,,unknown,,unknown,,,,,,,
5503150,,unknown,,unknown,,unknown,,,,,,,
5503180,,unknown,,unknown,,unknown,,,,,,,
5503210,,unknown,,unknown,,unknown,,,,,,,
5503240,,unknown,,unknown,,unknown,,,,,,,
5503270,,unknown,,unknown,,unknown,,,,,,,
5503510,,unknown,,unknown,,unknown,,,,,,,
5503640,,unknown,,unknown,,unknown,,,,,,,
5503660,,unknown,,unknown,,unknown,,,,,,,
5503690,,unknown,,unknown,,unknown,,,,,,,
5503750,,unknown,,unknown,,unknown,,,,,,,
5503810,,unknown,,unknown,,unknown,,,,,,,
5503840,,unknown,,unknown,,unknown,,,,,,,
5503860,,unknown,,unknown,,unknown,,,,,,,
5504020,,unknown,,unknown,,unknown,,,,,,,
5504050,,unknown,,unknown,,unknown,,,,,,,
805070,2019Q4,exact,2019Q2,backcast_award_minus_2q,2019Q1,from_applied_minus_1q,2020Q3,2021Q1,2021Q2,3.0,2.0,1.0,6.0
5504110,,unknown,,unknown,,unknown,,,,,,,
5504170,,unknown,,unknown,,unknown,,,,,,,
5504200,,unknown,,unknown,,unknown,,,,,,,
5504230,,unknown,,unknown,,unknown,,,,,,,
5504260,,unknown,,unknown,,unknown,,,,,,,
5504290,,unknown,,unknown,,unknown,,,,,,,
5504320,,unknown,,unknown,,unknown,,,,,,,
5504350,,unknown,,unknown,,unknown,,,,,,,
5504380,,unknown,,unknown,,unknown,,,,,,,
5504410,,unknown,,unknown,,unknown,,,,,,,
5504440,,unknown,,unknown,,unknown,,,,,,,
5504500,,unknown,,unknown,,unknown,,,,,,,
5504530,,unknown,,unknown,,unknown,,,,,,,
5504590,,unknown,2020Q2,program_calendar,2020Q1,from_applied_minus_1q,,,,,,,
5504620,,unknown,,unknown,,unknown,,,,,,,
5504650,,unknown,,unknown,,unknown,,,,,,,
5504680,,unknown,,unknown,,unknown,,,,,,,
5504720,,unknown,,unknown,,unknown,,,,,,,
5504740,,unknown,,unknown,,unknown,,,,,,,
5504770,,unknown,,unknown,,unknown,,,,,,,
5504800,,unknown,,unknown,,unknown,,,,,,,
5504830,,unknown,,unknown,,unknown,,,,,,,
5504860,,unknown,,unknown,,unknown,,,,,,,
5504890,,unknown,,unknown,,unknown,,,,,,,
5504920,,unknown,,unknown,,unknown,,,,,,,
5504960,,unknown,2020Q2,program_calendar,2020Q1,from_applied_minus_1q,,,,,,,
4845000,2024Q2,exact,2023Q4,backcast_award_minus_2q,2023Q3,from_applied_minus_1q,nanQnan,nanQnan,nanQnan,,,,
5505100,,unknown,,unknown,,unknown,,,,,,,
5505130,,unknown,,unknown,,unknown,,,,,,,
5505160,,unknown,,unknown,,unknown,,,,,,,
5505220,,unknown,,unknown,,unknown,,,,,,,
5505250,,unknown,,unknown,,unknown,,,,,,,
5505280,,unknown,,unknown,,unknown,,,,,,,
5505370,,unknown,,unknown,,unknown,,,,,,,
5505460,,unknown,,unknown,,unknown,,,,,,,
5505490,,unknown,,unknown,,unknown,,,,,,,
5505520,,unknown,,unknown,,unknown,,,,,,,
5505580,,unknown,,unknown,,unknown,,,,,,,
5505610,,unknown,,unknown,,unknown,,,,,,,
904920,2024Q2,exact,2023Q4,backcast_award_minus_2q,2023Q3,from_applied_minus_1q,nanQnan,nanQnan,nanQnan,,,,
5505670,,unknown,,unknown,,unknown,,,,,,,
5505730,,unknown,,unknown,,unknown,,,,,,,
5505820,,unknown,,unknown,,unknown,,,,,,,
2680755,2023Q4,exact,2023Q2,backcast_award_minus_2q,2023Q1,from_applied_minus_1q,nanQnan,nanQnan,nanQnan,,,,
5505910,,unknown,,unknown,,unknown,,,,,,,
5505940,,unknown,,unknown,,unknown,,,,,,,
5505970,,unknown,,unknown,,unknown,,,,,,,
5506000,,unknown,,unknown,,unknown,,,,,,,
5506030,,unknown,,unknown,,unknown,,,,,,,
5506060,,unknown,,unknown,,unknown,,,,,,,
5506090,,unknown,,unknown,,unknown,,,,,,,
5506120,,unknown,,unknown,,unknown,,,,,,,
5506140,,unknown,,unknown,,unknown,,,,,,,
5506180,,unknown,,unknown,,unknown,,,,,,,
5506270,,unknown,,unknown,,unknown,,,,,,,
5506300,,unknown,,unknown,,unknown,,,,,,,
5506420,,unknown,,unknown,,unknown,,,,,,,
5506450,,unknown,,unknown,,unknown,,,,,,,
5506480,,unknown,2020Q2,program_calendar,2020Q1,from_applied_minus_1q,,,,,,,
5506540,,unknown,,unknown,,unknown,,,,,,,
5506570,,unknown,,unknown,,unknown,,,,,,,
5506600,,unknown,,unknown,,unknown,,,,,,,
5506630,,unknown,,unknown,,unknown,,,,,,,
5506660,,unknown,,unknown,,unknown,,,,,,,
5506690,,unknown,,unknown,,unknown,,,,,,,
5506750,,unknown,,unknown,,unknown,,,,,,,
5506780,,unknown,,unknown,,unknown,,,,,,,
5506810,,unknown,,unknown,,unknown,,,,,,,
5506840,,unknown,,unknown,,unknown,,,,,,,
5506870,,unknown,,unknown,,unknown,,,,,,,
5506960,,unknown,,unknown,,unknown,,,,,,,
5507020,,unknown,,unknown,,unknown,,,,,,,
5507050,,unknown,,unknown,,unknown,,,,,,,
5507170,,unknown,,unknown,,unknown,,,,,,,
5507230,,unknown,,unknown,,unknown,,,,,,,
5507260,,unknown,,unknown,,unknown,,,,,,,
5507290,,unknown,,unknown,,unknown,,,,,,,
5507320,,unknown,,unknown,,unknown,,,,,,,
5507380,,unknown,,unknown,,unknown,,,,,,,
5507410,,unknown,,unknown,,unknown,,,,,,,
5507440,,unknown,,unknown,,unknown,,,,,,,
5507470,,unknown,,unknown,,unknown,,,,,,,
5507500,,unknown,,unknown,,unknown,,,,,,,
5507530,,unknown,,unknown,,unknown,,,,,,,
5507560,,unknown,,unknown,,unknown,,,,,,,
5507590,,unknown,,unknown,,unknown,,,,,,,
5507620,,unknown,,unknown,,unknown,,,,,,,
5507650,,unknown,,unknown,,unknown,,,,,,,
5507680,,unknown,,unknown,,unknown,,,,,,,
5507710,,unknown,,unknown,,unknown,,,,,,,
1931290,2022Q4,exact,2022Q2,backcast_award_minus_2q,2022Q1,from_applied_minus_1q,nanQnan,2024Q1,2024Q1,,,0.0,5.0
5507830,,unknown,,unknown,,unknown,,,,,,,
5507860,,unknown,,unknown,,unknown,,,,,,,
5508040,,unknown,,unknown,,unknown,,,,,,,
5508070,,unknown,,unknown,,unknown,,,,,,,
5508130,,unknown,,unknown,,unknown,,,,,,,
5508160,,unknown,,unknown,,unknown,,,,,,,
5508190,,unknown,,unknown,,unknown,,,,,,,
5309690,2023Q4,exact,2023Q2,backcast_award_minus_2q,2023Q1,from_applied_minus_1q,nanQnan,nanQnan,nanQnan,,,,
5508250,,unknown,,unknown,,unknown,,,,,,,
5508280,,unknown,,unknown,,unknown,,,,,,,
5508340,,unknown,,unknown,,unknown,,,,,,,
3630960,2024Q2,exact,2023Q4,backcast_award_minus_2q,2023Q3,from_applied_minus_1q,nanQnan,nanQnan,nanQnan,,,,
5508550,,unknown,,unknown,,unknown,,,,,,,
5508610,,unknown,,unknown,,unknown,,,,,,,
5508640,,unknown,,unknown,,unknown,,,,,,,
5508670,,unknown,,unknown,,unknown,,,,,,,
5508700,,unknown,,unknown,,unknown,,,,,,,
4401170,2021Q4,exact,2021Q2,backcast_award_minus_2q,2021Q1,from_applied_minus_1q,2022Q3,2022Q3,2022Q3,3.0,0.0,0.0,3.0
5508760,,unknown,,unknown,,unknown,,,,,,,
5508790,,unknown,,unknown,,unknown,,,,,,,
5508820,,unknown,,unknown,,unknown,,,,,,,
5508850,,unknown,,unknown,,unknown,,,,,,,
1812990,2022Q4,exact,2022Q2,backcast_award_minus_2q,2022Q1,from_applied_minus_1q,2023Q3,2023Q3,2023Q3,3.0,0.0,0.0,3.0
5508910,,unknown,,unknown,,unknown,,,,,,,
5508940,,unknown,,unknown,,unknown,,,,,,,
5508970,,unknown,,unknown,,unknown,,,,,,,
3819470,2024Q2,exact,2023Q4,backcast_award_minus_2q,2023Q3,from_applied_minus_1q,nanQnan,nanQnan,nanQnan,,,,
5509030,,unknown,,unknown,,unknown,,,,,,,
5509060,,unknown,,unknown,,unknown,,,,,,,
5103980,2024Q2,exact,2023Q4,backcast_award_minus_2q,2023Q3,from_applied_minus_1q,nanQnan,nanQnan,nanQnan,,,,
5509090,,unknown,,unknown,,unknown,,,,,,,
5509130,,unknown,,unknown,,unknown,,,,,,,
5509150,,unknown,,unknown,,unknown,,,,,,,
5509210,,unknown,,unknown,,unknown,,,,,,,
5509240,,unknown,,unknown,,unknown,,,,,,,
5509300,,unknown,,unknown,,unknown,,,,,,,
5509360,,unknown,,unknown,,unknown,,,,,,,
5509390,,unknown,,unknown,,unknown,,,,,,,
1710820,2022Q4,exact,2022Q2,backcast_award_minus_2q,2022Q1,from_applied_minus_1q,2023Q2,2024Q2,2024Q4,2.0,4.0,2.0,8.0
5509570,,unknown,,unknown,,unknown,,,,,,,
1742060,2024Q2,exact,2023Q4,backcast_award_minus_2q,2023Q3,from_applied_minus_1q,nanQnan,nanQnan,nanQnan,,,,
5509630,,unknown,,unknown,,unknown,,,,,,,
5509660,,unknown,,unknown,,unknown,,,,,,,
5509690,,unknown,,unknown,,unknown,,,,,,,
5509720,,unknown,,unknown,,unknown,,,,,,,
5509750,,unknown,,unknown,,unknown,,,,,,,
2006630,2023Q1,exact,2022Q3,backcast_award_minus_2q,2022Q2,from_applied_minus_1q,2023Q2,2023Q4,2023Q4,1.0,2.0,0.0,3.0
5509810,,unknown,,unknown,,unknown,,,,,,,
5509840,,unknown,,unknown,,unknown,,,,,,,
5509870,,unknown,,unknown,,unknown,,,,,,,
5509900,,unknown,,unknown,,unknown,,,,,,,
5509960,,unknown,,unknown,,unknown,,,,,,,
3631260,2017Q1,exact,2016Q3,backcast_award_minus_2q,2016Q2,from_applied_minus_1q,2017Q2,2018Q2,2018Q3,1.0,4.0,1.0,6.0
5510060,,unknown,,unknown,,unknown,,,,,,,
5510140,,unknown,,unknown,,unknown,,,,,,,
5510170,,unknown,,unknown,,unknown,,,,,,,
5510230,,unknown,,unknown,,unknown,,,,,,,
5510320,,unknown,,unknown,,unknown,,,,,,,
5510350,,unknown,,unknown,,unknown,,,,,,,
5510380,,unknown,,unknown,,unknown,,,,,,,
5510440,,unknown,,unknown,,unknown,,,,,,,
5510470,,unknown,,unknown,,unknown,,,,,,,
5510500,,unknown,,unknown,,unknown,,,,,,,
5510530,,unknown,,unknown,,unknown,,,,,,,
5510560,,unknown,,unknown,,unknown,,,,,,,
5510590,,unknown,,unknown,,unknown,,,,,,,
5510620,,unknown,,unknown,,unknown,,,,,,,
5510680,,unknown,,unknown,,unknown,,,,,,,
5510710,,unknown,,unknown,,unknown,,,,,,,
5510740,,unknown,,unknown,,unknown,,,,,,,
5510770,,unknown,,unknown,,unknown,,,,,,,
5510800,,unknown,,unknown,,unknown,,,,,,,
5510830,,unknown,,unknown,,unknown,,,,,,,
5510860,,unknown,,unknown,,unknown,,,,,,,
5510890,,unknown,,unknown,,unknown,,,,,,,
5510920,,unknown,,unknown,,unknown,,,,,,,
5510950,,unknown,,unknown,,unknown,,,,,,,
5510980,,unknown,,unknown,,unknown,,,,,,,
5511010,,unknown,,unknown,,unknown,,,,,,,
5511070,,unknown,,unknown,,unknown,,,,,,,
1800008,2024Q2,exact,2023Q4,backcast_award_minus_2q,2023Q3,from_applied_minus_1q,nanQnan,nanQnan,nanQnan,,,,
5511130,,unknown,,unknown,,unknown,,,,,,,
5511160,,unknown,,unknown,,unknown,,,,,,,
5511190,,unknown,,unknown,,unknown,,,,,,,
5099930,2022Q4,exact,2022Q2,backcast_award_minus_2q,2022Q1,from_applied_minus_1q,nanQnan,nanQnan,nanQnan,,,,
5511310,,unknown,,unknown,,unknown,,,,,,,
642480,2019Q3,exact,2019Q1,backcast_award_minus_2q,2018Q4,from_applied_minus_1q,2020Q2,nanQnan,nanQnan,3.0,,,
5511370,,unknown,,unknown,,unknown,,,,,,,
5511400,,unknown,,unknown,,unknown,,,,,,,
5511550,,unknown,,unknown,,unknown,,,,,,,
5511580,,unknown,,unknown,,unknown,,,,,,,
5511610,,unknown,,unknown,,unknown,,,,,,,
5511640,,unknown,,unknown,,unknown,,,,,,,
5511710,,unknown,,unknown,,unknown,,,,,,,
5511730,,unknown,,unknown,,unknown,,,,,,,
2012990,2023Q4,exact,2023Q2,backcast_award_minus_2q,2023Q1,from_applied_minus_1q,nanQnan,nanQnan,nanQnan,,,,
5511820,,unknown,,unknown,,unknown,,,,,,,
5511850,,unknown,,unknown,,unknown,,,,,,,
5511880,,unknown,2020Q2,program_calendar,2020Q1,from_applied_minus_1q,,,,,,,
5511940,,unknown,,unknown,,unknown,,,,,,,
5511970,,unknown,,unknown,,unknown,,,,,,,
5512000,,unknown,,unknown,,unknown,,,,,,,
5512030,,unknown,,unknown,,unknown,,,,,,,
5512060,,unknown,,unknown,,unknown,,,,,,,
5512090,,unknown,,unknown,,unknown,,,,,,,
5512120,,unknown,,unknown,,unknown,,,,,,,
5512150,,unknown,,unknown,,unknown,,,,,,,
5512180,,unknown,,unknown,,unknown,,,,,,,
5512210,,unknown,,unknown,,unknown,,,,,,,
5512240,,unknown,2020Q2,program_calendar,2020Q1,from_applied_minus_1q,,,,,,,
5512300,,unknown,,unknown,,unknown,,,,,,,
5512330,,unknown,,unknown,,unknown,,,,,,,
5512360,,unknown,,unknown,,unknown,,,,,,,
5512390,,unknown,,unknown,,unknown,,,,,,,
5512420,,unknown,,unknown,,unknown,,,,,,,
5516710,2022Q4,exact,2022Q2,backcast_award_minus_2q,2022Q1,from_applied_minus_1q,2023Q1,2023Q4,2023Q4,1.0,3.0,0.0,4.0
5512480,,unknown,,unknown,,unknown,,,,,,,
5512510,,unknown,,unknown,,unknown,,,,,,,
5512540,,unknown,,unknown,,unknown,,,,,,,
5512660,,unknown,,unknown,,unknown,,,,,,,
5512690,,unknown,,unknown,,unknown,,,,,,,
5512720,,unknown,,unknown,,unknown,,,,,,,
5512780,,unknown,,unknown,,unknown,,,,,,,
5512810,,unknown,,unknown,,unknown,,,,,,,
5512960,,unknown,,unknown,,unknown,,,,,,,
5512990,,unknown,,unknown,,unknown,,,,,,,
5513020,,unknown,,unknown,,unknown,,,,,,,
5513050,,unknown,,unknown,,unknown,,,,,,,
5513100,,unknown,,unknown,,unknown,,,,,,,
5513140,,unknown,,unknown,,unknown,,,,,,,
5513170,,unknown,,unknown,,unknown,,,,,,,
5513230,,unknown,,unknown,,unknown,,,,,,,
5513260,,unknown,,unknown,,unknown,,,,,,,
5513290,,unknown,,unknown,,unknown,,,,,,,
5513350,,unknown,,unknown,,unknown,,,,,,,
5513410,,unknown,,unknown,,unknown,,,,,,,
5513470,,unknown,,unknown,,unknown,,,,,,,
5513500,,unknown,,unknown,,unknown,,,,,,,
5513530,,unknown,,unknown,,unknown,,,,,,,
5513560,,unknown,,unknown,,unknown,,,,,,,
5513620,,unknown,,unknown,,unknown,,,,,,,
5513650,,unknown,,unknown,,unknown,,,,,,,
5513680,,unknown,,unknown,,unknown,,,,,,,
5513710,,unknown,2020Q2,program_calendar,2020Q1,from_applied_minus_1q,,,,,,,
5513770,,unknown,,unknown,,unknown,,,,,,,
5513800,,unknown,,unknown,,unknown,,,,,,,
5513830,,unknown,,unknown,,unknown,,,,,,,
5513860,,unknown,,unknown,,unknown,,,,,,,
5513890,,unknown,,unknown,,unknown,,,,,,,
5513950,,unknown,,unknown,,unknown,,,,,,,
5513980,,unknown,,unknown,,unknown,,,,,,,
5514010,,unknown,,unknown,,unknown,,,,,,,
5514040,,unknown,,unknown,,unknown,,,,,,,
5514130,,unknown,,unknown,,unknown,,,,,,,
5514160,,unknown,,unknown,,unknown,,,,,,,
5514190,,unknown,,unknown,,unknown,,,,,,,
5514220,,unknown,,unknown,,unknown,,,,,,,
5514250,,unknown,,unknown,,unknown,,,,,,,
5514340,,unknown,,unknown,,unknown,,,,,,,
5514430,,unknown,,unknown,,unknown,,,,,,,
5514490,,unknown,,unknown,,unknown,,,,,,,
5514520,,unknown,,unknown,,unknown,,,,,,,
5514550,,unknown,,unknown,,unknown,,,,,,,
5514580,,unknown,,unknown,,unknown,,,,,,,
5514610,,unknown,,unknown,,unknown,,,,,,,
5514640,,unknown,,unknown,,unknown,,,,,,,
5514670,,unknown,,unknown,,unknown,,,,,,,
5514700,,unknown,,unknown,,unknown,,,,,,,
5514820,,unknown,,unknown,,unknown,,,,,,,
5514850,,unknown,,unknown,,unknown,,,,,,,
5514880,,unknown,,unknown,,unknown,,,,,,,
5514910,,unknown,,unknown,,unknown,,,,,,,
5514940,,unknown,,unknown,,unknown,,,,,,,
5514970,,unknown,,unknown,,unknown,,,,,,,
5515060,,unknown,,unknown,,unknown,,,,,,,
5515090,,unknown,,unknown,,unknown,,,,,,,
5515120,,unknown,,unknown,,unknown,,,,,,,
5515150,,unknown,,unknown,,unknown,,,,,,,
5515180,,unknown,,unknown,,unknown,,,,,,,
5515210,,unknown,,unknown,,unknown,,,,,,,
5515330,,unknown,,unknown,,unknown,,,,,,,
5515360,,unknown,,unknown,,unknown,,,,,,,
5515390,,unknown,2020Q2,program_calendar,2020Q1,from_applied_minus_1q,,,,,,,
5515450,,unknown,,unknown,,unknown,,,,,,,
5515480,,unknown,,unknown,,unknown,,,,,,,
5515540,,unknown,,unknown,,unknown,,,,,,,
5515570,,unknown,,unknown,,unknown,,,,,,,
5515600,,unknown,,unknown,,unknown,,,,,,,
5515660,,unknown,,unknown,,unknown,,,,,,,
5515700,,unknown,,unknown,,unknown,,,,,,,
5515720,,unknown,,unknown,,unknown,,,,,,,
5515750,,unknown,,unknown,,unknown,,,,,,,
5515780,,unknown,,unknown,,unknown,,,,,,,
5515810,,unknown,,unknown,,unknown,,,,,,,
5515840,,unknown,,unknown,,unknown,,,,,,,
5515870,,unknown,,unknown,,unknown,,,,,,,
5515900,,unknown,,unknown,,unknown,,,,,,,
5515930,,unknown,,unknown,,unknown,,,,,,,
5515960,,unknown,,unknown,,unknown,,,,,,,
5515990,,unknown,,unknown,,unknown,,,,,,,
5516020,,unknown,2021Q2,program_calendar,2021Q1,from_applied_minus_1q,,,,,,,
5516230,,unknown,,unknown,,unknown,,,,,,,
5516260,,unknown,,unknown,,unknown,,,,,,,
5516290,,unknown,,unknown,,unknown,,,,,,,
5516320,,unknown,,unknown,,unknown,,,,,,,
5516350,,unknown,,unknown,,unknown,,,,,,,
5516410,,unknown,,unknown,,unknown,,,,,,,
5516440,,unknown,,unknown,,unknown,,,,,,,
5516470,,unknown,,unknown,,unknown,,,,,,,
5516500,,unknown,,unknown,,unknown,,,,,,,
5516560,,unknown,,unknown,,unknown,,,,,,,
5516590,,unknown,,unknown,,unknown,,,,,,,
5516620,,unknown,,unknown,,unknown,,,,,,,
5516650,,unknown,,unknown,,unknown,,,,,,,
5516680,,unknown,,unknown,,unknown,,,,,,,
1305760,2022Q4,exact,2022Q2,backcast_award_minus_2q,2022Q1,from_applied_minus_1q,nanQnan,nanQnan,nanQnan,,,,
5516740,,unknown,,unknown,,unknown,,,,,,,
5516770,,unknown,,unknown,,unknown,,,,,,,
5516830,,unknown,,unknown,,unknown,,,,,,,
4226300,2024Q2,exact,2023Q4,backcast_award_minus_2q,2023Q3,from_applied_minus_1q,nanQnan,nanQnan,nanQnan,,,,
5517040,,unknown,,unknown,,unknown,,,,,,,
5517070,,unknown,,unknown,,unknown,,,,,,,
5517100,,unknown,,unknown,,unknown,,,,,,,
5517130,,unknown,,unknown,,unknown,,,,,,,
5517160,,unknown,,unknown,,unknown,,,,,,,
5517190,,unknown,,unknown,,unknown,,,,,,,
5517220,,unknown,,unknown,,unknown,,,,,,,
5517245,,unknown,,unknown,,unknown,,,,,,,
5517246,,unknown,,unknown,,unknown,,,,,,,
5600005,,unknown,,unknown,,unknown,,,,,,,
5600009,,unknown,,unknown,,unknown,,,,,,,
5600010,,unknown,,unknown,,unknown,,,,,,,
5600015,,unknown,,unknown,,unknown,,,,,,,
5600016,,unknown,,unknown,,unknown,,,,,,,
5600730,,unknown,,unknown,,unknown,,,,,,,
5600960,,unknown,,unknown,,unknown,,,,,,,
5601030,,unknown,,unknown,,unknown,,,,,,,
5601090,,unknown,,unknown,,unknown,,,,,,,
5601260,,unknown,,unknown,,unknown,,,,,,,
5601420,,unknown,,unknown,,unknown,,,,,,,
5601460,,unknown,,unknown,,unknown,,,,,,,
5601470,,unknown,2020Q2,program_calendar,2020Q1,from_applied_minus_1q,,,,,,,
5601700,,unknown,2020Q2,program_calendar,2020Q1,from_applied_minus_1q,,,,,,,
5601980,,unknown,,unknown,,unknown,,,,,,,
5602070,,unknown,,unknown,,unknown,,,,,,,
5602140,,unknown,,unknown,,unknown,,,,,,,
5602150,,unknown,,unknown,,unknown,,,,,,,
5602370,,unknown,,unknown,,unknown,,,,,,,
5602670,,unknown,,unknown,,unknown,,,,,,,
5602760,,unknown,2020Q2,program_calendar,2020Q1,from_applied_minus_1q,,,,,,,
5602820,,unknown,,unknown,,unknown,,,,,,,
5602830,,unknown,,unknown,,unknown,,,,,,,
5602870,,unknown,,unknown,,unknown,,,,,,,
5602990,,unknown,2020Q2,program_calendar,2020Q1,from_applied_minus_1q,,,,,,,
5603170,,unknown,,unknown,,unknown,,,,,,,
5603180,,unknown,,unknown,,unknown,,,,,,,
5603310,,unknown,,unknown,,unknown,,,,,,,
5603770,,unknown,,unknown,,unknown,,,,,,,
5604030,,unknown,,unknown,,unknown,,,,,,,
5604060,,unknown,,unknown,,unknown,,,,,,,
5604120,,unknown,,unknown,,unknown,,,,,,,
5604230,,unknown,,unknown,,unknown,,,,,,,
5604260,,unknown,,unknown,,unknown,,,,,,,
5604380,,unknown,,unknown,,unknown,,,,,,,
5604450,,unknown,,unknown,,unknown,,,,,,,
5604500,,unknown,,unknown,,unknown,,,,,,,
5604510,,unknown,2020Q2,program_calendar,2020Q1,from_applied_minus_1q,,,,,,,
5604830,,unknown,,unknown,,unknown,,,,,,,
5604860,,unknown,,unknown,,unknown,,,,,,,
5605090,,unknown,,unknown,,unknown,,,,,,,
5605160,,unknown,,unknown,,unknown,,,,,,,
5605220,,unknown,,unknown,,unknown,,,,,,,
5605302,,unknown,,unknown,,unknown,,,,,,,
5605680,,unknown,,unknown,,unknown,,,,,,,
5605690,,unknown,,unknown,,unknown,,,,,,,
5605695,,unknown,,unknown,,unknown,,,,,,,
5605700,,unknown,,unknown,,unknown,,,,,,,
5605762,,unknown,,unknown,,unknown,,,,,,,
5605820,,unknown,,unknown,,unknown,,,,,,,
5605830,,unknown,,unknown,,unknown,,,,,,,
5606090,,unknown,,unknown,,unknown,,,,,,,
5606240,,unknown,,unknown,,unknown,,,,,,,
5680180,,unknown,,unknown,,unknown,,,,,,,
5680250,,unknown,,unknown,,unknown,,,,,,,
5680251,,unknown,,unknown,,unknown,,,,,,,
5680252,,unknown,,unknown,,unknown,,,,,,,
5680253,,unknown,,unknown,,unknown,,,,,,,
5680255,,unknown,,unknown,,unknown,,,,,,,
5900025,,unknown,,unknown,,unknown,,,,,,,
5900026,,unknown,,unknown,,unknown,,,,,,,
5900027,,unknown,,unknown,,unknown,,,,,,,
5900028,,unknown,,unknown,,unknown,,,,,,,
5900029,,unknown,,unknown,,unknown,,,,,,,
5900030,,unknown,,unknown,,unknown,,,,,,,
4113350,2023Q4,exact,2023Q2,backcast_award_minus_2q,2023Q1,from_applied_minus_1q,nanQnan,nanQnan,nanQnan,,,,
5900032,,unknown,,unknown,,unknown,,,,,,,
5900033,,unknown,,unknown,,unknown,,,,,,,
4226390,2023Q4,exact,2023Q2,backcast_award_minus_2q,2023Q1,from_applied_minus_1q,nanQnan,nanQnan,nanQnan,,,,
5900035,,unknown,,unknown,,unknown,,,,,,,
5900036,,unknown,,unknown,,unknown,,,,,,,
5900037,,unknown,,unknown,,unknown,,,,,,,
5900038,,unknown,,unknown,,unknown,,,,,,,
5900039,,unknown,,unknown,,unknown,,,,,,,
5900040,,unknown,,unknown,,unknown,,,,,,,
5900041,,unknown,,unknown,,unknown,,,,,,,
5900042,,unknown,,unknown,,unknown,,,,,,,
5900043,,unknown,,unknown,,unknown,,,,,,,
5900044,,unknown,,unknown,,unknown,,,,,,,
5900045,,unknown,,unknown,,unknown,,,,,,,
5900046,,unknown,,unknown,,unknown,,,,,,,
5900047,,unknown,,unknown,,unknown,,,,,,,
5900048,,unknown,,unknown,,unknown,,,,,,,
5900049,,unknown,,unknown,,unknown,,,,,,,
5900050,,unknown,,unknown,,unknown,,,,,,,
5900051,,unknown,,unknown,,unknown,,,,,,,
5900052,,unknown,,unknown,,unknown,,,,,,,
5900053,,unknown,,unknown,,unknown,,,,,,,
5900054,,unknown,,unknown,,unknown,,,,,,,
5900055,,unknown,,unknown,,unknown,,,,,,,
5900056,,unknown,,unknown,,unknown,,,,,,,
5900057,,unknown,,unknown,,unknown,,,,,,,
5900058,,unknown,,unknown,,unknown,,,,,,,
5900059,,unknown,,unknown,,unknown,,,,,,,
5900060,,unknown,,unknown,,unknown,,,,,,,
5900061,,unknown,,unknown,,unknown,,,,,,,
5900062,,unknown,,unknown,,unknown,,,,,,,
5900063,,unknown,,unknown,,unknown,,,,,,,
5900064,,unknown,,unknown,,unknown,,,,,,,
5900065,,unknown,,unknown,,unknown,,,,,,,
5900066,,unknown,,unknown,,unknown,,,,,,,
5900067,,unknown,,unknown,,unknown,,,,,,,
5900068,,unknown,,unknown,,unknown,,,,,,,
5900069,,unknown,,unknown,,unknown,,,,,,,
5900070,,unknown,,unknown,,unknown,,,,,,,
5900071,,unknown,,unknown,,unknown,,,,,,,
5900072,,unknown,,unknown,,unknown,,,,,,,
5900073,,unknown,,unknown,,unknown,,,,,,,
5900074,,unknown,,unknown,,unknown,,,,,,,
5900075,,unknown,,unknown,,unknown,,,,,,,
5900076,,unknown,,unknown,,unknown,,,,,,,
5900077,,unknown,,unknown,,unknown,,,,,,,
5900078,,unknown,,unknown,,unknown,,,,,,,
5900079,,unknown,,unknown,,unknown,,,,,,,
5900080,,unknown,,unknown,,unknown,,,,,,,
5900081,,unknown,,unknown,,unknown,,,,,,,
5900082,,unknown,,unknown,,unknown,,,,,,,
5900083,,unknown,,unknown,,unknown,,,,,,,
5900084,,unknown,,unknown,,unknown,,,,,,,
642510,2020Q3,exact,2020Q1,backcast_award_minus_2q,2019Q4,from_applied_minus_1q,2021Q2,2023Q4,2023Q4,3.0,10.0,0.0,13.0
5900086,,unknown,,unknown,,unknown,,,,,,,
5900087,,unknown,,unknown,,unknown,,,,,,,
5900088,,unknown,,unknown,,unknown,,,,,,,
5900089,,unknown,,unknown,,unknown,,,,,,,
5900090,,unknown,,unknown,,unknown,,,,,,,
5900091,,unknown,,unknown,,unknown,,,,,,,
5900092,,unknown,,unknown,,unknown,,,,,,,
5900093,,unknown,,unknown,,unknown,,,,,,,
5900094,,unknown,,unknown,,unknown,,,,,,,
5900095,,unknown,,unknown,,unknown,,,,,,,
5900096,,unknown,,unknown,,unknown,,,,,,,
5900097,,unknown,,unknown,,unknown,,,,,,,
5900098,,unknown,,unknown,,unknown,,,,,,,
5900099,,unknown,,unknown,,unknown,,,,,,,
5900100,,unknown,,unknown,,unknown,,,,,,,
5900101,,unknown,,unknown,,unknown,,,,,,,
5900102,,unknown,,unknown,,unknown,,,,,,,
5900103,,unknown,,unknown,,unknown,,,,,,,
5900104,,unknown,,unknown,,unknown,,,,,,,
5900105,,unknown,,unknown,,unknown,,,,,,,
5900106,,unknown,,unknown,,unknown,,,,,,,
5900107,,unknown,,unknown,,unknown,,,,,,,
5900108,,unknown,,unknown,,unknown,,,,,,,
5900109,,unknown,,unknown,,unknown,,,,,,,
5900110,,unknown,,unknown,,unknown,,,,,,,
5900111,,unknown,,unknown,,unknown,,,,,,,
5900112,,unknown,,unknown,,unknown,,,,,,,
5900113,,unknown,,unknown,,unknown,,,,,,,
5900114,,unknown,,unknown,,unknown,,,,,,,
5900115,,unknown,,unknown,,unknown,,,,,,,
5900116,,unknown,,unknown,,unknown,,,,,,,
5900117,,unknown,,unknown,,unknown,,,,,,,
5900118,,unknown,,unknown,,unknown,,,,,,,
5900119,,unknown,,unknown,,unknown,,,,,,,
5900120,,unknown,,unknown,,unknown,,,,,,,
5900121,,unknown,,unknown,,unknown,,,,,,,
5900122,,unknown,,unknown,,unknown,,,,,,,
5900123,,unknown,,unknown,,unknown,,,,,,,
5900124,,unknown,,unknown,,unknown,,,,,,,
5900125,,unknown,,unknown,,unknown,,,,,,,
5900126,,unknown,,unknown,,unknown,,,,,,,
5900127,,unknown,,unknown,,unknown,,,,,,,
5900128,,unknown,,unknown,,unknown,,,,,,,
5900129,,unknown,,unknown,,unknown,,,,,,,
5900130,,unknown,,unknown,,unknown,,,,,,,
5900131,,unknown,,unknown,,unknown,,,,,,,
642540,2022Q2,exact,2021Q4,backcast_award_minus_2q,2021Q3,from_applied_minus_1q,2022Q3,nanQnan,nanQnan,1.0,,,
5900133,,unknown,,unknown,,unknown,,,,,,,
5900134,,unknown,,unknown,,unknown,,,,,,,
5900135,,unknown,,unknown,,unknown,,,,,,,
5900136,,unknown,,unknown,,unknown,,,,,,,
4503780,2024Q2,exact,2023Q4,backcast_award_minus_2q,2023Q3,from_applied_minus_1q,nanQnan,nanQnan,nanQnan,,,,
5900138,,unknown,,unknown,,unknown,,,,,,,
5900139,,unknown,,unknown,,unknown,,,,,,,
5900140,,unknown,,unknown,,unknown,,,,,,,
5900141,,unknown,,unknown,,unknown,,,,,,,
5900142,,unknown,,unknown,,unknown,,,,,,,
5900143,,unknown,,unknown,,unknown,,,,,,,
5900144,,unknown,,unknown,,unknown,,,,,,,
5900145,,unknown,,unknown,,unknown,,,,,,,
5900146,,unknown,,unknown,,unknown,,,,,,,
5900147,,unknown,,unknown,,unknown,,,,,,,
5900148,,unknown,,unknown,,unknown,,,,,,,
5900149,,unknown,,unknown,,unknown,,,,,,,
5900150,,unknown,,unknown,,unknown,,,,,,,
5900151,,unknown,,unknown,,unknown,,,,,,,
5900152,,unknown,,unknown,,unknown,,,,,,,
5900153,,unknown,,unknown,,unknown,,,,,,,
5900154,,unknown,,unknown,,unknown,,,,,,,
5900155,,unknown,,unknown,,unknown,,,,,,,
5900156,,unknown,,unknown,,unknown,,,,,,,
5900157,,unknown,,unknown,,unknown,,,,,,,
5900158,,unknown,,unknown,,unknown,,,,,,,
5900159,,unknown,,unknown,,unknown,,,,,,,
5900160,,unknown,,unknown,,unknown,,,,,,,
5900161,,unknown,,unknown,,unknown,,,,,,,
5900162,,unknown,,unknown,,unknown,,,,,,,
5900163,,unknown,,unknown,,unknown,,,,,,,
5900164,,unknown,,unknown,,unknown,,,,,,,
5900165,,unknown,,unknown,,unknown,,,,,,,
5900166,,unknown,,unknown,,unknown,,,,,,,
5900167,,unknown,,unknown,,unknown,,,,,,,
5900168,,unknown,,unknown,,unknown,,,,,,,
5900169,,unknown,,unknown,,unknown,,,,,,,
5900170,,unknown,,unknown,,unknown,,,,,,,
5900171,,unknown,,unknown,,unknown,,,,,,,
5900172,,unknown,,unknown,,unknown,,,,,,,
5900173,,unknown,,unknown,,unknown,,,,,,,
5900174,,unknown,,unknown,,unknown,,,,,,,
5900175,,unknown,,unknown,,unknown,,,,,,,
5900176,,unknown,,unknown,,unknown,,,,,,,
5900177,,unknown,,unknown,,unknown,,,,,,,
5900178,,unknown,,unknown,,unknown,,,,,,,
5900179,,unknown,,unknown,,unknown,,,,,,,
5900180,,unknown,,unknown,,unknown,,,,,,,
5900181,,unknown,,unknown,,unknown,,,,,,,
5900182,,unknown,,unknown,,unknown,,,,,,,
5900183,,unknown,,unknown,,unknown,,,,,,,
5900184,,unknown,,unknown,,unknown,,,,,,,
5900185,,unknown,,unknown,,unknown,,,,,,,
5104020,2019Q4,exact,2019Q2,backcast_award_minus_2q,2019Q1,from_applied_minus_1q,2020Q3,2021Q3,2021Q4,3.0,4.0,1.0,8.0
5900187,,unknown,,unknown,,unknown,,,,,,,
5900188,,unknown,,unknown,,unknown,,,,,,,
5900189,,unknown,,unknown,,unknown,,,,,,,
5900190,,unknown,,unknown,,unknown,,,,,,,
5900191,,unknown,,unknown,,unknown,,,,,,,
5900192,,unknown,,unknown,,unknown,,,,,,,
5900193,,unknown,,unknown,,unknown,,,,,,,
5900194,,unknown,,unknown,,unknown,,,,,,,
5900195,,unknown,,unknown,,unknown,,,,,,,
5900196,,unknown,,unknown,,unknown,,,,,,,
1742450,2021Q4,exact,2021Q2,backcast_award_minus_2q,2021Q1,from_applied_minus_1q,2022Q4,2023Q3,2023Q3,4.0,3.0,0.0,7.0
5900200,,unknown,,unknown,,unknown,,,,,,,
642600,2022Q4,exact,2022Q2,backcast_award_minus_2q,2022Q1,from_applied_minus_1q,2023Q1,2023Q3,2023Q3,1.0,2.0,0.0,3.0
2200296,2023Q4,exact,2023Q2,backcast_award_minus_2q,2023Q1,from_applied_minus_1q,nanQnan,nanQnan,nanQnan,,,,
6600003,,unknown,,unknown,,unknown,,,,,,,
6600004,,unknown,,unknown,,unknown,,,,,,,
6600005,,unknown,,unknown,,unknown,,,,,,,
6600041,,unknown,,unknown,,unknown,,,,,,,
6900002,,unknown,,unknown,,unknown,,,,,,,
5309900,2023Q4,exact,2023Q2,backcast_award_minus_2q,2023Q1,from_applied_minus_1q,nanQnan,nanQnan,nanQnan,,,,
7800002,,unknown,,unknown,,unknown,,,,,,,
642810,2018Q1,exact,2017Q3,backcast_award_minus_2q,2017Q2,from_applied_minus_1q,2018Q2,2020Q1,2020Q2,1.0,7.0,1.0,9.0
5000450,2022Q4,exact,2022Q2,backcast_award_minus_2q,2022Q1,from_applied_minus_1q,2023Q2,2023Q3,2023Q3,2.0,1.0,0.0,3.0
3178810,2024Q2,exact,2023Q4,backcast_award_minus_2q,2023Q3,from_applied_minus_1q,nanQnan,nanQnan,nanQnan,,,,
5516860,2022Q4,exact,2022Q2,backcast_award_minus_2q,2022Q1,from_applied_minus_1q,2023Q1,2023Q4,2023Q4,1.0,3.0,0.0,4.0
642930,2019Q1,exact,2018Q3,backcast_award_minus_2q,2018Q2,from_applied_minus_1q,2019Q4,2020Q3,2020Q4,3.0,3.0,1.0,7.0
2313970,2022Q4,exact,2022Q2,backcast_award_minus_2q,2022Q1,from_applied_minus_1q,2022Q4,2023Q2,2023Q2,0.0,2.0,0.0,2.0
5401590,2022Q4,exact,2022Q2,backcast_award_minus_2q,2022Q1,from_applied_minus_1q,2023Q1,2023Q2,2023Q2,1.0,1.0,0.0,2.0
5104080,2022Q4,exact,2020Q2,program_calendar,2020Q1,from_applied_minus_1q,2022Q4,2023Q1,2023Q2,0.0,1.0,1.0,2.0
2105970,2022Q1,exact,2021Q3,backcast_award_minus_2q,2021Q2,from_applied_minus_1q,2022Q2,2023Q3,2023Q3,1.0,5.0,0.0,6.0
602315,2023Q2,exact,2022Q4,backcast_award_minus_2q,2022Q3,from_applied_minus_1q,2023Q3,nanQnan,nanQnan,1.0,,,
514370,2022Q4,exact,2022Q2,backcast_award_minus_2q,2022Q1,from_applied_minus_1q,nanQnan,2024Q2,2024Q2,,,0.0,6.0
2636485,2024Q2,exact,2023Q4,backcast_award_minus_2q,2023Q3,from_applied_minus_1q,nanQnan,nanQnan,nanQnan,,,,
4216500,2024Q2,exact,2023Q4,backcast_award_minus_2q,2023Q3,from_applied_minus_1q,nanQnan,nanQnan,nanQnan,,,,
643080,2022Q3,exact,2022Q1,backcast_award_minus_2q,2021Q4,from_applied_minus_1q,2022Q4,nanQnan,nanQnan,1.0,,,
5310050,2024Q2,exact,2021Q2,program_calendar,2021Q1,from_applied_minus_1q,nanQnan,nanQnan,nanQnan,,,,
643170,2021Q2,exact,2020Q4,backcast_award_minus_2q,2020Q3,from_applied_minus_1q,2021Q3,2021Q4,2022Q1,1.0,1.0,1.0,3.0
4401200,2022Q4,exact,2022Q2,backcast_award_minus_2q,2022Q1,from_applied_minus_1q,2022Q4,2023Q2,2023Q2,0.0,2.0,0.0,2.0
2513230,2023Q4,exact,2023Q2,backcast_award_minus_2q,2023Q1,from_applied_minus_1q,nanQnan,nanQnan,nanQnan,,,,
2932300,2024Q2,exact,2023Q4,backcast_award_minus_2q,2023Q3,from_applied_minus_1q,nanQnan,nanQnan,nanQnan,,,,
3904513,2022Q1,exact,2021Q3,backcast_award_minus_2q,2021Q2,from_applied_minus_1q,2022Q2,2023Q3,2023Q3,1.0,5.0,0.0,6.0
200810,,unknown,,unknown,,unknown,,,,,,,
4846500,2024Q2,exact,2023Q4,backcast_award_minus_2q,2023Q3,from_applied_minus_1q,nanQnan,nanQnan,nanQnan,,,,
5401650,2022Q1,exact,2021Q3,backcast_award_minus_2q,2021Q2,from_applied_minus_1q,2023Q2,2023Q4,2023Q4,5.0,2.0,0.0,7.0
3705040,2022Q4,exact,2022Q2,backcast_award_minus_2q,2022Q1,from_applied_minus_1q,2023Q1,2023Q4,2023Q4,1.0,3.0,0.0,4.0
5310110,2022Q1,exact,2021Q3,backcast_award_minus_2q,2021Q2,from_applied_minus_1q,2022Q2,2023Q1,2023Q2,1.0,3.0,1.0,5.0
2314100,2024Q2,exact,2023Q4,backcast_award_minus_2q,2023Q3,from_applied_minus_1q,nanQnan,nanQnan,nanQnan,,,,
3000086,2022Q1,exact,2021Q3,backcast_award_minus_2q,2021Q2,from_applied_minus_1q,2022Q2,2024Q2,nanQnan,1.0,8.0,,
A0107337,2021Q4,exact,2021Q2,backcast_award_minus_2q,2021Q1,from_applied_minus_1q,2022Q3,2023Q2,2023Q2,3.0,3.0,0.0,6.0
4113650,2024Q2,exact,2023Q4,backcast_award_minus_2q,2023Q3,from_applied_minus_1q,nanQnan,nanQnan,nanQnan,,,,
600160,2022Q4,exact,2022Q2,backcast_award_minus_2q,2022Q1,from_applied_minus_1q,2023Q1,2024Q2,2024Q2,1.0,5.0,0.0,6.0
3904516,2023Q4,exact,2023Q2,backcast_award_minus_2q,2023Q1,from_applied_minus_1q,nanQnan,nanQnan,nanQnan,,,,
2636630,2022Q4,exact,2022Q2,backcast_award_minus_2q,2022Q1,from_applied_minus_1q,nanQnan,2024Q1,2024Q1,,,0.0,5.0
643470,2018Q3,exact,2018Q1,backcast_award_minus_2q,2017Q4,from_applied_minus_1q,2018Q4,2020Q3,2020Q4,1.0,7.0,1.0,9.0
601574,2021Q2,exact,2020Q4,backcast_award_minus_2q,2020Q3,from_applied_minus_1q,2022Q1,2022Q4,2023Q1,3.0,3.0,1.0,7.0
409630,2023Q4,exact,2023Q2,backcast_award_minus_2q,2023Q1,from_applied_minus_1q,nanQnan,nanQnan,nanQnan,,,,
2636660,2019Q3,exact,2019Q1,backcast_award_minus_2q,2018Q4,from_applied_minus_1q,2019Q4,2019Q4,2020Q1,1.0,0.0,1.0,2.0
3900396,2021Q1,exact,2020Q3,backcast_award_minus_2q,2020Q2,from_applied_minus_1q,2021Q4,2022Q2,2022Q3,3.0,2.0,1.0,6.0
3901396,2024Q2,exact,2023Q4,backcast_award_minus_2q,2023Q3,from_applied_minus_1q,nanQnan,nanQnan,nanQnan,,,,
3901576,2022Q4,exact,2022Q2,backcast_award_minus_2q,2022Q1,from_applied_minus_1q,2022Q4,2023Q3,2023Q3,0.0,3.0,0.0,3.0
1743890,2024Q2,exact,2023Q4,backcast_award_minus_2q,2023Q3,from_applied_minus_1q,nanQnan,nanQnan,nanQnan,,,,
06ZUMSE,2022Q1,exact,2021Q3,backcast_award_minus_2q,2021Q2,from_applied_minus_1q,2022Q2,2023Q1,2023Q2,1.0,3.0,1.0,5.0
,,unknown,,unknown,,unknown,,,,,,,
