nces_id,is_charter
4500690,0
2800360,0
100002,0
1700105,0
100006,0
100007,0
100008,0
100009,0
100010,0
100011,0
100012,0
100013,0
100018,0
100030,0
100060,0
100090,0
100100,0
100120,0
100176,0
100180,0
100185,0
100188,0
100189,0
100190,0
100194,0
100195,0
100197,1
100199,1
100201,1
2900017,1
100203,1
100204,1
100207,1
100208,1
100210,0
100211,1
100212,0
100213,1
100240,0
100270,0
100300,0
100330,0
100360,0
2501710,0
100420,0
100450,0
100480,0
100510,0
100540,0
100600,0
100630,0
100660,0
100690,0
100720,0
806900,0
100780,0
100810,0
100840,0
100870,0
100900,0
100930,0
100960,0
100990,0
101020,0
101050,0
101080,0
101110,0
101140,0
101170,0
101200,0
101230,0
101260,0
101290,0
101320,0
101350,0
101380,0
101410,0
3906190,0
101470,0
101530,0
601710,0
101590,0
101620,0
101640,0
101660,0
101680,0
101690,0
101710,0
101720,0
101730,0
101740,0
101760,0
101770,0
101800,0
101830,0
101860,0
2500085,1
101920,0
101950,0
2902910,0
102010,0
102040,0
102070,0
102100,0
102130,0
102160,0
102190,0
102220,0
102250,0
102310,0
102350,0
102370,0
102400,0
400450,0
102480,0
102490,0
102520,0
102550,0
102580,0
102610,0
102635,0
102640,0
102650,0
102670,0
102700,0
102730,0
102760,0
102790,0
102820,0
102850,0
102880,0
102910,0
102940,0
1903220,0
103000,0
103030,0
103062,0
103090,0
103120,0
103150,0
103180,0
103210,0
103240,0
103270,0
103300,0
103330,0
103360,0
103390,0
601770,0
103430,0
103450,0
103480,0
103510,0
103540,0
103580,0
103581,0
103582,1
103583,1
103584,1
200001,0
200003,0
200004,0
200005,0
200006,0
200007,0
200010,0
200020,0
200030,0
200050,0
200060,0
200070,0
200090,0
200100,0
200120,0
200130,0
200150,0
200180,0
200210,0
200240,0
200270,0
200300,0
200330,0
200360,0
200390,0
200450,0
200480,0
200485,0
200510,0
200520,0
200525,0
200540,0
200570,0
200600,0
200610,0
200625,0
200630,0
200660,0
200670,0
200680,0
200690,0
200700,0
200710,0
200715,0
200720,0
200730,0
200760,0
200770,0
200775,0
200780,0
200800,0
5100090,0
200840,0
200862,0
1900031,0
400001,0
400003,0
3001860,0
400005,0
400016,1
400018,1
400019,1
400020,1
400021,0
400022,0
400023,0
400026,0
400028,1
400031,1
400033,1
400034,1
400037,1
400040,1
400041,1
400043,1
400047,1
400052,1
400053,1
400054,1
400056,1
400057,1
400061,1
400065,1
400068,1
400069,1
400070,1
400071,1
400072,1
400074,1
400075,1
400077,1
400078,1
400079,1
400081,1
400082,0
400083,1
400089,1
400090,1
400092,1
400093,1
400095,1
400096,1
400097,1
400098,1
400099,1
400100,1
400102,1
400103,1
400106,1
400107,1
400108,1
400111,1
400112,1
400115,1
400120,0
400121,1
400122,1
400124,1
400126,1
400130,1
400131,1
400134,1
400135,1
400141,1
400144,1
400145,1
400147,1
400149,1
400150,1
400151,1
400153,1
400154,1
400157,1
400159,1
400163,0
400165,1
400181,1
400182,1
400184,1
400185,1
400187,1
100005,0
400191,1
400197,0
400201,1
400202,1
400204,1
400205,1
400208,1
400209,1
400210,1
400211,1
400212,0
400213,1
400217,1
400218,1
400219,1
400221,1
400223,1
400225,1
400227,1
400229,1
400230,1
400231,1
400232,1
400235,1
400238,1
400239,1
400241,1
400243,1
400244,1
400246,1
400248,1
400254,1
400255,1
400258,1
400259,1
400261,1
400263,1
400264,1
400266,1
400267,1
400268,1
400273,1
400274,1
400275,1
400276,1
400278,1
400279,1
400280,1
400281,1
400282,1
400284,1
400288,1
400290,1
400295,0
400303,1
400310,1
400311,1
400315,0
400316,0
400317,1
400318,1
400320,1
400321,1
400322,1
400323,1
400326,1
400327,1
400329,1
400330,1
400332,1
400339,1
400340,1
400341,0
400343,1
400345,0
400347,0
400348,0
400349,0
400351,1
400352,1
400353,1
400354,1
400355,1
400356,1
400357,1
400359,1
400361,1
400363,1
400364,1
400366,1
400367,1
400368,1
400370,1
400373,1
400374,1
400376,1
400377,1
400381,1
400382,1
400384,1
400385,1
400386,1
400387,1
400388,1
400389,1
400390,1
400391,1
400394,1
400395,1
400397,1
400399,1
400401,1
400402,1
400403,1
400404,1
400405,1
400406,1
400407,1
400409,1
400413,1
400414,1
400415,1
400417,1
400419,0
400420,1
400423,1
400424,1
400425,1
400427,1
400429,1
400432,1
400438,1
400439,1
400440,1
400441,1
400442,1
400444,1
400445,1
400447,1
400448,1
1903270,0
400455,0
400457,0
400458,0
400459,0
400460,0
400461,0
400463,0
400480,0
400520,0
400600,0
400607,0
400608,1
400610,1
400612,0
400613,1
400614,1
400615,0
400616,1
400618,1
400619,1
400621,1
400625,1
400626,1
400630,0
400632,1
400633,1
400636,1
400637,1
400638,1
400640,1
400641,1
400649,1
400653,1
400655,1
400680,0
400720,0
400745,1
400746,1
400747,1
400748,1
400750,0
400751,1
400752,0
400754,1
400755,1
400756,1
400757,1
400758,1
400760,1
400762,0
400763,1
400764,1
400765,0
400766,1
400768,1
400769,1
400770,1
400771,1
400772,0
400773,0
400774,1
400775,1
400776,1
400777,0
400778,1
400779,0
400780,1
400781,1
400782,1
400783,1
400785,1
400786,1
400787,1
400788,1
400789,1
400790,0
400792,1
400793,1
400794,0
400797,1
400798,1
400799,1
400800,1
400801,1
400802,1
400803,1
400805,1
400807,1
400810,1
400814,1
400815,1
400816,1
400817,1
400818,1
400819,1
400820,1
400821,1
400822,1
400823,1
400824,1
400827,1
400828,1
400829,1
400830,1
400831,1
400832,1
400833,1
400834,1
400835,0
400837,0
400838,1
400839,1
400840,0
400841,1
400842,1
400843,1
400844,1
400845,1
400846,1
400847,1
400849,1
400850,1
400851,1
400852,1
400853,1
400855,1
400857,1
400858,1
400859,1
400861,1
400863,1
400864,1
400866,1
400867,1
400870,0
400871,1
400872,1
400873,1
400875,1
400876,1
400877,1
400878,1
400879,1
400880,1
400881,1
400882,1
400884,1
400885,1
400886,1
400887,1
400888,1
400890,1
400891,1
400892,1
400893,1
400894,1
400895,1
400897,1
400898,1
400899,1
400900,1
400902,1
400903,1
400904,1
400905,1
400907,1
400909,1
400910,0
400911,1
400912,1
400913,1
400914,1
400915,1
400916,1
400918,1
400919,1
400920,0
400921,1
400922,1
400924,1
400925,1
400926,1
400927,1
400929,1
400930,1
400933,1
400934,1
400936,1
400937,1
400939,1
400940,1
400941,1
400942,1
400943,1
400944,1
400945,1
400946,1
400947,1
400948,1
400950,1
400951,1
400952,1
400953,1
400954,1
400955,1
400956,1
400958,1
400959,1
400960,0
400961,1
400962,1
400963,1
400964,1
400965,1
400966,1
400967,1
400968,1
400969,1
400970,1
400972,0
400973,0
400975,1
400976,1
400977,1
400978,1
400980,1
400981,1
400982,0
400983,0
400984,0
400985,0
400986,0
400987,1
400988,1
400989,1
400990,1
400991,1
400992,1
400996,1
400997,1
400998,1
400999,1
401000,0
401002,1
401003,1
401004,1
401005,1
401006,1
401007,1
401008,1
401009,1
401010,1
401011,1
401012,1
401013,1
401014,1
401015,0
401016,1
401050,0
401080,0
401160,0
401180,0
401230,0
3500060,0
401290,0
401330,0
401380,0
401410,0
401460,0
401500,0
401600,0
401650,0
2602160,0
401740,0
401760,0
3602670,0
5100120,0
401920,0
600153,0
402130,0
402190,0
402220,0
402250,0
4807830,0
402370,0
402400,0
601950,0
402460,0
402480,0
402490,0
402530,0
402600,0
402690,0
402740,0
402760,0
402790,0
402820,0
2400030,0
402920,0
2602520,0
403040,0
403060,0
403080,0
403150,0
403200,0
403240,0
403290,0
403310,0
403400,0
403420,0
403450,0
403500,0
403550,0
403660,0
403730,0
403780,0
403820,0
403860,0
403870,0
403900,0
403950,0
502250,0
403990,0
5500180,0
404060,0
404170,0
404200,0
404230,0
404280,0
601943,1
404320,0
404380,0
404410,0
502280,0
602070,0
404530,0
404570,0
404630,0
404720,0
404770,0
404820,0
404860,0
404920,0
602450,0
405030,0
405070,0
405100,0
3904684,0
405220,0
405320,0
405340,0
405360,0
405400,0
405430,0
405460,0
405500,0
405530,0
405640,0
1703690,0
405730,0
405760,0
405820,0
405850,0
405880,0
5100180,0
405980,0
406000,0
6000030,0
406070,0
406120,0
406150,0
406210,0
406250,0
2501890,0
5100210,0
406360,0
406440,0
406510,0
406580,0
406630,0
406730,0
2501920,0
406780,0
406810,0
406850,0
4101230,0
406900,0
406930,0
406960,0
407020,0
602610,0
407130,0
407170,0
407200,0
407240,0
407300,0
407380,0
407430,0
407500,0
407520,0
407530,0
407570,0
407630,0
407680,0
407700,0
407750,0
407770,0
407820,0
407860,0
602630,0
407920,0
408020,0
408080,0
408130,0
408170,0
408230,0
408280,0
2602790,0
408340,0
408410,0
4500840,0
408460,0
408490,0
4500900,0
408550,0
408600,0
408640,0
408680,0
3002070,0
2501950,0
408850,0
408880,0
408910,0
409060,0
409090,0
409120,0
409160,0
409190,0
409250,0
409310,0
409360,0
409390,0
409430,0
409460,0
409510,0
409540,0
409570,0
409600,0
1903630,0
409731,0
409733,0
409734,0
409735,1
409736,1
409737,1
409738,1
409739,1
409740,1
409741,1
409742,1
409743,1
500001,0
500002,0
500005,0
500006,0
500008,0
500009,0
500011,0
500012,0
500013,0
500014,0
500015,0
500016,0
500017,0
500018,0
2602820,0
500020,0
500021,0
500022,0
500023,0
500024,0
500025,0
500026,0
500027,0
500028,0
500029,0
500030,0
500031,0
500032,0
500033,0
500034,0
500035,0
500036,0
500037,0
500039,0
500040,0
500041,0
500042,0
2400060,0
500044,0
500045,0
500046,0
500047,0
500048,0
500049,0
500051,0
500052,0
500053,0
500054,0
500055,1
500056,0
500057,0
500058,0
500059,1
500060,0
500061,1
500062,1
500065,0
500066,0
500067,0
500068,0
500070,0
500071,0
500072,0
500073,0
500074,1
500075,0
500076,0
500078,1
500079,0
500080,0
500081,0
500082,0
500389,0
500390,0
500394,1
500398,1
500402,1
500405,0
500407,1
500408,1
500409,1
500411,1
500417,1
500418,1
500419,0
500420,1
500421,1
500423,1
500425,1
500426,1
500428,0
500429,0
500430,0
500431,0
500432,0
500433,0
500434,0
500435,0
500436,0
500437,0
500438,0
500439,0
500440,1
500441,1
601363,0
602850,0
502430,0
502550,0
502580,0
502610,0
502670,0
502700,0
502730,0
502790,0
502820,0
502880,0
502960,0
503030,0
503060,0
503090,0
503150,0
503240,0
503300,0
600017,0
503420,0
503450,0
503480,0
503630,0
503640,0
503690,0
503710,0
503750,0
503770,0
503840,0
503960,0
504020,0
504050,0
504080,0
504110,0
504170,0
504200,0
504350,0
504370,0
504380,0
504410,0
504560,0
504590,0
504680,0
504740,0
504800,0
504860,0
602970,0
504930,0
504980,0
505170,0
505190,0
505340,0
505430,0
505470,0
505500,0
505550,0
505580,0
505680,0
505760,0
505850,0
505970,0
506060,0
603000,0
506120,0
506150,0
506210,0
506240,0
506270,0
506330,0
506360,0
506420,0
506540,0
506630,0
506690,0
506840,0
506870,0
506900,0
506930,0
506990,0
507110,0
507140,0
507170,0
507230,0
507290,0
507320,0
507350,0
507380,0
507530,0
507560,0
507620,0
507680,0
507710,0
507740,1
507770,0
507840,0
507860,0
507890,0
507920,0
507990,0
508040,0
508130,0
508240,0
508280,0
508340,0
508400,0
508490,0
508610,0
508640,0
508670,0
508700,0
508730,0
603060,0
900070,0
509060,0
509150,0
509190,0
509240,0
509270,0
509330,0
509360,0
509390,0
509420,0
509480,0
509510,0
509540,0
509570,0
509600,0
509630,0
509720,0
509750,0
509780,0
509840,0
509990,0
510080,0
510170,0
510200,0
510260,0
510290,0
510320,0
510380,0
510410,0
510440,0
510560,0
510680,0
510920,0
510950,0
510980,0
511010,0
511070,0
511130,0
511220,0
511340,0
511370,0
511610,0
511700,0
511730,0
511760,0
511820,0
511850,0
2501980,0
511970,0
512000,0
512060,0
512090,0
512180,0
3603270,0
512420,0
512450,0
512480,0
512510,0
512520,0
512540,0
512570,0
512630,0
512660,0
512930,0
512960,0
513080,0
513110,0
513230,0
513350,0
513380,0
513410,0
513530,0
513560,0
513680,0
513930,0
514010,0
514020,0
514040,0
514140,0
5100270,0
514400,0
514430,0
514490,0
600001,0
600002,0
600003,0
600006,0
600007,0
600009,0
600011,0
600012,0
5001830,0
2603240,0
691136,0
600016,0
3700126,1
600018,0
600019,0
600020,0
600021,0
600022,0
600025,0
600026,0
600027,0
600028,0
3700438,1
600031,0
600032,0
600033,0
600034,0
600035,0
4101560,0
209228,0
600038,0
600039,0
600040,0
802280,0
600043,0
603300,0
600045,0
4700120,0
600047,0
1300120,0
600049,0
603420,0
2603600,0
5500600,0
600061,0
600062,0
600063,0
1903960,0
600065,0
5100300,0
600068,0
2100180,0
600075,0
600076,0
600077,0
600079,0
600080,0
600081,0
600082,0
600083,0
600084,0
600085,0
600086,0
600089,0
600090,0
600092,0
600093,0
600094,0
600095,0
600096,0
600097,0
600098,0
600099,0
600100,0
600101,0
600105,0
600106,0
600107,0
600108,0
600109,0
600110,0
600111,0
600112,0
600113,0
600114,0
5500630,0
600117,0
600118,0
600119,0
600120,0
600121,0
600122,0
600123,0
600124,0
600125,0
600126,0
600127,0
600129,0
600130,0
600131,0
600132,0
600133,0
600135,0
600137,0
600138,0
600139,0
600140,0
600143,0
600144,0
600145,0
600146,0
600148,0
600149,0
802340,0
600155,0
600158,0
600159,0
1704710,0
601325,0
4808940,0
601328,0
601329,0
4202760,0
602074,1
1300210,0
601339,0
601343,0
601346,0
601347,0
601349,0
601350,0
601351,0
601353,0
601354,0
601355,0
601356,0
601357,0
601358,0
601361,0
601362,0
603690,0
601364,0
601365,0
601366,0
601367,0
601368,0
601369,0
601372,0
601373,0
601375,0
601376,0
601377,0
601378,0
601379,0
601380,0
601381,0
601382,0
601383,0
601384,0
601385,0
601386,0
601387,0
601388,0
601389,0
601391,0
2400090,0
601396,0
601397,0
601398,0
601400,0
601401,0
601402,0
601404,0
601405,0
601406,0
2400120,0
601410,0
4101830,0
601415,0
601416,0
601417,0
601418,0
601420,0
601421,0
601422,0
3904353,0
601424,0
601426,0
601427,0
601428,0
601440,0
601442,0
601443,0
601461,1
601462,1
601463,1
601464,1
601465,1
601466,1
601467,1
601468,1
601469,1
601470,1
601471,1
601472,1
601473,1
601474,1
601475,1
601477,1
601478,1
601479,1
601480,1
601481,1
601483,1
601484,1
601485,1
601486,1
601487,1
2100240,0
601489,1
601490,1
601493,1
601494,1
601495,1
601496,1
601497,1
601498,1
601499,1
601500,1
601501,1
601502,1
601503,1
601505,1
601507,1
601508,1
601509,1
601511,1
601512,1
601513,1
601514,1
601515,1
601516,1
601517,1
601519,1
601520,1
601521,1
601522,1
601523,1
601524,1
601526,1
601527,1
601528,1
601529,1
601530,1
601531,1
601532,1
601533,1
601534,1
601535,1
601536,1
601537,1
601538,1
601540,1
601541,1
601542,1
601543,1
601544,1
601545,1
601547,1
601548,1
601549,1
601550,1
601551,1
601552,1
601553,1
601554,1
601555,1
601556,1
601557,1
601558,1
601559,1
601560,1
601561,1
601562,1
601563,1
601564,1
601565,1
601567,1
601568,1
601569,1
601570,1
601571,1
601573,1
3603960,0
601575,1
601576,1
601577,1
601578,1
601579,1
601580,1
601581,1
601582,1
601584,1
601585,1
601586,1
601587,1
601588,1
601589,1
601590,1
601591,1
601592,1
601593,1
601594,1
601595,1
601596,1
601597,1
601598,1
601599,1
601600,1
601601,1
601602,1
601603,1
601604,1
601605,1
601606,1
601607,1
601609,1
601610,1
601611,1
601612,1
601613,1
601614,1
601616,1
601617,1
601619,1
601620,0
601621,1
601622,1
601624,1
601625,1
601626,1
601627,1
601628,1
601629,1
601630,1
601631,1
601632,1
601633,1
601635,1
601636,1
601637,1
601638,1
601639,1
601640,1
601641,1
601642,1
601644,1
601645,1
601647,1
601648,1
601649,1
601650,0
601652,1
601653,1
601654,1
601656,1
601657,1
601658,1
601660,1
601661,1
601662,1
601664,1
601665,1
601666,1
601667,1
601668,1
601669,1
601670,1
601671,1
601672,1
601674,1
601677,1
601678,1
601679,1
601680,1
601681,1
601682,1
601683,1
601684,1
601685,1
601686,1
601687,1
601688,1
601689,1
601690,1
601691,1
601693,1
601694,1
601695,1
601696,1
601697,1
601698,1
601699,1
601700,1
601701,1
601702,1
601703,1
601704,1
601705,1
601706,1
601707,1
601708,1
601709,1
4501080,0
601711,1
601712,1
601713,1
601714,1
601715,1
601716,1
601718,1
601719,1
601721,1
601722,1
601723,1
601724,1
601725,1
601726,1
601728,1
601729,1
601730,1
601731,1
601732,1
601733,1
601734,1
601735,1
601736,1
601737,1
601738,1
601740,1
601741,1
601742,1
601743,1
601744,1
601745,1
5000445,0
601747,1
601748,1
601751,1
601752,1
601753,1
601754,1
601755,1
601756,1
601757,1
601758,1
601759,1
601760,1
601761,1
601762,1
601763,1
601764,1
601765,1
601766,1
601767,1
601768,1
601769,1
1705050,0
601771,1
601773,1
601775,1
601776,1
601777,1
601778,1
601779,1
601780,1
601781,1
601782,1
601783,1
601784,1
601785,1
601786,1
601787,1
601788,1
601789,1
601790,1
601791,1
601792,1
601793,1
601794,1
601795,1
601796,1
1800360,0
601798,1
601799,1
601800,1
601801,1
601802,1
601803,1
601804,1
601805,1
601806,1
601808,1
601809,1
601810,1
601811,1
601812,1
601813,1
601814,1
601815,1
601816,1
601817,1
601818,1
601820,1
601821,1
601822,1
601823,1
601824,1
601825,1
601826,1
601827,1
601828,1
601829,1
601830,1
601831,1
601832,1
601833,1
601834,1
601835,1
601837,1
601838,1
601839,1
601840,1
601841,1
601842,1
601843,1
601844,1
601845,1
601846,1
601847,1
601848,1
601849,1
601850,1
601851,1
601852,1
601853,1
601854,1
601855,1
601856,1
601857,1
601858,1
601859,1
601860,0
601861,1
601862,1
601863,1
601865,1
601866,1
601867,1
601868,1
601869,1
601870,1
601871,1
601872,1
601873,1
601875,1
601876,1
601877,1
601878,1
601879,1
601880,1
601881,1
601882,1
601883,1
601884,1
601885,1
601886,1
601887,1
601888,1
601889,1
601890,0
601891,1
601892,1
601893,1
601894,1
601895,1
601896,1
601897,1
601898,1
601899,1
601900,1
601901,1
601902,1
601903,1
601904,1
601905,1
601906,1
601907,1
601908,1
601909,1
601911,1
601912,1
601913,1
601914,1
601915,1
601916,1
601917,1
601918,1
601919,1
601920,1
601921,1
601922,1
601923,1
601924,1
601925,1
601926,1
601928,1
601929,1
601931,1
601932,1
601933,1
601934,1
601935,1
601936,1
601937,1
601938,1
601939,1
601940,1
601941,1
601942,1
604110,0
601944,1
601945,1
601946,1
601947,1
601948,1
500019,0
4809630,0
601953,1
601954,1
601955,1
601956,1
601957,1
601958,1
601959,1
601960,1
601961,1
601962,1
601963,1
601964,1
601965,1
601966,1
601967,1
601968,1
601969,1
601970,1
601971,1
601972,1
601973,1
601974,1
601975,1
601976,1
601977,1
601978,1
601979,1
601980,0
601983,1
601986,1
601988,1
601989,1
601990,1
601991,1
601992,1
601993,1
601995,1
601996,1
601997,1
601998,1
601999,1
602000,1
602001,1
602002,1
602003,1
602004,1
602005,1
602006,1
602007,1
602008,1
602009,1
602010,0
602011,1
602012,1
602013,1
602014,1
602015,1
602016,1
602017,1
602018,1
602019,1
602020,1
602021,1
602022,1
602023,1
602024,1
602025,1
602026,1
602027,1
602030,1
602032,1
602034,1
602035,1
602036,1
602037,1
602038,1
602039,1
602040,1
602041,1
602042,1
602043,1
602044,1
602045,1
602046,1
602047,1
602048,1
602049,1
602050,1
602051,1
602052,1
602053,1
602054,1
602055,1
602056,1
602057,1
602058,1
602059,1
602060,1
602061,1
602062,1
602063,1
602064,1
602065,1
602068,1
602069,1
3604080,0
602071,1
602072,1
602073,1
1904440,0
602075,1
602076,1
602077,1
602078,1
602079,1
602080,1
602081,1
602082,1
602083,1
602084,1
602085,1
602087,1
602088,1
602089,1
602090,1
602091,1
602092,1
602093,1
602094,1
602095,1
602096,1
602097,1
602098,1
602099,1
602100,0
602101,1
602102,1
602103,1
602104,1
602106,1
602108,1
602109,1
602110,1
602111,1
602112,1
602113,1
602115,1
602116,1
602117,1
602118,1
602119,1
602120,1
602121,1
602122,1
602123,1
602124,1
602126,1
602127,1
602128,1
602129,1
602130,1
602131,1
602132,1
602133,1
602134,1
602135,1
602136,1
602137,1
602138,1
602140,1
602142,1
602143,1
602144,1
602145,1
602147,1
602148,1
602149,1
602150,1
602152,1
3604140,0
602154,1
602155,1
4101920,0
602159,1
602160,0
602161,1
602162,1
602163,1
602164,1
602165,1
602166,1
602167,1
602168,1
602169,1
602170,1
602171,1
602172,1
602173,1
602174,1
602175,1
602176,1
602177,1
602178,1
602180,1
602181,1
602182,1
602183,1
602184,1
602185,1
602186,1
602187,1
602188,1
602189,1
602190,1
602191,1
602192,1
602193,1
602194,1
602195,1
602196,1
602197,1
602199,1
602200,1
602201,1
602202,1
602203,1
602204,1
602205,1
602206,1
602207,1
602208,1
602209,1
602210,1
602211,1
602212,1
602213,1
602214,1
602215,1
602216,1
602217,1
602218,1
602219,1
602220,0
602221,1
602222,1
602225,1
602226,1
602227,1
602228,1
602229,1
602230,1
602231,1
602232,1
602233,1
602234,1
602235,1
602236,1
602237,1
602238,1
602239,1
602240,1
602241,1
602242,1
602243,1
602244,1
602245,1
602246,1
602247,1
602248,1
602249,1
602250,0
602251,1
602252,1
602253,1
602254,1
602255,1
602256,1
602257,1
602258,1
602259,1
602260,1
602261,1
602262,1
602263,1
602264,1
602265,1
602266,1
602267,1
602268,1
602269,1
602270,1
602271,1
602272,1
602274,1
602275,1
602276,1
602277,1
602278,1
602279,1
602280,1
602281,1
602282,1
602284,1
602285,1
602286,1
602287,1
602288,1
602289,1
602290,1
602291,1
602292,1
602293,1
602294,1
602295,1
602296,1
602297,1
602298,1
602299,1
602300,1
602301,1
602302,1
602303,1
602304,1
602305,1
602306,1
602307,1
602308,1
602309,1
602310,0
602311,1
602312,1
602313,1
602314,1
5100360,0
602316,1
602317,1
602318,1
602319,1
602320,1
602321,1
602322,1
602323,1
602324,1
602325,1
602326,1
602328,1
602330,1
602331,1
602333,1
602334,1
602335,1
602336,1
602337,1
602338,1
602339,1
602340,1
602341,1
602342,1
602343,1
602344,1
602345,1
602346,1
602348,1
602350,1
602351,1
602352,1
602353,1
602354,1
602356,1
602357,1
602358,1
602359,1
602360,0
602361,1
602362,1
602363,1
602364,1
602365,1
602366,1
602367,1
602368,1
602369,1
602370,1
602371,1
602372,1
602374,1
602375,1
602376,1
602377,1
602378,1
602379,1
602380,1
602381,1
602383,1
602384,1
602385,1
602386,1
602387,1
602388,1
602389,1
602390,1
602392,1
602393,1
602395,1
602396,1
602397,1
602398,1
602399,1
602400,1
602401,1
602403,1
602405,1
602406,1
602407,1
602408,1
602410,1
602411,1
602412,1
602413,1
602414,1
602415,1
602416,1
602417,1
602418,1
602419,1
602420,1
602421,1
602423,1
602424,1
602425,1
602426,1
602427,1
602428,1
602429,1
602430,0
602431,1
602432,1
602433,1
602434,1
602435,1
602436,1
602437,1
602439,1
602442,1
602443,1
602444,1
602445,1
602446,1
602447,1
602448,1
602449,1
2604500,0
602451,1
602452,1
602453,1
602454,1
602455,1
602456,1
602457,1
602458,1
602459,1
602460,1
602461,1
602462,1
602463,1
602464,1
602465,1
602467,1
602468,1
602469,1
602470,1
602471,1
602472,1
602473,1
602475,1
602476,1
602477,1
602478,1
602480,1
602481,1
602482,1
602483,1
602484,1
602485,1
602486,1
602487,1
602488,1
602489,1
602491,1
602493,1
602494,1
602495,1
602496,1
602497,1
602498,1
602500,1
602501,1
602502,1
602503,1
602504,1
602505,1
602506,1
602507,1
602508,1
602509,1
602510,1
602511,1
602512,1
602513,1
602515,1
602516,1
602517,1
602518,1
602520,1
602521,1
602522,1
602523,1
602524,1
602525,0
602527,0
602528,1
602529,1
602530,1
602531,1
602532,1
602533,1
602534,1
602535,1
602538,1
602539,1
602540,1
602541,1
602542,1
602543,1
602544,1
602545,1
602546,1
602547,1
602548,1
602551,1
602552,1
602553,1
602554,1
602555,1
602556,1
602557,1
602558,1
602559,1
602560,1
602561,1
602562,1
602563,1
602564,1
602565,1
602566,1
602567,1
602569,1
602570,1
602571,0
602573,1
602574,1
602575,1
602576,1
602577,1
602578,1
602579,0
602580,0
602581,1
602582,1
602583,1
4003810,0
602670,0
602700,0
602730,0
602760,0
602820,0
2904530,0
2100390,0
3401350,0
3604370,0
604440,0
603090,0
603180,0
603270,0
5501050,0
3604530,0
603480,0
603600,0
603610,0
603630,0
4101980,0
603720,0
603750,0
603780,0
603840,0
604020,0
604080,0
4700240,0
604200,0
604230,0
604260,0
604290,0
604350,0
604380,0
604740,0
604500,0
604530,0
604620,0
604650,0
3700360,0
604800,0
604830,0
604860,0
2600006,0
604950,0
604980,0
4203510,0
605190,0
4203570,0
3604710,0
605250,0
605280,0
605400,0
605490,0
605520,0
605580,0
605610,0
2502640,0
605700,0
605730,0
3401740,0
1300420,0
605880,0
605910,0
2303150,0
606000,0
2200210,0
606060,0
606090,0
606100,0
606270,0
604890,0
606360,0
606390,0
606420,0
606450,0
606480,0
606510,0
606540,0
606570,0
606580,0
606690,0
606720,0
606750,0
806600,0
3000654,0
605010,0
3003820,0
606960,0
605040,0
607020,0
607140,0
607170,0
2800630,0
607230,0
607260,0
607350,0
607410,0
100390,0
607470,0
607500,0
607530,0
601409,0
607680,0
607740,0
607770,0
607800,0
607840,0
605220,0
605240,0
607950,0
4400015,1
607980,0
3700390,0
4810380,0
608130,0
4700270,0
608190,0
608250,0
608340,0
1706420,0
608460,0
3401830,0
608550,0
608580,0
2705790,0
608640,0
608700,0
608760,0
608850,0
608880,0
608970,0
4810620,0
503320,0
3401920,0
609240,0
609270,0
609300,0
1600360,0
401260,0
605640,0
5400090,0
609510,0
2502790,0
802490,0
2100570,0
3004560,0
609690,0
3904522,0
900420,0
609850,0
609870,0
609940,0
609990,0
605790,0
610230,0
610260,0
610290,0
610320,0
605820,0
610380,0
610440,0
610620,0
610680,0
610710,0
610740,0
605940,0
3402220,0
610890,0
610980,0
611040,0
900450,0
611110,0
3402250,0
611220,0
611280,0
611430,0
606030,0
2606900,0
611520,0
611550,0
611610,0
611670,0
611700,0
2606930,0
3905012,0
611780,0
611820,0
611850,0
2303640,0
1200180,0
2607040,0
5100480,0
606330,0
612090,0
802640,0
612150,0
612180,0
612210,0
3605850,0
612360,0
612600,0
612630,0
612690,0
612750,0
612810,0
4005820,0
612880,0
1707740,0
1736810,0
1700125,0
3402440,0
613140,0
3700530,0
5400180,0
613360,0
606780,0
613500,0
4006120,0
613740,0
613800,0
613840,0
613860,0
2607590,0
1708040,0
613980,0
614010,0
614040,0
606810,0
614130,0
614190,0
614220,0
606870,0
614340,0
2100840,0
3700580,0
614430,0
614490,0
5099909,0
606900,0
2800870,0
614730,0
614760,0
5400210,0
606990,0
2503270,0
614910,0
614940,0
3402640,0
614970,0
615000,0
615090,0
615150,0
3700600,0
615240,0
615270,0
3904370,0
615450,0
615480,0
5100600,0
615600,0
2907050,0
615780,0
615810,0
615840,0
615870,0
615990,0
607200,0
616080,0
616110,0
3606300,0
2004410,0
616300,0
616320,0
616323,0
616325,0
4812780,0
2503310,0
616530,0
616560,0
2303930,0
616620,0
616650,0
616680,0
607440,0
616830,0
616860,0
1801200,0
617040,0
617160,1
617190,0
617220,0
607560,0
5100690,0
617490,0
617520,0
617580,0
617620,0
617640,0
617760,0
617850,0
617880,0
618030,0
618060,0
618120,0
618160,0
1300870,0
618240,0
2907380,0
618510,1
618660,0
3200390,0
618730,0
618780,0
618810,0
618840,0
618870,0
618930,0
618990,0
619050,0
619110,0
619140,0
619170,0
619200,0
619230,0
2101020,0
619320,0
619380,0
619410,0
401680,0
619490,0
600067,0
619590,0
619620,0
619650,0
619680,0
5900186,0
619740,0
619770,1
619800,1
619830,0
619860,0
619890,0
619920,0
619950,0
619980,0
620010,0
620040,0
401710,0
620130,0
620190,0
620220,0
2608400,0
620310,0
620370,0
620430,0
620460,0
620490,0
620520,0
620610,0
2608430,0
620670,0
620700,0
620730,0
620760,0
2908170,0
620850,0
620880,0
620910,0
621000,0
1801410,0
3700660,0
621150,0
621180,0
621210,0
621240,0
621270,0
4813230,0
621360,0
621400,0
621420,0
1906540,0
621480,0
621540,0
401810,0
4102800,0
621690,0
607900,0
607920,0
621900,0
621930,0
621960,0
621990,0
2200125,0
622110,0
622170,0
622230,0
622320,0
622350,0
622380,0
622410,0
5301080,0
1906930,0
622560,0
622590,0
622650,0
607970,0
608010,0
622800,0
622830,0
622860,0
622890,0
608070,0
622950,0
623010,0
623040,0
623080,0
623130,0
608160,0
5000396,0
401870,0
623460,0
3700720,0
623550,0
623610,0
623700,0
623730,0
623760,0
623800,0
623820,0
5100720,0
623970,0
624000,0
624030,0
624090,0
2400270,0
4501440,0
624210,0
624230,0
2908670,0
624330,0
624360,0
5100750,0
3702970,0
5100780,0
1300990,0
3607110,0
624600,0
624630,0
624660,0
624690,0
1301050,0
624750,0
600116,0
624870,0
624900,0
624930,0
625110,0
4700570,0
625150,0
625190,0
3700153,0
625290,0
625320,0
625350,0
625380,0
625410,0
2609150,0
625500,0
5100810,0
625650,0
4501530,0
625740,0
625770,0
4501560,0
625830,0
625860,0
5100840,0
626040,0
626070,0
626100,0
626130,0
5301260,0
626220,0
626280,0
626310,0
626340,0
2800200,0
626400,0
626430,0
626460,0
626490,0
4007560,0
626670,0
626760,0
626820,0
626880,0
626910,0
626970,0
627030,0
627040,0
608370,0
627120,0
401940,0
627200,0
2609570,0
627300,0
627450,0
627480,0
627510,0
627590,0
5900031,0
627720,0
627750,0
627780,0
627810,0
627840,0
627850,0
627870,0
627900,0
627930,0
608520,0
628080,0
628140,0
2101150,0
608610,0
628270,0
3904375,0
1709930,0
628530,0
628680,0
628710,0
628830,0
628860,0
628950,0
2201080,0
2916380,0
629160,0
629190,0
629220,0
3200060,0
629280,0
629340,0
629370,0
629400,0
400004,0
100750,0
5400240,0
1301230,0
629580,0
3403300,0
629640,0
629670,0
629700,0
629770,0
4008070,0
3006870,0
629850,0
609030,0
609070,0
630030,0
630090,0
630180,0
630210,0
609120,0
630250,0
630330,0
2503780,0
630390,0
630450,0
4008250,0
630510,1
630520,0
609330,0
630630,0
5301470,0
630720,0
630750,0
630780,0
630810,0
630840,0
630870,0
630900,0
630930,0
2200288,1
631020,0
4501830,0
1710650,0
631180,0
631230,0
1000230,0
631320,0
631350,0
631380,0
631400,0
631470,0
609390,0
3608100,0
631680,0
1200360,0
631740,0
631830,0
631860,0
631920,0
609450,0
2709510,0
632040,0
609480,0
3700960,0
632160,0
632250,0
632270,0
609570,0
632340,0
3600046,1
632400,0
632430,0
632520,0
609620,0
2610590,0
2503840,0
632710,0
632730,0
632760,0
3302460,0
2910080,0
609640,0
900002,0
3608160,0
633270,0
633390,0
633480,0
633510,0
633570,0
1708400,0
1301470,0
633660,0
633690,0
633720,0
402320,0
1908070,0
633900,0
3608280,0
3608310,0
4103420,1
634080,0
2801260,0
634170,0
634230,0
634290,0
609780,0
609810,0
5301710,0
634425,0
610050,0
634590,0
4008850,0
634680,0
634710,0
2905640,0
634770,0
1802460,0
634860,0
402430,0
634920,0
3608580,0
1802490,0
635040,0
635070,0
635090,0
635110,0
635130,0
5101050,0
3700011,0
635310,0
5301890,0
635490,0
4816080,0
610350,0
4816110,0
4009390,0
4816230,0
635810,0
635830,0
635850,0
504890,0
635910,0
635940,0
635970,0
636000,0
4703180,0
636100,0
636180,0
636210,0
636240,0
2304860,0
636330,0
636360,0
4103990,0
636420,0
636450,0
636570,0
4617850,0
636660,0
636670,0
2611600,0
1711850,0
1301740,0
636810,0
636820,0
610770,0
636940,0
636960,0
636970,0
636972,0
636990,0
4816620,0
637110,0
610860,0
1802700,0
637230,0
637260,0
3415450,0
637320,0
637350,0
637380,0
637470,0
637500,0
637530,0
637560,0
637590,0
637620,0
637630,0
637650,0
637680,0
637710,0
637770,0
637830,0
637890,0
637950,0
3403870,0
638040,0
3302610,0
638130,0
611100,0
638250,0
638280,0
638340,0
638430,0
2601103,0
638520,0
638550,0
638610,0
611130,0
638670,0
3700418,1
638730,0
1100030,0
638790,0
638880,0
638980,0
639000,0
1200450,0
3009030,0
639210,0
639300,0
1712330,0
4500002,0
639630,0
639690,0
639720,0
639750,0
639840,0
639870,0
639930,0
639940,0
640150,0
640200,0
640230,0
640260,0
1301860,0
640320,0
640380,0
3200090,0
640650,0
640680,0
640710,0
640740,0
640800,0
3403930,0
611460,0
3609240,0
2504320,0
611490,0
641220,0
641250,0
1712760,0
3500810,0
641430,0
641460,0
803480,0
3701260,0
641790,0
641820,0
641880,0
611730,0
642000,0
642060,0
642120,0
642140,0
642150,0
642180,0
642210,0
642270,0
642300,0
642330,0
642350,0
642420,0
642450,0
1200480,0
611760,0
4010500,0
642560,0
642580,0
2200540,0
642630,0
642710,0
642750,0
3404110,0
642900,0
804320,0
642960,0
901260,0
643140,0
3000655,0
643200,0
643380,0
643410,0
1713170,0
643560,0
684500,0
691001,0
691002,0
691003,0
691004,0
691005,0
691006,0
691007,0
2305380,0
691009,0
691010,0
691011,0
1713320,0
691013,0
691014,0
691015,0
691017,0
691018,0
691019,0
691020,0
3700424,1
691022,0
691023,0
1803000,0
691025,0
691026,0
691027,0
691028,0
691029,0
691030,0
691031,0
691032,0
691033,0
691035,0
691036,0
3404320,0
691038,0
691040,0
691041,0
691042,0
691043,0
691044,0
691045,0
691046,0
691047,0
691048,0
691049,0
691051,0
691052,0
691058,0
691063,0
3904912,0
691090,0
691093,0
691102,0
691111,0
691120,0
691122,0
691134,0
691135,0
611870,0
691137,0
691138,1
691139,1
691140,1
691141,1
691142,1
691143,1
800001,0
800004,0
800009,0
800011,0
800012,0
800013,0
800014,0
800015,0
800016,0
800017,0
800018,0
800019,0
1910130,0
800022,0
800023,0
800220,0
800221,0
800222,0
800223,0
800224,0
800225,0
800226,0
800227,0
800228,0
800229,0
800230,0
800231,0
800232,0
800233,0
800234,0
800235,0
800236,0
800237,0
800238,0
800239,0
800240,0
800241,0
800242,0
800243,0
800245,0
800246,0
800247,0
800248,0
800249,0
800250,0
800251,0
800253,0
800254,0
800255,0
800256,0
800257,0
800258,0
800259,0
800260,0
800261,0
800262,0
800263,0
800264,0
800265,0
800266,1
800267,0
800268,0
800269,0
611910,0
800271,0
800272,0
800273,0
800274,0
800275,0
800276,0
800277,0
3700840,0
800279,0
800280,0
800281,0
800282,0
800283,0
800284,0
800285,0
800286,0
800287,0
800288,0
800289,0
800291,0
800292,0
800293,0
800294,0
800295,0
801920,0
801950,0
801980,0
802010,0
802040,0
802070,0
802130,0
802190,0
802220,0
802260,0
5504080,0
802310,0
2711250,0
802370,0
802400,0
802430,0
802460,0
4818180,0
802520,0
802550,0
802580,0
802610,0
611940,0
802670,0
802700,0
802730,0
802760,0
802790,0
802850,0
802880,0
802910,0
802940,0
803000,0
803030,0
803060,0
803090,0
803120,0
803150,0
803180,0
803210,0
803240,0
803270,0
803300,0
803330,0
2312100,0
803390,0
803420,0
803450,0
1713530,0
612030,0
803540,0
803600,0
803630,0
803690,0
803720,0
803750,0
803780,0
803810,0
803840,0
803870,0
803930,0
803960,0
2911310,0
804020,0
804050,0
612070,0
804110,0
804140,0
804200,0
804230,0
612120,0
804290,0
1713660,0
804350,0
804380,0
804410,0
804440,0
804470,0
804500,0
804530,0
804560,0
2200291,1
804620,0
804650,0
804680,0
804710,0
804740,0
804770,0
804800,0
804830,0
804860,0
804890,0
804920,0
804950,0
804980,0
805010,0
805040,0
3404590,0
805100,0
805130,0
805160,0
805190,0
805220,0
805250,0
805280,0
805310,0
805340,0
805370,0
612330,0
805460,0
805490,0
805520,0
805550,0
805580,0
805610,0
805640,0
805670,0
805700,0
805730,0
3200120,0
805790,0
805820,0
805850,0
805880,0
805910,0
805940,0
805970,0
806000,0
806030,0
806060,0
806090,0
806120,0
806150,0
806180,0
806210,0
806240,0
806270,0
806300,0
806330,0
806360,0
806390,0
4104620,1
806450,0
806480,0
806510,0
2005800,0
806570,0
5302490,0
806630,0
5501770,0
806690,0
806720,0
806750,0
806780,0
3700413,1
806840,0
806870,0
2700484,1
806930,0
806960,0
806990,0
807050,0
807080,0
807110,0
807140,0
807200,0
807230,0
3800061,0
807290,0
807320,0
807350,0
807380,0
807410,0
899080,0
899160,0
899180,0
899200,0
899220,0
899240,0
899280,0
899300,0
899320,0
899340,0
899400,0
900001,0
4209300,0
900003,0
900004,0
900005,0
900007,1
900009,1
900010,1
900011,1
900014,1
900015,1
900016,1
900018,1
900024,1
900026,0
900027,0
900028,1
900030,0
900033,1
900060,0
612840,0
900090,0
900120,0
900150,0
900207,1
900208,1
900210,0
900212,1
900214,1
900215,1
900216,1
900217,1
900219,1
900220,1
900221,1
900222,0
900223,0
900224,0
900225,0
900226,0
900227,0
900240,0
900270,0
900330,0
900360,0
900390,0
612910,0
612930,0
900510,0
900540,0
900570,0
900630,0
900660,0
900690,0
900700,0
900720,0
900750,0
900780,0
900810,0
900840,0
900870,0
900900,0
900910,0
900930,0
900960,0
900990,0
901020,0
901050,0
901080,0
901110,0
901170,0
901200,0
901230,0
5101200,0
901290,0
901320,0
901350,0
901360,0
901380,0
901410,0
901440,0
901470,0
901500,0
2500554,0
901560,0
901590,0
901620,0
901680,0
901710,0
901740,0
901770,0
901800,0
901860,0
901890,0
612960,0
901950,0
902010,0
902040,0
902070,0
902130,0
902160,0
902190,0
902220,0
902280,0
902310,0
902340,0
902370,0
902400,0
3904395,0
902520,0
902550,0
902580,0
902640,0
600052,0
902700,0
902730,0
902760,0
902790,0
902820,0
902850,0
902880,0
902910,0
902940,0
902970,0
903000,0
903030,0
903060,0
903090,0
903120,0
903180,0
903210,0
903240,0
903270,0
903300,0
903330,0
903360,0
903390,0
903420,0
903450,0
903480,0
903510,0
903512,0
903515,0
903520,0
903530,0
903535,0
903536,0
903537,0
903538,0
903539,0
903540,0
903570,0
903600,0
903630,0
903660,0
903720,0
903750,0
903780,0
613080,0
903840,0
903900,0
903930,0
903960,0
903990,0
904020,0
904050,0
904080,0
904110,0
904140,0
904170,0
904230,0
904260,0
904290,0
904320,0
904350,0
904380,0
904440,0
904470,0
904500,0
904530,0
904560,0
904590,0
904620,0
904650,0
904680,0
904710,0
904740,0
904830,0
904860,0
904890,0
4818750,0
904950,0
904980,0
905010,0
905040,0
905070,0
905100,0
905130,0
905160,0
905190,0
905220,0
905250,0
905280,0
905310,0
905370,0
905371,0
905372,0
905373,0
905374,0
1000004,1
1000005,1
1000006,1
1000007,1
1000010,1
1000011,1
1000014,1
1000015,1
1000016,1
1000017,1
1000018,1
1000019,1
1000020,0
1000021,0
1000022,0
1000024,1
1000026,1
1000050,1
1000052,1
1000053,1
1000054,1
1000055,1
1000057,1
1000059,1
1000062,1
1000063,1
1000080,0
1000170,0
1000180,0
1000190,0
1000200,0
3616560,0
1000270,0
1000680,0
1000750,0
1000790,0
1000810,0
1001080,0
1001240,0
1001280,0
1714460,0
1001530,0
1001620,0
1001680,0
1001850,0
1100004,1
1100005,1
1100008,1
1100009,1
1100011,1
1100013,1
1100014,1
1100015,1
1100016,1
1100017,1
1100019,1
1100020,1
1100022,1
1100029,1
5302670,0
1100031,1
1100032,1
1100034,1
1100035,1
1100039,1
1100042,1
1100043,1
1100044,1
1100045,1
1100048,1
1100049,1
1100051,1
1100054,1
1100055,1
1100057,1
1100058,1
1100059,1
1100064,1
1100072,1
1100073,1
1100077,1
1100080,1
1100081,1
1100082,1
1100083,1
1100084,1
1100085,1
1100086,1
1100087,0
1100088,1
1100090,1
1100091,1
1100092,1
1100093,1
1100094,1
1100096,1
1100097,1
1100099,1
1100100,1
1100101,1
1100102,1
1100103,1
1100104,1
1100105,1
1100106,1
1100108,1
1100109,1
1100110,1
1100111,1
1100112,1
1100113,1
1100114,1
1100115,1
1100116,1
1100117,1
1100118,1
1200002,0
1200030,0
1200060,0
1200080,1
1200081,1
1200082,1
1200083,1
1200084,1
1200090,0
1200120,0
1200150,0
613170,0
1200210,0
1200240,0
1200270,0
1200300,0
1200330,0
4818810,0
4818840,0
1200420,0
601423,0
602153,1
1200510,0
1200540,0
1200570,0
1200600,0
1200630,0
3610860,0
1200690,0
1200720,0
1200750,0
1200780,0
1200810,0
1200840,0
2911730,0
1200900,0
1200930,0
1200960,0
5101260,0
613290,0
1201050,0
1201080,0
1201110,0
1201140,0
1201170,0
1201200,0
5003930,0
1201260,0
1201290,0
1201320,0
1201350,0
1201380,0
1201410,0
4502100,0
1201470,0
101440,0
1201530,0
3010140,0
1201590,0
1201620,0
1201650,0
901530,0
1201710,0
1201740,0
1201770,0
1201800,0
1201830,0
1201860,0
1201890,0
1201920,0
1201950,0
1201980,0
1202010,0
1202012,0
1202013,0
1202014,0
1202015,0
1202016,0
1202017,1
1202018,1
1300001,0
1300005,1
1300006,0
1300007,0
1300008,0
1300009,0
1300010,0
1300011,0
1300012,0
1300013,0
1300014,0
1300015,0
1300016,0
1300017,0
1300018,0
1300019,0
1300020,0
1300021,0
1300023,1
1300025,0
1300026,0
1300027,0
1300028,0
1300060,0
1300090,0
3610890,0
1300150,0
1300180,0
2504830,0
1300214,1
1300217,1
613470,0
1300221,1
1300222,1
1300226,1
1300227,1
1300230,1
1300232,1
1300233,1
1300234,1
1300235,1
1300236,1
1300237,1
1300238,1
1300239,1
1300240,0
1300241,1
1300242,1
1300243,1
1300244,1
1300245,1
1300246,1
1300247,1
1300248,1
1300249,1
1300250,1
1300251,1
1300252,1
1300253,1
1300254,0
1300255,1
1300256,1
1300257,1
1300258,1
1300259,1
1300261,1
1300262,1
1300263,1
1300264,1
1300265,1
1300290,0
1300330,0
1300360,0
1300390,0
613530,0
1300440,0
1300480,0
1300510,0
1300540,0
1300570,0
1300600,0
1300630,0
1300660,0
1300690,0
1300720,0
1300750,0
1300780,0
1300810,0
1300840,0
5101290,0
1300900,0
1300930,0
2305670,0
2711760,0
506090,0
1301080,0
1301110,0
1301140,0
1301170,0
1301200,0
2300008,0
1301260,0
1301290,0
1301350,0
1301380,0
1301410,0
1301440,0
2711880,0
1301500,0
1301530,0
1301560,0
1301590,0
1301620,0
1301650,0
1301680,0
1301710,0
2912010,0
1301770,0
1301800,0
1301830,0
600037,0
1301870,0
1301890,0
1301920,0
1301950,0
1301980,0
1302010,0
1302040,0
1302070,0
1302100,0
1302130,0
1302190,0
1302220,0
1302250,0
3700404,1
1302310,0
1302340,0
1302370,0
1302430,0
1302460,0
1302490,0
1302520,0
1302550,0
1302580,0
1302610,0
1302640,0
1302670,0
1302700,0
1302730,0
1302790,0
1302820,0
1302880,0
1302910,0
1302940,0
1302970,0
1303030,0
1303060,0
1303090,0
1303120,0
1303150,0
1303210,0
1303240,0
1303270,0
1303300,0
1303330,0
1303390,0
1303420,0
1303450,0
1303480,0
1303510,0
1303540,0
1303570,0
1303600,0
1303660,0
1303690,0
1303720,0
1303750,0
1303780,0
1303840,0
1303870,0
1303930,0
1303960,0
1303990,0
1304020,0
2504890,0
1304080,0
1304110,0
1304140,0
1304170,0
1304200,0
1304220,0
1304260,0
1304290,0
1304320,0
1304350,0
402860,0
1304410,0
1304440,0
1304470,0
1304500,0
1304530,0
1304540,0
1304560,0
1304590,0
1304620,0
1304650,0
1304680,0
1304770,0
1304800,0
1304830,0
1304860,0
1304890,0
1304950,0
2101920,0
1305040,0
1305070,0
1305100,0
1305130,0
1305190,0
1305220,0
2614520,0
1305280,0
1305310,0
1305340,0
1305370,0
1305390,0
1305430,0
1305460,0
1305490,0
1305550,0
1305580,0
1305640,0
1305670,0
1305700,0
1305730,0
3011100,0
1305790,0
1305850,0
1305851,1
1305852,1
1305853,1
403010,0
1600001,0
1600002,0
1600003,1
1600004,1
1600005,1
1600006,1
1600007,1
1600008,1
1600009,0
1600010,0
1600011,1
1600012,1
1600014,1
1600015,1
1600016,0
1600017,0
1600030,0
1600060,0
1600090,0
1600138,0
1600139,0
1600140,1
1600141,1
1600142,1
1600143,1
1600144,1
1600145,1
1600148,1
1600149,1
1600150,0
1600151,1
1600152,0
1600153,1
1600154,1
1600156,1
1600157,1
1600158,1
1600159,1
1600160,1
1600161,1
1600162,1
1600163,1
1600165,1
1600166,1
1600167,0
1600169,1
1600170,1
1600171,1
1600172,1
1600173,1
1600174,1
1600175,1
1600176,1
1600177,1
1600178,1
1600179,1
1600180,0
1600181,1
1600182,1
1600183,1
1600184,1
1600186,1
1600187,0
1600188,1
1600189,1
1600190,1
1600191,1
1600192,1
1600193,1
1600194,1
1600195,1
1600196,1
1600197,1
1600198,1
1600199,1
1600200,1
1600201,1
1600202,1
1600203,1
1600204,1
1600205,1
1600240,0
1600270,0
1600300,0
1600330,0
5101350,0
1600420,0
1600450,0
1600480,0
1600490,0
1600510,0
1600540,0
1600570,0
1600600,0
1600630,0
1600660,0
1600690,0
1600720,0
1600750,0
1600780,0
1600810,0
1600815,0
1600840,0
1600870,0
1600900,0
1600930,0
1600960,0
1601020,0
1601050,0
1601080,0
1601110,0
1601140,0
1601170,0
613890,0
1601230,0
1601260,0
1601290,0
1601380,0
1601410,0
1601440,0
1601470,0
613920,0
1601530,0
1601570,0
1601590,0
1601620,0
1601650,0
1601680,0
1601710,0
1601740,0
1601770,0
1601800,0
1601830,0
1601860,0
1601900,0
1601920,0
1601950,0
1601980,0
1715450,0
1602060,0
1602070,0
1602100,0
1602130,0
1602160,0
1602190,0
1602220,0
1602250,0
1602280,0
1602310,0
1602340,0
1602370,0
1602400,0
1602430,0
1602460,0
1602490,0
1602520,0
1602550,0
1602580,0
1602610,0
1602640,0
1602670,0
1602700,0
1602730,0
1602760,0
1602790,0
1602820,0
1602850,0
1602910,0
1602940,0
1602970,0
1603000,0
1603030,0
1603060,0
1603090,0
1603120,0
1603180,0
1603210,0
1603240,0
1603270,0
1603300,0
1603330,0
1603360,0
1603400,0
1603420,0
1603480,0
1603511,0
1603512,1
1603513,1
1603514,1
1603515,1
1700001,0
1700002,0
1700003,0
1700004,0
1700005,0
1700006,0
1700007,0
1700009,0
1700010,0
1700014,0
1700015,0
1700023,0
1700024,0
1700029,0
1700030,0
1700031,0
1700032,0
1700039,0
1700041,0
1700044,0
1700045,0
1700048,0
1700051,0
1700052,0
1700054,0
1700056,0
1700059,0
1700065,0
1700069,0
1700074,0
1700077,0
1700080,0
1700081,0
1700084,0
1700091,0
1700092,0
1700097,0
1700098,0
1700099,0
1700100,0
1700101,0
1700102,0
1700103,0
2801510,0
1700106,0
1700109,0
1700110,0
1700112,0
1700113,0
1700114,0
1700115,0
1700116,0
1700118,0
1700119,0
1700120,0
1700122,0
1700123,0
614070,0
1700126,0
1700147,0
1700152,0
1700153,0
1700162,0
1700164,0
1700165,0
1700166,0
1700168,0
1700169,0
1700170,0
1700171,0
1700173,0
1700174,0
1700175,0
1700176,0
1700177,0
1700178,0
1700179,0
1700180,0
1700182,0
1700184,0
1700186,0
1700188,0
1700189,0
1700190,0
1700191,0
1700192,0
1700193,0
1700194,0
1700195,0
1700197,0
1700198,0
1700200,0
1700201,0
1700202,0
1700203,0
1700204,0
1700206,0
1700207,0
1700208,0
1700209,0
1700211,0
1700213,0
1700217,0
1700218,1
1700220,0
1700221,0
1700222,0
1700223,0
1700225,0
1700227,0
1700228,0
1700229,0
1700231,0
1700233,0
1700234,0
1700235,0
1700236,0
1700238,0
1700239,0
1700242,0
1700243,0
1700244,0
1700245,0
1700246,0
1700248,0
1700249,0
1700250,0
1700252,0
1700255,0
1700258,0
1700261,0
1700262,0
1700263,0
1700264,0
1700265,0
1700266,0
1700270,0
1700271,0
1700272,0
1700273,0
1700274,0
1700276,0
1700277,0
1700278,0
1700279,0
1700281,0
1700283,0
1700284,0
1700285,0
1700286,0
1700288,0
1700289,0
1700292,0
1700293,0
1700294,0
1700295,0
1700297,0
1700298,0
1700299,0
1700304,0
1700306,0
1700308,0
1700309,0
1700310,0
1700311,0
1700312,0
1700313,0
1700314,0
1700317,0
1700319,0
1700320,0
1700321,0
1700322,0
1700323,0
1700324,0
1700325,0
1700326,0
1700327,0
1700329,0
101560,0
1700332,0
1700333,0
1701381,0
1701382,0
1701384,0
1701385,0
1701387,0
1701388,0
1701390,0
1701391,0
1701392,0
1701393,0
1701394,0
1701395,0
1701396,0
1701397,0
1701400,1
1701403,0
1701404,0
1701408,0
1701409,0
1701410,1
1701411,0
1701412,1
1701413,0
1701414,0
1701415,0
1701416,0
1701417,0
1701418,0
1701419,0
1701420,0
1701421,0
1701422,0
1701423,1
1701424,1
1701425,0
1701426,1
1701428,0
1701429,0
1701430,0
1701431,1
1701432,0
1701433,0
1701434,0
1701435,1
1701436,1
1701437,0
1701438,1
1701439,0
1701441,0
1701442,0
1703150,0
1703210,0
1703270,0
1703300,0
1703420,0
1703450,0
1703480,0
1703510,0
1703600,0
1703660,0
4819700,0
1703750,0
1703780,0
1703810,0
1703840,0
1703870,0
1703900,0
1703930,0
1703960,0
1703990,0
1704020,0
1704050,0
1704140,0
804080,0
1704200,0
1704230,0
1704260,0
1704340,0
1704380,0
1704440,0
1704470,0
1704560,0
1704620,0
1704680,0
614250,0
1704740,0
1704770,0
1704800,0
1704920,0
1704950,0
5101410,0
1705160,0
1705190,0
1705220,0
1705310,0
1705430,0
1705460,0
1705466,0
1705570,0
1705580,0
1705610,0
1705640,0
1705760,0
1705790,0
1705820,0
1705880,0
1705910,0
1705950,0
1705970,0
1706000,0
1706060,0
1706090,0
1706120,0
1706180,0
1706270,0
1706390,0
5302940,0
1706450,0
1706480,0
1706510,0
1706540,0
1706600,0
1706750,0
1706840,0
1706880,0
1706930,0
1706960,0
1707010,0
1707050,0
614370,0
1707200,0
1707290,0
1707320,0
1707440,0
1707650,0
2400330,0
1707770,0
1707830,0
1707860,0
1707950,0
1707980,0
1708010,0
5101510,0
1708070,0
1708100,0
1708130,0
1708160,0
1708220,0
1708250,0
1708280,0
1708310,0
1708340,0
1708370,0
4819820,0
1708430,0
1708460,0
1708500,0
1708550,0
1708580,0
1708610,0
1708640,0
1708730,0
1708790,0
1708970,0
1709100,0
1709150,0
1709170,0
1709180,0
1709210,0
1709270,0
1709300,0
1709330,0
1709400,0
1709420,0
1709510,0
1709540,0
1709600,0
1709810,0
1709850,0
614400,0
1709960,0
1709990,0
1710200,0
1710240,0
1710290,0
1710340,0
1710380,0
1710410,0
1710440,0
1710470,0
1710530,0
1710570,0
614520,0
1710690,0
1710740,0
1710790,0
1710800,0
614550,0
1710830,0
1710860,0
1710950,0
1710980,0
1711010,0
1711100,0
1711220,0
1711250,0
1711290,0
1711350,0
1711370,0
1711400,0
1711520,0
1711610,0
1711700,0
1711730,0
1711790,0
614700,0
1711880,0
1711910,0
1711980,0
1712000,0
1712030,0
1712060,0
1712090,0
1712120,0
1712150,0
1712210,0
1712240,0
1302280,0
1712420,0
1712450,0
1712480,0
1712510,0
1712540,0
1712570,0
1712700,0
1712720,0
5101560,0
1712810,0
1712840,0
1712870,0
1712900,0
1712930,0
1712960,0
1712990,0
1713050,0
1713140,0
1716080,0
1713230,0
1713240,0
1713260,0
1713290,0
614790,0
1713370,0
1713410,0
1713440,0
1713500,0
614820,0
1713560,0
1713590,0
614880,0
1713710,0
1713770,0
1713860,0
1713920,0
1713940,0
1713970,0
1714050,0
1714100,0
1714160,0
1714220,0
1714250,0
1714350,0
1714410,0
1714430,0
3405760,0
1714490,0
1714550,0
1714580,0
1714640,0
1714710,0
1714760,0
1714820,0
1714940,0
1715030,0
1715090,0
1715100,0
1715180,0
1715400,0
1715420,0
4626370,0
1715480,0
1715490,0
1715630,0
1715660,0
1715700,0
1715750,0
1715780,0
1715820,0
1715840,0
1715880,0
1715900,0
1715930,0
1716020,0
1716050,0
4820460,0
1716140,0
1716230,0
1716260,0
1716290,0
1716320,0
1716350,0
1716380,0
1716410,0
1716530,0
1716560,0
1716590,0
1716650,0
1716680,0
1716800,0
1716830,0
1716860,0
1716920,0
1716950,0
1717040,0
1717160,0
1717190,0
1717220,0
3611880,0
1717310,0
1717340,0
1717370,0
1717490,0
1717520,0
1717550,0
614950,0
1717670,0
1717700,0
1717730,0
1717790,0
1717800,0
1717850,0
1718030,0
1718060,0
1718090,0
1718180,0
2615730,0
1601200,0
1718270,0
1718360,0
1718390,0
1718420,0
4502280,0
1718510,0
1718570,0
1718600,0
4012630,0
2912780,0
1718870,0
1718960,0
1718990,0
615180,0
1719110,0
1719200,0
1719230,0
1719260,0
1719290,0
1719320,0
1200660,0
1719500,0
1719530,0
1719560,0
1719620,0
3807830,0
691008,0
2505280,0
1719920,0
1302400,0
1719970,0
1720170,0
1720180,0
1720190,0
1720220,0
1720250,0
1720280,0
1720370,0
1720380,0
1720430,0
1720490,0
1720550,0
1720580,0
1720610,0
1720640,0
1720760,0
1720790,0
1720880,0
1720910,0
1720970,0
1721000,0
1721030,0
1721130,0
1721180,0
1721270,0
1721300,0
1721390,0
1721420,0
1721450,0
1721510,0
1721590,0
1721600,0
1721630,0
1721680,0
1721720,0
1721750,0
1721780,0
615390,0
1721870,0
1721900,0
615510,0
1722050,0
1722080,0
1722110,0
1722130,0
1722150,0
1722300,0
1722350,0
1722360,0
1722500,0
1722530,0
1722620,0
1722710,0
1722730,0
1722740,0
1722770,0
1722800,0
1722830,0
1722860,0
1722870,0
1722920,0
1722950,0
1722980,0
1723050,0
1723070,0
1723090,0
1723100,0
1723160,0
1723200,0
1723250,0
1723340,0
1723350,0
1723460,0
1723640,0
1723700,0
1723730,0
1723850,0
1723880,0
1723920,0
1723970,0
1723985,0
1723990,0
1724000,0
1724060,0
1724090,0
1724120,0
1724270,0
1724330,0
600046,0
1724420,0
1724480,0
1724570,0
1724600,0
1724650,0
1724720,0
1724750,0
1724780,0
1724870,0
1724900,0
1724940,0
1725000,0
1725020,0
1725050,0
1725110,0
1725190,0
1725260,0
1725290,0
1725320,0
1725500,0
1725590,0
1725620,0
1725650,0
1725680,0
1725690,0
1725740,0
1725770,0
1725920,0
1726100,0
1726180,0
1726190,0
1726250,0
1726310,0
1726340,0
1726370,0
1726400,0
1726430,0
1726490,0
1726550,0
1726590,0
1726610,0
1726640,0
1726710,0
5101650,0
1726800,0
1726820,0
1726850,0
1726880,0
1726970,0
1727180,0
1727210,0
1727290,0
1727300,0
1727340,0
1727360,0
1727390,0
1727450,0
1727540,0
1727570,0
1727610,0
1803930,0
1727720,0
1727740,0
1727780,0
1727840,0
1727930,0
1727960,0
1727990,0
1728110,0
1728140,0
1728160,0
1728200,0
1728260,0
1728270,0
1728500,0
1728530,0
1728560,0
2616440,0
1728650,0
1728700,0
1728810,0
1728890,0
1728920,0
1728980,0
1729010,0
1729020,0
1729040,0
1729100,0
1729130,0
1729190,0
1729220,0
1729250,0
1729280,0
1729310,0
1729340,0
1729420,0
1729520,0
1729670,0
1729700,0
1729730,0
1729760,0
1729790,0
1729890,0
1729940,0
1730060,0
1730160,0
1730200,0
1730220,0
1730270,0
1730300,0
1730330,0
4013290,0
1730450,0
1730480,0
1730510,0
1730540,0
1730570,0
1730600,0
1730630,0
1730660,0
1730750,0
1730780,0
1730810,0
1730840,0
1730870,0
1730900,0
1730930,0
1730990,0
1731020,0
1731050,0
1717280,0
1731110,0
4900360,0
1731200,0
5400360,0
1731270,0
1731290,0
1731310,0
1731380,0
1731410,0
1731500,0
1731560,0
1731620,0
1731710,0
1731740,0
1731770,0
1731860,0
1731890,0
1731920,0
1731950,0
1732040,0
1732090,0
1732100,0
1732160,0
1732190,0
1732220,0
1732280,0
1732370,0
1732490,0
1732520,0
1732550,0
1732580,0
1732670,0
1732700,0
1732770,0
1732830,0
1732850,0
1732910,0
1732960,0
1732970,0
1733000,0
1733030,0
1733090,0
1733120,0
1733210,0
1733240,0
1733270,0
1733300,0
1733380,0
1733390,0
1733420,0
1733450,0
1733510,0
615690,0
1733720,0
1733750,0
1733810,0
1733840,0
5505640,0
1733930,0
1733950,0
1733990,0
1734020,0
1734100,0
1734110,0
1734140,0
1734170,0
1734230,0
1734260,0
1734290,0
1734320,0
1734350,0
1734380,0
1734410,0
1734440,0
1734470,0
1734510,0
1734540,0
1734590,0
1734620,0
1734650,0
1734710,0
3701800,0
1734770,0
1734870,0
1734990,0
1735010,0
1735100,0
1735160,0
1735190,0
1735220,0
1735310,0
1735340,0
1735370,0
1735400,0
1735460,0
1735610,0
1735640,0
1735770,0
1735820,0
1735850,0
1735940,0
1735970,0
1736090,0
1736180,0
1736210,0
1736240,0
1736300,0
1736330,0
1736360,0
1736450,0
1736480,0
1736510,0
1736570,0
1736600,0
1736610,0
1736640,0
1736720,0
1736750,0
1736780,0
5101690,0
1736840,0
1736900,0
1736920,0
1736960,0
1737020,0
1737050,0
1717580,0
1737120,0
1737140,0
1737170,0
1737230,0
1737320,0
4210950,0
1737380,0
1737410,0
1737440,0
1737470,0
1737490,0
1737590,0
1737650,0
4216290,0
1737800,0
5505880,0
1737860,0
1737980,0
1738070,0
1738100,0
1738130,0
1738190,0
1738220,0
1738370,0
1738400,0
1738460,0
1738490,0
1738520,0
1738550,0
1738700,0
1738760,0
1738790,0
1738910,0
1738940,0
1738970,0
1739030,0
1739090,0
1739120,0
1739180,0
3905001,0
1739420,0
1739450,0
1739460,0
1739480,0
2913290,0
1739600,0
1739630,0
1739660,0
1739780,0
616050,0
1739930,0
4502310,0
2801680,0
1740080,0
1740140,0
1740200,0
1740220,0
1740260,0
4106000,0
1740320,0
1740350,0
1740410,0
1740440,0
1740470,0
1740480,0
1740500,0
1740530,0
1740620,0
1740650,0
1740680,0
1740740,0
1740800,0
1740830,0
1740890,0
1740920,0
1740980,0
1741010,0
600051,0
1741070,0
616230,0
1741250,0
1741280,0
1741360,0
1741520,0
1741550,0
1741580,0
1741600,0
1741690,0
1741700,0
1741750,0
1741790,0
1741820,0
1741980,0
4013530,0
1742180,0
1742210,0
1742240,0
1742300,0
1742310,0
4900072,1
1742480,0
1742510,0
1742570,0
1742600,0
1742630,0
1742660,0
1742690,0
1742720,0
1742790,0
1742810,0
1742840,0
1742900,0
1742960,0
1742990,0
1743020,0
1743050,0
1743110,0
1743330,0
1743380,0
1743800,0
1743860,0
616260,0
1743960,0
1743962,0
1743963,0
1743965,0
1800006,0
1800007,0
6600002,0
1800009,0
1800010,0
1800011,1
1800013,1
1800014,1
1800016,1
1800018,1
1800020,0
1800021,1
1800023,0
1800024,0
1800025,1
1800027,1
1800028,1
1800030,0
1800033,1
1800034,0
1800036,0
1800037,1
1800038,0
1800040,0
1800041,0
1800042,1
1800043,1
1800045,1
1800046,1
1800048,1
1800050,0
1800051,1
1800052,1
1800054,1
1800057,1
1800058,1
1800060,0
1800061,1
1800064,1
1800065,1
1800067,1
1800070,0
1800071,1
1800077,1
1800078,0
1800079,0
1800080,0
1800082,1
1800083,1
1800086,1
1800088,1
1800090,0
1800093,1
1800094,1
1800098,1
1800099,1
1800101,1
1800102,1
1800105,0
1800107,0
1800108,1
1800110,0
1800113,1
1800116,1
100202,0
1800120,0
1800122,1
1800123,1
1800124,1
1800129,1
1800130,0
1800131,1
1800133,0
1800134,1
1800135,1
1800137,1
1800138,1
1800140,0
1800142,1
1800145,1
1800146,1
1800147,1
1800148,1
1800149,1
1800150,0
1800159,1
1800161,1
1800163,1
1800164,1
1800165,1
1800168,1
1800169,1
1800170,1
2801710,0
1800172,1
1800175,1
1800176,1
1800178,1
1800179,1
1800180,0
1800181,1
1800182,1
1800183,1
1800184,1
1800185,1
1800187,1
1800188,1
1800189,1
1800191,1
1800192,1
1800193,1
1800194,1
3406390,0
1800197,1
1800198,1
1800199,1
1800200,1
1800202,1
1800203,1
1800204,1
1800205,1
1800206,1
1800207,1
1800208,1
1800209,1
1800210,0
1800211,1
1800212,0
1800213,0
1800214,1
1800215,1
1800216,1
1800217,1
1800218,1
1800219,1
1800220,1
1800221,1
1800222,1
1800223,1
1800224,1
1800225,1
1800226,1
1800227,1
1800228,1
1800229,1
1800230,1
1800231,1
1800232,1
1800240,0
1800270,0
1800330,0
3406450,0
1800390,0
1800420,0
1800450,0
1800480,0
1800570,0
1800600,0
4211310,0
1800660,0
1800690,0
1800720,0
1800750,0
1800840,0
1800900,0
1800960,0
1801020,0
1801050,0
1801060,0
1801170,0
3701950,0
1801230,0
1801290,0
2006840,0
1801440,0
1801470,0
1801560,0
1801590,0
1801710,0
3013260,0
1801770,0
1801890,0
1801920,0
1802040,0
1802130,0
1802160,0
1802190,0
1802220,0
1802280,0
1802400,0
1802420,0
1802430,0
1802440,0
1810650,0
4503912,0
1802520,0
1802550,0
1802580,0
1802610,0
1802640,0
1802660,0
5101800,0
1802800,0
1802830,0
1802850,0
1802880,0
1802910,0
1802940,0
1802970,0
2913620,0
1803030,0
1803060,0
1803090,0
1803120,0
1803150,0
1803180,0
1803210,0
1803240,0
1803270,0
1803300,0
1803330,0
1803450,0
1803480,0
1803510,0
1803570,0
1803630,0
1803660,0
1803690,0
1803700,0
1803720,0
1803750,0
1803780,0
1803810,0
1803840,0
1803870,0
616470,0
1803940,0
1803960,0
1803990,0
1804050,0
1804080,0
1804110,0
1804140,0
1804170,0
1804230,0
1804260,0
1804320,0
1804350,0
1804470,0
1804500,0
1804560,0
1804590,0
1804620,0
1804710,0
616500,0
1804800,0
1804980,0
1805190,0
1805240,0
1805280,0
1805340,0
1805370,0
1805400,0
1805450,0
1805460,0
1805520,0
1805550,0
1805580,0
1805670,0
1805700,0
1805790,0
1805880,0
1805910,0
1806030,0
1806060,0
1806080,0
1806090,0
1806100,0
1806120,0
1806240,0
1806270,0
1806390,0
1806480,0
1806510,0
1806570,0
1806600,0
1806630,0
1806660,0
1806840,0
1806870,0
1806900,0
1807020,0
1807080,0
1807110,0
1807140,0
1807230,0
1807260,0
1807290,0
1807320,0
3303600,0
1807380,0
1807410,0
1807440,0
1807470,0
1807560,0
1807620,0
1807650,0
1807680,0
1807710,0
1807770,0
1807800,0
1807830,0
1807860,0
1807890,0
1807900,0
1807920,0
1807950,0
1807980,0
1808010,0
1808040,0
1808070,0
1808100,0
1808120,0
1808130,0
1808160,0
4602640,0
1808220,0
1808250,0
1808280,0
1808310,0
1808320,0
1808340,0
1808460,0
1808490,0
1808640,0
1808760,0
1808820,0
1808850,0
1808900,0
1808910,0
1808940,0
1808970,0
1809000,0
1809060,0
1809120,0
1809130,0
1809150,0
1809180,0
1809300,0
1809360,0
616570,0
1809480,0
1809510,0
1809600,0
1809630,0
1809690,0
1809720,0
1809750,0
1809810,0
1809840,0
1809990,0
1810020,0
1810080,0
1810110,0
1810140,0
1810170,0
1810230,0
1810260,0
2600007,0
1810310,0
1810350,0
1810360,0
1810380,0
1810410,0
1810440,0
1810450,0
1810470,0
1810500,0
1810530,0
1810560,0
1810590,0
1810620,0
1810640,0
4701680,0
1810660,0
1810680,0
1810710,0
1810740,0
1810770,0
1810800,0
1810830,0
1810860,0
1810870,0
1810900,0
1810920,0
1810950,0
1810980,0
1811100,0
1811190,0
1811220,0
1811250,0
1811260,0
1811340,0
1811370,0
1811400,0
1811430,0
1811460,0
1811490,0
1811580,0
1811600,0
1811610,0
1811700,0
1811730,0
1811910,0
1811930,0
1811970,0
1812060,0
1812090,0
1812120,0
1812150,0
1812180,0
1812240,0
1812360,0
1812390,0
1812420,0
1812450,0
1718200,0
1812810,0
1812870,0
1812880,0
1812900,0
1812930,0
1718240,0
1813050,0
1813080,0
1813110,0
1813200,0
1813230,0
1813231,1
1813232,1
1813233,1
1813234,1
1900006,0
1900009,0
1900015,0
1900021,0
2200220,1
1900023,0
1900024,0
1900025,0
1900026,0
1900027,0
1900028,0
4211580,0
1900032,0
1900040,0
1900060,0
1900488,1
1903060,0
1903090,0
1903150,0
5400510,0
5101860,0
1903300,0
1903360,0
1903390,0
1903450,0
1903480,0
1903540,0
1903570,0
2617880,0
1903690,0
1903750,0
1903780,0
1903850,0
1903930,0
901920,0
1904080,0
1904200,0
1904380,0
3808890,0
1904560,0
1904620,0
1904650,0
1904680,0
1904740,0
1904830,0
1904860,0
1904950,0
1905070,0
1905130,0
1905190,0
1905430,0
1905490,0
1905750,0
1905790,0
1905940,0
1905970,0
1906000,0
1906060,0
1906240,0
1906270,0
1906330,0
1906510,0
1718450,0
1906660,0
1906750,0
1906780,0
1906810,0
1906840,0
1906900,0
2505970,0
1906960,0
1907050,0
1907080,0
1907110,0
1907170,0
1907350,0
1907380,0
1907410,0
1907440,0
1907470,0
1907590,0
1907620,0
1907710,0
1907860,0
1907900,0
1907920,0
1907980,0
3614010,0
1908130,0
1908220,0
1908310,0
1908520,0
1908550,0
1908580,0
1908610,0
1908730,0
1908880,0
1908910,0
1908940,0
1908970,0
1909060,0
1909120,0
1909480,0
1909540,0
1909570,0
1909600,0
1909990,0
1910050,0
1910110,0
3013560,0
1910340,0
1910350,0
1910410,0
1910500,0
1910690,0
1910950,0
1910980,0
1911040,0
1911070,0
1911250,0
1911340,0
1911790,0
1911820,0
1911850,0
1912120,0
1912230,0
1912330,0
1912480,0
1912510,0
1912600,0
1912660,0
1912690,0
1912750,0
1912810,0
1913110,0
1913200,0
1913230,0
1913290,0
1913320,0
1913350,0
1913380,0
1913440,0
1913470,0
1913500,0
1913660,0
1914010,0
1914160,0
1914280,0
1914310,0
1914340,0
1914370,0
1914580,0
1914640,0
1914670,0
1914700,0
1914730,0
1914850,0
1500030,0
1915180,0
1915210,0
1915330,0
1915450,0
1915630,0
1915660,0
1915750,0
1915840,0
1916110,0
1916140,0
1916320,0
1916420,0
1916440,0
1916530,0
1916620,0
1916680,0
1917100,0
1917220,0
1917250,0
3171610,0
1917550,0
1917820,0
1917880,0
1918030,0
1918120,0
1918180,0
1918240,0
1918330,0
1918480,0
1918510,0
1918540,0
804590,0
1918690,0
1918720,0
1918750,0
1918780,0
1918840,0
1918930,0
616740,0
1919140,0
1919200,0
1919440,0
1919590,0
1919650,0
1919710,0
1919740,0
1919770,0
1919800,0
1919860,0
1919890,0
1920040,0
1920100,0
1920130,0
1920190,0
1920250,0
1920340,0
1920460,0
1920580,0
1920610,0
1920760,0
1920820,0
1920830,0
1920850,0
1920910,0
1920940,0
1921000,0
1921090,0
1921210,0
1921240,0
1921600,0
1921630,0
1921660,0
1921720,0
1921810,0
1921840,0
1921870,0
1922110,0
1922380,0
1922440,0
1922470,0
1922530,0
1923110,0
1923160,0
1923190,0
1923340,0
1924000,0
1924120,0
1924150,0
1924660,0
1924870,0
1924960,0
1925050,0
1925200,0
1925320,0
1925380,0
1925410,0
1925590,0
1925620,0
1925920,0
1925980,0
1926070,0
600044,0
1926280,0
1926370,0
4014160,0
1926580,0
1926640,0
1926670,0
1926730,0
1926790,0
1926820,0
1926850,0
1926910,0
1927000,0
1927060,0
1927240,0
1927270,0
1927390,0
1927480,0
1927500,0
1927600,0
1927870,0
1927960,0
616920,0
1928020,0
1928050,0
1928110,0
3303690,0
1928200,0
1928230,0
1928560,0
1928680,0
1928980,0
1929010,0
1929280,0
1929310,0
1929490,0
1929580,0
1929730,0
1929760,0
1930240,0
1930480,0
1930510,0
1930540,0
1930560,0
1930630,0
1930720,0
1930750,0
1930780,0
1930870,0
1930900,0
1930930,0
1930960,0
1930990,0
1931020,0
1931080,0
1931110,0
5101890,0
1931350,0
1931470,0
1931620,0
1931680,0
1931800,0
1931830,0
1931860,0
1931920,0
1931950,0
1932010,0
1999001,0
1999005,0
1999007,0
1999009,0
1999010,0
1999011,0
1999012,0
1999013,0
1999015,0
1999017,0
1999019,0
1999020,1
2000001,0
2000002,0
2000003,0
2000004,0
2000006,0
2000007,0
2000012,0
2000013,0
2000014,0
2000015,0
2000016,0
2000017,0
2000018,0
2000019,0
2000020,0
2000022,0
2000023,0
2000024,0
2000028,0
2000029,0
2000030,0
2000033,0
2000034,0
2000035,0
2000037,0
2000039,0
2000040,0
2000041,0
2000042,0
2000043,0
2000044,0
2000045,0
2000046,0
2000047,0
2000048,0
2000049,0
2000051,0
2000052,0
2000053,0
2000346,0
2000347,0
2000348,0
2000349,0
2000350,0
2000351,0
2000353,0
2000354,0
2000355,0
2000356,0
2000357,0
2000358,0
2000359,0
2000360,0
2000361,0
2000362,0
2000363,0
2000364,0
2000365,0
2000366,0
2000367,0
2000368,0
2000369,0
2000370,0
2000371,0
2000372,0
2000373,0
2000374,0
2000375,0
2000376,0
2000377,0
2000378,0
2000379,0
2000380,0
2000381,0
2000382,0
2003180,0
2003200,0
2003210,0
1718810,0
2003270,0
2003300,0
2003360,0
2003390,0
2003430,0
2003450,0
2003480,0
2003510,0
2003540,0
2003570,0
2003630,0
2003720,0
2003780,0
2003810,0
2003870,0
2003900,0
2003960,0
2004020,0
2004050,0
2004080,0
2004140,0
2004170,0
2004200,0
2004230,0
2004260,0
2004290,0
2004350,0
2004380,0
1718840,0
2004440,0
3171820,0
2004500,0
2004560,0
2004590,0
2004620,0
2004650,0
2004670,0
2004710,0
2004740,0
2004770,0
2004790,0
2004800,0
2004830,0
2004890,0
2004920,0
2004950,0
2004980,0
2005010,0
2005040,0
2005070,0
2005100,0
2005130,0
2005190,0
2005250,0
2005280,0
2005310,0
2005370,0
2005400,0
2005460,0
2005490,0
2005520,0
2005550,0
2005580,0
2005610,0
2005640,0
2005700,0
2005730,0
2005760,0
2005790,0
600014,0
2005820,0
2005850,0
2005870,0
2005940,0
2006000,0
2006060,0
2006090,0
2006120,0
2006180,0
2006210,0
2006240,0
2006270,0
2006300,0
2006330,0
2006360,0
2006390,0
2006420,0
2006450,0
2006480,0
2006510,0
2006540,0
2006570,0
2006580,0
5303540,0
2006660,0
2006690,0
2006720,0
2006780,0
4014520,0
2006870,0
4100023,0
2006960,0
2006990,0
2007020,0
2007050,0
2007080,0
2007110,0
2007170,0
2007260,0
2007290,0
2007320,0
2007350,0
2007380,0
2007440,0
2007470,0
2007500,0
2007530,0
2007560,0
2007590,0
2007620,0
2007650,0
2007680,0
2007710,0
1200870,0
2007750,0
2007800,0
2007860,0
2007890,0
2007950,0
2007970,0
2008040,0
2008070,0
2008100,0
2008130,0
2008190,0
2008220,0
2008250,0
2008280,0
2008310,0
2008340,0
2008370,0
2801860,0
2008430,0
2008550,0
2008610,0
2008670,0
2008700,0
2008730,0
2008790,0
2008880,0
2008910,0
2008940,0
2008970,0
2009000,0
2009030,0
2009060,0
2009090,0
2009140,0
2009180,0
2009240,0
2009320,0
2009360,0
2009390,0
2009420,0
2009450,0
2009480,0
2009510,0
2009570,0
2009600,0
2009630,0
2009660,0
2009720,0
2009780,0
2009840,0
2009850,0
2009900,0
2009930,0
2009960,0
2009990,0
2010020,0
2010050,0
2010080,0
2010140,0
2010170,0
2010230,0
2010260,0
2010290,0
2010320,0
2010350,0
2010410,0
2010440,0
2010470,0
2010500,0
2010560,0
2010590,0
2010620,0
2010650,0
2010680,0
2010710,0
2010740,0
2010770,0
2010800,0
2010890,0
2010920,0
2010950,0
2010980,0
2011040,0
2011080,0
2011100,0
2011130,0
2011190,0
2011220,0
2011250,0
2011280,0
2011310,0
2011370,0
2011400,0
2011430,0
2011490,0
2011520,0
2011550,0
2011610,0
2011640,0
2011700,0
2011760,0
2011790,0
2011820,0
2011850,0
2011880,0
2011910,0
2011970,0
2012000,0
2506090,0
2012060,0
2012090,0
2012120,0
2012150,0
2012180,0
2012210,0
4823310,0
2012300,0
2012330,0
2012360,0
2012390,0
2012420,0
2012450,0
2012510,0
2012540,0
2012600,0
2012630,0
2012780,0
2012810,0
2012840,0
2012870,0
2012900,0
2914460,0
2013020,0
2013050,0
2013110,0
2100030,0
2100070,0
2100081,0
2100090,0
2100094,0
2100095,0
2100120,0
2100150,0
2100210,0
2801890,0
2100270,0
2100289,0
2100290,0
2100291,0
2100300,0
2100330,0
2100360,0
1719420,0
2100420,0
2100480,0
2100510,0
2100540,0
617340,0
2100620,0
2100630,0
2100660,0
2100690,0
2100720,0
2100750,0
2100780,0
2100810,0
617430,0
2100870,0
2100900,0
2100930,0
2100960,0
2100990,0
2506270,0
2101050,0
2101110,0
2618540,0
2101200,0
2101230,0
2101260,0
2101290,0
2101320,0
2101350,0
2101380,0
2101410,0
2101440,0
2101470,0
2101500,0
2101530,0
2101590,0
2101620,0
2101650,0
2101680,0
2101710,0
2101740,0
2101760,0
2101800,0
2101860,0
4106510,0
2101950,0
2101980,0
2102010,0
2102040,0
2102070,0
2102100,0
2102130,0
2102160,0
2102220,0
2102250,0
2102280,0
2102300,0
2102340,0
2102400,0
2102460,0
2102490,0
2102520,0
2102540,0
2102580,0
2102640,0
2102670,0
2102710,0
2102760,0
2102790,0
2102860,0
1719660,0
2102940,0
2102990,0
2103000,0
2103030,0
2103060,0
2103090,0
2103120,0
2103150,0
2103180,0
2103210,0
2103240,0
2103270,0
1719680,0
2103360,0
2103390,0
2103480,0
2103510,0
2103540,0
2103630,0
2103690,0
2103720,0
2103750,0
2103780,0
2103810,0
2103840,0
2103870,0
2103900,0
2103960,0
2103990,0
2104020,0
2104050,0
2104080,0
2104110,0
2104140,0
2104170,0
2104200,0
2104250,0
2104290,0
2104380,0
2104410,0
2104440,0
2104470,0
2104500,0
2104530,0
2104560,0
2104590,0
2104620,0
2618570,0
2104680,0
2104710,0
2104740,0
2104770,0
2104800,0
2104830,0
2104860,0
2104890,0
2104950,0
2104980,0
2105040,0
2105070,0
2105100,0
2105130,0
2105160,0
2105190,0
1601500,0
2105260,0
2105320,0
2105400,0
2105430,0
2105460,0
2105490,0
2105520,0
2105550,0
4823640,0
2105610,0
2400420,0
2105700,0
2105730,0
2105760,0
2105790,0
2105820,0
2105880,0
2105910,0
2105940,0
3303930,0
2106000,0
2200017,0
2200018,0
2200022,0
2200023,0
2200025,1
2200030,0
2200032,1
2200033,1
2200035,1
2200036,0
2200038,1
2200039,0
2200040,0
2200041,1
2200047,0
2200054,0
2200060,0
2200090,0
2200120,0
600060,0
2200126,1
2200146,1
2200148,1
2200150,0
2200151,0
2200156,1
2200157,1
2200158,1
2200159,1
2200160,1
2200180,0
1719830,0
2200187,1
2200188,1
2200189,1
2200190,1
2200192,1
2200195,1
2200196,1
2200197,1
2200198,1
2200203,1
2200206,1
2200207,1
2200208,1
3615180,0
2200211,1
2200213,1
2200215,1
2200216,1
2200217,1
2200219,1
1914880,0
2200226,1
2200230,1
2200231,1
2200233,1
2200235,1
2200236,1
2200237,1
2200238,1
2200240,0
2200241,1
2200242,1
2200243,1
1719960,0
2200247,1
618210,0
2200249,1
2200252,1
2200253,1
2200254,1
2200255,1
2200258,1
2200259,1
2200262,1
2200263,1
2200265,1
2200267,1
2200268,1
2200270,0
2200275,1
1707170,0
2200277,1
2200278,1
2200279,1
2200280,1
2200281,1
2200282,1
2200283,1
2200284,1
2200285,1
2200286,1
2200287,1
1804770,0
2200289,1
2200290,0
618390,0
2200292,1
2200293,1
2200294,1
2200295,1
2200297,1
2200298,1
2200299,1
2200300,0
2200301,1
2200303,1
2200304,1
2200305,1
2200306,1
2007740,0
2200308,1
2200309,1
2200311,1
2506480,0
2200313,1
2200314,1
2200315,0
403960,0
2200317,1
2200318,1
2200319,1
5303750,0
2200321,1
2200322,1
2200323,1
2200324,1
2200325,1
2200326,1
2200327,1
2200328,1
2200329,1
2200330,0
2200331,1
2200360,0
2200390,0
2200420,0
2200450,0
2200480,0
2200510,0
5500082,1
2200570,0
2200600,0
2200630,0
2200660,0
2200690,0
2200720,0
2200750,0
2200780,0
2200810,0
3615570,0
2200870,0
2200900,0
2200960,0
2200990,0
2201020,0
2802160,0
4702070,0
2201140,0
2201170,0
2201200,0
2201230,0
2201260,0
2102910,0
2201320,0
2201350,0
2201380,0
2201410,0
2201440,0
2201470,0
2802190,0
2201530,0
2201560,0
2201590,0
2201620,0
2201650,0
2201680,0
2201710,0
2201740,0
2201770,0
2201800,0
2201830,0
2201860,0
2201890,0
2201920,0
2201950,0
2201980,0
2202010,0
2280100,0
2280101,1
2280102,1
2300004,0
2300005,0
2619620,0
2300009,0
2300049,0
2300050,0
2300052,0
2300053,0
2300057,0
2300058,0
2300059,0
2300061,0
2300062,0
2300063,0
2300064,0
2300065,0
2300066,0
2300067,0
2300068,0
2300069,0
2302220,0
2302280,0
2302500,0
2302510,0
2302610,0
2302640,0
2302730,0
2302820,0
2302850,0
2302880,0
2302950,0
2302960,0
2302980,0
3407740,0
2303210,0
2303290,0
2303390,0
2303480,0
2303510,0
2303600,0
2303610,0
4400510,0
2303780,0
2303870,0
618690,0
2303980,0
2303990,0
2304080,0
2304110,0
2304160,0
2304440,0
2304500,0
2304620,0
2304650,0
2304830,0
4502520,0
2304880,0
2304890,0
2304895,0
2304897,0
2304900,0
2305160,0
2305280,0
2305300,0
2305310,0
2305360,0
101890,0
2305400,0
2305500,0
2305970,0
2305980,0
2306000,0
2306030,0
2306060,0
2306150,0
2306160,0
2306180,0
2306250,0
2306260,0
2306330,0
2306510,0
2306600,0
2306610,0
2306780,0
2306810,0
2306870,0
2306900,0
2307100,0
2307110,0
1303000,0
2307180,0
2307200,0
2307250,0
2307320,0
2307440,0
2307450,0
2307530,0
2307590,0
2307710,0
2307770,0
2307800,0
2307980,0
2308135,0
2308140,0
2308160,0
2308250,0
2308280,0
2308340,0
2308400,0
2308490,0
1200990,0
2308580,0
2308700,0
2308760,0
2308940,0
2309090,0
2309100,0
2309110,0
2309240,0
2309330,0
2309390,0
2309560,0
2309630,0
2309650,0
2309810,0
2309930,0
2309990,0
2310140,0
2310190,0
2310320,0
2200840,0
2310500,0
2310530,0
2310560,0
2310590,0
2310620,0
3615810,0
2310680,0
2310710,0
3407830,0
2310860,0
2310890,0
2310980,0
2311010,0
2311100,0
4702160,0
2311160,0
2311220,0
2311250,0
2311280,0
2311310,0
2311370,0
2311430,0
2311520,0
2311550,0
2311580,0
2311610,0
2311670,0
2311700,0
2311730,0
2311790,0
2311820,0
3702370,0
2311910,0
404010,0
2312140,0
2312180,0
2312260,0
2312300,0
2312320,0
2312330,0
2312360,0
2312370,0
2312750,0
2312810,0
2312960,0
2312980,0
2313070,0
2313080,0
2313110,0
2313140,0
619260,0
2313210,0
2313350,0
2619950,0
2313500,0
2313530,0
2313560,0
2313590,0
2313710,0
2313740,0
2313860,0
2313980,0
2314010,0
2314040,0
5400600,0
2314130,0
2314160,0
2314190,0
2314210,0
3702430,0
2314300,0
2314330,0
2314410,0
2314440,0
2314470,0
2314530,0
2314560,0
2314590,0
2314610,0
3616080,0
2314700,0
2314761,0
2314762,0
2314765,0
2314767,0
3407890,0
2314771,0
2314772,0
2314773,0
2314775,0
2314776,0
2314777,0
2314778,0
2314779,0
2916500,0
2314782,0
2314783,0
2314784,0
2314785,0
2680620,0
2314788,0
2314789,0
2314790,0
2314791,0
2314793,0
2314794,0
2314795,0
2314796,0
2314803,0
2314805,0
2314806,0
2314807,1
2314808,1
2314809,0
2314810,0
2314811,0
2314812,1
2314813,1
2314814,0
2314815,0
2314816,1
2314817,0
2314818,0
2314819,1
2314820,0
2314821,1
2314822,0
2314823,0
2314824,0
2314825,0
2314831,1
2314832,1
2314833,0
2314834,0
2314835,0
2314836,0
2314837,0
2314838,0
2314839,0
2314840,0
2314841,1
2314842,0
2400027,0
5303960,0
2620340,0
619440,0
691012,0
2400150,0
2400180,0
2400210,0
2400240,0
619540,0
2400300,0
2400360,0
2400390,0
4000048,0
2400450,0
4000069,0
4825620,0
2400540,0
2400570,0
2400600,0
2400630,0
2400660,0
2400690,0
2400720,0
2500001,0
2500002,0
2500013,0
2500014,0
2500021,1
2500022,1
2500024,1
2500025,1
2500026,1
2500027,1
2500028,1
2500029,1
2500030,1
2500031,1
2500032,1
2500033,1
2500034,1
2500035,1
2500036,0
2500038,1
2500039,1
2500040,1
2500041,1
2500043,0
2500044,1
2500045,1
2500046,1
2500049,1
2500051,1
2500052,1
2500053,1
2500054,1
2500055,1
2500057,1
2500058,1
2500060,1
2500062,1
2500063,1
2500065,1
2500066,1
2500067,0
2500068,1
2500070,1
2500071,1
2500073,1
2500075,1
2500076,1
2500077,1
2500079,1
2500080,1
2500082,1
2500083,1
2500084,1
4825660,0
2500086,1
2500087,1
2500089,1
2500090,1
2500517,1
2500518,1
2500519,1
2500522,1
2500525,1
2500526,1
2500527,1
2500533,1
2500536,1
2500537,1
2500541,0
2500542,0
2500543,1
2500544,0
2500545,1
2500546,1
2500547,1
2500549,1
2500550,1
2500551,0
2500552,1
619700,0
2500555,1
2500556,0
2500557,1
2500559,1
2500560,0
2500561,0
2500562,0
2500563,0
2500565,0
2500566,0
2500567,0
2500568,0
2500569,0
2500570,0
2500571,0
2500572,0
2500573,0
2500574,0
2500575,0
2500577,0
2500578,0
2500579,0
2500580,0
2500581,0
2500582,0
2500583,0
3616260,0
2500585,0
2500586,1
2500587,1
2500588,1
2500589,1
2500590,1
2501650,0
2931140,0
2501740,0
2501780,0
2501800,0
2501860,0
803510,0
2200246,1
3700385,1
2200248,1
2502040,0
2502100,0
2502110,0
2502160,0
2502190,0
2502220,0
2502250,0
2502310,0
2502400,0
2502430,0
2502460,0
2502490,0
2502520,0
2502530,0
2502580,0
3700123,1
2502670,0
2502710,0
2502715,0
2502740,0
3700375,1
2502820,0
2502880,0
2502940,0
2502970,0
2503030,0
2503060,0
2503070,0
2503080,0
2503090,0
2503120,0
2503150,0
2503240,0
2307140,0
2503300,0
2503330,0
2503360,0
2503390,0
2503510,0
2503540,0
2503660,0
2503720,0
2503750,0
2916830,0
2911280,0
2503870,0
2503900,0
2503990,0
2504020,0
2504050,0
2504080,0
2504140,0
2504200,0
2504230,0
2504260,0
2504290,0
620070,0
2504360,0
2504410,0
2504440,0
2504500,0
2504530,0
2504560,0
2504590,0
2504620,0
2504650,0
2504710,0
2504770,0
2504800,0
4825890,0
2504860,0
620250,0
2504920,0
2504950,0
2504980,0
2505010,0
2505020,0
2505070,0
2505100,0
2505130,0
2505160,0
2505220,0
2505270,0
2916920,0
2505340,0
2505370,0
2505400,0
2505470,0
2505480,0
2505485,0
2505490,0
2505500,0
2505580,0
2505610,0
2505670,0
2505730,0
2505740,0
2505760,0
2505790,0
2505880,0
2505940,0
1201020,0
2506000,0
3616410,0
2506150,0
2506210,0
2506240,0
3501470,0
2506300,0
2506330,0
2506390,0
2506420,0
4107230,0
2506510,0
2506540,0
1721840,0
2506690,0
2506720,0
2506750,0
2506780,0
2506810,0
2506840,0
2506900,0
2506930,0
2506960,0
2506990,0
2507020,0
2507050,0
2507080,0
2507110,0
2507140,0
2507170,0
2507230,0
5307050,0
2507290,0
2507320,0
2507350,0
620640,0
2507410,0
2507440,0
2507470,0
2507500,0
2507530,0
2507560,0
2507590,0
2507620,0
2507680,0
2507740,0
2507770,0
2507830,0
2507860,0
2507890,0
2507920,0
2507980,0
2507985,0
2507990,0
2508040,0
2508050,0
2508160,0
2508220,0
2508250,0
2508280,0
2508310,0
2508320,0
2508340,0
2508370,0
5304230,0
2508440,0
2508530,0
4213020,0
2508610,0
2508640,0
2508650,0
2508670,0
2508700,0
2508730,0
2508760,0
2508790,0
2508820,0
2508850,0
2508860,0
2508880,0
2508910,0
2508940,0
2508950,0
2508960,0
2509000,0
2509030,0
2509060,0
2509090,0
2509140,0
2509150,0
2509180,0
2509210,0
2509270,0
2509300,0
2509310,0
2509360,0
2509390,0
2509420,0
2509450,0
2509540,0
2509600,0
2509630,0
2509690,0
2509720,0
2509780,0
2509840,0
620790,0
2509900,0
2509930,0
2509990,0
2510050,0
2510080,0
2510140,0
2510170,0
2510200,0
2510230,0
2717780,0
2510470,0
2510500,0
2510530,0
2510560,0
2510590,0
2510615,0
2510620,0
2510710,0
2510770,0
2510800,0
2510830,0
2510860,0
2510890,0
2510920,0
2510930,0
2510950,0
2510980,0
2511010,0
2511020,0
2511040,0
2511050,0
2511060,0
2511130,0
2511150,0
2511220,0
2511250,0
2511310,0
2511340,0
2511370,0
2511400,0
2511430,0
2511460,0
2511490,0
2511520,0
2511580,0
2511670,0
2511730,0
2511735,0
2511740,0
2511760,0
5304260,0
2511850,0
2511880,0
2511910,0
2511940,0
2511970,0
2512000,0
2512030,0
2512060,0
2512100,0
2512180,0
2512210,0
2512240,0
2512270,0
2512300,0
2512390,0
2512420,0
2512510,0
2512570,0
2512600,0
2512630,0
2512660,0
2512690,0
2512750,0
2512780,0
2512810,0
2512840,0
2512870,0
2512930,0
2512950,0
2512990,0
2513050,0
2513080,0
2513110,0
2513170,0
2513200,0
3408220,0
2513260,0
2513290,0
2513321,0
2513322,1
2513323,0
2600001,0
2600004,0
2600005,0
2917850,0
5507770,0
2600010,0
2600011,0
2600012,0
2600013,0
2600014,0
2600015,0
2600016,0
2600017,0
3200240,0
2600019,0
2600020,1
2600067,1
2600068,1
2600069,1
2600070,1
2600071,1
2600073,1
2600074,1
2600076,1
2600078,1
2600079,1
2600082,1
2600087,1
2600088,1
2600090,1
2600092,1
2600093,1
2600096,1
2600097,1
2600098,1
2600099,1
2600100,1
2600101,1
2600103,1
2600105,0
2600106,1
2600112,1
2600113,1
2600114,1
2600115,1
2600121,1
2600125,1
2600131,1
2600136,1
2600137,1
2600139,1
2600140,1
2600142,1
2600143,1
2600145,1
2600148,1
2600149,1
2600150,1
2600151,1
2600152,1
2600153,1
2600156,1
2600157,1
2600159,1
2600161,1
2600163,1
2600164,1
2600166,1
2600168,1
2600169,1
2600170,1
2600171,1
2717910,0
2600174,1
2600175,1
2600178,1
2600181,1
2600182,1
2600184,1
2600185,1
2600186,1
2600191,1
2600192,1
2600193,1
2600194,1
2600195,1
2600197,1
2600200,1
2600203,1
2600204,1
2600206,1
2600207,1
2600208,1
2600209,1
2600210,1
2600211,1
2600213,1
2600214,1
2600215,1
2600216,1
2600217,1
2600218,1
2600219,1
2600220,1
2600223,1
2600224,1
2600225,1
2600227,1
2600228,1
2600229,1
2600230,1
2600232,1
2600234,1
2600237,1
2600239,1
2600242,1
2600243,1
2600244,1
2600245,1
2600249,1
2600250,1
2600251,1
2600252,1
2600254,1
2600255,1
2600262,1
2600263,1
2600264,1
2600265,1
2600267,1
2600269,1
2600270,1
2600271,1
2600273,1
2600274,1
2600275,1
2600277,1
2600278,1
2600280,0
2600281,1
2600283,1
2600284,1
101980,0
2600286,1
2600287,1
2600288,1
2600289,1
2600291,1
2600292,1
2600294,1
2600295,1
2600296,1
2600297,1
2600300,1
2600301,1
2600302,1
2600305,1
2600306,1
2600307,1
2600308,1
2600310,1
2600311,1
2600312,1
2600314,1
2600315,1
2600316,1
2600317,1
2600322,1
2600330,1
2600331,1
2600333,1
2600945,1
2600946,1
2600947,1
2600949,1
2600950,1
2600951,1
2600952,1
2600955,1
2600956,1
2600958,1
2600959,1
2600960,0
2600961,1
2600963,1
2600964,1
2600965,1
2600966,1
2600967,1
2600968,1
2600969,1
2600970,1
2600971,1
2600972,1
2600973,1
2600974,1
2600977,1
2600979,1
2600980,1
2600981,1
2600982,1
2600983,1
2600984,1
2600985,1
2600986,1
2600988,1
2600989,1
2600990,1
2600992,1
2600993,1
2600995,1
2600996,1
2600997,1
2600998,1
2601000,1
2601003,1
2601006,1
2601008,1
2601010,1
2601011,1
2601012,1
2601013,1
2601014,1
2601016,1
2601017,1
2601018,1
2601020,1
2601021,1
2601023,1
2601027,1
2601028,1
2601029,1
2601031,1
2601032,1
2601033,1
2601034,1
2601035,1
2601036,1
2601037,1
2601040,1
2601041,1
2601042,1
2601043,1
2601044,1
2601045,1
2601046,1
2601047,1
2601048,1
2601050,1
2601051,1
2601053,1
2601055,1
2601056,1
2601058,1
2601061,1
2601062,1
2601064,1
2601066,1
2601067,1
2601068,1
2601070,1
2601071,1
2601072,1
2601074,1
2601075,1
2601076,1
2601077,1
2601080,1
2601082,1
2601083,1
2601088,1
2601089,1
2601090,1
2601092,1
2601093,1
2601095,1
2601096,1
2601097,1
2601099,1
2601100,1
2601101,1
2600018,0
2601104,1
2601106,1
2601107,1
2601108,1
2601110,1
2601111,1
2601112,1
2601114,1
2601115,1
2601116,1
2601117,1
2601118,1
2601119,1
2601120,1
2601121,1
2601122,1
2601123,1
2601124,1
2601125,1
2601129,1
2601131,1
2601132,1
2601133,1
2601135,1
2601136,1
2601137,1
2601139,1
2601140,1
2601141,1
2601890,0
2601920,0
2601950,0
2601980,0
2602010,0
2602040,0
2621150,0
2602190,0
2602220,0
1722020,0
2602550,0
2602640,0
2602670,0
2602730,0
3616740,0
2717940,0
3501500,0
2603270,0
2603480,0
2603510,0
2603540,0
2603570,0
621060,0
2603660,0
2603690,0
2603810,0
2603870,0
2603900,0
2603960,0
2603990,0
2604020,0
2604170,0
2604260,0
2604290,0
2604320,0
2604350,0
2604440,0
2604470,0
621090,0
2604530,0
2604620,0
2604650,0
2604740,0
2604800,0
2604830,0
2604950,0
2605010,0
2605100,0
2605430,0
2605690,0
2605780,0
2605820,0
2605850,0
2606000,0
2606090,0
2606270,0
2606300,0
2606500,0
2606510,0
2606570,0
2606600,0
2606630,0
2606720,0
2606780,0
2606840,0
2606870,0
4213320,0
4502640,0
2606960,0
2606990,0
404290,0
2607080,0
2607140,0
2607170,0
2607320,0
2607410,0
2607470,0
2607530,0
2607560,0
2008400,0
2607620,0
2607690,0
2607710,0
2607800,0
2607890,0
2608010,0
2608040,0
2608070,0
2608130,0
2608160,0
2608280,0
2506660,0
4017250,0
2608520,0
2608580,0
2608610,0
2608640,0
2608670,0
2608730,0
2608770,0
2608880,0
2608910,0
2608940,0
2802520,0
2609560,0
5102190,0
2609630,0
2609750,0
2609840,0
2609900,0
2609930,0
2610020,0
2610050,0
2610080,0
2610110,0
2610140,0
2610200,0
2610230,0
2610380,0
2610410,0
2610560,0
609665,0
2610620,0
2610650,0
2610750,0
2610830,0
2610860,0
2610980,0
2611030,0
2611140,0
2611190,0
2611400,0
2611430,0
2611550,0
621330,0
2611610,0
2611640,0
2611670,0
2611700,0
2611910,0
2611970,0
2612030,0
2612150,0
2612240,0
2612300,0
2612330,0
2612420,0
2612450,0
2612480,0
2612540,0
2612560,0
2612600,0
2612660,0
2612690,0
2612810,0
2612930,0
2612960,0
2612990,0
2613050,0
2613090,0
2613110,0
2613140,0
2613500,0
2613530,0
2613560,0
2613680,0
2614070,0
2614100,0
2614230,0
2614250,0
2614280,0
2614460,0
3702610,0
2614550,0
2614570,0
2614610,0
2614690,0
2614700,0
2614730,0
2614760,0
2614790,0
2614820,0
2615060,0
2615150,0
2615390,0
2615420,0
2615450,0
2615510,0
2615540,0
2615600,0
3408520,0
2615750,0
2615830,0
2615870,0
2615970,0
2615990,0
2616020,0
2616050,0
2616080,0
2616110,0
2616320,0
2616350,0
2616380,0
2616410,0
2103330,0
2616470,0
2616500,0
2616560,0
2616830,0
2617160,0
2617220,0
2617250,0
2617340,0
2617370,0
2617400,0
2617520,0
2617550,0
2617640,0
2617700,0
2617730,0
2617760,0
2617820,0
2617860,0
2918460,0
2617910,0
2617940,0
2617970,0
2618030,0
2618180,0
2618270,0
2618360,0
2618390,0
2618420,0
2618450,0
2618480,0
2618510,0
5400630,0
4502820,0
2618600,0
2618720,0
2618810,0
2618840,0
2618930,0
2618990,0
2619050,0
2619100,0
2619170,0
2619250,0
2619290,0
2619410,0
2619470,0
2619530,0
2619580,0
621570,0
2619800,0
2619830,0
2619890,0
2619920,0
5304380,0
2620010,0
2620050,0
2620070,0
2620160,0
2620280,0
2620310,0
400190,1
2620380,0
2620400,0
2620550,0
2620610,0
2620670,0
2620700,0
2620730,0
2620820,0
2620850,0
2620880,0
2620910,0
2620940,0
2620980,0
2621120,0
621600,0
2621180,0
2621210,0
2621240,0
2621390,0
2621420,0
2621450,0
2621570,0
2621600,0
2621690,0
2621750,0
2621810,0
2621840,0
2621870,0
2622050,0
3904422,0
2622230,0
2622260,0
2622290,0
2622320,0
2622350,0
2622380,0
2622410,0
2622470,0
2622500,0
2622620,0
2622740,0
2622800,0
2622830,0
2622860,0
2622970,0
2622980,0
2623040,0
2623070,0
2623100,0
2623130,0
4400570,0
2623250,0
3172840,0
2623310,0
2623460,0
2623490,0
2623520,0
2623550,0
2623580,0
2623610,0
2623670,0
2623790,0
2623820,0
2623830,0
2623850,0
2623910,0
2624000,0
2624120,0
2624150,0
2624180,0
2624420,0
2624540,0
2624570,0
2624600,0
2624630,0
2624690,0
2624720,0
2624750,0
2624810,0
2624840,0
2624960,0
2625020,0
2625140,0
2625230,0
2625290,0
2625320,0
2625350,0
2625400,0
2625560,0
2625650,0
2625680,0
2625740,0
2625780,0
2625800,0
2625920,0
2625950,0
508940,0
2626010,0
2626040,0
2626100,0
2626130,0
2626190,0
2626220,0
2626280,0
2626370,0
2626400,0
2626430,0
2626490,0
2626520,0
2626550,0
2626760,0
2626940,0
2626970,0
2627060,0
2627150,0
2627180,0
2627210,0
621810,0
2627420,0
2627660,0
2627690,0
621870,0
2627810,0
3304290,0
2627900,0
2627930,0
2627960,0
2628020,0
2628140,0
2628170,0
2628200,0
2628500,0
2628530,0
2628560,0
3304350,0
2628830,0
2628890,0
2628950,0
2629120,0
2629130,0
2629160,0
2629190,0
2629220,0
2629250,0
2629340,0
2629370,0
2629400,0
4827690,0
2629490,0
2629520,0
2629540,0
2629580,0
2629670,0
2629760,0
2629790,0
2629910,0
2629940,0
2630030,0
2630060,0
2630090,0
2630120,0
509000,0
2630300,0
2630360,0
2630390,0
2630450,0
2630480,0
404440,0
622050,0
2630840,0
2630930,0
2630960,0
2630990,0
2631020,0
2631320,0
2631380,0
2632070,0
2632220,0
2632250,0
2632280,0
2632300,0
2200276,1
2632340,0
2632370,0
2632550,0
2632610,0
2632640,0
2632670,0
2632820,0
2632850,0
2632880,0
2632910,0
2632940,0
2632970,0
2633000,0
3016880,0
2633090,0
2633120,0
2633360,0
2633410,0
2633420,0
2633510,0
2633540,0
2633720,0
2633750,0
2633810,0
1917460,0
5508220,0
4018090,0
2633930,0
622440,0
3017190,0
2634410,0
622500,0
2634470,0
2634560,0
1303360,0
2634650,0
2634680,0
2634710,0
2634860,0
2634920,0
2634950,0
2635010,0
2635040,0
2635130,0
2635160,0
2635190,0
2635220,0
2635310,0
2635340,0
2635460,0
2635520,0
2635550,0
2635730,0
2635790,0
2635820,0
2635850,0
2635910,0
2635940,0
2635970,0
2636060,0
2636120,0
2636240,0
2636270,0
2636300,0
2636330,0
2636390,0
2636420,0
2636480,0
4828110,0
2636540,0
2636570,0
2636600,0
5304500,0
5304530,0
2680000,0
2680100,0
2680120,0
2680140,0
2680160,0
2680180,0
2680200,0
2680220,0
2680240,0
2680260,0
2680280,0
2680300,0
2680320,0
2680340,0
2680360,0
2680380,0
2680400,0
2680420,0
2680440,0
2680460,0
2680480,0
2680500,0
2680504,0
2680505,0
2680520,0
2680540,0
2680560,0
2680580,0
2680600,0
691078,0
2680660,0
2680680,0
2680700,0
2680720,0
2680740,0
2680750,0
601797,1
2680770,0
2680790,0
2680800,0
2680820,0
2680830,0
2680850,0
2680860,0
2680880,0
2680900,0
2680920,0
2680930,0
2680940,0
2680960,0
2680965,0
2680975,0
2680980,0
2680985,0
2680990,0
2680995,0
2680996,1
2680997,1
2680998,1
2680999,1
2700001,0
2700005,0
2700006,0
2700007,0
2700008,0
2700013,0
2700014,0
2700015,0
2700016,0
2700017,0
2700019,0
2700022,0
2700023,0
2700024,0
2700025,0
2700026,0
2700028,1
2700031,0
2700034,0
2700036,0
2700038,0
2700039,0
2700040,0
2700041,0
2700043,0
2700045,0
2700046,0
2700047,0
2700050,0
2700051,0
2700054,0
2700055,0
2700058,0
2700063,0
2700071,0
2700073,0
2700078,0
2700079,0
2700080,0
2700081,0
2700082,0
2700083,0
2700084,0
2700085,0
2700086,0
2700088,0
2700089,0
2700090,0
2700091,0
2700092,1
2700093,1
2700096,1
2700099,0
2700100,0
2700101,0
2700102,0
2700103,0
2700104,0
2700105,0
2700106,0
2700107,0
2700108,0
2700109,0
2700110,0
2700115,1
2700116,1
2700117,1
2700118,1
2700123,0
2700124,0
2700125,0
2700127,0
2700128,0
2700129,0
2700130,0
2700132,0
2700133,1
2700138,1
2700139,1
2700140,1
2700142,1
2700145,0
2700147,0
2700148,0
2700150,0
2700152,1
2700156,1
2700157,1
2700159,1
2700160,1
2700162,0
2700163,0
2700167,1
2700173,1
2700174,1
2700177,1
2700178,1
2700179,1
2700180,1
2700181,1
2700182,0
2700183,0
2700184,1
2700185,1
2700186,1
2700187,1
2700189,1
2700190,1
2700191,1
2700192,1
2700193,1
2700194,1
2700195,0
2700196,0
2700199,0
2700202,0
2700203,0
2700205,0
2700208,1
2700209,1
2700211,1
2700212,1
2700213,1
2700214,1
2700218,1
2700220,1
2700221,1
2700224,0
2700225,1
2700226,1
2700230,1
2700231,0
2700235,1
2700237,1
2700238,0
2700240,1
2700241,1
2700245,1
2700246,1
2700247,1
2700249,1
2700252,1
2700253,1
2700254,1
2700255,1
2700256,1
2700260,1
2700261,1
2700262,1
2700263,1
2700272,0
2700273,1
2700275,1
2700276,1
2700277,1
2700278,1
2700281,1
2700284,1
2700287,0
2700288,1
2700289,1
2700290,1
2700291,1
2700292,1
2700293,1
2700294,0
2700295,1
2700296,1
2700298,0
2700299,1
2700304,1
2700308,1
2700309,1
2700311,1
2700312,0
2700313,1
2700315,1
2700316,1
2700318,0
2700319,1
2700320,1
2700321,1
2700322,0
2700323,0
2700324,1
2700325,1
2700326,0
2700327,0
2700328,0
2700331,0
2700333,1
2700335,1
2700337,1
2700339,1
2700341,1
2700342,1
2700343,1
2700344,1
2700345,1
2700346,1
2700349,1
2700350,1
2700351,1
2700352,1
2700353,1
2700354,1
2700355,1
2700358,1
2700360,1
2700361,1
2700362,1
2700363,1
2700364,1
2700366,1
2700367,1
2700368,1
2700369,1
2700370,1
622710,0
2700376,1
2700378,1
2700379,0
2700380,1
2700382,0
622740,0
2700384,1
2700385,0
2700386,1
2700388,0
2700389,1
2700390,1
2700391,1
2700393,1
2700394,1
2700395,1
2700396,1
2700397,1
2700398,1
2700399,1
2700401,1
2700402,1
2700403,1
2700404,1
2700406,1
2700407,0
2700408,1
2700410,1
2700412,1
2700413,0
2700415,1
2700417,0
2700420,0
2700423,1
2700424,0
2700425,1
2700426,0
2700429,1
2700430,1
2700433,1
2700437,1
2700438,1
2700439,1
2700442,0
2700444,1
2700445,1
2700446,1
2700447,0
2700448,0
2700449,1
2700450,1
2700451,1
2700453,1
2700454,1
2700455,1
2700456,1
2700458,1
2700459,1
2700460,1
2700462,1
2700463,1
2700464,1
2700465,1
2700466,0
2700467,1
2700468,1
2700469,1
2700470,1
2700471,1
2700472,1
2700473,1
2700474,1
2700475,1
2700476,1
2700477,1
2700478,1
2700479,0
2700480,0
2700481,1
2700482,1
2700483,1
622920,0
2702264,0
2702640,0
2702720,0
2702730,0
2702760,0
2702910,0
2702930,0
2702970,0
2703030,0
2703060,0
2703150,0
2703180,0
2703300,0
2703450,0
2703540,0
2703570,0
2703660,0
2703690,0
2703750,0
2703870,0
2704050,0
2704440,0
2704470,0
2705430,0
2705460,0
2705660,0
2705730,0
2705760,0
5102250,0
2705850,1
2706060,0
2706090,0
2706150,0
2706240,0
2706300,0
2707110,0
2707200,0
2707290,0
2707320,0
2707350,0
2707380,0
2707410,0
2707450,0
2707470,0
2707500,0
2707590,0
2708070,0
2708100,0
2708190,0
2708220,0
2708880,0
2708910,0
2708940,0
2708955,1
2709330,0
2709360,0
2709420,0
2709440,0
2709480,0
5102280,0
2709540,0
2709690,0
2709720,0
2709750,0
2710060,0
2710090,0
2710140,0
2710170,0
2710230,0
2710260,0
2711010,0
2711040,0
2711085,0
2711130,0
2711190,0
2711220,0
4828410,0
2711370,0
2711460,0
2711520,0
2711670,0
5900085,0
2711820,0
2500584,0
2711910,0
2712180,0
2712210,0
2712240,0
2712270,0
2712300,0
2712360,0
2712420,0
2712480,0
2712580,0
2712900,0
2713020,0
2713040,0
2713110,0
2713140,0
2713170,0
2713380,0
2713530,0
2713560,0
2713590,0
2713680,0
2713860,0
2713890,0
2713920,0
2713930,0
2713980,0
2714010,0
2714040,0
2714070,0
2714190,0
2714220,0
2714260,0
2714280,0
2714970,0
2715000,0
2715030,0
2715510,0
2715540,0
2715750,0
2716830,0
2716980,0
2717010,0
2717100,0
2717120,0
2717220,0
2717250,0
2717460,0
2717520,0
2717570,0
600015,0
2717880,0
2622200,0
5102340,0
2718060,0
2718070,0
2718090,0
2718210,0
2718240,0
2718270,0
2718330,0
2718360,0
2718390,0
2718540,0
2718570,0
2718660,0
2718750,0
2718780,0
2718810,0
2718920,0
2718940,0
2718960,0
2719170,0
2719320,0
2720550,0
2720580,0
2720670,0
2721210,0
623160,0
2721270,0
2721320,0
2721390,0
2721420,0
2721450,0
2721480,0
2722920,0
3200300,0
2723010,0
2723310,0
2723370,0
2723380,1
2723400,0
2723430,0
2723490,0
2723520,0
2723550,0
2723580,0
2723820,0
2723850,0
2723880,0
2723910,0
623340,0
2725050,0
2725080,0
2725140,0
2919840,0
2728050,0
2728080,0
2728110,0
2728140,0
2728170,0
2728200,0
2728230,0
2728290,0
2728320,0
2728350,0
2728380,0
2728950,0
2728960,0
2728970,0
2730030,0
2730060,0
2730090,0
2730150,0
2730450,0
2730480,0
3702820,0
2730870,0
2731750,0
2731780,0
404500,0
2732070,0
2732250,0
5508520,0
2732430,0
2732460,0
2732520,0
2732550,0
2732700,0
2732820,0
2732850,0
2732880,0
2732970,0
2733000,0
2733210,0
2733270,0
2733300,0
2733330,0
2733390,0
2733420,0
2733450,0
2733480,0
2733510,0
2733540,0
2733600,0
2733720,0
2733780,0
2733790,0
2733810,0
2201050,0
2733870,0
2733900,0
2738160,0
2738190,0
2738280,0
2738850,0
2738880,0
2740665,0
2740680,0
2740740,0
2740810,0
2740830,0
2740860,0
2740920,0
2741060,0
2741430,0
2741460,0
2741850,0
2741880,0
2741910,0
2742120,0
2742160,0
2742270,0
2742330,0
2742360,0
2742720,0
2742750,0
2742780,0
2744070,0
2744160,0
2744190,0
2745735,0
2791353,0
2791443,0
2791445,0
2791446,0
2791447,0
2791449,0
2791450,0
2791451,0
2791455,0
2791456,0
2791457,1
2791458,1
2791459,1
2800031,0
2800183,0
2800185,0
2800186,0
2800187,0
2800188,1
2800189,0
2800190,1
2800191,0
2800192,1
2800193,1
2800194,1
2800195,0
2800196,0
2800197,1
2800198,0
2800199,1
3904827,0
623430,0
2800390,0
2800420,0
2800450,0
2800510,0
2800540,0
2800570,0
2800600,0
3618180,0
2800750,0
2800820,0
2800840,0
623530,0
2800900,0
2800930,0
2800990,0
2801020,0
2801050,0
2801090,0
2801110,0
2801140,0
2801170,0
2801189,0
2801191,0
2801194,0
2801196,0
2801200,0
2801220,0
5102360,0
2801290,0
2801320,0
2801380,0
2801410,0
2801440,0
2801470,0
2801490,0
1201230,0
2801530,0
2801560,0
2801590,0
2801620,0
1724390,0
3812020,0
2801740,0
2801770,0
2801800,0
2801830,0
3812030,0
2507260,0
2801950,0
2802040,0
2802100,0
1918630,0
3618510,0
2802220,0
2802250,0
2802280,0
2802310,0
2802340,0
2802370,0
2802400,0
2802430,0
2802460,0
2802490,0
4503908,0
2802550,0
2802610,0
2802640,0
2802670,0
2802700,0
2802730,0
2802790,0
2802820,0
2802850,0
2802880,0
2802910,0
2802940,0
2803000,0
2803030,0
2803060,0
2803090,0
2803120,0
2803150,0
2803180,0
2803210,0
2803240,0
2803270,0
2803300,0
2803360,0
2803390,0
2803450,0
2803480,0
2803510,0
2803520,0
2803530,0
2803540,0
2803570,0
2803600,0
5508730,0
623940,0
2803690,0
2803720,0
2803750,0
2803780,0
2803810,0
2803830,0
2803870,0
2803900,0
2803930,0
2803960,0
2803990,0
2804020,0
2804050,0
2804080,0
2804110,0
2804170,0
2507380,0
2804260,0
2804290,0
2804320,0
2804350,0
2804380,0
2804440,0
5102400,0
2804500,0
2804530,0
2804560,0
2804590,0
2804650,0
2804680,0
2804710,0
2804770,0
2804800,0
2804801,1
2900001,0
4829250,0
5304800,0
2900004,0
2900005,0
2900006,0
2900007,0
2900008,0
2900009,0
2900013,1
2900014,1
2900015,1
2900016,1
4702700,0
2900019,1
2900020,0
2900021,0
2900022,0
2900024,1
2900025,1
2900027,1
2900028,1
2900029,1
2900030,0
2900031,1
2900574,1
2900576,1
2900579,1
2900585,1
2900586,1
2900589,1
2900590,1
2900591,1
2900592,1
2900593,1
2900597,1
2900601,1
2900603,1
2900604,1
2900605,1
2900606,1
2900607,0
2900608,1
2900609,1
2900611,1
2900612,1
2900615,1
2900616,1
2900617,1
2900618,1
2901000,0
2902850,0
2902880,0
2623160,0
2902970,0
2903000,0
2903040,0
2903060,0
2903120,0
2903150,0
2903200,0
2903270,0
2903480,0
2904020,0
2904050,0
2904080,0
2904110,0
2904140,0
2904170,0
2904500,0
4829370,0
2904590,0
2904620,0
2904890,0
2904950,0
2904980,0
2905070,0
2905130,0
2905190,0
2905250,0
2905280,0
2905310,0
2905370,0
2905400,0
2905430,0
2905580,0
2905610,0
3700022,1
2905660,0
2905700,0
2905730,0
2905760,0
2905790,0
2905820,0
2905850,0
2905880,0
2905910,0
2905940,0
2906000,0
2906030,0
2906090,0
2906120,0
2906150,0
2906170,0
2906360,0
2906430,0
2906450,0
2906480,0
2906510,0
2906540,0
2906990,0
2907020,0
624150,0
2907080,0
2907120,0
2907320,0
2907350,0
2623280,0
2907460,0
2907470,0
5508880,0
2908250,0
2908320,0
2908340,0
2908370,0
2908400,0
2908430,0
2908460,0
2908490,0
3173500,0
2908730,0
2908760,0
2908790,0
2909090,0
2909120,0
2909720,0
2909750,0
2909780,0
2909810,0
2909860,0
2909900,0
2909930,0
2910020,0
4019440,0
2910110,0
2910140,0
2910200,0
2910230,0
2910260,0
2910290,0
2910320,0
2910350,0
2910380,0
2910410,0
2910440,0
2910470,0
2910500,0
2910520,0
2910590,0
2910620,0
2910650,0
2910710,0
2910770,0
2910800,0
2910830,0
2910920,0
2910950,0
2911010,0
2911040,0
2911070,0
2911100,0
2911160,0
2911220,0
2911250,0
624180,0
1602030,0
2911340,0
2911400,0
2911450,0
2911550,0
2911580,0
2911650,0
2911670,0
2911700,0
4503000,0
2911760,0
2911850,0
2911910,0
2911940,0
2911990,0
2200312,1
2912030,0
2912180,0
2912240,0
2912290,0
2912300,0
2912450,0
2912480,0
2912510,0
2912540,0
2912550,0
2912600,0
2912630,0
2912660,0
2912690,0
2912720,0
5400810,0
2912840,0
2912870,0
2912900,0
2912930,0
2913080,0
2913140,0
2913170,0
2913230,0
2913260,0
624300,0
2913320,0
2913380,0
2913440,0
2913500,0
2913530,0
2913560,0
2913590,0
1728620,0
2913650,0
2913680,0
2913710,0
2913760,0
2913770,0
2913800,0
2913830,0
2914250,0
2914280,0
2914310,0
2914320,0
2914340,0
2914370,0
2914400,0
2914430,0
4108010,0
2914490,0
2914520,0
2914550,0
2914840,0
2915060,0
2915180,0
2915210,0
2915240,0
2915270,0
2915300,0
2915330,0
2915390,0
2915420,0
2915450,0
2915480,0
2915510,0
2915600,0
2915630,0
2915660,0
2916140,0
2916190,0
2916200,0
2916230,0
2916290,0
2916350,0
4702880,0
2916400,0
2916450,0
2916470,0
5304920,0
2916530,0
2916590,0
2916620,0
2916660,0
2916710,0
2916740,0
2916770,0
624390,0
2916860,0
1918960,0
2916950,0
2917000,0
2917820,0
5509000,0
2917880,0
2917910,0
2917970,0
2918220,0
2918240,0
2918270,0
2918300,0
2918330,0
2918360,0
2918420,0
2918450,0
4700148,0
2918480,0
2918510,0
2918540,0
2918600,0
2918670,0
2918690,0
2919080,0
2919140,0
2919170,0
2919200,0
2919230,0
2919260,0
2919350,0
2919380,0
2919410,0
624480,0
2919890,0
2919920,0
2919950,0
2919980,0
2920010,0
2920050,0
2920160,0
2920280,0
2920310,0
2920340,0
2920370,0
2920410,0
2920430,0
2920490,0
2920550,0
2920610,0
2920640,0
2920670,0
624540,0
2920750,0
2920810,0
2920820,0
2920840,0
2920880,0
2920940,0
2921000,0
2921030,0
2921060,0
2921100,0
2921120,0
2921150,0
2921180,0
624570,0
2921330,0
2921360,0
80916,0
2921480,0
2921510,0
2921540,0
2921600,0
2921660,0
2921690,0
2921720,0
5509070,0
2921810,0
2921840,0
2921875,0
2921880,0
2921940,0
5304980,0
2922110,0
2922140,0
1303630,0
2922500,0
2922530,0
2922560,0
2922620,0
404970,0
2922710,0
2922740,0
2922770,0
2922800,0
2922830,0
624720,0
2922890,0
2922920,0
2922950,0
2922980,0
2923010,0
2923040,0
2923070,0
2923100,0
2923130,0
2923160,0
2923190,0
2923220,0
2923250,0
2923270,0
2923310,0
2923340,0
2923370,0
2923400,0
2923430,0
2923460,0
2923490,0
3619170,0
1200390,0
2923580,0
2923640,0
2923700,0
2923730,0
2923760,0
2923780,0
2923790,0
2924530,0
2924690,0
2925080,0
2925110,0
2925140,0
2925170,0
2925210,0
2925230,0
2925290,0
2925330,0
2925350,0
2925410,0
2925450,0
4215170,0
2925530,0
2925620,0
2925640,0
2925650,0
5102490,0
2926040,0
2926070,0
2926160,0
2926190,0
2926220,0
2926310,0
2926370,0
2926400,0
2926430,0
2926480,0
2926490,0
2926550,0
2926580,0
2926610,0
5509510,0
3619320,0
2926760,0
2926790,0
2926850,0
2926890,0
2926940,0
2926970,0
2927060,0
2927090,0
2927330,0
2927450,0
902490,0
2927540,0
2927570,0
2927600,0
2927630,0
624780,0
2927830,0
2927870,0
2927900,0
2927930,0
2928080,0
2928110,0
2928140,0
2928170,0
2928200,0
2928260,0
4830810,0
2928360,0
2928380,0
2928410,0
624500,0
2928470,0
2928500,0
2928530,0
2928560,0
2928590,0
2928620,0
2928680,0
2928710,0
2928740,0
2928770,0
2928800,0
2928860,0
2928920,0
2928950,0
2929100,0
2929130,0
2929170,0
2929250,0
5509600,0
2929340,0
2929370,0
2929430,0
2929490,0
2929520,0
2929580,0
3700466,1
2929640,0
2929670,0
2929700,0
2929730,0
2929760,0
2929810,0
2929820,0
2929850,0
2929880,0
2929910,0
2929940,0
2930270,0
2930300,0
2930330,0
2930360,0
2930390,0
2930420,0
2930450,0
2930510,0
2930520,0
2930570,0
2930600,0
2930660,0
2930690,0
2930720,0
5400870,0
2930780,0
2930810,0
2930840,0
2930870,0
2930900,0
2930990,0
2931020,0
2931050,0
2931070,0
2931110,0
2721240,0
2931230,0
2931440,0
2931460,0
2931500,0
2931530,0
2931560,0
2931620,0
2931650,0
2931680,0
2931710,0
2931800,0
2931830,0
2931860,0
2931890,0
2931920,0
2931950,0
2932010,0
2932070,0
2932100,0
2932110,0
2932190,0
2932220,0
2932250,0
601746,1
2932310,0
2932490,0
2932491,1
2932492,1
3000001,0
3000002,0
3000003,0
3000004,0
3000005,0
3000006,0
3000007,0
3000008,0
3000009,0
3000010,0
3000011,0
3000012,0
3000013,0
3000014,0
3000015,0
3000016,0
3000017,0
3000018,0
3000019,0
3000020,0
3000021,0
3000022,0
3000023,0
3000024,0
3000025,0
3000026,0
3000028,0
3000029,0
3000030,0
3000031,0
3000032,0
3000033,0
3000034,0
3000035,0
3000036,0
3000037,0
3000038,0
3000039,0
3000041,0
3000042,0
3000044,0
3000045,0
3000046,0
3000047,0
3000048,0
3000049,0
3000050,0
3000051,0
3000052,0
3000053,0
3000054,0
3000055,0
3000056,0
3000057,0
3000058,0
3000059,0
3000060,0
3000062,0
3000063,0
3000064,0
3000065,0
3000066,0
3000067,0
3000068,0
3000069,0
3000070,0
3000071,0
3000072,0
3000073,0
3000074,0
3000075,0
3000076,0
3000077,0
3000078,0
3000079,0
3000080,0
3000081,0
3000082,0
3000083,0
3000084,0
3000085,0
625130,0
3000087,0
3000088,0
3000090,0
3000091,0
3000093,0
3000094,0
3000095,0
3000096,0
3000097,0
3000098,0
3000099,0
3000100,0
3000101,0
3000102,0
3000104,0
3000105,0
3000106,0
3000652,0
3000653,0
601330,0
405190,0
3000656,0
3000932,0
3000933,0
3001710,0
3001740,0
625230,0
3001950,0
3001980,0
3002010,0
3002030,0
4108310,0
3002220,0
3002250,0
3002300,0
3002430,0
3002450,0
3002490,0
3002550,0
3002570,0
3002640,0
3002730,0
3002820,0
3002850,0
3003000,0
3003090,0
3003270,0
3003290,0
3003330,0
3003420,0
3003450,0
3003480,0
3003600,0
3003660,0
3003750,0
3003800,0
5509780,0
3003840,0
3003870,0
3003900,0
3003990,0
3004050,0
3004200,0
3004230,0
3004260,0
3004380,0
3004440,0
3004500,0
5400930,0
3004590,0
3004800,0
3004860,0
3004890,0
3004920,0
3004980,0
3005010,0
3005040,0
3005130,0
3005140,0
3005190,0
3005280,0
3005310,0
3005330,0
3005460,0
3005550,0
3005610,0
3005760,0
3005850,0
3005880,0
3005910,0
3005990,0
3006030,0
3006110,0
3006112,0
3006115,0
3006260,0
3006270,0
3006320,0
3006330,0
3006790,0
3006810,0
3006840,0
2921210,0
3007030,0
3007050,0
3007080,0
3007110,0
3007140,0
3007190,0
3007200,0
3007320,0
3007330,0
3007350,0
3007410,0
3007500,0
3007710,0
3007830,0
3007860,0
3007930,0
3007980,0
3008010,0
3008130,0
3008190,0
3008280,0
3008310,0
3008340,0
3008400,0
3008470,0
3008670,0
3008700,0
3008730,0
3008850,0
3008860,0
3008880,0
3008910,0
3009000,0
1800630,0
3009120,0
3009180,0
3009210,0
3009330,0
3009510,0
3009670,0
3009720,0
3009780,0
3009840,0
3009930,0
3010080,0
805760,0
3010170,0
3010210,0
3010230,0
3010290,0
3010530,0
3010800,0
3010820,0
3010920,0
3010950,0
625470,0
3011160,0
3011190,0
3011240,0
3011260,0
3011340,0
3011420,0
3011460,0
3011520,0
3011550,0
3011580,0
3011650,0
3011670,0
3011730,0
3011790,0
3011820,0
3011850,0
3011880,0
3011990,0
3012060,0
3012210,0
3012300,0
3012350,0
3012420,0
3012510,0
3012600,0
3012840,0
3012900,0
3012960,0
3012990,0
3013040,0
3013050,0
3013110,0
3013140,0
3013200,0
691021,0
3013280,0
3013310,0
3013340,0
3013360,0
3013395,0
3013400,0
3013470,0
3013530,0
625530,0
3013590,0
3013660,0
3013800,0
3013830,0
3013860,0
3013890,0
3014070,0
3014150,0
3014340,0
3014370,0
3014430,0
3014640,0
3014700,0
3014760,0
3014820,0
3015060,0
3015120,0
3015200,0
3015260,0
3015340,0
3015360,0
3015390,0
3015420,0
3015450,0
3015510,0
3015570,0
3015610,0
3015640,0
3015690,0
3015900,0
3015930,0
3015990,0
3016020,0
3016050,0
3016110,0
3016200,0
3016230,0
3016290,0
3016490,0
3016530,0
3016710,0
3016770,0
3016810,0
102430,0
3017010,0
3017040,0
3017130,0
2400480,0
3017340,0
3017370,0
3017460,0
3017520,0
3017580,0
3017610,0
3017640,0
3017700,0
3018060,0
3018170,0
3018210,0
3018240,0
3018270,0
3018290,0
3018410,0
3018540,0
3018570,0
3018750,0
3018780,0
3018870,0
3018900,0
3018960,0
3019170,0
3019310,0
3019500,0
3019530,0
3019740,0
3019950,0
3020040,0
3020070,0
3020100,0
3020170,0
3020240,0
3020670,0
3020690,0
3020790,0
5102520,0
3020880,0
3020960,0
3021000,0
3021030,0
3021060,0
3021090,0
3021150,0
3021240,0
3021270,0
3021330,0
3021450,0
3021480,0
3021510,0
3021540,0
3021720,0
3021850,0
3021870,0
3021900,0
3021960,0
3022080,0
3022110,0
3022230,0
3022260,0
3022290,0
3022370,0
3022410,0
3022710,0
3022750,0
3022790,0
3022800,0
3022920,0
3023040,0
3023070,0
3023160,0
3023340,0
3023370,0
3023400,0
3023520,0
3023550,0
3023670,0
3023730,0
3023900,0
3023910,0
3023940,0
3023970,0
3024150,0
3024180,0
3024200,0
3024230,0
3024300,0
3024330,0
3024690,0
3024810,0
3619740,0
4215830,0
3025020,0
3025050,0
3025130,0
3025140,0
3025320,0
3025380,0
3025470,0
3025500,0
3025530,0
3025560,0
3025890,0
3025950,0
3026070,0
625690,0
3026160,0
3026190,0
3026400,0
3026460,0
3026490,0
2201110,0
3026550,0
3026580,0
3026640,0
3026670,0
3026730,0
3026880,0
3027060,0
3027090,0
3027150,0
3027270,0
3027340,0
3027570,0
3027630,0
3027730,0
3027740,0
3027790,0
3027810,0
3027840,0
3027930,0
3028020,0
3028140,0
3028170,0
3028380,0
3028470,0
3028500,0
3028550,0
3028590,0
3028620,0
3028650,0
3028770,0
3028800,0
3028830,0
3028860,0
3028910,0
3028911,0
3100002,0
3100003,0
3100004,0
3100006,0
3100008,0
3100010,0
3100011,0
3100012,0
3100015,0
3100016,0
3100018,0
3100021,0
3100022,0
3100023,0
3100024,0
3100025,0
3100029,0
3100034,0
3100041,0
3100046,0
3100047,0
3100059,0
3100065,0
3100066,0
3100067,0
3100070,0
3100071,0
3100072,0
3100073,0
3100076,0
3100077,0
3100080,0
3100082,0
3100085,0
3100088,0
3100089,0
3100090,0
3100091,0
3100095,0
3100096,0
3100097,0
3100098,0
3100099,0
3100105,0
3100109,0
3100110,0
3100111,0
3100112,0
3100114,0
3100115,0
3100116,0
3100117,0
3100118,0
3100120,0
3100121,0
3100122,0
3100123,0
3100124,0
3100125,0
3100129,0
3100130,0
3100132,0
3100133,0
3100134,0
3100140,0
3100141,0
3100145,0
3100146,0
3100147,0
3100150,0
3100151,0
3100152,0
3100154,0
3100157,0
3100160,0
3100163,0
3100165,0
3100166,0
3100170,0
3100172,0
3100176,0
3100177,0
3100178,0
3100179,0
3100181,0
3100183,0
3100184,0
3100185,0
3100186,0
3100187,0
625800,0
3100190,0
3100191,0
3101992,0
3102770,0
3102790,0
3102820,0
3102880,0
3102910,0
3103060,0
3103090,0
3103120,0
3103130,0
3103210,0
3103330,0
3103360,0
3103420,0
3103440,0
3103540,0
3103600,0
3103810,0
3103990,0
3104020,0
3104100,0
3104140,0
3104200,0
3104290,0
3104640,0
3104870,0
3104920,0
2929610,0
3104980,0
3105010,0
3105160,0
3105280,0
3105340,0
3105460,0
3105520,0
3105550,0
3105630,0
3105910,0
3105970,0
3109120,0
4900570,0
3162950,0
3169840,0
3170020,0
3170050,0
3170110,0
3170140,0
3170220,0
3170440,0
3170530,0
3170650,0
3170710,0
3170800,0
3170980,0
3171010,0
3171100,0
3171220,0
3171370,0
3171520,0
3171550,0
3171580,0
3619830,0
3171730,0
3171940,0
3172000,0
3172150,0
3172210,0
3172335,0
3172390,0
3172420,0
3172480,0
3172570,0
3172720,0
3172780,0
3172810,0
2700383,0
3172910,0
3172990,0
3173050,0
3173090,0
3173120,0
3173210,0
3173230,0
3173290,0
3173440,0
3173470,0
1726760,0
3173560,0
3173590,0
3173600,0
3173660,0
3173710,0
3173740,0
3173800,0
3173830,0
3173890,0
3174040,0
3174160,0
3174200,0
3174220,0
3174340,0
3174370,0
3174430,0
3174580,0
3174640,0
3174760,0
4108520,0
3174850,0
3174940,0
3175000,0
3175030,0
3175060,0
3175210,0
3175270,0
3175330,0
3175360,0
3175390,0
3175510,0
3175570,0
3175630,0
3175660,0
3175690,0
3175770,0
3175810,0
3175900,0
3175930,0
3175960,0
3175990,0
3176170,0
3176380,0
3176400,0
3176410,0
3176450,0
3176470,0
3176560,0
3176590,0
3176620,0
3176650,0
3176710,0
3176800,0
3176860,0
3176980,0
3177100,0
625980,0
3177190,0
3177340,0
3177520,0
3177550,0
3177730,0
3178020,0
3178120,0
3178210,0
3178240,0
3178260,0
3178300,0
3178450,0
3178520,0
3178540,0
3178660,0
3178670,0
3178720,0
3304960,0
3178840,0
3178940,0
3178990,0
3179050,0
3179080,0
3180010,0
3180020,0
3180030,0
3180040,0
3180050,0
3180060,0
3180070,0
3180080,0
3180090,0
3180100,0
3180110,0
3180130,0
3180150,0
3180160,0
3180170,0
3180180,0
3180190,0
3200001,1
3200021,0
3200023,0
3200030,0
2722950,0
5509990,0
500043,0
3200150,0
3200180,0
3200210,0
626190,0
3200270,0
1812720,0
3200330,0
3200360,0
2308500,0
3200420,0
3200450,0
3904441,0
3200510,0
3300003,0
3300017,0
3300030,1
3300031,1
3300035,0
3300039,1
3300040,1
3300041,1
3300042,1
3300043,1
3300048,1
3300049,0
3300616,0
3301350,0
3301380,0
3301440,0
3301470,0
3301500,0
3301560,0
3301590,0
3301620,0
3301650,0
3301680,0
3301710,0
3301740,0
3301830,0
3301860,0
3301890,0
3301950,0
3302010,0
3302070,0
3302100,0
3302130,0
3302200,0
3302250,0
3302280,0
3302310,0
3302340,0
3302370,0
3302400,0
3302430,0
626370,0
3302480,0
3302490,0
3302510,0
3302520,0
3302550,0
3302580,0
4831860,0
3302640,0
3302670,0
3302730,0
3302760,0
3302790,0
3302850,0
3302870,0
3302880,0
3302910,0
3302940,0
3302970,0
3302990,0
3303000,0
3303090,0
3303120,0
3303150,0
3303180,0
3303210,0
3303240,0
3303271,1
3303275,0
3303276,0
3303279,0
3303280,1
3303286,1
3303287,1
3303289,1
3303290,1
3303291,1
3303293,0
3303296,1
3303297,1
3303298,1
3303299,1
3303301,1
3303302,1
3303303,0
3303304,0
3303305,1
3303308,1
3303314,1
3303315,1
3303316,1
3303318,1
3303330,0
3303360,0
3303420,0
3303480,0
3303510,0
3303540,0
600029,0
3303630,0
3303640,0
3303660,0
5305460,0
3303720,0
3303750,0
3303780,0
3303810,0
3303840,0
3303850,0
3303870,0
3303900,0
626640,0
3303960,0
3303990,0
3304030,0
3304040,0
3304050,0
3304080,0
3304140,0
3304150,0
3304170,0
3304230,0
3304260,0
1727710,0
3620220,0
3304380,0
3304410,0
3304500,0
3304560,0
3304590,0
3304620,0
3304650,0
3304670,0
3304680,0
3304740,0
3304760,0
3304770,0
3304800,0
3304830,0
3304890,0
3304920,0
3304950,0
4021120,0
3304980,0
3305010,0
3305040,0
3305070,0
3305190,0
3305220,0
3305250,0
3305280,0
3305310,0
3305370,0
3305400,0
3305430,0
3305460,0
3305520,0
3305550,0
3680540,0
3305670,0
3305700,0
3305730,0
3305760,0
3305790,0
3305820,0
3305830,0
3305880,0
3305940,0
3305970,0
4832130,0
3306030,0
3306060,0
3306080,0
3306150,0
3306180,0
3306240,0
3306260,0
3306270,0
3306330,0
3306360,0
3306390,0
3306420,0
3306450,0
3306480,0
3306540,0
3306600,0
3306660,0
3306720,0
3306750,0
3306780,0
3306870,0
3306900,0
3306910,0
3306930,0
3306990,0
3307020,0
3307050,0
3307115,0
3307140,0
3307170,0
3307200,0
3307230,0
3307300,0
3307330,0
3307360,0
3399965,0
3399970,0
3399971,0
3399972,1
3399973,1
3399974,1
3400004,0
3400005,0
3400006,0
3400007,0
3400008,0
3400009,0
3400014,1
3400015,1
3400019,1
3400020,1
3400021,1
3400022,1
3400023,1
3400024,1
3400025,1
3400026,1
3400029,1
3400032,1
3400033,1
3400034,1
3400035,1
3400036,1
3400041,1
3400042,1
3400043,1
3400046,1
3400047,1
3400048,1
3400049,1
3400050,0
3400051,1
3400052,1
3400055,1
3400061,1
3400064,1
3400069,0
3400070,1
3400073,1
3400076,1
3400078,1
3400080,1
3400082,1
3400083,1
3400085,0
600036,0
3400088,0
3400089,0
3400090,1
3400660,0
3400690,0
3400715,1
3400717,1
3400718,1
3400719,1
3400720,0
3400723,1
3400724,1
3400727,1
3400729,1
3400730,1
3400731,1
3400734,1
3400735,1
3400740,1
3400741,1
3400744,1
3400745,1
3400746,1
3400748,1
3400749,1
3400750,0
3400751,1
3400754,1
3400755,1
3400756,1
3400759,1
3400763,1
3400764,1
3400765,1
3400766,1
3400767,1
4108650,0
3400770,1
3400771,1
3400772,0
3400773,1
3400776,0
3400777,0
3400778,0
3400779,1
3400780,0
3400781,1
3400782,1
3400783,1
3400784,1
3400785,1
3400786,1
3400787,1
3400788,1
3400789,1
3400790,0
3400791,1
3400792,1
3400793,1
3400794,1
3400795,1
3400796,0
3400797,0
3400798,0
3400799,0
3400800,0
3400802,0
3400803,0
3400804,0
3400805,1
3400810,0
3400840,0
3400870,0
3400900,0
3400930,0
3400960,0
3400990,0
3401020,0
3401050,0
3401110,0
3401140,0
3401170,0
3401200,0
3401230,0
3401260,0
3401290,0
3401320,0
2921750,0
3401380,0
3401410,0
3401440,0
3401450,0
3401470,0
3401500,0
3401530,0
3401560,0
3401590,0
3401620,0
3401650,0
3401710,0
5102580,0
3401770,0
3401800,0
2508430,0
3401860,0
3401890,0
902670,0
3401950,0
3401980,0
3402030,0
3402100,0
3402130,0
3402160,0
4216620,0
3703330,0
3402280,0
3402310,0
3402340,0
3402370,0
3402400,0
3402430,0
2921960,0
3402460,0
3402490,0
3402520,0
3402550,0
3402580,0
3402610,0
4400690,0
3402670,0
3402700,0
3402730,0
3402740,0
3402760,0
3402790,0
3402800,0
3402820,0
3402850,0
3402880,0
3402910,0
3403000,0
3403030,0
3403060,0
3403090,0
3403120,0
3403150,0
3403180,0
3403210,0
3403240,0
3403270,0
3600076,0
3403330,0
3403360,0
3403390,0
3403420,0
3403450,0
3403480,0
3403510,0
3403540,0
3403570,0
3403600,0
3403610,0
3403620,0
3403630,0
3403660,0
3403690,0
3403720,0
3403750,0
3403780,0
3403810,0
3403840,0
3600077,0
3403900,0
3600078,0
3403960,0
3403990,0
3404020,0
3404050,0
3404080,0
3600079,0
3404140,0
3404170,0
3404200,0
3404230,0
3404290,0
3600081,0
3404350,0
3404380,0
3404410,0
3404440,0
3404470,0
3404500,0
3404530,0
3404560,0
3600083,0
3404620,0
3404660,0
3404680,0
3404710,0
3404740,0
3404770,0
3404800,0
3404830,0
3404860,0
3404890,0
3404920,0
3404950,0
3404980,0
3405010,0
3405040,0
3405070,0
3405130,0
3405190,0
3405220,0
3405250,0
3405280,0
3405310,0
3405340,0
3405370,0
3405400,0
3405430,0
3405460,0
3405490,0
3405520,0
3405550,0
3405580,0
3405610,0
3405640,0
3405670,0
3405700,0
3405730,0
3600084,0
3405790,0
3405820,0
3405850,0
3405880,0
3405940,0
3405970,0
3406000,0
3406030,0
3406040,0
3406060,0
3406090,0
3406120,0
3406150,0
3406180,0
3406210,0
3406240,0
3406270,0
3406300,0
3406330,0
3406360,0
3600085,0
3406420,0
3600086,0
3406480,0
3406510,0
3406540,0
3406570,0
3406600,0
3406630,0
3406660,0
3406690,0
3406720,0
3406780,0
3406810,0
3406840,0
3406870,0
3406900,0
3406930,0
3406960,0
3406990,0
3407050,0
3407080,0
3407110,0
3407140,0
3407170,0
3407200,0
3407230,0
3407260,0
3407290,0
3407320,0
3407350,0
3407380,0
3407410,0
3407440,0
3407470,0
3407500,0
3407530,0
3407560,0
3407570,0
3407590,0
3407650,0
3407680,0
3407710,0
3600087,0
3407770,0
3407800,0
3600088,0
3407860,0
3600090,0
3407920,0
3407950,0
3407980,0
3408010,0
3408040,0
3408060,0
3408070,0
3408100,0
3408130,0
3408160,0
3408190,0
3600091,0
3408280,0
3408310,0
3408340,0
3408370,0
3408400,0
3408430,0
3408460,0
3408490,0
3408500,0
3600119,0
3408580,0
3408610,0
3408640,0
3408670,0
3408671,0
3408700,0
3408730,0
3408760,0
3408790,0
3408820,0
3408850,0
3408880,0
3408910,0
3408940,0
3409000,0
3409030,0
3409090,0
3409120,0
3409150,0
3409180,0
3409210,0
3409240,0
3409270,0
3409300,0
3409330,0
3409360,0
3409390,0
3409420,0
3409450,0
3409480,0
3409510,0
3409540,0
3409550,0
3409600,0
3409630,0
3409660,0
3409690,0
3409720,0
3409750,0
3409780,0
3409810,0
3409840,0
3409870,0
3409900,0
3409930,0
3409950,0
3409960,0
3409990,0
3410020,0
3410050,0
3410080,0
3410110,0
3410140,0
3410170,0
3410200,0
3410230,0
3410290,0
3410320,0
3410350,0
3410380,0
3410440,0
3410470,0
3410500,0
3410530,0
3410560,0
3410590,0
3410620,0
3410650,0
3410680,0
3410710,0
3410720,0
3410740,0
3410770,0
3410810,0
3410860,0
3410890,0
3410920,0
3410950,0
3410980,0
3411010,0
3411040,0
3411070,0
3411100,0
3411130,0
3411160,0
3411190,0
3411220,0
3411250,0
3411280,0
3411310,0
3600092,0
3411370,0
3411400,0
3411430,0
3411460,0
3411490,0
3411520,0
3411550,0
3411580,0
3411610,0
3411640,0
3411670,0
3411700,0
3411730,0
3411760,0
3411790,0
3411820,0
3411850,0
3411880,0
3411910,0
3411940,0
3411970,0
3411980,0
3412030,0
3412060,0
3412090,0
3412120,0
3412150,0
3412180,0
3412210,0
3412240,0
3412260,0
3412270,0
3412300,0
3412360,0
3412390,0
3412420,0
3412450,0
3412480,0
3412510,0
3412540,0
3412570,0
3412600,0
3412630,0
3412660,0
3412690,0
3412720,0
3412810,0
3412840,0
3412870,0
3412900,0
3412930,0
3412960,0
3412990,0
3413000,0
3413050,0
3413080,0
3413110,0
3413140,0
3413200,0
3413230,0
3413260,0
3413290,0
3413320,0
3413350,0
3413380,0
3413410,0
3413470,0
3413500,0
3413530,0
3413560,0
3413590,0
3413620,0
3413650,0
3413680,0
3600094,0
3413740,0
3413750,0
3413770,0
3413800,0
3413830,0
3413860,0
3413890,0
3413950,0
3413980,0
3414010,0
3414040,0
3414070,0
3414100,0
3414130,0
3414160,0
3414220,0
3414250,0
3414280,0
3414310,0
3414340,0
3414370,0
3414400,0
3414430,0
3414460,0
3414490,0
3414520,0
3414550,0
3414580,0
3414610,0
3414640,0
3414670,0
3414730,0
3414760,0
3414790,0
3414820,0
3414850,0
3414880,0
3414940,0
3414970,0
3415000,0
3415030,0
3415060,0
3415090,0
3415120,0
3415150,0
3415180,0
3415210,0
3415240,0
3415270,0
3415330,0
3415360,0
3415390,0
3415420,0
3600095,0
3415480,0
3415510,0
3415540,0
3415570,0
3415600,0
3415630,0
3415660,0
3415690,0
3415720,0
3415750,0
3415810,0
3415840,0
3415870,0
3600096,0
3415930,0
3415960,0
3415990,0
3416020,0
3600120,0
3416110,0
3416170,0
3416200,0
3600151,0
3416260,0
3600152,0
3416320,0
3416350,0
3600153,0
3416400,0
3416440,0
3416470,0
3416500,0
3416530,0
3416560,0
3416590,0
3416620,0
3416650,0
3416680,0
3416710,0
3416740,0
3416800,0
3416830,0
3416860,0
3416870,0
3600121,0
3416920,0
3416950,0
3416970,0
3416980,0
3417010,0
3417040,0
3417070,0
3417100,0
3417130,0
3417160,0
3417190,0
3417220,0
3417250,0
3417280,0
3600098,0
3417340,0
3417400,0
3417430,0
3417460,0
3417490,0
3417500,0
3417520,0
3417550,0
3417580,0
3417610,0
3417640,0
3417670,0
3417700,0
3417730,0
3417760,0
3417790,0
3417820,0
3417850,0
3417880,0
3417910,0
3417920,0
3417940,0
3417970,0
3418000,0
3418030,0
3418040,0
3418060,0
3418090,0
3418120,0
3418150,0
3418180,0
3418210,0
3418240,0
3418270,0
3418300,0
3418330,0
3418360,0
3480180,0
3480200,0
3480240,0
3480260,0
3480280,0
3480300,0
3480320,0
3480340,0
3480360,0
3480361,0
3480362,0
3480363,0
3480364,0
3500001,0
3500010,0
3500011,0
3500012,0
3500013,0
3500014,0
3500015,0
3500016,0
3500030,0
3600122,0
3500090,0
3500106,1
3500107,1
3500109,1
3500112,1
3500116,1
3500117,1
3500118,1
3500119,1
3500120,0
3500121,1
3500122,1
3500123,1
3500124,1
3500125,1
3500126,1
3500127,1
3500130,1
3500131,1
3500134,1
3500135,1
3500136,1
3500137,1
3500138,1
3500141,1
3500142,1
3500143,1
3500148,1
3500150,0
3500151,1
3500152,1
3500153,1
3500155,1
3500156,1
3500158,1
3500160,1
3500163,1
3500166,1
3500167,1
3500168,1
3500170,1
3500171,1
3500172,1
3500173,1
3500174,1
3500176,1
3500177,1
3500178,1
3500179,1
3500180,0
3500181,1
3500183,1
3500184,1
3500185,1
3500186,1
3500187,1
3500188,1
3500189,1
3500190,1
3500210,0
3500240,0
3500270,0
3500300,0
3500330,0
3500390,0
3500420,0
3500480,0
3500510,0
3500540,0
3500570,0
3500600,0
3500630,0
3500660,0
3500690,0
3500720,0
3500750,0
3500790,0
3600099,0
3500840,0
3500900,0
3500930,0
3500960,0
3500990,0
3501020,0
3501050,0
3501080,0
3501110,0
3501140,0
3501170,0
3501200,0
3501230,0
3501260,0
3501290,0
3501320,0
3501350,0
3501380,0
3501410,0
3600123,0
3600100,0
3501530,0
3501560,0
3501590,0
3501620,0
3501650,0
3501680,0
3501710,0
3501740,0
3501770,0
3501800,0
3501830,0
3501860,0
3501890,0
3501920,0
3501950,0
3501980,0
3600101,0
3502040,0
3502070,0
3502100,0
3502130,0
3502160,0
3502190,0
3502220,0
3502250,0
3502280,0
3502310,0
3502340,0
3600102,0
3502400,0
3502430,0
3502460,0
3502490,0
3502520,0
3502550,0
3502580,0
3502610,0
3502640,0
3502670,0
3502730,0
3502800,0
3502801,1
3502802,1
3502803,1
3600001,0
3600103,0
3600003,0
3600004,0
3600005,0
3600006,0
3600007,0
3600008,0
3600097,0
3600010,0
3600011,0
3600012,0
3600013,0
3600014,0
3600015,0
3600016,0
3600017,0
3600018,0
3600019,0
3600020,0
3600021,0
3600023,0
3600024,0
3600025,1
3600026,1
3600029,1
3600030,1
3600032,1
3600033,1
3600035,1
3600036,1
3600038,1
3600039,1
3600042,1
3600045,1
3411340,0
3600047,1
3600048,1
3600049,1
3600053,1
3600054,1
3600055,1
3600057,1
3600059,1
3600060,1
3600061,1
3600063,1
3600066,1
3600067,1
3600068,1
3600070,1
3600071,1
3600073,1
627060,0
4108720,0
2508580,0
3620790,0
3600080,1
627180,0
3600082,1
627240,0
2922470,0
5900197,0
2922650,0
5305700,0
3600089,1
1800118,0
3621000,0
5504980,0
4104350,0
3700323,1
4832970,0
5305760,0
4108880,0
3626370,0
5305850,0
5102710,0
2922860,0
1808190,0
3600104,1
3600105,1
3600106,1
3600107,1
3600108,1
3600109,1
3600110,1
3600111,1
3600112,1
3600113,1
3600114,1
3600115,1
3600116,1
3600118,1
603030,0
4217700,0
5305880,0
5305910,0
2625980,0
3600124,0
3600125,0
3600126,0
3600127,0
3600128,1
3600131,0
3600133,0
3600134,1
3600135,0
3600136,1
3600137,1
3600138,1
3600139,1
3600140,1
3600141,1
3600142,1
3600143,1
3600144,1
3600145,1
3600146,1
3600147,1
3600148,1
3600149,1
4217790,0
627690,0
3621360,0
3600154,0
3600155,1
3600157,1
3600158,1
3600159,1
3600160,1
3600161,1
3600162,1
3600163,1
3600164,1
3600165,1
3600166,1
3600167,1
3600169,1
3600170,1
3600172,1
3600173,1
3600943,1
3600944,1
3600945,1
3600946,1
3600947,0
3600948,1
3600949,1
3600950,1
3600952,1
3600953,1
3600954,1
3600955,1
3600956,1
3600957,1
3600958,1
3600959,1
3600960,1
3600961,1
3600962,1
3600963,1
3600964,1
3600965,1
3600966,1
3600967,1
3600968,1
3600969,1
3600984,1
3600986,1
3600987,1
3600988,1
3600989,1
3600990,1
3600992,1
3600993,1
3600994,1
3600995,1
3600996,1
3600997,1
3600998,1
3601000,1
3601001,1
3601002,1
3601003,1
3601004,1
3601005,1
3601006,1
3601008,1
3601009,1
3601010,1
3601011,1
3601012,1
3601014,1
3601015,1
3601016,1
3601017,1
3601018,1
3601019,1
3601022,1
3601023,1
3601024,1
3601025,1
3601027,1
3601028,1
3601029,1
3601030,1
3601031,1
3601032,1
3601033,1
3601034,1
3601035,1
3601036,1
3601039,1
3601040,1
3601041,1
3601042,1
3601043,1
3601044,1
3601046,1
3601047,1
3601048,1
3601049,1
3601051,1
3601052,1
3601053,1
3601054,1
3601055,1
3601056,1
3601057,1
3601058,1
3601059,1
3601060,1
3601061,1
3601062,1
3601063,1
3601064,1
3601065,1
3601066,1
3601067,1
3601069,1
3601070,1
3601071,1
3601072,1
3601073,1
3601075,1
3601076,1
3601077,1
3601078,1
3601079,1
3601080,1
3601082,1
3601083,1
3601084,1
3601085,1
3601086,1
3601087,0
3601088,1
3601089,1
3601090,1
3601091,1
3601092,1
3601093,1
3601094,1
3601095,1
3601096,1
3601097,1
3601099,1
3601100,1
3601102,1
3601105,1
3601106,1
3601107,0
3601108,1
3601109,1
3601110,1
3601111,1
3601112,1
3601113,1
3601114,1
3601115,1
3601116,1
3601117,1
3601118,1
3601119,1
3601120,1
3601121,1
3601122,1
3601123,1
3601124,1
3601125,1
3601127,1
3601128,1
3601129,1
3601130,1
3601131,1
3601132,1
3601133,1
3601134,1
3601135,1
3601136,1
3601137,1
3601138,1
3601139,1
3601140,1
3601141,1
3601142,1
3601143,1
3601144,1
3601145,1
3601146,1
3601147,1
3601148,1
3601149,1
3601150,1
3601151,1
3601152,1
3601153,1
3601154,1
3601155,1
3601156,1
3601157,1
3601158,1
3601159,1
3601160,1
3601161,1
3601162,1
3601163,1
3601164,1
3601165,1
3601166,1
3601167,1
3601168,1
3601169,1
3601170,1
3601171,1
3601172,1
3601173,1
3601174,1
3601175,1
3601176,1
3601177,1
3601178,1
3601179,1
3601180,1
3601181,1
3601182,1
3601183,1
3601184,1
3601186,1
3601187,1
3601188,1
3601189,0
3601190,1
3601191,1
3601192,1
3601193,1
3601194,1
3601195,1
3601196,1
3601197,1
3601198,1
3601199,1
3601200,1
3601201,1
3601202,1
3601203,1
3601204,1
3601205,1
3601206,1
3601207,1
3601208,1
3601209,1
3601210,1
3601211,1
3601212,1
3601213,1
3601214,1
3601215,1
3601216,1
3601217,1
3601218,1
3601219,1
3601220,1
3601221,1
3601222,1
3601223,1
3601224,1
3601225,1
3601226,1
3601227,1
3601228,1
3601229,1
3601230,1
3601231,1
3602310,0
3602340,0
3602370,0
3602400,0
3602430,0
3602460,0
3602520,0
3602550,0
3602580,0
3602700,0
3602730,0
3602820,0
3602880,0
3602920,0
3602940,0
3602970,0
3603000,0
3603030,0
3603060,0
3603180,0
3603210,0
3603240,0
3620580,0
3603420,0
3603480,0
3603630,0
3603660,0
3603720,0
3603810,0
3603840,0
3603870,0
3603930,0
5305940,0
3603990,0
3604050,0
628050,0
3604110,0
4833340,0
3604200,0
3604290,0
3604350,0
4703270,0
3604410,0
628170,0
3604620,0
3604650,0
628250,0
3604740,0
3604757,0
3604758,0
3604870,0
3604920,0
3605010,0
3605040,0
3605220,0
3605280,0
3605310,0
3605340,0
3605370,0
3605460,0
3605520,0
3605580,0
3605610,0
3605640,0
3605670,0
3605820,0
4503060,0
3605940,0
3606060,0
3606090,0
3606160,0
3606180,0
3606210,0
3606240,0
2723970,0
3606330,0
3606360,0
3606390,0
3606420,0
3606470,0
3606500,0
3606540,0
3606570,0
3606630,0
3606660,0
3606690,0
3606720,0
3606780,0
3606840,0
3606870,0
3606900,0
3606990,0
3607020,0
3607050,0
3607080,0
4022560,0
3607170,0
3607230,0
3607260,0
3607290,0
3607320,0
3607380,0
3607440,0
3607470,0
3607530,0
3607560,0
3607590,0
3607650,0
3607680,0
3607710,0
3607770,0
3607860,0
3607890,0
3607980,0
3608010,0
2600285,1
3608130,0
628320,0
3608250,0
3700474,1
5306180,0
3608340,0
3608370,0
3608400,0
3608430,0
3608460,0
3608470,0
3608490,0
3174820,0
3608610,0
3608790,0
3608850,0
3608880,0
3608910,0
3608970,0
3609030,0
3609060,0
3609090,0
3609120,0
3609210,0
628470,0
3609330,0
3609360,0
3609390,0
3609420,0
3609540,0
3609630,0
3609660,0
3609690,0
3609720,0
3609840,0
3609870,0
3609900,0
3609930,0
3609960,0
3609990,0
3610050,0
3610080,0
3610140,0
3610170,0
3610200,0
3610230,0
3610260,0
3610380,0
3610410,0
3610500,0
3610530,0
3610560,0
3610590,0
3610620,0
3610650,0
3610680,0
3610710,0
1201440,0
691024,0
3610920,0
3610950,0
3610980,0
3611070,0
3611100,0
3611160,0
3611190,0
3611250,0
3611280,0
3611310,0
3611370,0
3611400,0
3611430,0
3611460,0
3611490,0
3611520,0
3611550,0
3611610,0
3611640,0
3611670,0
3611700,0
3611730,0
3611740,0
3611760,0
3611860,0
628650,0
3611910,0
3611940,0
3611970,0
3612030,0
3612120,0
3612180,0
3612240,0
3612270,0
3612300,0
3612330,0
3612360,0
3612390,0
3612400,0
3612450,0
3612510,0
3612630,0
3612660,0
3612720,0
3612750,0
3612840,0
3612870,0
3612900,0
3612960,0
4503910,0
3613020,0
3613080,0
3613110,0
3613230,0
3613290,0
3613350,0
3613380,0
3613440,0
3613470,0
3613530,0
3613560,0
3613590,0
3613620,0
3613710,0
3613740,0
3613770,0
3613830,0
3613950,0
3613980,0
5306300,0
3614070,0
3614130,0
3614190,0
3614220,0
3614250,0
3614280,0
3614310,0
3614340,0
3614400,0
3614430,0
3614460,0
3614490,0
3614550,0
3614580,0
3614610,0
3614640,0
3614670,0
3614700,0
3614730,0
3614760,0
3614820,0
3614850,0
3614880,0
3614940,0
3614970,0
3615030,0
3615060,0
3615090,0
5511100,0
3615210,0
3615270,0
3615300,0
3615360,0
3615390,0
3615450,0
3615480,0
3615510,0
3615540,0
629100,0
3615630,0
3615720,0
3615780,0
629130,0
3615870,0
3615900,0
3615980,0
3615990,0
405670,0
3616140,0
3616170,0
3616200,0
3616230,0
2725200,0
3616290,0
3616380,0
5511220,0
3616440,0
3616470,0
3616500,0
3616530,0
2627240,0
3616620,0
3616680,0
3616710,0
629270,0
3616800,0
3616830,0
3616950,0
3616960,0
3616980,0
3617130,0
3617160,0
3617190,0
3617220,0
3617380,0
3617400,0
3617430,0
3617460,0
3617520,0
3617580,0
3617640,0
3617670,0
3617700,0
3617730,0
3617760,0
3617820,0
3617880,0
3617910,0
3617940,0
3617970,0
3618030,0
3618080,0
3618090,0
3618120,0
3618150,0
629430,0
3618210,0
3618240,0
3618270,0
3618330,0
3618450,0
3618480,0
2104650,0
3618540,0
3618570,0
3618600,0
3618630,0
3618660,0
3618690,0
3618750,0
3618840,0
3618900,0
3618960,0
3618990,0
3619020,0
3619110,0
629490,0
3619200,0
3619230,0
3619260,0
1730420,0
3619350,0
3619380,0
3619410,0
3619500,0
3619530,0
3619560,0
3619650,0
3619680,0
3619710,0
629540,0
3619800,0
601488,1
3619860,0
3619890,0
3619920,0
3619950,0
3620010,0
3620040,0
3620100,0
3620160,0
3620170,0
3620190,0
1201500,0
3620340,0
3620370,0
3620400,0
3620430,0
3620460,0
3620490,0
3620520,0
629550,0
3620610,0
3620640,0
3620670,0
3620700,0
3620730,0
3620760,0
5511350,0
3620820,0
3620850,0
3620880,0
3620910,0
3620940,0
3620970,0
629610,0
3621120,0
3621180,0
3621210,0
3621240,0
3621250,0
3621260,0
3621270,0
3621300,0
3621330,0
408430,0
3621450,0
3621480,0
3621510,0
3621540,0
3621570,0
3621630,0
3621660,0
3621720,0
3621780,0
3621810,0
3621840,0
3621900,0
3621930,0
3621960,0
3622020,0
3622050,0
3622100,0
3622140,0
3622170,0
629790,0
3622260,0
3622290,0
3622380,0
3622410,0
3622440,0
3622470,0
3622500,0
3622530,0
3622560,0
3622650,0
3622680,0
629820,0
3622740,0
3622770,0
3622830,0
3622890,0
3622920,0
3623010,0
3623040,0
405930,0
3623160,0
3623190,0
3623220,0
1800196,1
3623310,0
3623340,0
3623370,0
3623430,0
3623460,0
3623490,0
3623520,0
3623580,0
3623640,0
3623670,0
3623760,0
3623790,0
3623880,0
3623970,0
3624000,0
4703360,0
3624060,0
3624090,0
3624150,0
3624210,0
3624240,0
3624270,0
3624360,0
3624420,0
3624450,0
3624480,0
3624570,0
3624630,0
3624660,0
3624690,0
3624750,0
3624780,0
3624840,0
3624900,0
3624930,0
2923530,0
3624990,0
3625020,0
3625050,0
3625110,0
3625140,0
3625170,0
3625260,0
3625290,0
3625320,0
3625350,0
3625380,0
3625410,0
3625440,0
3625470,0
4900750,0
3625650,0
3625740,0
3625770,0
3625800,0
3625920,0
2923550,0
3625980,0
3626010,0
3626070,0
3626100,0
3626130,0
3626160,0
3626190,0
3626310,0
629910,0
3626400,0
3626430,0
3626520,0
3626580,0
3626640,0
3626670,0
3626700,0
3626730,0
3626760,0
3626840,0
3626850,0
3626880,0
3626940,0
3627000,0
3627060,0
3627120,0
3627150,0
3627180,0
3627210,0
629940,0
3627300,0
3627330,0
3627360,0
3627450,0
3627540,0
3627570,0
3627620,0
3627660,0
3627750,0
5306570,0
3627810,0
3627900,0
3627960,0
3627980,0
3627990,0
3628020,0
3628050,0
3628110,0
3628140,0
3628200,0
3628320,0
3628380,0
600048,0
3628560,0
3628590,0
406030,0
3400087,1
3628680,0
3628710,0
3628740,0
3628800,0
3628890,0
3628950,0
3628980,0
3629040,0
3629070,0
3629130,0
3629160,0
3629190,0
3629240,0
2923670,0
3629280,0
3629370,0
3629400,0
3629430,0
3629460,0
3629490,0
3629520,0
3629610,0
3629640,0
3629670,0
3629760,0
3629790,0
3629820,0
3629850,0
3629880,0
3629910,0
3629940,0
3629970,0
3630030,0
3630060,0
3630120,0
3630160,0
3630210,0
3630240,0
3630270,0
3630330,0
3630360,0
3630390,0
3630420,0
3630450,0
3630480,0
3630540,0
3630600,0
3630630,0
3630660,0
3630690,0
3630780,0
3630900,0
3630930,0
4023580,0
3630990,0
3631020,0
3631050,0
3631170,0
3631200,0
4400840,0
3631290,0
3631320,0
3631350,0
3631380,0
3631410,0
3631440,0
3631470,0
3631500,0
3631560,0
3631590,0
3631710,0
3631740,0
3631800,0
3631830,0
3631860,0
3631920,0
3631950,0
3631980,0
3632010,0
3680100,0
3680140,0
3680150,0
3680180,0
3680220,0
3680260,0
3680280,0
3680300,0
3680320,0
3680340,0
3680380,0
3680400,0
3680420,0
3680440,0
3680460,0
3680480,0
3680500,0
3680520,0
1304050,0
3680560,0
3680580,0
3680600,0
3680620,0
3680640,0
3680660,0
3680680,0
3680700,0
3680720,0
3680740,0
3680780,0
3680820,0
3680860,0
3680880,0
3680900,0
3680920,0
3680940,0
3680960,0
3680961,1
3680962,1
3680963,1
3680964,1
3680965,1
3680966,1
3680967,1
3680968,1
3680969,1
3680970,1
3680971,1
3680972,1
3680973,1
3680974,1
3700001,0
3700002,0
3502010,0
3700012,0
3700017,1
3700020,1
1731080,0
3700023,1
3700025,1
3700027,1
3700029,1
3700030,0
3700031,1
3700033,1
3700034,1
3700035,1
3700038,1
3700040,1
3700043,1
3700045,1
3700046,1
3700049,1
3700050,1
3700052,1
3700053,1
3700054,1
3700055,1
3700062,1
3700064,1
3700068,1
3700069,1
3700070,1
3700074,1
3700077,1
3700078,1
3700081,1
3700083,1
3700084,1
3700085,1
3700086,1
3700089,1
3700090,0
3700091,1
3700093,1
3700096,1
3700097,1
3700099,1
3700101,1
3700102,1
3700103,1
3700104,1
3700105,1
3700106,1
3700107,1
3700108,1
3700109,1
3700110,1
3700111,1
3700112,1
3700113,1
3700114,1
3700115,1
3700116,1
3700117,1
3700118,1
3700119,1
3700120,0
3700121,1
2627720,0
1731140,0
3700127,1
3700128,1
3700129,1
3700130,1
3700131,1
3700132,1
3700133,1
3700135,1
3700137,1
3700138,1
3700139,1
3700140,1
3700141,1
3700142,1
3700143,1
3700144,1
3700145,1
3700146,0
3700147,0
3700148,0
3700152,0
3305580,0
3700154,0
3700156,0
3700157,0
3700159,0
3700166,0
3700167,0
3700168,0
3700170,0
3700171,0
3700173,0
3700174,0
3700175,1
3700176,0
3700178,0
3700180,0
3700210,0
3700240,0
3700270,0
3700300,0
3700314,1
3700315,1
3700316,1
3700317,1
3700318,1
3700319,1
3700320,0
3700321,0
3700322,1
3703570,0
3700324,1
3700325,1
3700326,1
3700327,1
3700328,1
3700329,1
3700330,0
3700331,1
3700332,1
3700333,1
3700334,1
3700336,1
3700337,1
3700338,1
3700339,1
3700340,1
3700341,1
3700343,1
3700344,1
4109510,0
3700347,1
3700348,1
3700349,1
3700350,1
3700351,1
3700352,1
3700353,1
3700354,1
3700355,0
3700356,1
3700358,1
3700359,1
3622710,0
3700361,1
3700362,1
2627840,0
3700364,1
3700367,1
3700369,1
3700370,1
3700371,1
3700372,1
3700374,1
1731230,0
3700377,1
3700378,1
3700379,1
3700381,1
3700382,1
3700383,0
3700384,1
1801740,0
3700386,1
3700387,1
3700388,1
630230,0
5102910,0
3700391,1
3700392,1
3700393,1
3700394,1
3700396,1
3700397,1
3700398,1
3700399,1
3700400,1
3700401,1
3700402,1
3700403,1
4218990,0
3700405,1
3700406,1
3700407,1
3700408,1
3700409,1
3700410,1
3700411,1
3700412,1
406300,0
3700417,1
406330,0
3700419,0
3700420,0
3700421,0
3700422,1
3700423,1
2803630,0
3700425,1
3700426,1
3700427,0
3700428,1
3700429,0
3700430,1
3700431,0
3700432,1
3700433,1
3700435,1
630360,0
3700439,1
3700441,1
3700443,0
3700445,1
3700446,1
3700447,1
3700448,1
3700449,1
3700450,0
3700451,1
3700452,1
3700453,1
3700454,1
3700455,1
3700457,1
3700459,1
3700463,1
3700464,1
3700465,1
2200320,1
3700467,1
3700469,1
3700470,1
3700471,1
3623070,0
3700473,1
1201560,0
3700475,1
3700476,1
3700477,1
3700478,1
3700479,1
3700480,0
3700481,1
3700482,1
3700483,1
3700484,1
3700485,1
3700487,0
3700488,0
3700489,0
4202850,0
5306750,0
630480,0
3700630,0
630600,0
3700690,0
4219170,0
3700750,0
3700780,0
5511790,0
3700870,0
3700900,0
3700930,0
5102940,0
3701080,0
3701110,0
3701140,0
3701170,0
3701200,0
630660,0
3701320,0
3701380,0
3701500,0
3701530,0
3701620,0
3701680,0
3701770,0
3020850,0
3701830,0
3701920,0
3623280,0
3702010,0
3702040,0
3702100,0
3702160,0
3702190,0
3702250,0
3702280,0
3702310,0
3702340,0
630990,0
3702400,0
631050,0
3702560,0
4219350,0
3702640,0
3702680,0
3702760,0
631170,0
3702880,0
3702940,0
4024630,0
3703000,0
3703060,0
3703090,0
3703120,0
3703210,0
3703270,0
3703310,0
631290,0
3703360,0
3703420,0
3703450,0
3703480,0
3703510,0
3703540,0
2628740,0
3703600,0
3703630,0
3703720,0
2803660,0
2900003,0
3703900,0
3703930,0
3703990,0
600064,0
3704080,0
3704140,0
3704200,0
3704320,0
3704380,0
4110040,0
5103000,0
3704500,0
4024870,0
3704590,0
3704620,0
3704650,0
3704720,0
3704740,0
3704800,0
3704830,0
3704880,0
3704890,0
3704920,0
3704950,0
3705020,0
2925500,0
3705070,0
3705071,1
3705072,0
3705073,0
3705074,1
3705075,1
3705076,1
3705077,1
3705078,1
3705079,1
3800004,0
3800005,0
3800006,0
3800014,0
3800015,0
3800016,0
3800017,0
3800018,0
3800021,0
3800023,0
3800024,0
3800025,0
3800027,0
3800029,0
3800031,0
3800032,0
3800033,0
3800036,0
3800038,0
3800039,0
3800040,0
3800041,0
3800042,0
3800043,0
3800044,0
3800045,0
3800046,0
3800047,0
3800048,0
3800049,0
3800050,0
3800051,0
3800052,0
3800053,0
3800054,0
3800055,0
3800056,0
3800057,0
3800058,0
3800059,0
3800060,0
803990,0
3800389,0
3800390,0
3800391,0
3800392,0
3800394,0
3800395,0
3800396,0
3800397,0
3800398,0
3800399,0
3800400,0
3800401,0
3800402,0
3800403,0
3800404,0
3800405,0
3800406,0
3800407,0
3800825,0
3801760,0
3801950,0
3802014,0
3802170,0
3802240,0
3802380,0
3802530,0
3802840,0
3803060,0
3803090,0
3803200,0
3803590,0
3804090,0
3804140,0
3804560,0
3805040,0
3805160,0
3805340,0
3805460,0
3805670,0
3805850,0
3805950,0
3806010,0
3806090,0
3806210,0
3806360,0
3806690,0
3806780,0
3806910,0
3806930,0
3807170,0
3807200,0
3807590,0
631530,0
3807850,0
3807950,0
3808130,0
3808460,0
3808610,0
3808710,0
5103030,0
3809000,0
3809130,0
3809180,0
3809410,0
3809570,0
3809810,0
3810180,0
3810260,0
3810270,0
3810500,0
3810600,0
3810740,0
3810810,0
3810860,0
3810980,0
3811140,0
3811430,0
3811540,0
3811610,0
3811700,0
3811820,0
3811850,0
3811970,0
3812000,0
1700330,0
807260,0
3812120,0
3812350,0
3812430,0
3812540,0
3812660,0
3812720,0
3812920,0
3812930,0
3812990,0
3813030,0
3813050,0
3813200,0
3813230,0
3813400,0
3813440,0
3813510,0
3813660,0
3813710,0
3813920,0
3814290,0
3814340,0
3814500,0
3814520,0
3814940,0
3815150,0
3816050,0
3816090,0
3816130,0
3816430,0
3816470,0
3816510,0
3816980,0
3817040,0
3817130,0
3817170,0
3817460,0
3817570,0
3817670,0
3817760,0
3817910,0
3817940,0
3818280,0
3818500,0
3818600,0
3818660,0
3818730,0
3818850,0
3819020,0
3819260,0
3819290,0
2400510,0
5103130,0
3819680,0
3820130,0
3820190,0
3820310,0
3820340,0
3820400,0
3880100,0
3880120,0
3880160,0
3880180,0
3880200,0
3880220,0
3880240,0
3880250,0
3880260,0
3880280,0
3880300,0
3880310,0
3880340,0
3880350,0
3880360,0
3880410,0
3880420,0
3880430,0
3880450,0
3880460,0
3880470,0
3880480,0
3880500,0
3880520,0
3880540,0
3880560,0
3880570,0
3880640,0
3880660,0
3880680,0
3880700,0
3880720,0
3880750,0
3880780,0
3880781,0
3880782,0
3880783,0
3900001,0
3900002,0
3900008,0
3900009,0
3900012,0
3900013,0
3900014,0
3900015,0
3900017,1
3900019,1
3900022,1
3900025,1
3900027,1
3900029,1
3900031,1
3900033,1
3900036,1
3900038,1
3900040,1
3900042,1
3900043,1
3900047,1
3900052,1
3900053,1
3900056,1
3900063,0
3900064,0
3900065,1
3900068,1
3900071,1
3900072,1
3900073,1
3900080,1
3900081,1
3900083,1
3900084,1
3900086,1
3900090,0
3900091,0
3900092,0
3900093,0
3900094,0
3900096,1
3900097,1
3900098,1
3900100,1
3900101,1
3900102,1
3900103,1
3900104,1
3900105,1
3900106,1
3900107,1
3900109,1
3900113,1
3900117,1
3900118,1
3900119,1
3900121,1
3900123,1
3900127,1
3900129,1
3900130,1
3900138,1
3900145,1
3900146,1
3900151,1
3900155,1
3900175,1
3900176,1
3900177,1
3900178,1
3900179,1
3900180,1
3900181,1
3900190,1
3900192,1
3900193,1
3900194,1
3900203,1
3900211,1
3900212,1
3900216,1
3900223,1
3900231,1
3900233,1
3900237,0
3900238,0
3900241,1
3900250,1
3900252,1
3900276,1
3900277,1
3900279,1
3900285,1
3900286,1
3900291,1
3900299,1
3900302,1
3900304,1
3900305,1
3900306,1
3900307,1
3900308,1
3900309,1
3900313,1
3900314,1
3900315,1
3900331,1
3900337,1
3900338,1
3900339,1
3900341,1
3900342,1
3900344,1
3900348,1
3900350,1
3900356,1
3900361,1
3900366,1
3900381,1
3900383,1
3900385,1
3904467,0
3900399,1
3900428,1
3900434,1
3900435,1
3900441,1
3900444,1
3900448,1
3900451,1
3900454,1
3900457,1
3900467,1
3900470,1
3900474,1
3900478,1
3900488,1
3900490,1
3900492,1
3900493,1
3900494,1
3900495,1
3900496,1
3900497,1
3900498,1
3900500,1
3900501,1
3900502,1
3900503,1
3900505,1
3900506,1
3900507,1
3900508,1
3900510,1
3900528,1
3900530,1
3900537,0
3900550,1
3900551,1
3900552,1
3900562,1
3900564,1
3900567,1
3900573,1
3900574,1
3900575,1
3900580,1
3900584,1
3900586,1
3900587,1
3900593,1
3900594,1
3900638,1
3900640,1
3900641,1
3900642,1
3900643,1
3900644,1
3900645,1
3900646,1
3900647,1
3901301,1
3901302,1
3901305,1
3901313,1
3901314,1
3901322,1
3901326,1
3901329,1
3901330,1
3901335,1
3901337,1
3901339,1
3901344,1
3901346,1
3901347,1
3901350,1
3901353,1
3901354,1
3901362,1
3901363,1
3901365,1
3901366,1
3901368,1
3901369,1
3901370,1
3901374,0
3901375,1
3901376,1
3901377,1
3901381,1
3901382,1
3901383,1
3901389,1
4835850,0
3901397,1
3901398,1
3901403,1
3901405,1
3901407,1
3901409,1
3901410,1
3901411,1
3901412,1
3901413,1
3901414,1
3901415,1
3901416,1
3901417,1
3901420,1
3901427,1
3901428,1
3901429,1
3901430,1
3901432,1
3901433,1
3901434,1
3901450,1
3901451,1
3901454,1
3901457,1
3901463,1
3901465,1
3901470,1
3901472,1
3901473,1
3901475,1
3901478,1
3901480,1
3901482,1
3901487,1
3901488,1
3901490,0
3901496,1
3901498,1
3901499,1
3901502,1
3901503,1
3901505,1
3901508,1
3901511,1
3901512,0
3901514,1
3901516,1
3901520,1
3901521,1
3901526,1
3901529,1
3901530,1
3901535,0
3901536,1
3901539,1
3901543,1
3901545,1
3901549,1
3901550,1
3901551,1
3901554,1
3901555,1
3901564,1
3901565,0
3901566,1
3901567,1
3901568,1
3901570,1
3901574,1
3901575,0
631620,0
3901577,0
3901581,1
3901582,1
3901583,1
3901584,1
3901585,1
3901586,1
3901587,1
3901588,1
3901589,0
3901590,1
3901591,1
3901592,1
3901593,1
3901594,1
3901595,1
3901596,1
3901597,1
3901599,1
3901600,1
3901601,1
3901602,1
3901603,1
3901604,1
3901605,1
3901606,1
3901608,1
3901609,1
3901610,1
3901611,1
3901612,1
3901613,1
3901614,1
3901615,1
3901616,1
3901617,1
3901618,1
3901619,1
3901620,1
3901621,1
3901622,1
3901623,1
3901624,1
3901625,1
3901626,1
3901627,1
3901628,1
3901629,1
3901630,1
3901631,1
3901632,1
3901633,1
3901634,1
3901635,1
3901636,1
3901637,1
3901638,1
3901639,1
3904348,0
3904349,0
3904350,0
3904351,0
3904352,0
2925590,0
3904354,0
3904355,0
3904357,0
3904358,0
3904359,0
3904360,0
3904361,0
3904362,0
3904363,0
3904364,0
3904365,0
3904366,0
3904367,0
3904368,0
3904369,0
4400900,0
3904371,0
3904373,0
3904374,0
4400039,1
3904376,0
3904377,0
3904378,0
3904379,0
3904380,0
3904381,0
3904382,0
3904383,0
3904384,0
3904385,0
3904386,0
3904387,0
3904388,0
3904389,0
3904390,0
3904391,0
3904392,0
3904393,0
3904394,0
800278,0
3904396,0
3904397,0
3904399,0
3904400,0
3904401,0
3904402,0
3904403,0
3904404,0
3904405,0
3904406,0
3904407,0
3904408,0
3904409,0
3904410,0
3904411,0
3904412,0
3904413,0
3904414,0
3904415,0
3904416,0
3904418,0
3904419,0
3904420,0
3904421,0
7200030,0
3904423,0
3904424,0
3904425,0
3904426,0
3904427,0
3904428,0
3904429,0
3904430,0
3904431,0
3904433,0
3904434,0
3904435,0
3904436,0
3904437,0
3904438,0
3904439,0
3904440,0
5306930,0
3904443,0
3904444,0
3904445,0
3904446,0
3904447,0
3904448,0
3904449,0
3904450,0
3904451,0
3904452,0
3904453,0
3904454,0
3904455,0
3904456,0
3904457,0
3904458,0
3904459,0
3904460,0
3904461,0
3904463,0
3904464,0
3904465,0
4703480,0
3904468,0
3904469,0
3904470,0
3904471,0
3904472,0
3904474,0
4836210,0
3904476,0
3904479,0
3904480,0
3904481,0
3904482,0
3904483,0
3904484,0
3624030,0
3904486,0
3904487,0
3904488,0
3904489,0
3904490,0
3904491,0
3904492,0
3904493,0
3904494,0
3904495,0
3904498,0
3904499,0
3904500,0
3904502,0
3904503,0
3904504,0
3904505,0
3904506,0
3904507,0
3904508,0
3904509,0
3904510,0
3904511,0
2509870,0
3904514,0
3904515,0
511880,0
3904517,0
3904518,0
3904519,0
3904520,0
3904521,0
2925710,0
3904523,0
3904524,0
3904525,0
3904526,0
3904527,0
3904528,0
3904529,0
3904531,0
3904532,0
3904533,0
3904535,0
3904536,0
3904537,0
3904538,0
3904539,0
3904540,0
3904541,0
3904542,0
3904543,0
3904545,0
3904546,0
3904547,0
3904548,0
3904549,0
3904550,0
3904551,0
3904552,0
3904553,0
3904554,0
3904555,0
3904556,0
3904557,0
3904558,0
3904560,0
631710,0
3904563,0
3904564,0
3904565,0
3904566,0
3904567,0
3904574,0
3904575,0
3904576,0
3904577,0
3904578,0
3904579,0
3904580,0
3904582,0
3904583,0
3904584,0
3904585,0
3904586,0
3904587,0
3904588,0
3904590,0
3904591,0
3904592,0
3904593,0
3904594,0
3904595,0
3904596,0
3904597,0
3904599,0
3904600,0
3904601,0
3904602,0
3904603,0
3904604,0
3904606,0
3904607,0
3904608,0
3904609,0
3904610,0
3904611,0
3904612,0
3904613,0
3904614,0
3904615,0
3904617,0
3904619,0
3904620,0
3904621,0
3904622,0
3904623,0
3904624,0
3904625,0
3904626,0
3904627,0
3904628,0
3904629,0
3904630,0
3904631,0
3904632,0
3904633,0
3904634,0
3904635,0
3904636,0
3904637,0
3904638,0
3904639,0
3904640,0
3904641,0
3904642,0
3904643,0
3904644,0
3904645,0
3904647,0
3904648,0
3904650,0
3904651,0
3904652,0
3904653,0
3904655,0
3904656,0
3904657,0
3904659,0
3904660,0
3904661,0
3904662,0
3904663,0
3904664,0
3904667,0
3904668,0
3904670,0
3904671,0
3904672,0
3904674,0
3904675,0
3904676,0
3904678,0
3904679,0
3904680,0
3904681,0
3904682,0
3904683,0
3703780,0
3904685,0
3904686,0
3904687,0
3904688,0
3904689,0
3904690,0
3904693,0
3904694,0
3904695,0
3904696,0
3904697,0
3904699,0
3904700,0
3904701,0
3904702,0
3904704,0
3904705,0
3904706,0
3904707,0
3904708,0
3904709,0
3904716,0
3904717,0
3904718,0
3904719,0
3904722,0
3904723,0
3904724,0
3904725,0
3904726,0
3904727,0
3904730,0
3904732,0
3904733,0
3904734,0
3904736,0
3904737,0
3904738,0
3904739,0
3904740,0
3904742,0
3904743,0
3904744,0
3904745,0
3904747,0
3904749,0
3904750,0
3904751,0
3904752,0
3904754,0
3904757,0
3904758,0
3904759,0
3904761,0
3904762,0
3904763,0
3904768,0
3904769,0
3904771,0
3904772,0
3904773,0
3904774,0
3904776,0
3904777,0
3904778,0
3904779,0
3904780,0
3904781,0
3904782,0
3904783,0
3904785,0
3904786,0
3904787,0
3904788,0
3904790,0
3904791,0
3904792,0
3904793,0
3904794,0
3904795,0
3904796,0
3904797,0
3904798,0
3904799,0
3904800,0
3904801,0
3904802,0
3904803,0
3904804,0
3904807,0
3904808,0
3904809,0
3904810,0
3904811,0
3904812,0
3904813,0
3904814,0
3904815,0
3904816,0
3904817,0
3904819,0
3904820,0
3904821,0
3904822,0
3904823,0
3904825,0
3904826,0
5401260,0
3904828,0
3904829,0
3904830,0
3904831,0
3904832,0
3904833,0
3904834,0
3904835,0
3904836,0
3904837,0
3904838,0
3904839,0
3904841,0
3904842,0
3904843,0
3904844,0
3904845,0
3904846,0
3904847,0
3904848,0
3904849,0
3904851,0
3904852,0
3904853,0
3904854,0
3904857,0
3904858,0
3904859,0
3904860,0
3904861,0
3904862,0
3904863,0
3904865,0
3904866,0
3904867,0
3904868,0
3904869,0
3904870,0
3904871,0
3904872,0
3904873,0
3904874,0
3904875,0
3904877,0
3904879,0
3904880,0
3904881,0
3904883,0
3904884,0
3904885,0
3904887,0
3904888,0
3904890,0
3904892,0
3904893,0
3904894,0
3904895,0
3904896,0
3904897,0
3904899,0
3904900,0
3904903,0
3904905,0
3904906,0
3904907,0
3904908,0
3904909,0
3904910,0
5512450,0
3904913,0
3904914,0
3904915,0
3904917,0
3904918,0
3904919,0
3904920,0
3904921,0
3904922,0
3904923,0
3904924,0
3904925,0
3904926,0
3904927,0
3904928,0
3904930,0
3904931,0
3904932,0
3904933,0
3904934,0
3904935,0
3904936,0
3904937,0
3904938,0
3904939,0
3904941,0
3904942,0
3904943,0
3904944,0
3904945,0
3904946,0
3904947,0
3904949,0
3904950,0
3904951,0
3904952,0
3904953,0
3904954,0
3904956,0
3904957,0
3904959,0
3904961,0
3904962,0
3904963,0
3904964,0
3904965,0
3904966,0
3904968,0
3904970,0
3904971,0
3904976,0
3904977,0
3904978,0
3904979,0
3904981,0
3904982,0
3904983,0
3904984,0
3904985,0
3904986,0
3904987,0
3904988,0
3904989,0
3904990,0
3904991,0
3904992,0
3904993,0
3904994,0
3904995,0
3904996,0
3904997,0
3904998,0
3904999,0
3905000,0
2201290,0
3905002,0
3905003,0
3905004,0
3905005,0
3905006,0
3905007,0
3905008,0
3905009,0
3905011,0
3104950,0
3905013,0
3905015,0
3905016,0
3905017,0
3905018,0
3905019,0
3905020,0
3905021,0
3905022,0
3905023,0
3905024,0
3905025,0
3905026,0
3905027,0
3905028,0
3905029,0
3905030,0
3905032,0
3905033,0
3905035,0
3905039,0
3905040,0
3905041,0
3905042,0
3905043,0
3905044,0
3905045,0
3905046,0
3905048,0
3905049,0
3905051,0
3905052,0
3905053,0
3905054,0
3905055,0
3905056,0
3905058,0
3905059,0
3905061,0
3905062,0
3905063,0
3905064,0
3905065,0
3905066,0
3905067,0
3905068,0
3905069,0
3905070,0
3905071,0
3905072,0
3905074,0
3905077,0
3905079,0
3905081,0
3905085,0
3905088,0
3905090,0
3905092,0
3905094,0
3905096,0
3905098,0
3905100,0
3905102,0
3905104,0
3905106,0
3905112,0
3905114,0
3905116,0
3905118,0
3905120,0
3905122,0
3905124,0
3905128,0
3905130,0
3905133,0
3905135,0
3905137,0
3905139,0
3905141,0
3905143,0
3905145,0
3905147,0
3905149,0
3905153,0
3905160,0
3905163,0
3905165,0
3905167,0
3905169,0
3905171,0
3700363,1
3906202,0
3906204,0
3906206,0
3906210,0
3906212,0
3906280,0
3906349,0
3906351,0
3906496,0
3906522,0
3906526,0
3906568,0
3906968,0
3910000,0
3910001,0
3910002,0
3910003,0
3910004,0
3910005,0
3910006,0
3910007,0
3910008,0
3910009,0
3910010,0
3910011,0
3910012,0
3910013,0
3910014,0
3910015,0
3910016,0
3910017,0
3910018,0
3910019,0
3910020,0
3910021,0
3910022,0
3910023,0
3910024,0
3910025,0
3910026,0
3910027,0
3910028,0
3910029,0
3910030,0
3910031,0
3910032,0
3910033,0
3910034,1
3910035,1
3910036,1
3910037,1
3910038,1
3910039,1
3910040,1
3910041,1
3910042,1
3910043,1
3910044,1
3910045,1
4220040,0
4000014,0
4000015,0
4000020,0
4000021,0
4000032,0
4000033,0
4000047,0
3413710,0
4000049,0
4000050,0
4000051,0
4000052,0
4000053,0
4000054,0
4000055,0
4000056,0
4000057,0
4000058,0
4000060,0
4000061,0
4000062,0
4000063,0
4000064,0
4000065,0
4000066,0
4000067,0
4000068,0
5307210,0
4000070,0
4000071,0
4000072,0
4000073,0
4000074,0
4000075,0
4000076,0
4000077,0
4000078,0
4000079,0
4000080,0
4000081,0
4000082,0
4000083,0
4000084,0
4000086,0
4000087,0
4000088,0
4000089,0
4000090,0
4000091,0
4000092,0
4000093,0
4000094,0
4000095,0
4000096,0
4000751,1
4000753,1
4000754,0
4000755,1
4000757,0
4000758,0
4000759,0
4000762,0
4000763,0
4000764,0
4000766,1
4000769,1
4000772,1
4000773,1
4000774,1
4000775,1
4000777,1
4000778,1
4000780,1
4000782,0
4000783,1
4000785,1
4000786,1
4000787,1
4000789,1
4000791,1
4000792,1
4000793,1
4000795,1
4000796,1
4000797,0
4000798,0
4000799,1
4000801,1
4000802,0
4000803,1
4000804,1
4000805,1
4000806,1
4000807,1
4000808,1
4000809,1
4002370,0
4002430,0
4002460,0
4002520,0
4002550,0
4002580,0
4002670,0
4002720,0
4002760,0
4002790,0
4002850,0
4002880,0
4002910,0
4003000,0
4003010,0
4003060,0
4003120,0
4003180,0
4003210,0
4003240,0
4003300,0
4003360,0
4003450,0
4003510,0
4003540,0
4003570,0
4003630,0
4003660,0
4003690,0
4003750,0
632010,0
4003840,0
4003930,0
4004020,0
4004110,0
4004230,0
4004350,0
4004360,0
4004470,0
4004500,0
4004630,0
4004650,0
4004680,0
4004830,0
4004860,0
4004950,0
4005010,0
4005040,0
4005130,0
4005160,0
4005280,0
4005340,0
4005400,0
4005430,0
4005460,0
4005490,0
4005520,0
4005580,0
4005760,0
631980,0
4005910,0
4006000,0
4006060,0
1001300,0
4006150,0
4006180,0
4006240,0
4006270,0
4006330,0
4006390,0
4006420,0
4006480,0
4006510,0
4006630,0
4006690,0
4006810,0
4006850,0
4006870,0
4006930,0
4006960,0
4007140,0
4007170,0
4007290,0
4007320,0
4007350,0
4007380,0
4007410,0
4007500,0
2730510,0
4007620,0
4007670,0
4007710,0
4007740,0
4007800,0
4008010,0
4008040,0
406870,0
4008130,0
4008220,0
2629460,0
4008310,0
4008370,0
4008460,0
4008490,0
4008610,0
4008640,0
4008730,0
4008790,0
632070,0
4008940,0
4009000,0
4009060,0
4009090,0
4009150,0
4009240,0
4009300,0
4009360,0
632130,0
4009420,0
4009450,0
4009510,0
4009570,0
4009720,0
4009750,0
4009780,0
4009810,0
4009870,0
4009910,0
4010050,0
4010170,0
4010200,0
4010260,0
4010290,0
4010350,0
4010440,0
1809420,0
4010560,0
4010590,0
4010650,0
4010710,0
4010740,0
4010860,0
4010890,0
4010920,0
4011040,0
4011160,0
4011250,0
4011280,0
4011400,0
4011430,0
4011580,0
4011700,0
4011760,0
4011850,0
4011880,0
4011970,0
4012000,0
4012060,0
4012090,0
4012150,0
4012180,0
4012210,0
4012240,0
4012300,0
4012390,0
4012420,0
4012570,0
5307230,0
4012690,0
4012720,0
4012750,0
4012870,0
4012900,0
4013080,0
4013200,0
4013230,0
4013260,0
5307260,0
4013380,0
4013500,0
632310,0
4013560,0
4013590,0
4013600,0
4013620,0
4013650,0
4013680,0
4013740,0
4013830,0
4013890,0
4013920,0
4013950,0
4014080,0
4014100,0
4014130,0
4110520,0
4014340,0
4014370,0
632370,0
4014610,0
4014670,0
4014700,0
4014730,0
4014790,0
4014850,0
4014890,0
4014970,0
4015090,0
4015120,0
4015210,0
4015240,0
4015370,0
4015420,0
4015450,0
4015480,0
4015690,0
4015720,0
4015750,0
4015840,0
4015900,0
4015930,0
4015990,0
4016170,0
4016320,0
4016350,0
4016380,0
4016470,0
4016500,0
4016530,0
4016560,0
4016590,0
4016620,0
4016650,0
4016710,0
4016720,0
4016740,0
4017020,0
4017040,0
4017190,0
4017220,0
4503360,0
4017280,0
4017310,0
4017370,0
4017580,0
4017700,0
4017760,0
4017850,0
4017880,0
4018000,0
4503390,0
4018240,0
4018270,0
4018390,0
4018480,0
4018570,0
4018630,0
4018660,0
4018700,0
4018780,0
4018840,0
4018870,0
4018900,0
4018960,0
4018990,0
4019080,0
4019200,0
4019260,0
4019290,0
4019380,0
4019410,0
621450,0
4019500,0
4019560,0
4019620,0
4019680,0
4019800,0
4019860,0
4019890,0
4019950,0
4019980,0
4020040,0
4020080,0
4020100,0
4020160,0
4020190,0
4020250,0
4020280,0
4020310,0
4020340,0
4020430,0
4020460,0
4020550,0
4020640,0
4020880,0
4020910,0
4020970,0
4021000,0
4021030,0
1304380,0
4021180,0
4021360,0
4021510,0
4021540,0
4021600,0
4021630,0
4021720,0
4021780,0
4021900,0
4021930,0
4022160,0
4022350,0
4022410,0
3703870,0
4022590,0
4022620,0
4022650,0
4022770,0
4022800,0
4022830,0
4022860,0
4022950,0
4023040,0
4023070,0
4023190,0
4023220,0
4023280,0
4023340,0
4023370,0
4023400,0
4023430,0
4023550,0
903810,0
4023610,0
4023700,0
4023730,0
4023800,0
4023850,0
4023970,0
4024150,0
4024180,0
4024240,0
4024330,0
4024510,0
1733690,0
4024690,0
4024720,0
4024840,0
632610,0
4024930,0
4025050,0
4025080,0
4025170,0
4025200,0
4025230,0
4025290,0
4025320,0
4025410,0
4025470,0
4025500,0
4025530,0
4025590,0
4025800,0
4025860,0
4025920,0
4025950,0
4026010,0
4026100,0
4026250,0
4026280,0
4026310,0
4026550,0
4026580,0
4026610,0
4026640,0
4026730,0
4026790,0
4026880,0
4026910,0
4026940,0
4027000,0
4027060,0
4027090,0
4027240,0
4027300,0
632640,0
4027390,0
4027420,0
4027450,0
4027540,0
632880,0
4027630,0
4027640,0
4027750,0
4027840,0
4027930,0
4027960,0
4027990,0
4028170,0
4028200,0
4028350,0
4028590,0
4028620,0
4028650,0
4028680,0
4028710,0
4028800,0
4028920,0
4028980,0
4029010,0
4029040,0
4029070,0
4029100,0
4029160,0
4029310,0
4029380,0
4029400,0
4029430,0
4029520,0
4029610,0
4029640,0
4029670,0
4029760,0
4029820,0
4029850,0
4029886,0
4030030,0
4030048,0
4030060,0
4030120,0
4030197,0
2926640,0
4030270,0
4030290,0
4030300,0
4030330,0
4030360,0
4030390,0
4030420,0
4030450,0
4030480,0
4030600,0
4030630,0
4030870,0
4030960,0
4030990,0
4031020,0
4031080,0
4031110,0
4031140,0
4031170,0
4031290,0
4031350,0
4031380,0
4031470,0
4031500,0
4031590,0
4031650,0
4031710,0
4031770,0
4031860,0
4031950,0
4031980,0
4032010,0
4032040,0
4032070,0
633110,0
4032190,0
4032220,0
4032280,0
4032370,0
4032400,0
4032430,0
4032460,0
4032610,0
4032640,0
4032670,0
4032700,0
4032730,0
4032760,0
4032790,0
4032880,0
4032940,0
4032970,0
4033090,0
4033180,0
4033210,0
4033240,0
4033300,0
4033330,0
4033360,0
4033390,0
4033480,0
4033540,0
4033600,0
4033601,0
4033602,0
4033603,0
4033604,1
4100003,0
4100009,0
4100014,0
4100015,0
4100016,0
4100019,0
4100020,0
4100021,0
4100022,0
1733870,0
4100024,0
4100025,0
4100026,0
4100027,0
4100028,0
4100029,0
4100030,0
4100031,0
4100032,0
4100033,0
4100034,0
4100035,0
4100036,0
4100038,0
4100040,0
4100042,0
4100043,0
4100045,0
4100046,0
4100047,1
4100048,0
4100049,0
4100384,0
4100640,0
4100990,0
4101020,0
4101120,0
4101200,1
5000447,0
4101350,1
4101355,0
4101470,1
4101500,0
633150,0
4101590,0
4101620,0
4101660,0
4101710,0
4101740,1
4101800,0
2926670,0
804260,0
633210,0
4102040,0
4102160,1
4102190,0
4102310,0
4102490,0
4102580,1
4102610,1
4102640,0
4102780,0
4102840,0
4102910,0
4102940,0
4103260,0
4103265,0
4103270,0
4103330,0
4103390,0
633240,0
4103480,0
4103540,1
4103600,0
4103630,0
4103660,0
4103690,0
4103720,0
4103780,0
4103840,0
4103860,0
4103940,0
4103960,1
2731800,0
4104020,0
4104170,0
4104290,0
600013,0
4104380,0
4104410,0
4104500,0
4104530,0
4104590,0
4104700,0
4104740,0
4104950,0
4105020,0
4105080,0
4105100,0
4105160,0
4105250,1
4105310,0
4105430,0
4105610,0
4105640,1
4105670,0
4105760,0
4105910,0
3624960,0
4106120,1
4106270,0
4106300,0
407080,0
4106600,1
4106630,1
4106710,0
4106740,0
4106750,0
4106780,0
4106820,0
4106870,0
4106900,0
4106930,0
4106960,0
4107020,0
4107080,0
4107200,0
4220550,0
4107280,0
4107380,0
4107500,0
4107530,0
4107590,0
4107710,0
4107740,0
4107980,1
2732390,0
4108040,0
4108100,0
4108160,0
4108280,0
2200307,1
4108430,0
4108460,0
633600,0
4108550,0
2630210,0
4108700,0
633630,0
4108820,0
4108830,0
3704050,0
4108940,1
4109000,0
4109120,0
4109150,0
4109270,0
4109330,0
4109430,1
4109480,0
633750,0
4109530,0
4109600,0
4109630,0
4109660,0
4109690,0
4109720,1
4109750,0
4109870,0
4109960,0
4110020,0
2311850,0
4110080,0
4110110,0
4110200,1
4110350,0
4110410,1
2314780,0
4110530,0
4110560,0
4110680,0
4110710,0
2314787,0
4110890,0
4110980,0
4111040,0
4111100,0
4111220,0
4111250,0
4111290,0
4111400,0
4111450,0
4111490,0
4111580,0
4111610,0
4111640,0
4111670,0
4111720,0
4111760,0
4111790,0
4111910,0
4111940,0
4111970,0
2310770,0
4112320,0
4112360,0
4112540,1
2311130,0
4112690,0
4112930,0
4112990,0
4113080,0
4113170,0
2314240,0
4113490,0
4113530,0
2314670,0
4180070,0
4180180,0
4180505,0
4200001,0
4200003,0
4200007,0
4200011,1
4200012,1
4200013,1
4200014,1
4200016,1
4200017,1
4200018,1
4200019,1
4200020,1
4200021,1
4200023,1
4200024,1
4200025,0
4200026,1
4200027,1
4200030,1
4200035,1
4200036,1
4200038,1
4200039,1
4200040,1
4200041,1
4200042,1
4200043,1
4200044,1
4200048,1
4200049,0
4200050,1
4200051,1
4200052,1
4200055,1
4200056,1
4200058,1
4200060,1
4200061,1
4200062,1
4200063,1
4200064,1
4200065,1
4200067,1
4200068,1
4200069,1
4200070,1
4200071,1
4200073,1
4200074,1
4200075,1
4200076,1
4200077,1
4200079,1
4200084,1
4200085,1
4200086,1
4200087,1
4200088,1
4200091,1
4200092,1
4200093,1
4200094,1
4200095,1
4200096,1
4200098,1
4200099,1
4200100,1
4200101,1
4200104,1
4200105,1
4200106,1
4200107,1
4200108,1
4200109,0
4200110,0
4200111,1
4200114,1
4200115,1
4200118,1
4200119,1
4200121,1
4200122,1
4200123,1
4200124,1
4200125,1
4200126,1
4200127,1
4200128,1
4200129,1
4200130,1
4200133,1
4200134,1
4200135,1
4200136,1
4200137,1
4200139,1
4200140,1
4200141,1
4200143,1
4200144,1
4200145,1
4200749,1
4200750,0
4200751,0
4200752,1
4200754,0
4200755,0
4200758,1
4200760,1
4200761,1
4200762,1
4200810,1
4200812,1
4200813,1
4200814,1
4200816,1
4200817,1
4200818,1
4200819,1
4200821,1
4200824,0
4200828,1
4200829,1
4200830,1
4200831,1
4200832,1
4200833,1
4200834,1
4200835,1
4200836,1
4200840,1
4200841,1
4200844,1
4200845,1
4200846,1
4200847,1
4200849,1
4200850,1
4200851,1
4200852,1
4200853,1
4200854,1
4200855,1
4200856,1
4200857,1
4200858,1
4200859,1
4200860,1
4200861,1
4200862,1
4200863,1
4200866,1
4200867,1
4200870,1
4200872,1
4200873,1
4200874,1
4200875,1
4200876,1
4200878,0
4200879,1
4200880,1
4200882,1
4200883,1
4200884,1
4200885,1
4200886,1
4200887,1
4200888,1
4200889,1
4200890,1
4200891,1
4200892,1
4200893,1
4200894,1
4200895,1
4200896,1
4200897,1
4200898,1
4200899,1
4200900,1
4200901,1
4200902,1
4200903,1
4200904,1
4200905,0
4200906,1
4200907,1
4202010,0
4202040,0
4202100,0
4202130,0
4202190,0
4202280,0
4202310,0
4202340,0
4202400,0
4202440,0
4202480,0
4202490,0
4202550,0
4202590,0
4202600,0
4202670,0
4202700,0
2314768,0
4202790,0
4202820,0
2310650,0
4202900,0
4202910,0
4202970,0
4203000,0
4203120,0
4203180,0
4203210,0
4203240,0
4203300,0
4203330,0
4203360,0
4203390,0
4203420,0
4203450,0
4203480,0
2310830,0
3306000,0
4203600,0
4203630,0
4203660,0
4203688,0
4203690,0
4203750,0
4203840,0
4203870,0
4203900,0
4203960,0
4204020,0
4204050,0
4204080,0
4204090,0
4204140,0
4204200,0
4204230,0
4204260,0
4204320,0
4204500,0
4204530,0
4204590,0
4204710,0
4204740,0
4204830,0
4204860,0
4204890,0
4204920,0
4204980,0
4205010,0
4205040,0
4205070,0
4205160,0
4205190,0
4205310,0
4205340,0
4205370,0
4205400,0
4205430,0
4205460,0
4205490,0
4205550,0
4205640,0
4205700,0
4205730,0
4205760,0
4205860,0
4205880,0
4205910,0
4206030,0
4206060,0
4206090,0
4206120,0
4206150,0
4206240,0
4206270,0
4206360,0
4206365,0
4206390,0
4206420,0
4206430,0
4206480,0
4206550,0
4206590,0
4206660,0
4206780,0
4206810,0
4206840,0
4206860,0
4206930,0
4206960,0
4207050,0
4207080,0
4207110,0
4207140,0
4207200,0
4207230,0
4207290,0
4207320,0
4207385,0
4207530,0
4207540,0
4207560,0
4207590,0
4207650,0
4207680,0
4207710,0
4207830,0
4207980,0
4208010,0
4208060,0
4208280,0
4208460,0
4208490,0
4208550,0
4208580,0
4208670,0
4208790,0
4208820,0
4208850,0
4209090,0
4209120,0
4209150,0
4209240,0
4209270,0
2310380,0
4209360,0
4209480,0
4209540,0
4209570,0
4209600,0
4209660,0
4209690,0
4209750,0
4209780,0
4209870,0
4209930,0
4209931,0
4209932,0
4209933,0
4209934,0
4209940,0
4209960,0
4209990,0
4210070,0
4210110,0
4210115,0
4210200,0
4210230,0
4210350,0
4210380,0
4210440,0
4210530,0
4210590,0
4210620,0
4210650,0
4210710,0
4210740,0
4210830,0
4210860,0
4210870,0
4210920,0
633840,0
4210970,0
4210980,0
4211010,0
4211160,0
4211190,0
4211220,0
633860,0
4211340,0
4211400,0
4211420,0
4211450,0
4211490,0
4211520,0
2733840,0
4211610,0
4211670,0
4211700,0
4211730,0
4211760,0
4211790,0
4211820,0
4211880,0
4211940,0
4212030,0
4212090,0
4212150,0
4212170,0
4212210,0
4212300,0
4212330,0
4212335,0
4212390,0
4212420,0
4212480,0
4212540,0
4212570,0
4212600,0
4212630,0
4212660,0
4212690,0
4212720,0
4212725,0
4212750,0
4212840,0
4212930,0
4212990,0
7800030,0
4213050,0
4213080,0
4213110,0
4213140,0
4213290,0
4838580,0
4213380,0
4213390,0
4213440,0
4213470,0
4213500,0
4213590,0
4213710,0
4213770,0
4213980,0
4214100,0
4214160,0
4214190,0
4214250,0
4214310,0
4214430,0
4214460,0
4214550,0
4214580,0
4214730,0
4214760,0
4214790,0
4214850,0
4214880,0
4214940,0
4215030,0
4215120,0
4215150,0
2510380,0
4215210,0
4215240,0
4215270,0
4215290,0
4215330,0
4215360,0
4215450,0
4215480,0
4215510,0
4215540,0
4215600,0
4215660,0
4215720,0
4215750,0
4215810,0
4110820,0
4215900,0
4215960,0
4215990,0
4216020,0
4216050,0
4216110,0
4216170,0
4216200,0
4216230,0
633930,0
4216380,0
4216410,0
4216440,0
633980,0
4216530,0
2630660,0
4216740,0
4216860,0
4216890,0
4216980,0
4217010,0
4217100,0
4217130,0
4217160,0
4217220,0
4217280,0
4217310,0
4217370,0
4217430,0
4217460,0
4217520,0
4217580,0
4217610,0
4217640,0
4217670,0
2927520,0
4217730,0
4217760,0
4217770,0
3625500,0
4217850,0
4217880,0
4217940,0
4218030,0
4218090,0
4218120,0
4218150,0
4218210,0
4218240,0
4218270,0
4218300,0
4218330,0
4218360,0
4218390,0
4218450,0
4218510,0
4218570,0
4218580,0
4218590,0
4218630,0
4218660,0
4218740,0
4218750,0
4218780,0
4218810,0
4218840,0
4218900,0
4218930,0
4218960,0
4900870,0
4219020,0
4219050,0
4219140,0
4838640,0
4219200,0
4219290,0
4838730,0
4219470,0
4219500,0
4219530,0
4219560,0
4219650,0
4219680,0
4219710,0
4219800,0
4219830,0
4219860,0
4219890,0
4219920,0
634050,0
4220100,0
4220130,0
4220220,0
4220250,0
4220310,0
4220370,0
4220400,0
4220430,0
4220460,0
4220520,0
634140,0
634320,0
4220640,0
4220730,0
4220760,0
4220850,0
4220910,0
4220970,0
634380,0
4221120,0
4221150,0
4221180,0
4221200,0
4221240,0
4221270,0
4221330,0
4221420,0
4221490,0
4221510,0
4221540,0
4221570,0
4221660,0
4221690,0
4221810,0
4221840,0
4221870,0
4221910,0
4221930,0
4222050,0
4222060,0
4222140,0
4222170,0
4222200,0
4222230,0
4222260,0
4222290,0
4222320,0
4222350,0
4222370,0
4222380,0
4222400,0
4222410,0
4222440,0
4222470,0
4222530,0
4222560,0
4222590,0
4222600,0
4838900,0
4222710,0
4222740,0
4222770,0
4222790,0
634410,0
4222830,0
4222860,0
4222920,0
4222980,0
4223010,0
4223040,0
4223220,0
4223250,0
4223490,0
4223550,0
4223640,0
4223700,0
4223760,0
634440,0
4223820,0
4223850,0
4223880,0
4223970,0
4224000,0
4224030,0
4224060,0
4224090,0
4224120,0
4224150,0
634620,0
4224240,0
4224300,0
4224320,0
4224360,0
4224390,0
4224480,0
4224510,0
4224540,0
4224570,0
4224630,0
634740,0
4224750,0
4224790,0
4224820,0
4224870,0
4224960,0
4224970,0
634800,0
4225080,0
4225110,0
4225140,0
4225170,0
4225200,0
4225230,0
4225290,0
4225440,0
4225590,0
4225650,0
4225680,0
4225740,0
4225830,0
4225870,0
4225950,0
4225980,0
4226010,0
4226040,0
4226070,0
4226130,0
4226250,0
4838970,0
4226370,0
634880,0
4226400,0
4226430,0
4226460,0
4226520,0
4226550,0
4226580,0
4226610,0
4226700,0
4226730,0
4226760,0
4226810,0
4226820,0
4226850,0
4280010,0
4280020,0
4280030,0
4280040,0
4280050,0
4280060,0
4280070,0
4280080,0
4280090,0
4280100,0
4280110,0
4280120,0
4280130,0
4280150,0
4280160,0
4280170,0
4280180,0
4280200,0
4280210,0
4280220,0
4280230,0
4280240,0
4280250,0
4280260,0
4280270,0
4280280,0
4280290,0
4280300,0
4280310,0
4280320,0
4280330,0
4280340,0
4280360,0
4280370,0
4280380,0
4280400,0
4280420,0
4280430,0
4280440,0
4280450,0
4280460,0
4280470,0
4280480,0
4280490,0
4280491,0
4280500,0
4280510,0
4280520,0
4280530,0
4280560,0
4280570,0
4280590,0
4280620,0
4280630,0
4280660,0
4280670,0
4289110,0
4289130,0
4289140,0
4289150,0
4289160,0
4289170,0
4289180,0
4289190,0
4289200,0
4289210,0
4289220,0
4289230,0
4289240,0
4289250,0
4289260,0
4289270,0
4289280,0
4289290,0
4289300,0
4289310,0
4289320,0
4289330,0
4289340,0
4289350,0
4289370,0
4289380,0
4289390,0
4289393,0
4289394,1
4289395,1
4289396,1
4400001,0
4400003,0
4400004,0
4400005,0
4400006,1
4400008,1
4400009,0
4400014,1
634980,0
4400017,1
4400018,1
4400019,1
4400020,0
4400021,1
4400023,0
4400024,1
4400025,1
4400026,0
4400027,1
4400028,1
4400029,1
4400030,0
4400031,1
4400032,1
4400033,1
4400034,1
4400035,1
4400036,1
4400037,1
4400038,1
635010,0
4400065,0
4400090,0
4400120,0
4400150,0
4400210,0
4400240,0
4400270,0
4400300,0
4400330,0
4400360,0
4400390,0
4400420,0
4400450,0
635220,0
4400540,0
2630780,0
4400600,0
4400630,0
4400660,0
406740,0
4400720,0
4400750,0
4400780,0
4400810,0
5007170,0
4400870,0
635250,0
4400960,0
4400990,0
4401020,0
4401050,0
4401110,0
4401140,0
806420,0
691034,0
4401201,1
4401202,0
4500001,0
601414,0
4500004,0
4500007,0
4500008,0
4500010,0
4500011,0
635430,0
4500720,0
4500750,0
4500760,0
4500780,0
4500810,0
635590,0
4500870,0
601327,0
4500980,0
635600,0
4501100,0
4501110,0
4501170,0
4501250,0
3502370,0
4501500,0
4839330,0
635670,0
635700,0
4501860,0
4501870,0
4501920,0
4501950,0
4501990,0
4502010,0
4502070,0
635790,0
4502130,0
4502160,0
4502190,0
4502250,0
635880,0
3600009,0
4502340,0
4502370,0
4502400,0
4502490,0
1201680,0
4502550,0
4502580,0
4502610,0
4502670,0
4502700,0
4502730,0
4502760,0
4502790,0
3600002,0
4502970,0
636030,0
4503030,0
1301020,0
4503330,0
4503901,1
3625950,0
4503420,0
4503460,0
4503470,0
4503480,0
4503510,0
4503540,0
4503570,0
4503600,0
4503630,0
4503660,0
1734740,0
803360,0
4503810,0
4503840,0
4503870,0
4503900,0
1807350,0
2927660,0
4503903,0
4503904,0
4503905,0
4503906,0
4503907,0
2105220,0
4503909,1
2920700,0
4503911,0
2921420,0
4503914,0
4503915,0
4503916,0
4503917,0
4503919,1
4600002,0
4600003,0
4600024,0
4600025,0
4600027,0
4600028,0
4600029,0
4600032,0
4600036,0
4600039,0
4600041,0
4600042,0
4600045,0
4600046,0
4600050,0
4600052,0
4600053,0
4601026,0
4601027,0
4601028,0
4602070,0
4221090,0
4603720,0
4603780,0
4603932,0
4604270,0
4604680,0
4605610,0
4606240,0
4606360,0
4606960,0
4607050,0
4607400,0
4607670,0
4607800,0
4607950,0
4608520,0
4609300,0
4609512,0
4610320,0
4610560,0
4611280,0
4611760,0
4612000,0
4612300,0
4612940,0
4614100,0
4614130,0
4616150,0
4616950,0
512210,0
4618120,0
4619170,0
4619410,0
4619450,0
4619580,0
4620100,0
4620850,0
4621300,0
4621340,0
4621390,0
4621400,0
4621420,0
4622410,0
4622500,0
4622560,0
4622940,0
4624030,0
4624390,0
4624540,0
4624850,0
4625500,0
5307710,0
4626490,0
4626970,0
4629880,0
4630490,0
4630800,0
4631350,0
4631710,0
4632340,0
4632430,0
4633360,0
4634440,0
4634480,0
4634600,0
4635480,0
4636060,0
4636150,0
4636990,0
4638220,0
4639540,0
4639600,0
4639990,0
4640860,0
4641300,0
4641520,0
4641550,0
4641640,0
4644770,0
4644940,0
4645450,0
4646260,0
4646380,0
4647100,0
4647942,0
4648390,0
4648780,0
4649650,0
4650670,0
4650850,0
4651730,0
4651750,0
4652770,0
4654270,0
4654300,0
4655260,0
4655710,0
4659820,0
4660450,0
4663360,0
4664140,0
4664300,0
4665180,0
4665460,0
4666270,0
4666300,0
4666930,0
4669930,0
4670000,0
4670140,0
4671880,0
4672090,0
5307800,0
4674370,0
102970,0
4675420,0
4675600,0
4675660,0
4676020,0
4676620,0
4676680,0
4676740,0
4676990,0
4677460,0
4678300,0
4678510,0
4678570,0
4679350,0
4679710,0
4680100,0
4680120,0
4680170,0
4680190,0
4680280,0
4680430,0
4680431,0
4680437,0
4680438,0
4680439,0
4680440,0
4680441,0
4680442,0
4680443,0
4680445,0
4680446,0
4680447,0
4700001,0
4700030,0
4700060,0
4700090,0
636270,0
4700143,0
4700144,0
4700145,0
4700146,0
4700147,0
4700149,0
4700150,0
4700151,0
4700152,0
4700153,0
4700154,0
4700156,0
4700157,1
4700180,0
4700210,0
4027330,0
636390,0
4700300,0
4700330,0
4700360,0
4700420,0
4700450,0
4700480,0
4700510,0
5900034,0
4700600,0
4700630,0
4700660,0
4700690,0
4700720,0
4700750,0
4700780,0
4700850,0
4700900,0
4700930,0
4700960,0
4700990,0
4701020,0
4701050,0
4701080,0
4701110,0
4701140,0
4701170,0
4701200,0
4701230,0
4701260,0
4701290,0
4701390,0
4701400,0
4701410,0
4701440,0
4701470,0
4701500,0
4701530,0
4701590,0
4701620,0
4701650,0
3904475,0
4701740,0
4701770,0
4701800,0
4701830,0
4701860,0
4701890,0
4701920,0
4701950,0
4701980,0
4702010,0
691037,0
4702100,0
4702130,0
636600,0
4702190,0
4702220,0
4702280,0
4702310,0
4702340,0
4702370,0
4702400,0
4702430,0
4702460,0
4702490,0
4702520,0
4702550,0
4702580,0
4702610,0
4702640,0
4702670,0
4027570,0
4702760,0
4702790,0
4702820,0
4840020,0
4702910,0
4702970,0
4703000,0
4703030,0
4703060,0
4703090,0
4703150,0
806540,0
4703210,0
4703240,0
3700389,1
4703300,0
4703330,0
5307920,0
4703390,0
4703420,0
4703450,0
1926250,0
4703510,0
4703540,0
4703590,0
4703600,0
4703660,0
4703690,0
4703720,0
4703750,0
4703780,0
4703870,0
4703900,0
4703960,0
4703990,0
4704020,0
4704050,0
4704080,0
4704100,0
4704170,0
4704200,0
4704230,0
4704260,0
636800,0
4704320,0
636805,0
636780,0
2928290,0
4704470,0
4704490,0
4704500,0
4704530,0
4704550,0
4800001,0
4800002,0
4800003,0
4800004,1
4800005,0
4800006,0
4800007,0
4800008,0
4800009,0
4800010,0
4800011,0
4800012,0
4800014,1
4800016,1
4800018,1
4800019,1
4800020,1
4800022,1
4800024,1
4800025,1
4800029,1
4800030,1
4800032,1
4800034,1
4800035,1
4800037,1
4800041,1
4800042,1
4800044,1
4800048,1
4800049,1
4800053,1
4800055,1
4800058,1
4800059,1
4800061,1
4800062,1
4800063,1
4800064,1
4800065,1
4800066,1
4800068,1
4800069,1
4800070,1
4800071,1
4800072,1
4800073,1
4800074,1
4800075,1
4800076,1
4800077,1
4800080,1
4800083,0
4800086,1
4800089,1
4800090,1
4800092,1
4800093,1
4800095,1
4800098,1
4800104,0
4800105,1
4800106,1
4800107,0
4800108,1
4800109,1
4800110,0
4800113,1
4800115,1
4800118,1
4800124,1
4800125,1
4800127,1
4800130,0
4800132,1
4800133,1
4800136,0
4800139,1
4800141,1
4800142,1
4800144,0
4800146,0
4800148,1
4800150,0
4800151,1
4800154,0
4800155,0
4800156,0
4800158,1
4800159,1
4800162,0
4800163,1
4800164,0
4800165,0
4800166,0
4800169,0
4800171,1
4800172,0
4800173,0
4800174,1
4800176,0
4800177,1
4800179,1
4800184,1
4800186,1
4800187,1
4800190,1
4800192,1
4800194,1
4800195,1
4800201,1
4800202,1
4800203,1
4800204,1
4800205,1
4800207,1
4800209,1
4800210,1
4800211,1
4800213,1
4800214,1
4800221,1
4800227,1
4800231,1
4800232,1
4800235,1
4800236,1
4800237,1
4800240,1
4800241,1
4800246,1
4800248,1
4800251,1
4800252,0
4800253,0
4800254,1
4800255,1
4800258,1
4800259,1
4800261,0
4800262,1
4800263,1
4800264,1
4800265,1
4800266,1
4800268,1
4800270,1
4800271,1
4800272,1
4800274,1
4800275,1
4800278,1
4800279,1
4800283,1
4800284,1
4800286,1
4800287,1
4800288,1
4800289,1
4800291,0
4800292,1
4801394,1
4801395,1
4801400,1
4801404,1
4801405,1
4801407,1
4801409,1
4801410,1
4801412,1
4801414,1
4801415,1
4801416,1
4801417,1
4801418,1
4801420,1
4801421,1
4801422,1
4801425,1
4801427,1
4801428,1
4801429,1
4801431,1
4801432,0
4801433,1
4801434,1
4801435,1
4801436,1
4801438,1
4801439,1
4801440,1
4801441,1
4801442,1
4801446,1
4801447,1
4801448,1
4801450,1
4801451,1
4801452,1
4801453,1
4801454,1
4801456,1
4801457,1
4801458,1
4801459,1
4801460,1
4801461,1
4801462,1
4801463,1
4801464,1
4801465,1
4801466,1
4801467,1
4801468,1
4801469,1
4801470,1
4801471,1
4801472,1
4801473,0
4801474,1
4801475,1
4801476,1
4801477,1
4801478,1
4801479,1
4801480,0
4801481,1
4801482,1
4807350,0
4807380,0
4807410,0
4807440,0
4807470,0
4807500,0
4807530,0
4807590,0
4807650,0
4807680,0
4807710,0
4807780,0
4807800,0
636840,0
4807890,0
4807950,0
4807980,0
4808090,0
4808100,0
4808130,0
4808160,0
4808190,0
4808230,0
4808280,0
4808310,0
4808340,0
4808400,0
4808430,0
4808460,0
4808490,0
4808520,0
4808550,0
4808580,0
4808610,0
4808670,0
4808700,0
4808730,0
4808870,0
4808880,0
4808910,0
1926400,0
4809000,0
4809030,0
4809060,0
4809090,0
4809150,0
4809200,0
4809280,0
4809300,0
4809330,0
4809360,0
4809390,0
4809410,0
4809450,0
4809540,0
4809570,0
5900137,0
4809670,0
4809690,0
4809720,0
4809750,0
4809780,0
4809810,0
4809860,0
4809870,0
4809980,0
4810140,0
4810170,0
4810200,0
4810230,0
4810260,0
4810320,0
4810350,0
5307950,0
4810440,0
4810470,0
4810500,0
4810590,0
5308020,0
4810650,0
4810710,0
4810740,0
4810780,0
4810800,0
4810830,0
4810860,0
4810890,0
4810910,0
4810950,0
4810990,0
4811010,0
4811040,0
4811070,0
4811110,0
4811190,0
4811220,0
4811250,0
4811280,0
4811310,0
4811340,0
4811400,0
4811430,0
4811460,0
4811490,0
4811520,0
4811550,0
4811580,0
4811610,0
4811640,0
4811680,0
4811700,0
4811730,0
4811790,0
4811820,0
4811850,0
4811910,0
4811990,0
4812060,0
4812090,0
4812120,0
4812150,0
4812180,0
4812220,0
4812240,0
4812360,0
4812390,0
4812420,0
4812460,0
4812480,0
4812510,0
4812540,0
4812640,0
4812660,0
4812700,0
4812750,0
5308040,0
4812810,0
4812870,0
4812990,0
4813020,0
4813050,0
4813110,0
4813170,0
4813200,0
4840710,0
4813260,0
4813290,0
4813320,0
4813350,0
4813380,0
4813410,0
4813440,0
4813500,0
4813530,0
4813590,0
4813620,0
4813650,0
4813680,0
4813710,0
4813740,0
4813770,0
4813800,0
4813860,0
4813890,0
4813920,0
4813960,0
4813980,0
4814010,0
4814070,0
4814130,0
4814160,0
4814190,0
4814250,0
4814280,0
4814310,0
4814370,0
4814400,0
4814430,0
4814450,0
4814490,0
4814520,0
4814550,0
4814580,0
4814600,0
4814640,0
4814670,0
4814700,0
4814730,0
4814760,0
4814790,0
4814820,0
4814850,0
4814880,0
4814920,0
4814970,0
4815000,0
4815120,0
4815150,0
4815180,0
4815210,0
4815240,0
4815270,0
4815300,0
4815330,0
4815360,0
4815400,0
4815420,0
4815480,0
4815510,0
4815540,0
4815570,0
4815600,0
4815690,0
4815720,0
4815750,0
4815810,0
4815840,0
4815870,0
4815910,0
4815930,0
4815960,0
4815990,0
4816020,0
637050,0
407890,0
4816140,0
4816180,0
4816200,0
637140,0
4816260,0
4816290,0
4816320,0
4816350,0
4816380,0
4816410,0
4816440,0
4816500,0
4816530,0
4816570,0
637200,0
4816650,0
4816710,0
4816740,0
4816770,0
4816860,0
4816890,0
4816920,0
4816950,0
4816980,0
4817010,0
4817040,0
4817070,0
4817100,0
4817130,0
4817160,0
4817190,0
4817280,0
4817390,0
4817400,0
4817460,0
4817550,0
4817580,0
4817610,0
4817640,0
4817700,0
4817730,0
4817760,0
4817790,0
4817830,0
4817850,0
4817880,0
4817960,0
4818000,0
4818030,0
4818060,0
4818070,0
4818120,0
4818150,0
2200186,1
4818210,0
4818280,0
4818300,0
4818330,0
4818360,0
4818390,0
4818480,0
4818540,0
4818600,0
4818690,0
4818720,0
637290,0
4818780,0
1810290,0
5007470,0
4818890,0
4818900,0
4818940,0
4819020,0
4819050,0
4819080,0
4819110,0
4819140,0
4819170,0
4819280,0
4819320,0
4819350,0
4819380,0
4819440,0
4819500,0
4819530,0
4819560,0
4819620,0
4819650,0
2928430,0
4819740,0
4819770,0
4220580,0
4819830,0
4819840,0
4819950,0
4819980,0
4820010,0
4820040,0
4820070,0
4820100,0
4820130,0
4820160,0
4820190,0
4820220,0
4820250,0
4820280,0
4820310,0
4820340,0
4820370,0
4820400,0
3627240,0
4820500,0
4820520,0
4820550,0
4820600,0
4820610,0
4820640,0
4820700,0
4820760,0
4820790,0
4820850,0
4820960,0
4820970,0
4821000,0
4821030,0
4821060,0
4821090,0
4821150,0
4821180,0
4821270,0
4821300,0
4821330,0
4821360,0
4821390,0
4821420,0
4821450,0
4821480,0
4821540,0
4821560,0
4821590,0
4821600,0
4821630,0
4821660,0
4821720,0
4821750,0
4821780,0
4821810,0
4821840,0
4821900,0
4821930,0
4821960,0
4821990,0
4822020,0
4822050,0
4822120,0
4822140,0
4822170,0
4822230,0
4822260,0
4822320,0
4822350,0
4822380,0
4822410,0
4822470,0
4822500,0
4822530,0
4822560,0
4822590,0
4822620,0
4822650,0
4822680,0
4822710,0
4822740,0
4822770,0
4822800,0
4822830,0
4822850,0
4822890,0
4822920,0
4822970,0
4822980,0
4823010,0
4823040,0
4823070,0
4823100,0
4823160,0
4823190,0
4823250,0
4823280,0
2900002,0
4823370,0
4823400,0
4823430,0
4823460,0
4823490,0
3400769,0
4823670,0
4823700,0
4823730,0
4823760,0
4823790,0
4823820,0
4823850,0
4823880,0
4823910,0
4823970,0
4824000,0
4824030,0
4824060,0
4824100,0
4824120,0
4824150,0
4824180,0
4824210,0
4824240,0
4824260,0
4824300,0
4824330,0
4824360,0
4824420,0
4824450,0
4824480,0
4824530,0
4824590,0
4824600,0
4824630,0
4824660,0
4824730,0
4824750,0
4824780,0
4824810,0
4824840,0
4824900,0
4824930,0
4824960,0
4824990,0
4825020,0
4825110,0
4825140,0
4825170,0
4825200,0
4825230,0
4825260,0
4825290,0
4825320,0
4825410,0
4825440,0
4825470,0
4825500,0
4825530,0
4825560,0
4825590,0
5308190,0
5103600,0
4825680,0
4825710,0
4825740,0
4825790,0
4825800,0
4825870,0
3700346,1
4825920,0
4825950,0
4825980,0
4826040,0
4826070,0
4826100,0
4826130,0
4826190,0
4826220,0
4826250,0
4826280,0
4826310,0
4826340,0
4826370,0
4826400,0
4826430,0
4826470,0
4826490,0
4826580,0
4826610,0
4826640,0
4826670,0
4826700,0
4826790,0
4826850,0
4826910,0
4826970,0
4827000,0
4827030,0
4827060,0
4827090,0
4827120,0
4827180,0
4827210,0
4827240,0
4827270,0
4827300,0
4827330,0
4827390,0
4827420,0
4827450,0
4827510,0
4827540,0
4827570,0
4827600,0
4827630,0
2006930,0
4827720,0
4827750,0
4827780,0
4827810,0
4827870,0
4827890,0
4827930,0
4827960,0
4827990,0
4828020,0
3177180,0
4828140,0
4828170,0
4828200,0
4828230,0
4828290,0
4828350,0
4828380,0
2632310,0
4828500,0
4828530,0
4828550,0
4828590,0
4828620,0
4828650,0
4828680,0
4828710,0
4828740,0
4828780,0
4828800,0
4828830,0
4828890,0
4828920,0
4828980,0
4829010,0
4829040,0
4829100,0
4829130,0
4829160,0
4829190,0
4829220,0
2312390,0
4829280,0
601394,0
4829400,0
4829460,0
4829520,0
4829580,0
4829670,0
4829700,0
4829760,0
4829820,0
4829850,0
4829880,0
4829910,0
4829940,0
4830000,0
4830030,0
4830060,0
4830120,0
4830180,0
4830210,0
4830250,0
4830300,0
4830340,0
4830360,0
4830390,0
4830420,0
4830450,0
4830480,0
4830570,0
4830600,0
4830640,0
4830660,0
4830690,0
4830720,0
4830750,0
4830780,0
3627780,0
4830870,0
4830930,0
4830950,0
4831040,0
4831170,0
4831200,0
4831230,0
4831260,0
4831290,0
4831320,0
4831380,0
4831410,0
4831470,0
4831500,0
4831560,0
4831620,0
4831650,0
4831760,0
4831770,0
5308250,0
4831890,0
4831920,0
4831950,0
4831970,0
4832010,0
4832090,0
1737080,0
4832160,0
4832190,0
4832220,0
4832250,0
4832280,0
4832310,0
4832340,0
4832370,0
4832400,0
4832430,0
4832460,0
4832490,0
4832610,0
4832640,0
4832700,0
4832730,0
4832740,0
4832790,0
4832880,0
4832910,0
4832940,0
4222620,0
4833010,0
4833030,0
4833090,0
4833120,0
4833180,0
4833240,0
4833270,0
3612990,0
4833360,0
4833390,0
4833420,0
4833570,0
4833630,0
4833660,0
4833690,0
4833720,0
4833780,0
4833840,0
4833870,0
4833900,0
4833960,0
4833980,0
4834020,0
4834050,0
4834110,0
4834140,0
4834170,0
4834230,0
4834260,0
4834290,0
4834320,0
4834380,0
4834410,0
4834440,0
4834470,0
4834500,0
4834550,0
4834560,0
4834630,0
4834650,0
4834680,0
4834710,0
4834770,0
4834800,0
4834830,0
4834860,0
4834920,0
4834980,0
4835010,0
4835040,0
4835070,0
4835100,0
4835130,0
4835190,0
4835250,0
4835310,0
4835340,0
4835370,0
4835400,0
4835430,0
4835490,0
4835520,0
4835550,0
4835560,0
4835570,0
4835580,0
4835700,0
4835730,0
4835740,0
4835760,0
4835800,0
4835820,0
3024930,0
4835890,0
4835910,0
4836000,0
4836180,0
2201500,0
4836240,0
4836300,0
4836360,0
4836390,0
4836420,0
4836450,0
4836480,0
4836510,0
4836540,0
4836570,0
4836630,0
4836660,0
4836750,0
4836780,0
4836930,0
4836960,0
4836970,0
4836990,0
4837020,0
4837080,0
4837110,0
4837140,0
4837150,0
4837170,0
4837200,0
4837230,0
4837260,0
4837320,0
4837380,0
4837410,0
4837440,0
4837470,0
4837500,0
4837590,0
4837650,0
4837710,0
4837740,0
4837800,0
4837830,0
4837860,0
4837900,0
4838040,0
4838080,0
4838100,0
4838190,0
4838220,0
4838280,0
4838310,0
4838360,0
4838400,0
4838430,0
4838460,0
4838490,0
4838520,0
2929280,0
4838610,0
3024990,0
4838700,0
800020,1
4838760,0
4838790,0
4838820,0
4838850,0
1300218,1
4838910,0
4839000,0
4839030,0
4839060,0
4839120,0
4839150,0
4839180,0
4839210,0
4839270,0
4839300,0
806660,0
4839360,0
4839390,0
4839450,0
4839480,0
4839510,0
4839540,0
4839570,0
4839600,0
4839630,0
4839690,0
4839750,0
4839780,0
4839870,0
4839900,0
4839930,0
4839960,0
4839990,0
1800171,1
4840080,0
4840110,0
4840170,0
4840200,0
4840230,0
4840290,0
4840320,0
4840350,0
4840380,0
4840410,0
4840440,0
4840470,0
4840500,0
4840550,0
4840590,0
4840620,0
4840650,0
4840680,0
4222800,0
4840740,0
4840770,0
4840800,0
4840890,0
4840920,0
4840950,0
4841010,0
4841070,0
4841100,0
4841130,0
4841190,0
4841220,0
4841250,0
4841280,0
4841340,0
4841350,0
4841400,0
4841430,0
4841520,0
4841550,0
4841580,0
4841610,0
4841670,0
4841700,0
4841760,0
4841790,0
4841820,0
4841850,0
4841880,0
4841910,0
4841970,0
4842000,0
4842030,0
4842060,0
4842090,0
4842120,0
4842210,0
1737680,0
4842280,0
4842300,0
4842330,0
4842360,0
4842390,0
4842420,0
4842450,0
4842480,0
4842510,0
4842540,0
4842570,0
4842630,0
4842660,0
4842690,0
4842720,0
4842780,0
4842810,0
4842840,0
4842870,0
4842900,0
4842930,0
4842960,0
4842990,0
4843110,0
4843140,0
4843170,0
4843200,0
4843230,0
4843260,0
4843290,0
4843320,0
4843350,0
4843400,0
4843470,0
4843530,0
4843560,0
4843650,0
4843680,0
4843720,0
4843740,0
4843760,0
2012030,0
4843860,0
4843890,0
4843920,0
4843950,0
4843980,0
4844010,0
4844040,0
4844110,0
4844150,0
4844160,0
4844250,0
4844280,0
1737830,0
4844370,0
4844410,0
4844430,0
4844470,0
4844490,0
4844520,0
4844580,0
4844670,0
4844710,0
4844730,0
4844800,0
4844810,0
4844820,0
4844890,0
4844910,0
4844940,0
4844960,0
2633030,0
4845040,0
4845090,0
4845120,0
4845150,0
4845180,0
4845210,0
4845240,0
4845330,0
4845380,0
4845420,0
4845450,0
4845480,0
4845540,0
4845570,0
4845600,0
4845630,0
4845670,0
4845690,0
4845720,0
4845780,0
4845840,0
4845900,0
4845950,0
4845990,0
4846080,0
4846170,0
4846200,0
4846230,0
4846260,0
4846320,0
4846350,0
4846380,0
4846410,0
4846440,0
4846470,0
638010,0
4846530,0
4846590,0
4846620,0
4846650,0
4846680,0
4846710,0
4846740,0
4846770,0
4899130,0
4899131,1
4900005,1
4900008,1
4900009,1
4900011,1
4900012,1
4900013,1
4900014,1
4900015,1
4900016,1
4900017,1
4900018,1
4900019,1
4900020,1
4900021,1
4900022,1
4900023,1
4900024,1
4900025,1
4900027,0
4900028,0
4900029,0
4900030,0
4900031,0
4900032,1
4900033,1
4900034,1
4900035,1
4900036,1
4900037,1
4900038,1
4900039,1
4900040,1
4900041,1
4900042,1
4900043,1
4900044,1
4900045,1
4900046,1
4900048,1
4900049,1
4900050,1
4900051,1
4900052,1
4900056,1
4900058,1
4900060,0
4900061,1
4900062,1
4900063,1
4900064,1
4900065,1
4900066,1
4900067,1
4900068,1
4900069,0
4900070,1
4900071,1
638070,0
4900073,1
4900074,1
4900090,0
4900118,1
4900120,0
4900122,1
4900123,1
4900124,1
4900125,1
4900130,1
4900131,1
4900132,1
4900133,1
4900135,0
4900136,1
4900137,1
4900138,1
4900139,1
4900140,1
4900141,1
4900142,0
4900143,1
4900144,1
4900145,1
4900146,1
4900147,1
4900148,1
4900150,0
4900151,1
4900155,1
4900156,1
4900157,1
4900158,1
4900159,1
4900160,1
4900161,1
4900162,1
4900165,1
4900166,1
4900167,1
4900168,1
4900169,1
4900170,1
4900171,1
4900174,1
4900175,1
4900176,1
4900177,1
4900178,1
4900179,1
4900180,0
4900181,1
4900182,1
4900183,1
4900184,1
4900185,1
4900186,1
4900187,1
4900188,1
4900189,1
4900192,1
4900193,1
4900194,1
4900195,1
4900196,1
4900197,1
4900198,1
4900202,1
4900203,1
4900206,1
4900210,0
4900240,0
4900270,0
4900300,0
4900330,0
4900390,0
4900420,0
4900450,0
4900480,0
4900510,0
4900540,0
3904485,0
4900600,0
4900630,0
4900660,0
4900690,0
4900720,0
4900780,0
4900810,0
4900840,0
4900900,0
4900930,0
4900960,0
4900990,0
638220,0
4901050,0
5308550,0
4901110,0
4901140,0
4901170,0
4901200,0
5000007,0
5000011,0
5000012,0
5000013,0
5000014,0
5000015,0
5000016,0
5000017,0
5000018,0
5000019,0
5000021,0
5000022,0
5000024,0
5000028,0
5000371,0
5000372,0
5000373,0
5000384,0
5000385,0
5000390,0
5000392,0
5000393,0
5000394,0
5000395,0
3100189,0
5000397,0
5000398,0
5000399,0
5000400,0
5000401,0
5000402,0
5000403,0
5000404,0
5000405,0
5000406,0
5000407,0
5000408,0
5000409,0
5000410,0
5000411,0
5000412,0
5000414,0
5000415,0
5401350,0
5000418,0
5000419,0
5000421,0
5000422,0
5000423,0
5000425,0
5000426,0
5000427,0
5000429,0
5000430,0
5000431,0
5000432,0
5000433,0
5000434,0
5000435,0
5000436,0
5000437,0
5000438,0
5000439,0
5000440,0
5000441,0
5000442,0
5000443,0
5000444,0
3415900,0
5000446,0
806810,0
5000448,0
5000449,0
4503902,0
5001770,0
5308670,0
5002610,0
5002820,0
5002850,0
5002910,0
5002940,0
5003060,0
5003240,0
5003360,0
5003390,0
5003450,0
5003480,0
638460,0
5004080,0
5004140,0
5004500,0
5004590,0
5004620,0
5004710,0
5004830,0
5004950,0
5004960,0
5005050,0
5005220,0
5005400,0
5005610,0
5005760,0
5005810,0
5006000,0
5006030,0
5006060,0
5006180,0
5006390,0
5006450,0
5006780,0
5006930,0
5007050,0
5007080,0
3704410,0
5007200,0
5007260,0
3704440,0
5007500,0
5007530,0
5007650,0
5007680,0
5007710,0
5007830,0
5007860,0
5008010,0
5008130,0
5008224,0
5008225,0
5008242,0
5008243,0
5008246,0
5008700,0
5008910,0
5008970,0
5009000,0
5009270,0
5009330,0
5009360,0
5009390,0
5009570,0
5009600,0
5099901,0
5099902,0
5099903,0
5099904,0
5099905,0
5099906,0
5099907,0
3628500,0
5099910,0
5099911,0
5099912,0
5099914,0
5099915,0
5099916,0
5099917,0
5099919,0
5099920,0
5099921,0
5099922,0
5099923,0
5099924,0
5099925,0
5099926,0
5099927,0
5099928,0
638640,0
5099931,0
5099932,0
5099933,0
5099934,0
5099935,0
5099936,0
5099940,0
5099942,0
5099946,0
5099947,0
5099948,0
5099949,0
5099951,0
5099952,0
5099954,0
5099955,0
5099956,0
5099962,0
5100003,0
5100004,0
5100006,0
5100008,0
5100009,0
5100011,0
5100012,0
5100013,0
5100014,0
5100017,0
5100018,0
5100024,0
5100025,0
5100026,0
5100028,0
5100029,0
5100032,0
5100033,0
5100034,0
5100035,0
5100038,0
5100040,0
5100041,0
5100042,0
5100045,0
5100046,0
5100047,0
5100048,0
5100050,0
5100051,0
5100052,0
5100053,0
5100054,0
5100055,0
5100056,0
5100058,0
5100060,0
5100061,0
5100062,0
5100063,0
5100070,0
5100071,0
5100072,0
5100073,0
5100074,0
5100075,0
5100076,0
5100077,0
5100078,0
5100079,0
5100080,0
5100081,0
5100082,0
5100083,0
5100084,0
5100086,0
5100087,0
5100088,0
5100089,0
5308700,0
5100091,0
5100092,0
5100093,0
5100094,0
5100096,0
5100097,0
5100099,0
5100100,0
5100102,0
5100103,0
5100105,0
5100107,0
5100109,0
5000417,0
5100152,0
3628620,0
638700,0
5100240,0
5100251,0
5100252,0
5100253,0
5100255,0
5100256,0
5100258,0
638770,0
2804230,0
5100330,0
4842240,0
5100390,0
5100420,0
5100450,0
3416080,0
5100510,0
5100540,0
5100560,0
5308790,0
5100660,0
3700472,1
408310,0
639060,0
2600173,1
89169,0
5100870,0
5100930,0
5100960,0
5101020,0
5900132,0
5101080,0
5101110,0
5101140,0
5101170,0
639180,0
3026100,0
805400,0
5101320,0
2633840,0
5101380,0
1304980,0
5101440,0
5101470,0
4112240,0
4000013,0
5101590,0
5101620,0
4901020,0
3904561,0
5101710,0
5101740,0
5101770,0
601952,1
5101830,0
408520,0
3416230,0
5101920,0
5101950,0
5101980,0
5102010,0
5102070,0
5102100,0
5102120,0
5102160,0
5102173,0
5102174,0
5102175,0
5102176,0
5102177,0
5308940,0
5102220,0
2012260,0
5308970,0
5102310,0
639420,0
1704170,0
5102370,0
5102390,0
5102430,0
5102460,0
3704530,0
639600,0
2633870,0
5102610,0
5102640,0
5102670,0
602157,1
5102730,0
5102760,0
5102790,0
5102820,0
5102850,0
5102880,0
1739390,0
3416290,0
5102980,0
2633900,0
1737350,0
5103060,0
5103090,0
1927990,0
5103150,0
5103180,0
5103210,0
5103240,0
5103270,0
5103300,0
5103330,0
5103370,0
5103390,0
5103420,0
5103460,0
5103480,0
5103510,0
5103520,0
2105580,0
5103640,0
5103660,0
5103690,0
5103710,0
5103750,0
5103780,0
5103810,0
601331,0
5103870,0
4672450,0
3026520,0
5103950,0
4223790,0
1739510,0
5104050,0
2634260,0
5104110,0
5104150,0
5300001,0
5300002,0
5300003,0
5300004,0
5300005,0
5300006,0
5300007,0
5300008,0
5300010,0
5300011,0
5300012,0
5300013,0
5300014,0
5300015,0
5300016,0
5300017,0
5300030,0
5300060,0
5300090,0
5300150,0
5300240,0
5300280,0
5300300,0
5300313,0
5300314,0
5300315,0
5300317,0
5300318,0
5300319,0
5300320,0
5300321,0
5300322,0
5300323,0
5300324,0
5300325,0
5300326,0
5300328,0
5300330,0
5300333,1
5300334,1
5300335,1
5300337,1
5300339,1
5300340,0
5300341,0
5300342,1
5300343,1
5300345,1
5300347,1
5300348,1
5300349,1
5300350,1
5300351,1
5300352,1
5300354,1
5300355,1
5300380,0
5300390,0
5300420,0
5300450,0
5300480,0
5300510,0
5300570,0
5300630,0
5300660,0
5300690,0
5300720,0
5300750,0
5300780,0
5300810,0
5300840,0
5300870,0
5300950,0
5300960,0
5300990,0
5301050,0
408800,0
5301110,0
5301140,0
5301170,0
5301200,0
5301230,0
4030240,0
5301290,0
5301320,0
5301350,0
5301380,0
5301410,0
5301440,0
5301500,0
5301560,0
5301590,0
5301630,0
5301660,0
5301680,0
103420,0
5301800,0
5301830,0
5301860,0
1928170,0
5301920,0
5301950,0
5301980,0
5302010,0
5302040,0
5302070,0
5302130,0
5302160,0
5302280,0
5302310,0
5302340,0
5302370,0
5302400,0
5302460,0
601332,0
5302520,0
5302550,0
5302610,0
5302640,0
1719080,0
5302700,0
5302730,0
5302820,0
5302850,0
5302880,0
5302910,0
2634380,0
5302970,0
5303000,0
5303030,0
5303090,0
5303130,0
5303150,0
5303180,0
5303210,0
5303240,0
5303270,0
5303300,0
5303330,0
5303360,0
5303440,0
5303510,0
4901080,0
5303570,0
5303600,0
5303660,0
5303720,0
640300,0
5303780,0
5303810,0
5303870,0
5303930,0
4112600,0
5303990,0
5304020,0
5304050,0
5304080,0
5304110,0
5304150,0
5304170,0
5304200,0
3119560,0
4503750,0
5304290,0
3416380,0
5304410,0
5304470,0
1900022,0
1305250,0
5304560,0
5304590,0
5304620,0
5304650,0
5304710,0
5304740,0
2105640,0
5304830,0
5304860,0
5304890,0
4704290,0
5304950,0
408820,0
5305010,0
5305020,0
5305040,0
5305130,0
5305160,0
5305190,0
5305220,0
5305250,0
5305280,0
5305310,0
5305340,0
5305370,0
5305400,0
5305430,0
3628650,0
5305490,0
5305520,0
5305550,0
5305610,0
5305640,0
5305670,0
5309150,0
5305730,0
3629250,0
5305790,0
5305820,0
4224210,0
2634440,0
1739870,0
5309180,0
5305970,0
5306000,0
5306060,0
5306090,0
5306120,0
5306150,0
2511800,0
5306220,0
5306240,0
5306270,0
1739960,0
5306330,0
5306360,0
5306390,0
5306420,0
5306450,0
5306480,0
5306510,0
5306540,0
640590,0
5306600,0
5306630,0
5306660,0
5306690,0
600069,0
5306780,0
5306820,0
5306840,0
5306870,0
5306900,0
5309240,0
5306960,0
5306990,0
5307020,0
1740070,0
5307080,0
5307110,0
5307140,0
4843800,0
4224650,0
2930750,0
5307320,0
5307350,0
5307380,0
5307440,0
5307470,0
5307530,0
5307560,0
5307620,0
5307650,0
5307680,0
3622200,0
5307740,0
5307770,0
5309270,0
5307830,0
5307860,0
5307900,0
2634620,0
640980,0
5307980,0
2700372,1
5008310,0
5308070,0
5308100,0
5308130,0
5308160,0
4674520,0
5308220,0
2804470,0
5308280,0
5308310,0
5308340,0
5308370,0
5308400,0
5308430,0
5308460,0
5308490,0
5308520,0
641040,0
5308580,0
5308610,0
1740290,0
641130,0
5308730,0
5308760,0
5103840,0
5308820,0
5308850,0
5308910,0
641160,0
5309000,0
5309030,0
5309060,0
5309100,0
641190,0
1718480,0
2003240,0
2004470,0
5309300,0
5309330,0
5309360,0
5309390,0
4844310,0
2313200,0
5309510,0
5309540,0
5309570,0
5309600,0
5309630,0
5309660,0
3416890,0
5309720,0
5309750,0
5309780,0
5309810,0
5309840,0
5309870,0
5309450,0
5309930,0
5309990,0
5310020,0
641280,0
5309480,0
5310140,0
5310170,0
5400030,0
5400058,0
5400059,0
5400060,0
5400061,0
5400062,1
5400063,1
5400064,1
600042,0
5400120,0
5400150,0
4704350,0
2200316,1
641400,0
5400270,0
5400300,0
5400330,0
4704380,0
5400390,0
5400420,0
5400450,0
5400480,0
5103900,0
5400511,0
5400540,0
5400570,0
4224990,0
1741040,0
5400660,0
5400690,0
5400720,0
5400750,0
5400780,0
641580,0
5400840,0
641610,0
5400900,0
3200480,0
5400960,0
5400990,0
5401020,0
5401050,0
5401080,0
5401110,0
5401140,0
5401170,0
5401200,0
5401230,0
1741190,0
5401290,0
5401320,0
4704440,0
5401380,0
5401410,0
5401440,0
5401470,0
5401500,0
5401530,0
5401560,0
5103930,0
5401620,0
5401621,0
4032130,0
5401651,1
5401652,1
5500013,0
5500016,0
5500017,0
5500018,0
5500019,0
5500021,0
5500022,0
5500023,0
5500024,0
5500025,0
5500026,0
5500027,0
5500028,0
5500029,0
5500030,0
5500031,0
5500032,0
5500033,0
5500034,0
5500035,0
5500036,0
5500037,0
5500039,1
5500041,1
5500042,1
5500045,1
5500047,1
5500049,0
5500052,0
5500056,0
5500058,0
5500060,0
5500061,0
5500065,1
5500066,1
5500067,1
5500069,1
5500073,1
5500074,1
5500075,0
5500076,1
5500077,1
5500078,1
5500079,1
5500080,0
5500081,1
641980,0
5500083,1
5500085,1
5500086,1
5500087,1
5500089,1
5500090,1
5500091,1
5500092,1
5500113,1
5500120,0
5500150,0
3417310,0
5500210,0
5500240,0
5500270,0
5500300,0
5500330,0
5500360,0
5500390,0
5500420,0
5500450,0
5500510,0
5500540,0
5500570,0
800270,0
2313490,0
5500720,0
5500750,0
5500780,0
5500810,0
5500840,0
5500870,0
5500900,0
5500960,0
5500990,0
5501020,0
632550,0
5501080,0
5501110,0
5501140,0
5501170,0
5501230,0
5501260,0
5501310,0
5501350,0
5501470,0
5501500,0
5501530,0
5501560,0
5501590,0
5501650,0
5501680,0
5501710,0
5501740,0
3819410,0
5501800,0
5501830,0
5501890,0
5501920,0
5502040,0
5502070,0
5502100,0
5502130,0
5502160,0
5502340,0
5502400,0
5502430,0
5502460,0
5502520,0
5502550,0
5502580,0
5502610,0
5502640,0
5502670,0
5502700,0
5502730,0
5502760,0
5502790,0
5502820,0
5502880,0
5502910,0
5502970,0
5503030,0
5503060,0
5503090,0
5503150,0
5503180,0
5503210,0
5503240,0
5503270,0
5503510,0
5503640,0
5503660,0
5503690,0
5503750,0
5503810,0
5503840,0
5503860,0
5504020,0
5504050,0
805070,0
5504110,0
5504170,0
5504200,0
5504230,0
5504260,0
5504290,0
5504320,0
5504350,0
5504380,0
5504410,0
5504440,0
5504500,0
5504530,0
5504590,0
5504620,0
5504650,0
5504680,0
5504720,0
5504740,0
5504770,0
5504800,0
5504830,0
5504860,0
5504890,0
5504920,0
5504960,0
4845000,0
5505100,0
5505130,0
5505160,0
5505220,0
5505250,0
5505280,0
5505370,0
5505460,0
5505490,0
5505520,0
5505580,0
5505610,0
904920,0
5505670,0
5505730,0
5505820,0
2680755,0
5505910,0
5505940,0
5505970,0
5506000,0
5506030,0
5506060,0
5506090,0
5506120,0
5506140,0
5506180,0
5506270,0
5506300,0
5506420,0
5506450,0
5506480,0
5506540,0
5506570,0
5506600,0
5506630,0
5506660,0
5506690,0
5506750,0
5506780,0
5506810,0
5506840,0
5506870,0
5506960,0
5507020,0
5507050,0
5507170,0
5507230,0
5507260,0
5507290,0
5507320,0
5507380,0
5507410,0
5507440,0
5507470,0
5507500,0
5507530,0
5507560,0
5507590,0
5507620,0
5507650,0
5507680,0
5507710,0
1931290,0
5507830,0
5507860,0
5508040,0
5508070,0
5508130,0
5508160,0
5508190,0
5309690,0
5508250,0
5508280,0
5508340,0
3630960,0
5508550,0
5508610,0
5508640,0
5508670,0
5508700,0
4401170,0
5508760,0
5508790,0
5508820,0
5508850,0
1812990,0
5508910,0
5508940,0
5508970,0
3819470,0
5509030,0
5509060,0
5103980,0
5509090,0
5509130,0
5509150,0
5509210,0
5509240,0
5509300,0
5509360,0
5509390,0
1710820,0
5509570,0
1742060,0
5509630,0
5509660,0
5509690,0
5509720,0
5509750,0
2006630,0
5509810,0
5509840,0
5509870,0
5509900,0
5509960,0
3631260,0
5510060,0
5510140,0
5510170,0
5510230,0
5510320,0
5510350,0
5510380,0
5510440,0
5510470,0
5510500,0
5510530,0
5510560,0
5510590,0
5510620,0
5510680,0
5510710,0
5510740,0
5510770,0
5510800,0
5510830,0
5510860,0
5510890,0
5510920,0
5510950,0
5510980,0
5511010,0
5511070,0
1800008,0
5511130,0
5511160,0
5511190,0
5099930,0
5511310,0
642480,0
5511370,0
5511400,0
5511550,0
5511580,0
5511610,0
5511640,0
5511710,0
5511730,0
2012990,0
5511820,0
5511850,0
5511880,0
5511940,0
5511970,0
5512000,0
5512030,0
5512060,0
5512090,0
5512120,0
5512150,0
5512180,0
5512210,0
5512240,0
5512300,0
5512330,0
5512360,0
5512390,0
5512420,0
5516710,0
5512480,0
5512510,0
5512540,0
5512660,0
5512690,0
5512720,0
5512780,0
5512810,0
5512960,0
5512990,0
5513020,0
5513050,0
5513100,0
5513140,0
5513170,0
5513230,0
5513260,0
5513290,0
5513350,0
5513410,0
5513470,0
5513500,0
5513530,0
5513560,0
5513620,0
5513650,0
5513680,0
5513710,0
5513770,0
5513800,0
5513830,0
5513860,0
5513890,0
5513950,0
5513980,0
5514010,0
5514040,0
5514130,0
5514160,0
5514190,0
5514220,0
5514250,0
5514340,0
5514430,0
5514490,0
5514520,0
5514550,0
5514580,0
5514610,0
5514640,0
5514670,0
5514700,0
5514820,0
5514850,0
5514880,0
5514910,0
5514940,0
5514970,0
5515060,0
5515090,0
5515120,0
5515150,0
5515180,0
5515210,0
5515330,0
5515360,0
5515390,0
5515450,0
5515480,0
5515540,0
5515570,0
5515600,0
5515660,0
5515700,0
5515720,0
5515750,0
5515780,0
5515810,0
5515840,0
5515870,0
5515900,0
5515930,0
5515960,0
5515990,0
5516020,0
5516230,0
5516260,0
5516290,0
5516320,0
5516350,0
5516410,0
5516440,0
5516470,0
5516500,0
5516560,0
5516590,0
5516620,0
5516650,0
5516680,0
1305760,0
5516740,0
5516770,0
5516830,0
4226300,0
5517040,0
5517070,0
5517100,0
5517130,0
5517160,0
5517190,0
5517220,0
5517245,1
5517246,1
5600005,0
5600009,0
5600010,0
5600015,0
5600016,0
5600730,0
5600960,0
5601030,0
5601090,0
5601260,0
5601420,0
5601460,0
5601470,0
5601700,0
5601980,0
5602070,0
5602140,0
5602150,0
5602370,0
5602670,0
5602760,0
5602820,0
5602830,0
5602870,0
5602990,0
5603170,0
5603180,0
5603310,0
5603770,0
5604030,0
5604060,0
5604120,0
5604230,0
5604260,0
5604380,0
5604450,0
5604500,0
5604510,0
5604830,0
5604860,0
5605090,0
5605160,0
5605220,0
5605302,0
5605680,0
5605690,0
5605695,0
5605700,0
5605762,0
5605820,0
5605830,0
5606090,0
5606240,0
5680180,0
5680250,0
5680251,0
5680252,0
5680253,0
5680255,0
5900025,0
5900026,0
5900027,0
5900028,0
5900029,0
5900030,0
4113350,0
5900032,0
5900033,0
4226390,0
5900035,0
5900036,0
5900037,0
5900038,0
5900039,0
5900040,0
5900041,0
5900042,0
5900043,0
5900044,0
5900045,0
5900046,0
5900047,0
5900048,0
5900049,0
5900050,0
5900051,0
5900052,0
5900053,0
5900054,0
5900055,0
5900056,0
5900057,0
5900058,0
5900059,0
5900060,0
5900061,0
5900062,0
5900063,0
5900064,0
5900065,0
5900066,0
5900067,0
5900068,0
5900069,0
5900070,0
5900071,0
5900072,0
5900073,0
5900074,0
5900075,0
5900076,0
5900077,0
5900078,0
5900079,0
5900080,0
5900081,0
5900082,0
5900083,0
5900084,0
642510,0
5900086,0
5900087,0
5900088,0
5900089,0
5900090,0
5900091,0
5900092,0
5900093,0
5900094,0
5900095,0
5900096,0
5900097,0
5900098,0
5900099,0
5900100,0
5900101,0
5900102,0
5900103,0
5900104,0
5900105,0
5900106,0
5900107,0
5900108,0
5900109,0
5900110,0
5900111,0
5900112,0
5900113,0
5900114,0
5900115,0
5900116,0
5900117,0
5900118,0
5900119,0
5900120,0
5900121,0
5900122,0
5900123,0
5900124,0
5900125,0
5900126,0
5900127,0
5900128,0
5900129,0
5900130,0
5900131,0
642540,0
5900133,0
5900134,0
5900135,0
5900136,0
4503780,0
5900138,0
5900139,0
5900140,0
5900141,0
5900142,0
5900143,0
5900144,0
5900145,0
5900146,0
5900147,0
5900148,0
5900149,0
5900150,0
5900151,0
5900152,0
5900153,0
5900154,0
5900155,0
5900156,0
5900157,0
5900158,0
5900159,0
5900160,0
5900161,0
5900162,0
5900163,0
5900164,0
5900165,0
5900166,0
5900167,0
5900168,0
5900169,0
5900170,0
5900171,0
5900172,0
5900173,0
5900174,0
5900175,0
5900176,0
5900177,0
5900178,0
5900179,0
5900180,0
5900181,0
5900182,0
5900183,0
5900184,0
5900185,0
5104020,0
5900187,0
5900188,0
5900189,0
5900190,0
5900191,0
5900192,0
5900193,0
5900194,0
5900195,0
5900196,0
1742450,0
5900200,0
642600,0
2200296,1
6600003,1
6600004,1
6600005,1
6600041,1
6900002,0
5309900,0
7800002,0
642810,0
5000450,0
3178810,0
5516860,0
642930,0
2313970,0
5401590,0
5104080,0
2105970,0
602315,1
514370,0
2636485,0
4216500,0
643080,0
5310050,0
643170,0
4401200,0
2513230,0
2932300,0
3904513,0
200810,0
4846500,0
5401650,0
3705040,0
5310110,0
2314100,0
3000086,0
4113650,0
600160,0
3904516,0
2636630,0
643470,0
601574,1
409630,0
2636660,0
3900396,1
3901396,1
3901576,1
1743890,0
