ncessch,precip_mm,tmin_c,is_charter
1200180,48.7869,14.3673,0
1200180,48.7869,14.3673,0
1200240,56.5289,10.179299,0
1200330,55.2199,11.2269,0
1200390,42.6879,13.726299,0
1200390,42.6879,13.726299,0
1200420,57.7389,9.3126,0
1200660,47.437,10.2375,0
1200660,47.437,10.2375,0
1200750,60.2649,9.104199,0
1200780,52.597,10.749499,0
1200840,49.8859,9.547999,0
1200870,73.468796,9.4987,0
1200870,73.468796,9.4987,0
1200930,60.215,9.946099,0
1200930,60.215,9.946099,0
1201080,61.6159,11.7781,0
1201230,70.2999,9.597099,0
1201290,65.0049,11.5935,0
1201320,46.4689,13.8519,0
1201410,49.0849,10.0197,0
1201470,59.7319,9.4895,0
1201500,55.7109,12.1539,0
1201560,76.6839,11.179999,0
1201590,66.125,9.8926,0
1201680,68.1749,9.9794,0
1201770,63.0289,10.603499,0
4843650,25.9749,6.4094996,0
4844810,23.7439,7.0881,0
4839000,28.4489,9.7192,0
4837740,21.065899,8.4559,0
4824750,25.3279,7.4528,0
4826850,25.0469,9.220699,0
4827990,42.326,8.3998995,0
4838820,32.5958,6.9628,0
4899130,28.729,7.101,0
4808550,64.735,8.609799,0
4835370,55.9129,10.479199,0
4807530,35.4939,7.6310997,0
4810260,37.5939,7.9581,0
4843350,39.1539,8.0718,0
4837440,37.5999,7.9347,0
4845120,39.6879,8.3137,0
4819380,45.2029,9.685599,0
4824180,54.1469,9.559999,0
4826070,28.975899,7.6815996,0
4836420,28.8729,7.3806,0
4829400,39.3499,7.2173996,0
4840410,44.465,7.0657997,0
4835760,31.059898,7.4916,0
4809870,33.2199,7.443,0
4846380,51.152,7.4017,0
4807800,34.0779,7.3303,0
4833720,36.9949,7.2198997,0
4837320,38.117,8.0662,0
4811580,27.687899,7.9480996,0
4842060,45.7919,7.9498,0
4808580,57.602898,9.3442,0
4821780,50.8059,8.7087,0
4840350,43.8069,7.5188,0
4831230,23.281,9.5071,0
4839930,20.7199,9.543,0
4843800,21.149899,9.6827,0
4843800,21.149899,9.6827,0
4844960,23.371899,9.9105,0
4833360,40.7259,7.8473997,0
4818060,23.0739,9.7024,0
4826340,23.6339,9.7038,0
4829670,20.677,9.624499,0
4830250,23.458899,9.893499,0
4809410,36.8829,7.717,0
4822530,26.9289,10.0524,0
4828290,30.701899,10.423699,0
4838790,27.0849,10.103,0
4812420,38.381,7.9017,0
4815270,43.3149,9.276199,0
4817390,22.5919,9.8393,0
4823100,21.368,9.6792,0
4828620,26.743,9.6455,0
4834860,21.0639,9.653999,0
4826040,24.326899,9.8505,0
4837170,27.736,10.1469,0
4839360,24.25,9.6651,0
4835250,36.1018,11.2557,0
4819820,30.649,6.6787,0
4836930,35.5039,7.8416,0
4825680,35.4939,7.6601,0
4826790,20.246899,8.0931,0
4837140,20.1189,8.26,0
4838910,23.347898,8.2993,0
4818180,22.885899,9.175,0
4826130,20.8449,9.2136,0
4831040,20.8169,9.507999,0
4835910,22.9909,9.9394,0
4836540,25.878899,9.1504,0
4825410,31.2109,8.215099,0
4811680,30.163,10.467299,0
4839330,23.781,10.0355,0
4846710,22.1728,7.944,0
0407530,26.6099,4.0745,0
0401740,22.35,3.6074998,0
0401160,19.902,2.8523,0
0400720,15.2779,4.5336,0
0409630,13.5699,3.8894,0
0400082,28.4949,4.8666997,0
0400450,23.986,5.3536,0
0401410,20.927,4.526,0
0403450,25.802898,5.9716997,0
0406330,23.447899,6.0084,0
0408340,22.7699,5.3489,0
0408520,24.687,5.4114,0
0405070,34.3709,-1.2332,0
0408910,21.1309,-1.1187999,0
0406030,29.2309,-0.6987,0
0629130,232.791,4.0471,0
0602630,72.486,8.1623,0
0618060,70.277,8.2445,0
0630250,162.7119,4.0032,0
0635110,175.0999,4.9007,0
0638790,245.86589,6.1096,0
0630210,62.143898,5.1012,0
0612070,217.91989,2.2553,0
0642350,103.038895,4.0074,0
0611820,83.1119,4.8905997,0
0626310,85.373,5.3782,0
0614430,95.36,5.0215,0
0622800,190.1669,5.2402,0
0607230,92.6679,4.8958,0
0638730,34.034,3.3135998,0
0641430,36.3649,3.1111,0
0621270,69.0788,3.2128,0
0624660,70.721,3.4031,0
0609810,120.6019,3.434,0
0632010,136.51889,3.22,0
0614760,77.327896,7.9735,0
0608160,103.9319,6.7827,0
0602670,267.9739,5.4028,0
0635830,155.33,3.6466,0
0621060,53.7239,-6.9965997,0
0635670,83.287895,4.75,0
0635850,166.2659,7.4182,0
0611700,259.9049,-0.5022,0
0619830,55.52,3.2559,0
0634140,83.9619,3.0274,0
0603030,291.8769,4.3241,0
0614190,278.3939,3.9814,0
0607920,75.5299,9.4869995,0
0642510,72.6669,6.782,0
0608550,65.427,3.1187,0
0625150,69.5899,3.7408,0
0618930,131.4189,6.9918,0
0636972,24.4599,0.5783,0
0614820,90.9369,3.8474,0
0626880,269.1999,1.4663999,0
0612910,74.6669,6.2616997,0
0613530,79.7779,9.6732,0
0616230,68.980896,6.3459,0
0619110,82.9049,3.8995,0
0634380,62.2999,7.7664,0
0638640,54.1679,7.9656,0
0610860,36.0579,2.9064999,0
0639930,44.7129,2.914,0
0601650,140.08,4.7448,0
0621600,73.0979,4.3863,0
0608010,10.203,5.7613,0
0602820,35.9279,0.4019,0
0612120,86.791,8.348599,0
0642480,78.4619,8.3453,0
0642480,78.4619,8.3453,0
0605940,175.7959,2.1878998,0
0611780,97.730896,3.7396,0
0638610,95.842896,3.6655,0
0634980,131.50389,6.1907,0
0636390,112.747894,5.4832,0
0619650,66.6299,3.2554,0
0633980,84.596,5.4888997,0
0616500,44.4409,3.0447998,0
0621400,43.9609,3.1569,0
0630750,250.4899,2.4328,0
0633630,105.1279,3.935,0
0636940,113.5009,-3.8172,0
0643410,73.9929,-2.3982,0
0635600,285.8489,5.5213,0
0636600,200.25389,2.8811998,0
0619540,32.3029,4.3575,0
0631230,248.32889,4.4635,0
0605820,11.432899,5.3076,0
0602700,160.32089,2.8808,0
0629270,75.5039,7.6857,0
0637260,136.0388,2.7468,0
0638280,291.8439,-5.7223997,0
3011260,11.505899,-11.6195,0
3013590,11.373899,-14.9871,0
3028911,16.09,-11.539499,0
3000101,11.5078,-13.7153,0
3008340,8.012899,-14.060499,0
3022410,7.0179,-13.7297,0
3025050,24.3079,-7.8806,0
3003900,14.3928995,-9.2473,0
3015120,15.2609,-11.0557995,0
3027840,13.3989,-8.3378,0
3005040,8.967899,-16.1632,0
3020100,21.503899,-8.7143,0
3003840,88.6419,-7.7293,0
3016770,90.1729,-8.9749,0
3026580,96.550896,-7.6798997,0
3006330,13.031,-10.095099,0
3010170,8.788899,-9.3125,0
3021540,9.038,-9.5267,0
3018540,175.1019,-9.7571,0
3013340,16.6849,-11.4962,0
3013360,16.3179,-9.138599,0
3017040,14.795,-11.631,0
3026100,169.4299,-7.8852,0
3005610,10.1319,-12.742399,0
3025560,16.246899,-8.0306,0
3003090,29.8849,-11.8491,0
3007860,9.1539,-15.476899,0
3011580,8.701,-16.9384,0
3021270,9.1609,-15.8951,0
3010530,16.503,-10.2741995,0
3019500,107.6409,-5.0,0
3007140,226.12689,-10.748,0
3015420,42.6229,-9.6949,0
3027790,53.819,-9.6328,0
3016020,8.743,-14.4653,0
3023550,8.1869,-14.6809,0
3024230,8.6799,-14.4161,0
3000933,16.8459,-9.8154,0
3003330,12.9079,-10.2128,0
3004590,21.8899,-9.4397,0
3017640,13.0439,-10.09,0
3026190,11.1549,-9.8565,0
3028170,11.0949,-9.089499,0
3013400,12.6489,-12.9074,0
3006270,12.387,-14.163,0
3026670,9.05,-15.0529995,0
3005310,15.691899,-12.9653,0
3004860,11.972899,-11.2269,0
3023400,8.5729,-16.4727,0
3007930,11.2539,-12.806999,0
3016230,12.889899,-10.0457,0
3023970,12.229899,-9.7986,0
3006810,8.630899,-13.948299,0
3010290,8.9289,-15.5492,0
3011880,9.3959,-12.7459,0
3003450,23.076,-9.671,0
3005910,15.026899,-8.4503,0
3013050,13.847899,-9.0522995,0
3024330,9.8,-9.5261,0
3025140,17.5219,-9.2739,0
3023910,10.564899,-13.321099,0
3012990,16.5989,-10.2357,0
3008850,13.0229,-10.5254,0
3018900,21.6689,-10.5808,0
3015390,14.811899,-10.4573,0
3028620,9.849899,-16.2076,0
3002030,53.1049,-11.1194,0
3021450,34.6209,-11.4141,0
3001740,23.444899,-8.7663,0
3004920,11.401,-9.807899,0
3007200,15.290899,-10.5942,0
3020070,12.856899,-9.8267,0
3021900,11.500899,-9.4559,0
3022260,13.696899,-9.2404995,0
3002450,17.6749,-10.0706,0
3013830,13.620899,-8.9124,0
3002250,44.611,-8.6103,0
3006115,22.711899,-6.2493,0
3021090,35.7509,-6.9484,0
3022800,30.399899,-6.3353,0
3007320,10.0,-12.0123,0
3027090,8.571,-11.0724,0
3007080,15.8769,-10.6697,0
3011190,11.2519,-12.546499,0
3000095,19.1709,-9.1722,0
3018270,12.9809,-10.7683,0
3000097,8.5178995,-14.2602,0
3004500,11.118,-14.1208,0
3011460,10.083,-15.917899,0
3014370,11.835,-16.2187,0
3009210,29.7209,-10.151199,0
3011850,70.289,-12.955199,0
3024180,11.4788,-10.212299,0
3015260,14.1159,-9.5844,0
3022110,33.2109,-12.1255,0
3005190,52.2328,-9.3633995,0
3008190,9.9739,-11.5408,0
3023070,10.0889,-9.962299,0
4103630,37.7059,-5.3413,0
0400004,41.117,1.4018999,0
0400005,19.062,2.9787,0
0400022,59.0229,-6.9407,0
0400480,26.256899,2.3014998,0
0400600,25.1309,5.9491,0
0400630,51.5879,-9.0845995,0
0400750,37.5369,-1.8377,0
0400840,20.643799,3.9592998,0
0400870,23.8249,-1.1272,0
0400960,22.305,5.3097,0
0401050,24.9159,5.9895,0
0401080,47.5389,-1.1144,0
0401380,20.9079,4.7118,0
0401500,26.9079,5.1953,0
0401650,51.2929,3.0428,0
0401680,25.045898,5.8055,0
0402130,28.638899,-0.4723,0
0402190,30.503899,-6.1324,0
0402220,34.8919,1.9925,0
0402250,22.1619,2.1064,0
0402370,36.4869,-1.4513999,0
0402430,23.878899,6.1022,0
0402430,23.878899,6.1022,0
0402460,89.29,-0.5636,0
0402490,17.371,-1.3385,0
0402760,19.2649,-1.1567,0
0403060,24.822899,5.6937,0
0403420,25.2129,5.8617997,0
0403660,31.215,-2.4716,0
0403960,24.274899,5.8777,0
0404170,51.8729,-1.9435999,0
0404230,22.6899,5.2511,0
0404290,22.666899,5.71,0
0404290,22.666899,5.71,0
0404530,61.2509,-8.2052,0
0401230,39.261898,-2.2611,0
0401260,37.0649,0.0876,0
0401290,18.4879,3.4534998,0
0401710,22.541899,3.398,0
0402790,25.2699,3.3285,0
0402400,10.7789,6.5997,0
0403240,10.387,6.2356,0
0403900,16.593,4.6626,0
0404320,21.7589,5.085,0
0404380,24.722898,5.4245996,0
0404440,23.640799,5.0741,0
0404500,24.6299,6.105,0
0404500,24.6299,6.105,0
0404770,14.995899,1.699,0
0404860,86.555,-8.377399,0
0404920,18.4139,-1.1254,0
0405190,25.392,4.6033,0
0405220,15.9169,4.4196,0
0405340,35.5359,4.0590997,0
0405430,18.7629,-0.1831,0
0405640,45.324898,1.8520999,0
0405730,38.7299,2.8436,0
0405760,59.6629,3.3744998,0
0405880,20.2449,-0.4605,0
0406150,25.833899,-0.7177,0
0406300,23.267,6.0590997,0
0405400,23.3899,5.8915,0
0405670,24.0299,6.1435,0
0405850,20.9039,4.5288,0
0406210,25.399899,5.5292,0
0406000,31.6449,-0.0023,0
0406510,64.8219,-1.1856999,0
0406630,19.8459,0.0328,0
0406780,19.666899,3.7802,0
0406900,26.4289,3.8602998,0
0407020,23.6148,5.8055,0
0407080,22.8449,5.8817,0
0407200,22.0949,4.1268,0
0407500,26.444,0.17189999,0
0407680,17.3199,4.4326997,0
0407770,52.5999,-2.6101,0
0407860,22.5919,-0.5582,0
0407890,10.3839,6.4684997,0
0407920,31.1859,-0.91709995,0
0408130,24.67,3.8111,0
0408310,25.826,6.0112996,0
0408430,17.718899,4.2834,0
0408460,46.2579,0.1393,0
0408490,25.5409,5.5822,0
0408550,23.1689,3.1791,0
0408640,23.027899,5.4449,0
0408820,23.6329,5.2602,0
0408880,26.767,-2.2029,0
0409060,25.8759,6.0004,0
0409090,21.677,2.935,0
0409120,22.215,1.9739,0
0409390,23.784899,5.9923,0
0409510,52.3929,0.449,0
0409570,28.0549,2.4656,0
0409600,13.9219,3.4513,0
0409540,83.5029,-3.0514,0
0406360,27.5199,3.786,0
0639210,218.36789,-9.1342,0
0632430,42.2789,3.3330998,0
0639300,43.7729,2.8602998,0
0636360,64.552,3.6727998,0
0619740,58.541897,3.276,0
0638430,51.5639,3.0051,0
0639870,47.617,2.9872,0
0638130,62.902897,3.3866,0
0638040,56.9119,3.1947,0
0607410,119.022896,3.5702,0
0620610,112.593895,3.5612998,0
0630870,119.6389,3.5642,0
0625980,157.0309,3.5095,0
0632310,141.3909,3.3142998,0
0615450,141.06279,3.5216,0
0636810,331.6979,-1.4235,0
0606270,144.7729,3.2050998,0
0630780,169.3719,3.2128,0
0631290,251.86789,0.2342,0
0615390,179.1638,3.4124,0
0621180,130.121,3.5342,0
0630480,238.7049,2.0837998,0
0618240,243.96489,0.4199,0
0607170,237.99089,2.3739,0
0600006,196.6129,5.2448,0
0605520,141.65489,6.1036997,0
0611220,211.53789,5.1352,0
0619380,241.3969,5.9853997,0
0620430,213.8519,4.834,0
0620520,214.5479,5.6254,0
0620910,186.43889,6.2023,0
0624870,183.90779,5.914,0
0627300,182.9559,5.1133,0
0611760,38.1049,2.845,0
0630630,41.2238,2.8213,0
0611550,47.7049,3.4814,0
0609510,38.4059,3.047,0
0643170,50.1539,2.9779,0
0639060,50.789898,3.5504,0
0629160,52.4179,3.1283998,0
0637770,198.694,-4.5267,0
0633270,51.3019,3.1245,0
0617640,161.9099,-5.4203,0
0601427,177.7059,3.1764998,0
0601420,175.4599,5.4049,0
0626130,64.527,5.045,0
0623970,141.3958,2.8831,0
0640680,260.7879,-0.114999995,0
0632160,146.3889,6.3564,0
0633660,207.4169,5.3515,0
0635090,190.677,5.8949,0
0636000,178.6929,6.4508,0
0612090,88.2369,8.373799,0
0614940,91.3369,8.267,0
0617040,71.5179,9.8818,0
0633570,88.7429,8.397699,0
0621210,74.6439,9.4369,0
0602100,87.04,4.4284,0
0606810,66.758896,7.3845,0
0606810,66.758896,7.3845,0
0607470,60.0309,7.8241,0
0608610,56.268898,7.4672,0
0610710,67.3809,6.4726,0
0610740,59.5999,8.9375,0
0612750,62.033897,7.4175,0
0612880,76.4339,6.1668997,0
0613500,83.361,9.3435,0
0618730,79.1819,5.3231,0
0619140,82.9049,3.8995,0
0620250,61.5989,7.7783,0
0620790,73.705,4.6991,0
0621330,58.7859,8.066299,0
0626670,45.1329,8.9155,0
0631740,68.8408,7.4171,0
0635040,69.648895,5.5515,0
0635220,54.192898,7.756,0
0635880,66.5699,7.0646996,0
0633390,55.25,4.0341997,0
0627780,54.812,4.4741,0
0624540,58.0869,4.1531,0
0630180,62.143898,5.1012,0
0611850,78.855896,8.2228,0
0623010,86.1399,8.2185,0
0637560,77.6469,8.2953,0
0622890,78.9589,8.3393,0
0642450,82.2819,8.8137,0
0621930,78.539,8.2825,0
0616680,76.263,9.4869995,0
0626190,86.3969,8.2525,0
0640650,84.8288,8.3849,0
0611910,27.361,-0.275,0
0627180,102.689896,6.9730997,0
0619440,31.7659,1.4226999,0
0635970,94.361,5.842,0
0638220,98.277,5.9175,0
0629580,35.1329,1.0081,0
0642120,56.618,1.4713999,0
0642810,24.6619,0.1502,0
0617880,116.6039,4.3817,0
0626340,217.2489,-0.2726,0
0633690,29.958899,-4.6584,0
0618780,51.3589,-5.328,0
0619050,85.4359,-5.8810997,0
0604200,111.037895,7.3564,0
0604530,99.0499,5.8782,0
0606060,127.385895,7.0765,0
0606480,114.2009,6.7019,0
0617190,124.939896,6.4702997,0
0618870,123.355896,7.3448997,0
0620460,144.67189,7.1117,0
0622380,118.705894,5.3339996,0
0624570,86.206,5.6387,0
0624900,175.1679,6.3666,0
0631470,143.25279,5.6064,0
0631860,80.8779,5.7437,0
0632130,101.258896,5.7911,0
0634230,110.5839,6.9189,0
0634290,103.027,5.8108,0
0603270,49.9689,3.5095,0
0603630,34.339,4.512,0
0604260,36.742,3.6829998,0
0605250,59.067898,3.2189999,0
0606390,32.423,3.2897,0
0606720,29.823898,3.1230998,0
0606960,63.597,2.6202998,0
0610890,46.437,3.4861999,0
0611130,34.3639,3.5895,0
0611940,34.201,4.0829,0
0612360,31.0709,3.1891,0
0631830,32.4909,-7.4135,0
0632520,101.8689,-6.2735,0
0636420,38.235,-6.6505,0
0638550,79.9469,-6.1022997,0
0618840,61.0509,5.2588,0
0626970,90.2279,3.7519999,0
0627030,50.513,4.0018,0
0627930,90.6749,3.7802,0
0640800,77.0638,3.6257,0
0614790,90.9739,3.836,0
0634920,111.538895,5.9038,0
0643140,153.43689,5.7416,0
0613290,33.019,3.5727,0
0614700,33.0318,3.4322999,0
0615000,32.755,3.6562,0
0616050,31.7969,3.4972,0
0619590,58.498898,2.0097,0
0620730,31.2659,3.5246,0
0620850,32.2579,3.5597,0
0621450,33.943,3.2437,0
0622950,33.2579,2.7122,0
0623760,33.486,2.9965,0
0624330,37.1969,3.6848,0
0602370,53.4839,3.2268999,1
0604860,108.314896,-9.4826,0
0606540,46.6739,3.0871,0
0608850,61.4629,3.345,0
0619800,55.025898,3.2603998,1
0604350,209.56389,2.8134,0
0605220,195.50189,-0.363,0
0607680,155.7699,2.8415,0
0607770,297.63,1.2192,0
0609450,191.0739,3.1403,0
0609990,158.54889,2.8257,0
0612810,180.9449,3.1338,0
0614490,235.3429,2.4041998,0
0615690,215.4559,3.0735998,0
0625290,56.6909,3.2739,0
0625350,58.694897,3.3134,0
0628530,62.8699,3.4189,0
0629400,61.1779,3.3592,0
0630390,199.39389,-9.2754,0
0631680,50.173,2.9528,0
0641460,61.5459,3.3802,0
0604980,87.7939,-2.6675,0
0616570,179.5609,2.8587,0
0618160,151.57089,0.70269996,0
0619200,170.3329,2.978,0
0624930,184.35289,2.8386998,0
0627040,266.2689,1.5453,0
0627510,161.7079,2.937,0
0627870,223.235,2.0534,0
0629280,158.2139,2.8244998,0
0632040,190.70189,3.0412,0
0636570,293.7149,1.3528,0
0642420,270.5599,-3.615,0
0603420,69.1879,3.4993,0
0603750,69.3929,3.5953999,0
0612150,65.888,3.1334,0
0621240,68.1119,3.3058999,0
0622170,67.0049,3.3992999,0
0624360,66.8519,3.2217999,0
0624600,69.5049,3.3674998,0
0624630,70.3529,3.5414,0
0630810,66.7439,3.1571,0
0630840,65.0219,3.207,0
0636960,71.8639,3.6329,0
0641880,69.6389,3.2524998,0
0642960,69.2779,3.5339,0
0605490,94.443,-1.8980999,0
0606690,105.9739,-2.2941,0
0611670,364.2028,-0.3931,0
0614040,221.99489,-0.435,0
0614970,84.9109,-2.0399,0
0616110,61.7659,-1.9911,0
0616530,626.1679,0.97419995,0
0617620,111.079895,-1.4254999,0
0619230,255.5049,1.5036,0
0619920,90.6739,-0.98279995,0
0621960,96.6119,-2.3013,0
0624210,190.2089,-3.1029,0
0625380,69.2419,-2.7079,0
0626040,160.32689,-2.5525,0
0605640,291.5039,5.3845,0
0616560,219.67589,4.0485,0
0621990,145.8499,5.7692,0
0626070,209.5179,4.1528,0
0629340,176.89189,5.5095,0
0635590,231.9589,4.466,0
0637290,167.4019,5.1840997,0
0642060,60.699898,3.276,0
0642210,42.6909,3.2724998,0
0636240,298.0419,-0.6387,0
0641980,142.151,-4.9993,0
0642600,86.7839,-2.8869,0
0643380,92.4598,0.0202,0
0603720,104.649895,4.3856,0
0605280,99.8639,7.0358,0
0605580,77.8258,5.803,0
0606330,116.1569,4.7353,0
0609270,136.2449,8.3239,0
0609330,218.11,5.4,0
0615510,138.57489,7.0077,0
0616260,84.2008,5.9723997,0
0617490,117.054,7.1324,0
0622920,151.0939,3.3967998,0
0625500,130.104,7.5200996,0
0628710,88.0609,5.9488,0
0637110,123.6319,4.4237,0
0641220,120.6979,6.1635,0
0636990,60.143898,8.2919,0
0637380,47.8129,8.918,0
0637680,108.772896,3.5597,0
0640710,84.286896,7.805,0
0621420,78.581,9.5163,0
0607740,99.6279,6.1675997,0
0620880,32.5939,-0.4393,0
0605790,11.4829,5.4333997,0
0612030,9.8529,5.7458,0
0616830,10.073899,5.8708,0
0623460,13.9829,5.4958997,0
0624180,11.1219,5.6921997,0
0624390,10.052899,5.7348,0
0626430,11.538,5.216,0
0636210,10.868,5.7381,0
0642180,11.63,5.5938,0
0603180,43.9209,3.0182,0
0607980,43.8199,3.2045,0
0616470,44.7929,3.0614998,0
0618510,44.428898,3.1345,1
0619770,46.6219,3.1503,1
0619890,46.7389,3.0281,0
0620760,43.576,2.9852998,0
0621360,44.228,3.1520998,0
0641040,25.2249,0.5679,0
0601710,32.673,0.7303,0
0628950,28.225899,1.6035,0
0616300,76.4609,6.6292996,0
0626220,65.481895,6.3631,0
0607950,89.5819,6.8251,0
0612960,110.7779,6.8778996,0
0628470,79.4099,6.651,0
0628470,79.4099,6.651,0
0602160,129.8719,6.7124,0
0616860,19.4589,0.75589997,0
0630510,45.067898,3.1125998,1
0639600,54.6019,3.2077,0
0602250,292.2619,0.1114,0
0609300,236.386,2.0901,0
0603480,156.10489,3.2545,0
0622560,112.855896,3.8304,0
0630720,194.89389,2.592,0
0607840,107.0699,5.3813996,0
0602360,62.5989,3.0447998,0
0604080,233.5649,-0.9478,0
0608520,67.124,3.2482,0
0601680,164.42389,2.9559999,1
0611490,104.564896,3.8808,0
0633600,104.2098,3.8946998,0
0613080,111.4209,3.8736,0
0627120,118.332,3.7214,0
0613980,285.6879,-1.0583,0
0612600,101.830894,3.8537,0
0632710,32.7299,3.0937,0
0633480,33.0869,3.24,0
0610230,268.3079,5.3008,0
0610380,189.1989,4.7067,0
0613740,213.46289,4.4867,0
0636330,36.6499,2.983,0
0637470,58.609898,0.6811,0
0637890,38.0089,4.4554996,0
0638700,28.9709,4.1566,0
0641130,30.5509,3.5813,0
0641400,35.2609,2.9954998,0
0614520,208.485,4.3020997,0
0614910,210.07089,3.7644,0
0615990,381.901,3.115,0
0618120,192.013,4.7746,0
0618660,211.9659,4.8585,0
0619980,296.401,4.782,0
0622320,170.3329,5.7139,0
0624300,226.0849,4.1879,0
0628830,259.738,3.9987998,0
0629430,191.9659,5.1579,0
0605910,76.8389,4.605,0
0606750,67.374,4.4986,0
0630090,167.097,5.8308,0
0632730,306.194,4.5913,0
0636100,199.82289,4.3722,0
0637350,194.4179,4.2574997,0
0639720,237.19589,3.7382,0
0607350,125.2129,5.5920997,0
0620040,78.9469,4.0327,0
0620310,131.56189,4.9196,0
0625740,138.7579,5.0060997,0
0628080,83.4469,3.9362998,0
0628860,125.8339,5.4361,0
0641250,113.8509,4.6061,0
0606030,103.7919,6.2016,0
0617850,79.416,8.3695,0
0617760,214.608,5.046,0
0631380,185.32089,3.0088,0
0603090,255.99689,5.0053,0
0623550,258.298,4.0769,0
0602760,159.25389,-0.71989995,0
0609780,120.1979,3.4480999,0
0613170,145.4319,2.5434,0
0613860,124.663895,2.8948,0
0615090,130.6499,3.2976,0
0619860,118.079895,3.4836998,0
0621090,172.4409,3.488,0
0624720,90.8408,6.9322996,0
0626460,172.11,4.3336,0
0628170,87.5159,8.4186,0
0629220,81.11,8.0507,0
0630990,76.2158,7.4156,0
0632760,84.2649,7.8483,0
0635490,132.32089,4.1289,0
0637140,94.9609,6.9965,0
0607260,220.16089,1.8291,0
0631180,101.1869,3.7586,0
0642330,105.3499,4.0503,0
0631980,134.82089,3.3039,0
0632250,162.304,1.4735,0
0632400,121.0439,3.3595998,0
0600012,286.7439,-0.38169998,0
0608340,214.43289,1.9944999,0
0608880,168.36589,3.0649998,0
0615780,243.70589,1.9196,0
0626820,275.889,1.0368,0
0630930,164.5448,2.97,0
0640380,246.319,1.6466,0
0623040,190.13379,0.9526,0
0604500,200.57889,1.9598999,0
0609480,174.6599,1.8725,0
0610320,181.0429,1.7946,0
0618690,111.105896,3.1603,0
0637230,154.375,2.0428,0
0637320,194.8689,0.7418,0
0638250,261.4768,-3.1833,0
0640200,199.44089,-1.3255999,0
0603060,95.0859,3.9106,0
0633240,103.2119,4.0601,0
0601890,202.567,4.19,0
0604380,154.535,3.3737998,0
0604650,179.0388,4.3073,0
0608700,146.5379,3.7001,0
0611610,186.61789,3.9032998,0
0614010,231.95589,3.332,0
0614130,300.7558,6.4807,0
0615840,180.9599,3.3485,0
0603780,146.733,4.0362,0
0616320,254.40489,3.6697998,0
0616620,256.1119,5.4993,0
0617580,224.3179,4.6724997,0
0619410,195.80789,4.8006,0
0621540,163.0429,3.6021998,0
0624000,164.8849,4.6573,0
0625410,222.1809,5.5369,0
0625650,321.3729,3.6476998,0
0627840,201.47389,3.5428,0
0628320,156.1709,4.3715,0
0630230,127.634895,3.5432,0
0630450,171.0479,3.3313,0
0632340,235.4229,5.6131,0
0632640,198.2339,5.0337,0
0633510,153.07689,3.3585,0
0635810,149.4229,3.3,0
0636180,191.69789,3.3186998,0
0640230,216.9379,3.9385,0
0640260,165.75789,3.8709,0
0601950,100.774895,5.5551996,0
0605190,84.04,2.3134,0
0605730,67.151,1.4556999,0
0608580,79.486,4.4762,0
0608250,67.6559,3.6638,0
0612690,70.2259,3.6875,0
0615810,68.1529,3.6188998,0
0616650,66.6019,3.7577,0
0615480,264.031,3.6302,0
0623700,119.538895,3.7691998,0
0629100,196.30789,3.7199,0
0629540,125.5069,3.758,0
0630520,323.3389,2.0959,0
0639180,135.9309,3.6355999,0
0606090,103.565895,3.7991998,0
0606100,99.8389,3.7702,0
0614340,98.97,3.6675,0
0623800,96.833,3.6820998,0
0624690,80.8209,3.6411,0
0627750,105.6699,3.7389,0
0630900,100.0329,3.7566,0
0642900,97.4649,3.7063,0
0641790,145.537,3.8528,0
0642270,306.104,5.664,0
0615870,81.4319,5.6349,0
0616080,156.3569,4.2574997,0
0619680,67.2569,3.5946,0
0625110,92.7709,3.5712998,0
0631020,91.6669,0.64199996,0
0633930,84.4649,5.5762,0
0633930,84.4649,5.5762,0
0634050,110.5419,1.4412,0
0634080,75.4249,1.074,0
0634770,75.7989,2.0578,0
0635010,78.2399,1.1431999,0
0635790,100.1309,5.0057,0
0637710,91.272896,5.6703997,0
0641610,108.704895,5.2855997,0
0617160,71.0149,3.5953,1
0619620,68.2089,3.7447999,0
0620010,96.857895,3.6222,0
0625130,68.7999,3.7201,0
0625130,68.7999,3.7201,0
0629790,67.981895,3.681,0
0633210,74.5569,3.5677,0
0633900,69.5699,3.7814,0
0636660,65.3239,3.7285,0
0637950,71.1839,3.7214,0
0638670,71.2709,3.7342,0
0602310,109.3929,4.8986,0
0622650,104.5039,5.2409,0
0610290,118.425896,4.8104,0
0635910,190.4309,4.9063997,0
0606510,208.6989,0.7827,0
0609240,237.3199,-2.1124,0
0611430,143.81279,-1.0203,0
0619170,191.8479,-1.9758999,0
0621480,143.99089,0.2004,0
0639750,252.3069,0.1131,0
0606570,52.006,3.1650999,0
0629670,44.333,2.9556,0
0627900,48.1829,3.0541,0
0631050,49.518898,3.0009,0
0606420,44.7229,2.9803,0
0617520,51.68,3.2458,0
0621570,51.324898,3.1403,0
0621570,51.324898,3.1403,0
0602220,61.9879,3.4838998,0
0621900,84.842896,1.7766,0
0638340,50.5859,3.0247,0
0641820,42.2328,3.0486,0
0607200,88.176895,4.9951997,0
0622350,251.55789,5.3519,0
0622830,167.942,4.7444997,0
0620700,231.1709,5.3062,0
0626280,76.928,5.5474997,0
0638460,73.9169,5.5302997,0
0614370,74.8319,5.2335,0
0625770,92.456,4.9862,0
0640320,104.7579,4.7876,0
0627810,85.5159,4.8947,0
0613140,86.1459,4.7567997,0
0628680,68.8378,5.476,0
0604800,78.7559,5.1229,0
0626400,86.7979,5.1391,0
0607140,92.6969,4.9126,0
0623130,75.5219,5.3052,0
0631920,76.0039,3.6713998,0
0601980,38.5459,2.6243,0
0608640,96.939896,2.1078,0
0617340,77.386,3.7972999,0
0618810,80.6849,2.289,0
0627480,84.6999,4.0724,0
0629770,67.053,1.7989999,0
0637650,83.1549,3.2881,0
0639690,84.8809,1.2917,0
0642630,78.7409,1.6843,0
0624780,32.137,3.5734,0
0627450,33.0359,3.3894,0
0631350,38.3149,2.8244998,0
0642750,183.43689,4.5014997,0
0643200,163.647,3.3256,0
0603000,200.399,4.1345,0
0604890,353.73688,4.6689,0
0605400,336.0669,4.2465997,0
0606000,289.315,1.3298,0
0602610,72.566,8.2171,0
0606360,73.2399,7.9823,0
0608070,72.523895,8.0349,0
0610440,71.2799,8.0662,0
0614220,70.164,8.3687,0
0614730,73.6449,8.1202,0
0618030,69.858,8.4411,0
0620190,80.8519,7.9635,0
0623430,72.468796,8.1013,0
0628140,70.263,8.1800995,0
0636030,71.998,7.9981,0
0642150,70.666,8.0065,0
2700388,18.4399,-14.3003,0
2707110,19.6369,-16.3346,0
2715540,16.496,-15.1152,0
2718390,17.2398,-14.625899,0
2721210,17.3008,-14.974199,0
2728960,18.1639,-19.0305,0
2904080,22.9639,-8.5107,0
2904110,53.775898,-4.6893,0
2911160,36.5109,-7.013,0
2915240,44.886898,-6.1565,0
2916620,28.9539,-8.6272,0
2921030,29.4609,-8.795899,0
2921060,32.055,-7.461,0
2929670,36.2319,-6.8557,0
2931890,58.2249,-4.3055997,0
3008700,49.6209,-8.1841,0
3010230,36.1609,-7.7805996,0
3010920,33.895,-7.8399,0
3010950,60.215897,-9.0201,0
3013800,35.8989,-7.8989997,0
3015450,32.582,-7.9203,0
3015570,49.0919,-7.868,0
3017700,49.5359,-9.477,0
3020880,41.7319,-10.4671,0
3025500,49.4269,-7.6524,0
3027570,37.95,-9.6693,0
3027740,82.190895,-9.688399,0
3023370,8.5809,-16.4715,0
3003800,16.072,-8.052199,0
3013140,15.3039,-8.0478,0
3018060,27.913,-8.4279995,0
3018290,10.9629,-9.3373995,0
3002010,16.6259,-10.977099,0
3028500,25.0959,-14.781099,0
3010820,33.576,-12.0338,0
3008670,9.057899,-11.1721,0
3017460,11.2088995,-10.6847,0
3024150,18.225,-9.7968,0
3018240,12.5689,-11.104099,0
3023040,10.4779,-9.9755,0
3007050,15.8769,-10.6697,0
3011160,12.592899,-12.3442,0
3003990,13.7309,-12.1746,0
3016050,16.732899,-9.2869,0
3003420,21.201899,-9.5222,0
3005850,9.2869,-9.1311,0
3005880,15.6389,-8.6827,0
3013040,13.5429,-9.069,0
3024300,9.6758995,-9.5556,0
3025130,17.5219,-9.2739,0
3026880,11.9759,-9.0507,0
3001710,15.238899,-7.8314996,0
3015200,14.4309,-9.380099,0
3016200,12.861899,-10.019,0
3017370,19.638899,-8.7206,0
3022080,77.8769,-13.7947,0
3009180,35.367,-8.0971,0
3013200,26.003,-9.3598995,0
3016110,44.8089,-10.761499,0
3017520,34.651,-10.0268,0
3017610,10.5268,-10.630899,0
3018750,13.7449,-9.5689,0
3020170,19.555,-9.9355,0
3024810,28.92,-9.687799,0
3026160,10.6939,-9.9316,0
3028140,8.656899,-9.8541,0
3012060,10.7329,-10.0837,0
3015340,9.630899,-13.8446,0
3015510,10.6389,-14.0854,0
3007030,8.1807995,-13.316299,0
3004890,11.2199,-9.817599,0
3007190,15.290899,-10.5942,0
3010800,26.052,-8.9159,0
3019530,36.423,-11.0151,0
3020040,12.8249,-9.8857,0
3021870,11.4049,-9.4344,0
3022230,13.7339,-9.259399,0
3000003,9.9739,-11.5408,0
3005140,47.354,-9.7361,0
3009510,68.4089,-10.018499,0
3000096,8.472,-14.154599,0
3000098,11.4519,-13.6833,0
3004440,11.123899,-14.0679,0
3008310,12.078,-13.4846,0
3012350,8.842899,-15.1812,0
3013560,11.715899,-14.1967,0
3014150,10.1529,-15.4168,0
3002300,13.972,-8.4169,0
3011820,71.4929,-12.665199,0
3016880,57.6489,-12.641999,0
3020670,24.6619,-8.5051,0
3015990,9.057,-14.5220995,0
3021960,9.1319,-14.815599,0
3024200,9.4169,-14.956699,0
3016490,17.8549,-10.2944,0
3023900,11.033899,-12.3991995,0
3011730,9.802899,-13.2223,0
3005130,9.255,-14.5281,0
3007830,9.0069,-15.7041,0
3010210,8.9819,-15.0404,0
3000090,158.569,-7.6043,0
3009030,25.604898,-5.1208,0
3026070,169.4299,-7.8852,0
3026520,91.1389,-5.3817,0
3015610,16.0049,-10.1974,0
3012960,17.052,-10.2217,0
3008860,13.5499,-10.4341,0
3018870,18.9559,-10.3323,0
3015360,15.5419,-10.6477995,0
3003870,12.5878,-8.269199,0
3004230,14.6229,-9.137199,0
3005460,14.288,-9.5225,0
3009720,13.057899,-9.7038,0
3009840,14.196899,-9.7788,0
3014820,12.939899,-9.7065,0
3018960,14.377899,-9.480599,0
3020790,12.0989,-10.0784,0
3023940,12.21,-9.833799,0
3013395,11.196,-15.014199,0
3004050,14.7739,-11.333099,0
3028910,12.3779,-15.564099,0
3006260,12.38,-15.0847,0
3003000,32.0349,-10.795,0
3026640,9.2709,-14.964399,0
3019310,11.5609,-14.6563,0
3007330,10.045899,-12.0872,0
3009330,14.245899,-10.395599,0
3021150,9.314,-10.5591,0
3027060,7.5158997,-11.4818,0
3005330,14.816899,-10.2901,0
3006320,11.6059,-10.0253,0
3010140,8.5959,-9.144199,0
3013110,8.9569,-9.4011,0
3020240,16.072899,-10.1026,0
3021510,9.057,-9.5373,0
3007980,9.5239,-13.0859995,0
3008010,12.606899,-12.737499,0
3015640,11.1279,-12.911699,0
3018410,10.1979,-12.7953,0
3026400,11.682,-12.3111,0
3013310,16.177,-11.0197,0
3017010,16.972,-11.4889,0
3021720,16.3179,-9.138599,0
3028800,16.5739,-11.061999,0
3011420,10.3989,-15.5996,0
3014340,11.8329,-16.1513,0
3017340,8.3309,-15.5288,0
3021240,8.941899,-17.2038,0
3028590,10.0679,-15.5737,0
3005010,8.967899,-16.1632,0
3011550,8.4699,-16.9449,0
3011670,9.8119,-15.7251,0
3000932,16.5019,-9.6497,0
3001980,13.1129,-9.3723,0
3002070,21.638899,-9.7031,0
3003290,11.019,-10.538,0
3004560,17.850899,-9.5692,0
3007500,27.0649,-10.526199,0
3011790,68.9388,-11.331699,0
3002820,35.277,-10.1946,0
3004380,23.2029,-8.880899,0
3005550,11.182,-9.6125,0
3006840,17.5819,-11.0289,0
3018780,17.923899,-9.860499,0
3027810,10.769899,-9.929999,0
3008910,7.6299,-9.9187,0
3017190,30.7549,-8.4861,0
3017190,30.7549,-8.4861,0
3025020,23.428799,-7.3466997,0
3012900,37.2809,-10.5738,0
3022290,8.0939,-11.5233,0
3021030,34.9329,-12.0675,0
3015060,27.5709,-13.592799,0
3023520,8.1807995,-14.4607,0
3004200,5.0099,-14.0313,0
3008400,8.7739,-13.3571,0
3008470,8.5549,-14.1999,0
3012510,8.4739,-14.0899,0
3015900,36.6658,-8.0992,0
3015930,63.7469,-7.9519,0
3021060,35.9099,-7.6074,0
3022790,30.399899,-6.3353,0
3027150,22.486,-6.2251,0
3002220,44.611,-8.6103,0
3006112,25.1148,-5.8845997,0
3009000,48.6489,-10.5748,0
3005280,13.5229,-13.108399,0
3021850,13.3059,-11.9727,0
3018210,30.927,-9.973,0
3006030,126.719894,-8.0622,0
3010080,94.346,-9.1552,0
3010080,94.346,-9.1552,0
3011340,44.4799,-9.0092,0
3026460,49.8759,-10.15,0
3000006,10.8309,-11.9095,0
3000007,15.882899,-11.913199,0
3000008,13.840899,-12.099999,0
3003600,11.5469,-11.23,0
3001950,8.276,-12.6286,0
3026550,77.6989,-5.7286,0
3028830,80.4179,-9.5802,0
3009670,11.6949,-12.4923,0
3004260,83.564896,-8.1736,0
3006870,33.6809,-9.7051,0
3008880,38.3919,-8.1764,0
3013860,25.2509,-7.2423,0
3017130,29.4229,-7.5213,0
3018570,41.3019,-7.1257,0
3021330,38.0369,-9.4411,0
3023730,85.357895,-10.1226,0
3025380,42.1639,-9.5858,0
3025530,63.0369,-9.609,0
3025890,56.055,-7.4852996,0
3028650,99.4029,-8.5978,0
3000005,8.7748995,-9.2298,0
3002430,21.614,-10.2332,0
3026490,25.1859,-10.295899,0
3028550,12.7448,-8.615399,0
3006790,8.590899,-13.9422,0
3027340,8.861899,-14.851,0
3022370,7.5769,-14.4309,0
3005760,11.465899,-10.816299,0
3011240,12.215,-11.7887,0
3015690,10.109,-10.9896,0
3022750,16.09,-11.539499,0
3009780,26.7349,-11.530399,0
3013890,28.4949,-11.4513,0
3019950,99.092896,-9.9622,0
3021480,28.2239,-10.508699,0
3000002,30.8259,-7.2300997,0
3000094,146.2779,-10.6792,0
3002850,38.4279,-9.7642,0
3003820,59.2959,-7.7251,0
3003820,59.2959,-7.7251,0
3005990,102.2999,-8.2448,0
3007110,142.968,-9.0879,0
3007710,35.9339,-7.5899,0
3800015,12.2779,-16.456299,0
3800033,14.1939,-17.4667,0
3802014,12.250899,-16.3675,0
3802240,9.7209,-15.9445,0
3802840,9.2659,-14.628799,0
3805670,9.670899,-14.669399,0
3806360,14.4079,-19.0572,0
3809810,10.366,-15.1103,0
3811540,10.392,-16.143799,0
3811610,8.0159,-13.908199,0
3811970,11.2019,-16.4172,0
3812000,15.528899,-19.1695,0
3812030,15.4379,-18.177,0
3812120,9.5089,-14.562099,0
3812720,12.4588995,-16.4594,0
3813660,14.587899,-17.878399,0
3814520,10.8928995,-18.3603,0
3817170,13.526,-17.3647,0
3817760,11.656899,-16.6366,0
3817940,10.295899,-16.0222,0
3818600,10.7339,-16.1703,0
3820340,9.8839,-15.5285,0
4002580,74.2799,-2.3125,0
4002790,41.3409,-2.9175,0
4003010,41.1018,-3.1618998,0
4003450,41.43,-3.4375,0
4003540,29.076,-2.8402998,0
4003690,49.388,-2.6887999,0
4003840,75.3809,-2.5844,0
4004470,29.6749,-2.3645,0
4005160,34.9669,-4.8505,0
4005430,64.702896,-2.8587,0
4005580,72.1859,-2.7791998,0
4008010,55.166,-3.7382,0
4008730,60.8309,-2.0267,0
4009150,31.7869,-2.5033,0
4009360,71.0449,-2.7495,0
4009420,26.7279,-3.1929,0
4009720,91.1978,-0.8323,0
4010560,73.526,-2.7237,0
4011400,77.9799,-2.1791,0
4011760,30.857899,-2.3209999,0
4011850,88.3099,-0.7524,0
4012210,32.84,-2.9821,0
4012240,65.5999,-1.9138,0
4012750,90.5019,-1.0160999,0
4013230,62.449898,-2.8953998,0
4013260,35.1429,-2.0068998,0
4013380,49.588898,-1.3536999,0
4013500,39.143898,-2.4493,0
4013600,42.061,-3.2644,0
4014100,62.1909,-1.9375,0
4014730,86.412895,-2.3739,0
4014890,90.7989,-0.78669995,0
4015750,38.3409,-3.4715998,0
4015900,44.9689,-2.3488998,0
4015930,46.381,-3.843,0
4016320,62.6749,-3.1999998,0
4016470,40.8229,-3.0528998,0
4016530,29.0849,-4.7139,0
4016720,64.776,-1.8126999,0
4017040,69.054,-1.3801,0
4017310,65.3909,-2.8279,0
4017700,74.6039,-2.4608,0
4018240,41.652,-3.1690998,0
4018480,63.2649,-2.9684,0
4018570,92.736,-1.067,0
4018870,51.2189,-0.98639995,0
4018900,26.3359,-3.2739,0
4018960,70.202896,-2.5356998,0
4019200,71.5039,-2.7716,0
4019500,30.302898,-4.5274997,0
4019890,33.5939,-2.6798,0
4020160,75.6169,-1.9777,0
4020190,76.1809,-2.2900999,0
4020430,67.4779,-3.0878,0
4020640,72.7399,-1.8580999,0
4021120,82.6259,-1.9102999,0
4021900,58.762897,-2.8938,0
4022160,37.0,-3.2559,0
4022350,31.3449,-3.0268,0
4023070,11.5699,-6.539,0
4023190,50.7739,-3.8948998,0
4023220,38.8619,-4.6096,0
4023400,67.694,-2.45,0
4023700,28.125898,-4.8756,0
4023730,60.993,-2.9487,0
4024150,32.3789,-2.8451,0
4024330,39.136898,-2.5276,0
4025080,41.0009,-3.1504998,0
4025530,52.845898,-1.3913,0
4026010,27.67,-2.9484,0
4026100,34.1829,-2.5175998,0
4026250,68.152,-2.7612,0
4026580,57.159,-2.1654,0
4026640,40.1399,-4.8301,0
4027420,60.9469,-2.9041998,0
4027990,39.5599,-2.48,0
4028620,59.8559,-2.2605999,0
4028920,11.361,-6.3991,0
4029520,61.055,-1.8634,0
4029670,67.2809,-2.7451,0
4029760,39.2919,-1.4915,0
4030290,57.8549,-3.7624998,0
4030390,73.873,-1.8212999,0
4030450,47.9879,-2.9768999,0
4031110,45.1688,-3.7731998,0
4031380,57.013897,-2.552,0
4032610,45.3449,-4.1391,0
4032640,36.5739,-2.7904,0
4032670,43.6259,-2.2044,0
4032700,63.0009,-2.2863998,0
4032760,60.8139,-3.2087,0
4033090,62.6089,-2.7395,0
4033540,42.3549,-1.4623,0
4033600,69.5788,-2.6564999,0
4103600,23.847,-7.4256997,0
4104170,31.888899,-6.6043,0
4104290,23.375,-6.8476,0
4104380,37.5769,-8.0169,0
4105020,24.6719,-6.2314997,0
4105310,35.2109,-6.0081,0
4106960,31.937899,-7.2081,0
4111910,30.184898,-7.3947,0
4844250,69.8489,5.3361,0
5600960,9.0069,-12.5801,0
0400001,46.0289,5.9874,0
0400003,28.9609,-2.9515,0
0400021,32.847,-4.1802,0
0400023,21.4699,-7.6921997,0
0400026,31.6019,-6.8276,0
0400212,24.0059,1.6664,0
0400295,34.339,0.124199994,0
0400520,15.401899,4.9769,0
0400680,29.0,3.2991998,0
0400790,35.2859,5.499,0
0400910,31.9699,-3.8063,0
0401000,47.2579,1.4857,0
0401180,23.1449,0.60969996,0
0401330,24.93,-0.8312,0
0401460,21.305,0.35549998,0
0401600,36.7569,-1.1496,0
0401760,34.7729,3.3594,0
0401810,16.968,-6.4191,0
0401870,24.996,4.8789,0
0401940,19.958899,-6.835,0
0402320,26.322899,3.4282,0
0402530,24.8179,-1.2508999,0
0402600,21.9919,-2.5678,0
0402690,27.1579,5.4309,0
0402860,31.0059,-6.4280996,0
0402920,37.6009,3.81,0
0403010,24.663898,3.4092,0
0403040,36.2959,5.6201997,0
0403080,50.8409,-6.9800997,0
0403150,22.4898,0.58809996,0
0403200,29.788898,-0.2563,0
0403290,18.194,-8.2595,0
0403310,17.6089,4.5158,0
0403400,27.3169,5.0706,0
0403500,57.041897,0.57949996,0
0403550,42.464,-7.2216997,0
0403730,45.6219,3.1325,0
0403780,26.9179,4.7655,0
0403820,16.982,-6.2374997,0
0403870,38.3169,-2.5151,0
0403950,18.656,3.0023,0
0403990,30.3499,4.7602,0
0404010,15.408899,-6.1461997,0
0404060,39.3299,-7.1689,0
0404280,26.3729,5.6552,0
0404410,37.1759,-4.0222,0
0404570,30.513899,2.3372,0
0404630,25.097,3.7781,0
0404720,21.3479,4.0204,0
0404820,51.4889,-1.0685999,0
0404970,29.7729,5.1658,0
0405030,54.7669,1.9045999,0
0405320,34.1329,-1.9706,0
0405460,33.9708,4.6226,0
0405530,34.75,-0.6509,0
0405820,18.177,-4.5815,0
0405930,29.7829,6.0645,0
0405980,21.5858,4.5178,0
0406070,59.6539,-0.9361,0
0406120,24.9639,-3.1397,0
0406250,27.8809,5.6872,0
0406440,22.847898,-1.0357,0
0406580,53.3659,-6.6036,0
0406730,44.011898,-4.2911997,0
0406740,22.5329,-6.9393,0
0406810,27.559898,4.5882,0
0406850,33.9279,1.6610999,0
0406870,20.4419,-6.4533,0
0406960,50.2179,0.1358,0
0407130,55.5319,-9.2621,0
0407170,23.7199,3.8567,0
0407240,42.4939,-2.3278,0
0407300,23.9109,3.1592,0
0407430,19.3139,-2.0202,0
0407520,22.694899,0.1472,0
0407570,29.406,6.0060997,0
0407630,32.9209,-4.841,0
0407700,33.6219,-6.292,0
0407750,35.4559,5.7507,0
0407820,20.843,-6.2339,0
0408020,18.8298,-1.0282,0
0408080,16.7299,-6.4526997,0
0408170,23.715899,3.3985999,0
0408230,45.1559,3.8578,0
0408280,30.295898,3.3142,0
0408410,25.4989,1.527,0
0408600,21.486,1.0838,0
0408680,16.1479,-4.65,0
0408800,25.3169,3.4752998,0
0408850,27.3519,1.6638999,0
0409160,52.5039,-4.3498,0
0409190,37.8199,3.8974998,0
0409250,25.300798,-1.5831,0
0409310,34.2119,-4.8368,0
0409430,22.302,-9.6216,0
0409460,16.965,-5.855,0
0409733,42.2459,-0.059299998,0
0500049,99.749,-1.0169,0
0502250,82.5169,-2.2086,0
0503030,68.7559,-3.9134998,0
0503060,68.8378,-3.7354999,0
0504080,78.7259,-2.3457,0
0504200,85.5199,-1.7382,0
0504980,68.5349,-3.2677999,0
0505760,76.5499,-3.2940998,0
0506090,67.665,-3.3831,0
0506090,67.665,-3.3831,0
0506240,94.291,-0.0753,0
0506330,79.7379,-1.9532,0
0506540,68.595,-3.2447999,0
0506840,70.1469,-3.4139,0
0506930,81.373,-2.4837,0
0506990,91.9089,-1.9564999,0
0507170,83.3138,-2.3961,0
0507860,96.3389,-0.3376,0
0508730,84.5839,-1.7461,0
0508940,73.9369,-2.9473999,0
0509330,79.0728,-2.0857,0
0509750,98.8829,-1.5001,0
0511760,70.137,-3.2286,0
0512450,68.3759,-3.3093998,0
0513410,80.564896,-1.8779,0
0514010,80.944,-2.3803,0
0642930,136.0289,3.5302,0
0642710,112.3479,3.6999998,0
0620670,179.1758,1.4952999,0
0624750,216.013,2.5197,0
0624230,40.5569,3.6136,0
0636800,27.7039,0.3621,0
0625230,30.559,0.3254,0
0600045,121.5629,2.8996,0
0622860,196.58,5.5053,0
0637830,162.2849,4.6428,0
0607020,195.636,3.4591,0
0612930,123.8689,5.1120996,0
0641580,100.1559,3.8327,0
0643080,109.621895,3.8809,0
0632270,43.3449,3.796,0
0609690,40.8069,2.9872,0
0606900,10.578,5.9070997,0
0606990,11.9709,5.3806,0
0643470,99.1949,3.6880999,0
0604230,178.4039,-6.4249,0
0632370,148.5639,6.1909,0
0612630,109.4369,7.2383,0
0627060,74.733,5.6419,0
0634680,94.361,6.52,0
0607440,77.0159,8.7403,0
0614880,71.7419,8.201099,0
0633860,81.358,9.5906,0
0635310,72.7819,8.3176,0
0684500,69.818,8.1216,0
0607800,113.458,4.4691,0
0619320,190.677,2.7293,0
0620070,160.4209,3.8653,0
0621810,85.7649,3.5892,0
0622230,90.2839,3.7928,0
0623610,74.79,3.8467,0
0632880,73.8359,3.7696998,0
0638010,80.6859,3.7256,0
0638010,80.6859,3.7256,0
0621690,78.6709,3.735,0
0613470,68.177,-2.5994,0
0637630,294.6289,-1.0231999,0
0605700,24.75,6.7163,0
0605010,58.187897,-5.2082996,0
0638520,44.0389,-5.4386,0
0600011,59.2029,-4.6668,0
0642300,118.2509,-7.1401,0
0625190,37.2379,-4.6956,0
0600029,117.813896,8.231999,0
0609870,49.4199,9.624499,0
0631710,72.633896,3.9610999,0
0634880,73.5999,6.8704996,0
0600022,42.4068,3.3815,0
0610350,257.781,-6.3276,0
0610350,257.781,-6.3276,0
0614550,64.2789,3.5267,0
0619700,170.3869,1.3622,0
0636805,189.4099,-1.3307999,0
0608370,148.54889,3.6603,0
0600051,115.4519,3.6624,0
0629820,309.0959,0.91819996,0
0600061,73.675896,3.7294,0
0637620,43.673,0.6626,0
0604950,23.1679,-3.9146,0
0629190,26.111,1.8853999,0
0622440,35.5389,-0.49699998,0
0601418,83.316795,3.4666,0
0601423,73.577896,3.2716,0
0623340,60.486,3.0837998,0
0606580,49.0529,-5.2911997,0
0624090,156.7249,3.6151,0
0601409,32.5359,-6.4723997,0
0626370,91.9239,4.4856997,0
0626370,91.9239,4.4856997,0
0612330,101.581795,4.0267,0
0612330,101.581795,4.0267,0
0634620,104.995895,4.0004,0
0601421,101.1829,6.1895,0
0636780,103.022896,-6.0495,0
0600033,47.0079,3.4052,0
0616323,64.0999,3.3925998,0
0600039,67.998,3.5219,0
0601428,75.0709,9.5851,0
0601426,74.9,7.6526,0
0607900,102.9319,3.9928,0
0600036,99.25,3.9229999,0
0633840,101.3239,3.9768999,0
0633840,101.3239,3.9768999,0
0691137,200.4319,-0.6717,0
0609120,58.8099,3.1492,0
0629490,127.6299,5.0411997,0
0691136,92.968796,4.2901,0
0637530,114.5,7.1071,0
0600009,52.027897,0.80509996,0
0607560,142.8958,9.6786995,0
0617430,12.1648,6.2149,0
0618210,12.309,5.8690996,0
0603610,26.2129,0.66819996,0
0626760,25.2249,2.9326,0
0604020,20.194899,1.3106999,0
0636820,23.781,3.3348,0
0613920,78.7819,6.7539,0
0608460,78.5209,6.3097,0
0610680,8.4519,5.1331997,0
0606780,141.772,5.8385,0
0606780,141.772,5.8385,0
0620220,162.3909,5.5011,0
0621870,53.7929,3.1018999,0
0600060,68.4349,3.6671,0
0600062,84.939896,3.6664999,0
0600158,68.4049,3.5842998,0
0601442,212.3759,0.44039997,0
0639940,37.9449,-5.9143,0
0600031,233.5629,7.7398,0
0625530,80.0499,5.7634,0
0637050,56.706898,4.5,0
0607530,276.8859,4.3944,0
0600159,111.1709,-2.1972,0
0630360,101.068,3.6258998,0
0625800,55.0649,5.0064,0
0629370,100.870895,6.4249,0
0600046,57.6159,4.7051,0
0612840,74.958,3.6952,0
0600047,76.7019,3.8913999,0
0691135,53.8969,4.5973,0
0600028,80.0,5.1907,0
0616920,66.0159,2.5637,0
0633150,53.6639,6.0130997,0
0601620,74.804,8.1308,0
0603690,90.8909,8.2466,0
0603690,90.8909,8.2466,0
0604830,100.8769,9.3414,0
0606450,95.648895,7.7008996,0
0609620,76.1329,8.8571,0
0609620,76.1329,8.8571,0
0611460,79.36,8.5102,0
0612210,75.875,9.6732,0
0615270,135.9059,7.6758,0
0620130,119.3899,3.3523998,0
0625320,128.3139,8.0219,0
0631320,90.7859,6.8036,0
0634425,94.9209,8.0718,0
0641280,91.86,7.348,0
0600001,63.018898,4.7363997,0
0600065,57.9139,3.3244998,0
0600035,53.6079,3.1973,0
0601770,101.8649,7.217,0
0601770,101.8649,7.217,0
0600043,237.847,4.0520997,0
0600025,71.9109,9.6749,0
0600032,73.6309,9.431399,0
0603600,153.7729,6.4393,0
0604110,85.8359,8.243899,0
0610050,96.6989,7.7145,0
0611520,148.636,7.9546,0
0601415,58.519897,3.2616,0
0601414,122.249,7.7166996,0
0600116,234.666,-2.164,0
0612180,81.762,8.423699,0
0625470,85.801895,8.576,0
0625470,85.801895,8.576,0
0629700,86.2859,10.599199,0
0629850,76.7569,8.5367,0
0634860,105.929,7.9912,0
0637500,100.513,7.9326997,0
0616325,84.092896,8.0767,0
0616325,84.092896,8.0767,0
0629940,134.968,7.7946,0
0637590,321.1908,2.6763,0
0616740,82.2259,5.726,0
0622110,74.7269,4.7960997,0
0623080,97.842896,3.9882,0
0634800,101.7529,6.277,0
0602010,40.3369,2.7402,0
0605040,118.9309,3.6171,0
0611730,119.9629,3.3832,0
0627590,84.2549,5.3768,0
0636450,75.6449,0.5198,0
0617220,66.286896,3.2273,0
0622740,47.9549,3.7756,0
0622740,47.9549,3.7756,0
0602450,176.7749,2.9284,0
0625690,92.4039,7.8787,0
0628270,178.6559,3.5498998,0
0600019,94.9339,4.2694,0
0600020,101.2369,4.5285,0
0600021,75.6329,5.4958997,0
0606870,166.55,3.0235999,0
0627200,82.0859,4.6749,0
0624500,114.2809,4.7444,0
0630030,88.371895,4.8166,0
0601860,110.9189,7.0966,0
0604740,116.6699,6.7609,0
0605880,85.805,7.7258,0
0620370,70.3269,9.000999,0
0622590,70.1179,7.93,0
0627240,61.958,8.7203,0
0630660,79.245895,7.6538,0
0640150,69.9099,8.0605,0
0600037,211.81589,4.9105,0
0600052,172.623,5.3536,0
0619950,238.9059,2.9347,0
0600038,384.73788,3.5479999,0
0628650,73.222,9.4689,0
0628650,73.222,9.4689,0
0623940,189.761,2.5026999,0
0600027,82.444,4.9677997,0
0602430,55.4669,6.4779,0
0609030,73.0159,3.7257,0
0613840,55.6749,3.0154998,0
0619490,54.2519,2.9728,0
0691134,48.152,3.1022,0
0600044,222.8339,3.4069,0
0602070,227.6899,-7.58,0
0603840,64.4789,5.0411997,0
0611100,14.507899,5.7426996,0
0619260,60.583,6.3926,0
0610770,406.19888,3.3042,0
0604290,77.9789,5.2279,0
0609070,19.0429,5.7679996,0
0629640,16.5858,5.2753,0
0624150,126.4049,3.1782,0
0638070,116.427895,1.8113999,0
0609570,95.6449,3.6711,0
0631620,102.5149,3.7589998,0
0642540,103.1179,3.4979,0
0600067,50.3359,3.1425998,0
0614250,63.7459,3.4419,0
0621150,47.3219,3.1734,0
0629910,62.491898,3.4513,0
0613800,147.7059,3.4183,0
0627850,98.833,8.4875,0
0640980,78.3059,8.335199,0
0640980,78.3059,8.335199,0
0635070,18.3409,6.9449997,0
0600042,101.1039,1.7069,0
0600042,101.1039,1.7069,0
0607500,60.076897,7.3536,0
0626100,95.4478,1.0461999,0
0641190,70.134895,7.2121,0
0635250,68.8489,3.4972,0
0636270,59.958897,3.3502998,0
0636270,59.958897,3.3502998,0
0600040,45.1679,3.1218,0
0607970,62.2809,3.3042,0
0639840,18.857899,1.3349,0
0600014,58.893898,0.4517,0
0600017,25.0369,0.2298,0
0625860,20.0129,3.0146,0
0632070,80.8129,5.7314,0
0634170,114.791,7.2941,0
0600016,113.8759,6.9213996,0
0632610,169.9619,-1.6862999,0
0643560,96.0878,5.3224,0
0609390,57.555897,6.3322,0
0600015,20.8079,0.7506,0
0622050,111.346,3.7468,0
0613890,110.026,4.0987,0
0611870,45.701,-8.1589,0
0615180,110.665,5.1089,0
0629610,89.259895,5.4347997,0
0625830,113.1669,4.4881997,0
0635430,71.2819,5.5913,0
0634590,90.0039,5.0207,0
0600069,84.4569,5.2483,0
0628250,65.456,6.6396,0
0631530,71.3659,6.7588,0
0634320,58.2519,8.359,0
0600018,177.1809,-0.2949,0
0622410,91.875,6.4993,0
0626640,126.192894,3.6288998,0
0628050,110.4649,6.5172997,0
0638770,207.75,-5.5351,0
0631170,143.65889,-3.0400999,0
0614400,76.1859,5.5011997,0
0626910,82.3489,5.6124997,0
0600063,75.3069,3.6258998,0
0633110,87.0889,3.7784998,0
0610620,100.4339,3.7184,0
0639630,107.5699,3.5744998,0
0640740,106.4609,4.1496997,0
0608130,67.3689,3.7317,0
0634740,239.08789,3.2867,0
0611040,70.3689,3.625,0
0604620,110.466896,4.387,0
0613360,108.6269,3.9166,0
0623530,52.6549,-9.5493,0
0602730,186.7089,3.8816,0
0624480,197.1529,4.1728,0
0640300,182.9769,3.1173,0
0631400,213.61789,1.6969,0
0642580,334.0449,1.0648999,0
0642140,103.2989,3.7831998,0
0611280,99.246895,3.7008,0
0640590,136.71289,3.1453998,0
0600013,108.7679,3.8815,0
0627720,146.985,4.2964,0
0636670,179.9579,5.2283,0
0634410,118.5149,7.3903,0
0601410,57.6759,4.2813,0
0622710,90.7809,9.848499,0
0618390,85.9349,9.504499,0
0615240,110.3659,8.2733,0
0635700,113.384895,8.8505,0
0639420,76.1279,9.1778,0
0600153,96.5788,8.2691,0
0600153,96.5788,8.2691,0
0627690,76.874,8.2544,0
0633750,87.944,7.6485,0
0623160,77.8669,8.7402,0
0610260,88.069,9.774,0
0642000,89.4319,8.0506,0
0608190,99.4449,7.4932,0
0608760,161.36389,1.8873999,0
0605610,119.830894,7.6569,0
0621000,100.7379,9.151199,0
0636970,96.0489,0.037,0
0634710,85.6459,6.2777996,0
0609640,93.716896,8.0465,0
0636840,85.2939,7.4368,0
0600160,119.6289,2.1692,0
0601332,103.4219,4.0453,0
0601331,175.6299,-0.3369,0
0609665,345.781,3.0749,0
0609665,345.781,3.0749,0
0614070,250.7089,3.7224998,0
0633720,212.3589,0.7597,0
0642560,248.4339,0.7809,0
0600068,68.4309,3.5635998,0
0614950,273.1499,1.7091,0
0624030,124.2379,5.0225,0
0630330,116.6829,6.1714,0
0641160,52.9749,3.2092998,0
0600064,170.1299,-0.16139999,0
0600026,64.564896,-1.5047,0
0637200,135.86589,3.6517,0
0623820,37.9419,4.0243,0
0626490,27.114899,-0.3039,0
0638880,56.7119,0.2254,0
0603300,61.150898,0.1215,0
0639000,116.9649,1.648,0
0600049,156.7779,6.3280997,0
0600048,93.0,1.7587999,0
0620640,139.54889,-7.5267,0
0605240,243.095,1.5787,0
0608970,231.2829,3.1782,0
0615150,216.48189,3.4003,0
0611110,36.3089,4.2543,0
0634440,62.456898,4.157,0
0629550,27.819,7.0555,0
0609850,64.077896,6.6331,0
0602850,76.5589,4.6774,0
0618990,106.356895,5.5109,0
0630600,90.4388,4.5116997,0
0632550,114.2919,5.9108,0
0600034,185.40489,3.2712998,0
0609940,152.09889,3.3536,0
0638980,94.208,7.9793,0
0602970,100.3519,7.9192,0
0635130,96.0079,4.4793,0
0604440,75.8969,8.338699,0
0601339,123.231895,3.4872,0
0800001,6.6289,-8.543099,0
0800016,8.5369,-8.8688,0
0800017,10.342,-9.1465,0
0800018,11.085,-8.5767,0
0800019,10.0078,-8.8874,0
0801920,12.6979,-8.7602,0
0801950,11.4499,-7.9027996,0
0801950,11.4499,-7.9027996,0
0801980,10.2088995,-10.048699,0
0802010,14.821,-7.4526997,0
0802040,8.6669,-8.7867,0
0802070,8.809,-17.7363,0
0802130,33.0009,-12.0822,0
0802190,56.8579,-12.5008,0
0802220,9.439,-9.1503,0
0802260,8.4749,-9.6837,0
0802280,60.8979,-14.8118,0
0802310,6.4539,-9.715,0
0802340,13.953899,-7.2488,0
0802370,19.444899,-12.5457,0
0802400,72.064896,-10.1483,0
0802430,11.2779,-7.5631,0
0802460,8.9848995,-8.4923,0
0802490,20.1329,-6.664,0
0802520,11.3998995,-7.7243996,0
0802550,5.7528996,-10.5415,0
0802580,10.073899,-8.231299,0
0802610,7.3539,-10.2848,0
0802640,27.951,-13.1939,0
0802670,8.644,-8.246099,0
0802700,10.078899,-9.9439,0
0802730,8.5279,-9.453199,0
0802760,8.769899,-7.335,0
0802790,16.4949,-8.1834,0
0802850,7.5009,-16.4347,0
0802880,7.9859,-9.517,0
0802910,15.1758995,-7.4121,0
0802940,15.840899,-9.5668,0
0803000,26.25,-11.533299,0
0803030,30.267899,-9.7217,0
0803060,9.2418995,-7.9803,0
0803090,36.985,-7.1506,0
0803120,13.837899,-9.3607,0
0803150,92.846,-13.906699,0
0803180,13.3489,-12.2431,0
0803210,5.6478996,-9.8267,0
0803240,37.2938,-10.3877,0
0803270,10.625,-9.964399,0
0803300,47.1159,-12.6585,0
0803330,24.2209,-7.2739,0
0803360,11.578899,-7.3064,0
0803390,57.3099,-10.3519,0
0803420,44.0579,-9.527599,0
0803450,17.7129,-8.4798,0
0803480,55.888897,-10.879,0
0803510,6.8409,-9.6666,0
0803540,37.3578,-11.2136,0
0803600,7.9028997,-10.3804,0
0803630,5.5099,-9.4895,0
0803690,13.1219,-9.3576,0
0803720,15.2149,-8.348,0
0803750,8.1409,-8.5878,0
0803780,14.222899,-7.0755,0
0803810,27.4629,-9.2171,0
0803840,10.6409,-14.948999,0
0803870,12.5659,-9.2733,0
0803930,7.7578998,-8.996099,0
0803960,9.7239,-8.065,0
0803990,14.014899,-8.562699,0
0804020,9.8249,-9.7206,0
0804050,6.8708997,-10.912499,0
0804080,8.1758995,-7.9089,0
0804110,5.9259,-9.3323,0
0804140,11.3199,-13.985499,0
0804200,9.6279,-9.7627,0
0804230,23.8659,-9.705999,0
0804260,33.2959,-11.973,0
0804290,8.656,-9.1317,0
0804320,26.8239,-14.9597,0
0804350,21.4359,-8.8758,0
0804380,41.138,-8.5353,0
0804410,9.8489,-10.5493,0
0804440,5.9869,-9.9685,0
0804470,23.0809,-19.652899,0
0804500,7.2448997,-8.6722,0
0804530,9.6479,-7.7581,0
0804560,8.0398,-9.2031,0
0804590,49.624,-13.613199,0
0804620,43.7799,-14.19,0
0804650,10.3008995,-8.0124,0
0804680,8.7729,-9.1855,0
0804710,7.9879,-9.1837,0
0804740,4.8009,-10.1879,0
0804770,30.0059,-10.5577,0
0804800,19.451,-8.1315,0
0804830,8.3789,-10.1995,0
0804860,7.8128996,-9.2164,0
0804890,5.0469,-9.7806,0
0804920,10.7589,-10.359799,0
0804950,8.3119,-11.5106,0
0804980,13.217899,-7.8725,0
0805010,13.278899,-8.4214,0
0805040,6.0859,-9.7678995,0
0805070,19.486,-18.0662,0
0805100,16.736,-12.780399,0
0805130,9.6869,-8.965799,0
0805160,20.9209,-8.5871,0
0805190,23.76,-14.9235,0
0805220,8.425,-8.8901,0
0805250,9.038899,-9.1638,0
0805280,7.3869,-10.4987,0
0805310,13.5539,-7.2440996,0
0805340,8.0289,-8.8801,0
0805370,11.130899,-8.9032,0
0805370,11.130899,-8.9032,0
0805400,12.9848995,-8.7603,0
0805460,41.1219,-10.3969,0
0805490,15.3469,-9.9649,0
0805520,6.5009,-9.208,0
0805550,12.106899,-8.068399,0
0805580,7.1668997,-9.0542,0
0805610,33.103,-12.7171,0
0805640,7.7008996,-9.904099,0
0805670,5.5278,-9.5889,0
0805700,9.1719,-15.6384,0
0805730,26.2048,-10.3597,0
0805760,10.849899,-15.8315,0
0805790,15.9579,-9.4538,0
0805820,16.343,-9.1406,0
0805850,21.6269,-9.0486,0
0805880,27.7979,-10.198999,0
0805910,52.6359,-14.4072,0
0805940,8.4299,-8.7741995,0
0805970,53.0289,-11.3259,0
0806000,7.4158998,-9.0391,0
0806030,6.8968997,-9.4815,0
0806060,11.760799,-9.3288,0
0806090,10.8629,-7.7493997,0
0806120,8.0819,-8.7227,0
0806150,8.5879,-8.6055,0
0806180,18.2048,-11.3881,0
0806210,32.089,-10.679999,0
0806240,35.0309,-10.163,0
0806270,7.5488997,-9.3294,0
0806300,12.9549,-13.7971,0
0806330,7.4768996,-10.733399,0
0806360,12.5329,-10.3632,0
0806390,7.6719,-17.3176,0
0806420,7.8458996,-17.3717,0
0806450,7.7008996,-17.222,0
0806480,8.9549,-7.9918,0
0806510,9.0549,-9.0219,0
0806540,13.4689,-7.0695,0
0806570,74.986,-14.636499,0
0806600,8.248,-9.638599,0
0806630,10.170899,-7.5441,0
0806660,61.928898,-12.630899,0
0806690,7.6218996,-9.802,0
0806720,6.3039,-10.424399,0
0806750,10.7459,-8.8969,0
0806780,9.644899,-8.715799,0
0806810,29.7129,-14.394,0
0806840,9.137899,-9.3997,0
0806870,39.985,-12.3266,0
0806900,12.1609,-7.7328997,0
0806930,7.7479,-9.1772995,0
0806960,15.1579,-8.138,0
0806990,9.743899,-7.2921,0
0807050,32.3629,-14.5234995,0
0807080,18.7099,-7.5200996,0
0807110,10.045899,-6.9867,0
0807140,7.4059,-11.286799,0
0807200,15.656899,-12.2568,0
0807230,12.8519,-7.2418,0
0807260,18.3769,-6.4119,0
0807290,9.7389,-11.326799,0
0807320,7.7338996,-9.498899,0
0807350,9.184,-10.0528,0
0807380,16.027,-11.588699,0
0807410,9.0279,-10.0633,0
1600001,97.9639,-6.46,0
1600002,95.3249,-5.184,0
1600009,91.9329,-4.1559,0
1600010,182.8219,-5.506,0
1600030,18.923899,-9.814099,0
1600060,30.7209,-8.421,0
1600138,107.7789,-5.2353,0
1600139,97.401,-9.664599,0
1600150,161.36,-6.3473,0
1600180,116.25,-9.2741995,0
1600240,37.3518,-13.332999,0
1600270,27.986,-9.8902,0
1600300,48.9479,-11.3533,0
1600330,35.3229,-5.7507,0
1600360,46.8709,-5.3431,0
1600360,46.8709,-5.3431,0
1600420,141.1969,-8.061399,0
1600450,27.479898,-7.4027996,0
1600480,28.7699,-5.4052,0
1600490,35.2059,-10.7947,0
1600510,35.0149,-4.6120996,0
1600540,89.8629,-12.087299,0
1600570,84.4379,-7.8445997,0
1600600,33.5629,-4.4098997,0
1600630,126.1009,-10.557899,0
1600660,51.4379,-8.3983,0
1600690,32.2709,-6.3213,0
1600720,109.847,-11.1746,0
1600750,20.3219,-12.0931,0
1600780,101.6389,-4.6591,0
1600810,44.8909,-5.3160996,0
1600815,92.5878,-4.67,0
1600840,73.8408,-7.2307997,0
1600870,68.6609,-3.2595,0
1600900,35.2029,-7.9019,0
1600930,42.1559,-10.908199,0
1600960,50.9128,-10.5689,0
1601020,97.1749,-5.375,0
1601050,27.5019,-7.7953,0
1601080,94.982895,-9.944699,0
1601110,75.1469,-13.0408,0
1601140,33.783,-5.2037,0
1601170,107.347,-9.922299,0
1601200,80.595,-3.4831998,0
1601230,41.0929,-5.5706,0
1601260,35.0389,-7.3006997,0
1601290,34.235,-10.7698,0
1601380,30.527899,-5.5155997,0
1601410,29.6939,-6.19,0
1601440,46.618,-5.6415,0
1601470,28.6649,-4.8476,0
1601500,65.2439,-5.6236,0
1601530,14.8469,-11.413,0
1601570,17.393799,-11.812099,0
1601590,33.4839,-6.8729,0
1601620,58.3139,-3.0054,0
1601650,88.452896,-4.5183,0
1601680,85.231895,-3.1541,0
1601710,31.385899,-6.4772,0
1601740,119.68,-5.344,0
1601770,35.5999,-4.5822,0
1601800,91.0869,-4.842,0
1601830,45.6059,-4.6451,0
1601860,43.8709,-1.8858,0
1601900,36.45,-11.8084,0
1601920,39.555,-11.6552,0
1601950,44.6209,-10.011,0
1601980,38.5249,-4.6594,0
1602030,74.634895,-11.006,0
1602060,108.1589,-7.6561,0
1602070,28.1929,-5.2434,0
1602100,36.4619,-4.2413,0
1602130,36.2208,-4.4848,0
1602160,71.2109,-7.9698,0
1602190,29.0929,-8.1107,0
1602220,82.6689,-3.6111,0
1602250,84.369896,-9.160299,0
1602280,219.67789,-7.8287997,0
1602310,30.0819,-6.3785996,0
1602340,33.5958,-4.3873997,0
1602370,33.9669,-4.8814,0
1602400,47.985,-4.7146,0
1602430,36.8979,-10.809899,0
1602460,31.9039,-4.7279,0
1602490,59.680897,-7.9592,0
1602520,185.412,-5.0868,0
1602550,29.736898,-4.9147997,0
1602580,42.7639,-5.7609,0
1602610,73.175896,-8.0636,0
1602640,36.8219,-7.9746,0
1602670,84.9059,-4.2774,0
1602700,123.5029,-5.0478,0
1602730,79.443,-8.8527,0
1602760,38.9199,-9.3197,0
1602790,32.9599,-11.017,0
1602820,29.8669,-8.661,0
1602850,31.0499,-9.9182,0
1602910,20.017,-10.701699,0
1602940,37.6279,-8.1421995,0
1602970,20.5049,-11.8723,0
1603000,74.75,-11.840899,0
1603030,16.5879,-13.1574,0
1603060,120.425896,-5.1535,0
1603090,27.2519,-11.6886,0
1603120,99.805,-11.0977,0
1603180,43.249,-12.3477,0
1603210,21.489,-9.142,0
1603240,28.204899,-5.7188,0
1603270,33.909,-6.7188997,0
1603300,132.7679,-5.6837,0
1603330,92.4639,-5.2118,0
1603360,31.027899,-5.7282,0
1603400,14.597899,-14.059999,0
1603420,55.9959,-9.0732,0
1603480,30.343899,-4.7497,0
1911040,21.312,-10.7142,0
1927240,21.4669,-10.9983,0
1904560,24.472,-10.4692,0
1914880,20.1679,-11.695399,0
1910350,23.767,-10.6349,0
1916620,22.1899,-10.5781,0
1908310,22.4189,-10.5826,0
1914370,23.052,-13.0661,0
1918330,22.2269,-13.067699,0
1999019,23.444899,-12.349299,0
1912600,22.5858,-13.2027,0
1911820,23.427,-12.9228,0
1900026,18.784,-13.5248995,0
1903090,21.4319,-10.9604,0
1903960,19.9548,-11.7115,0
1903960,19.9548,-11.7115,0
1927500,22.291899,-11.3428,0
1911250,20.663,-11.6265,0
1931620,17.447899,-11.781,0
1909570,18.9079,-11.7139,0
1926250,18.8319,-9.7732,0
1913110,21.763899,-10.8357,0
1921810,22.3799,-10.6511,0
1912230,20.434,-12.7515,0
1925380,19.472,-12.9326,0
1925410,17.628899,-12.3498,0
1903480,18.253,-13.1503,0
1920830,20.041899,-13.831699,0
1928200,21.9119,-13.1904,0
1925980,20.9659,-13.9024,0
1912480,17.9139,-13.9705,0
1903930,21.8769,-11.2606,0
1916680,20.0059,-10.3427,0
1912810,18.826899,-13.8533,0
1916420,19.4009,-13.354799,0
1925050,18.857899,-13.7195,0
1900023,17.7048,-13.423599,0
1915750,17.7099,-12.8399,0
1916530,16.8379,-12.914599,0
1918630,17.972,-13.1908,0
1924120,17.4109,-13.119499,0
1926400,16.3169,-12.3701,0
1931290,17.3479,-13.4744,0
1931290,17.3479,-13.4744,0
1903360,20.423899,-13.4881,0
1908220,19.8809,-10.1444,0
1928230,18.572899,-10.2606,0
1900027,21.069899,-10.9326,0
1913440,19.885899,-9.993899,0
1912120,20.0798,-9.533999,0
1905190,17.5989,-13.7964,0
1931020,15.828,-14.0036,0
1926370,16.986,-13.5789995,0
1924660,15.0559,-13.3729,0
1907170,17.1369,-13.2898,0
1900028,22.368,-12.706699,0
1925590,15.2669,-12.1585,0
1931950,17.3339,-12.480599,0
1927390,18.586899,-12.8765,0
1922380,22.6229,-12.2189,0
1922530,23.7139,-11.846399,0
1920580,20.100899,-13.084399,0
1921600,19.4349,-12.6819,0
1903780,19.6499,-12.218699,0
1929580,20.2489,-12.7213,0
1919440,19.097,-10.8547,0
1931110,18.1758,-11.6528,0
1909060,22.0219,-10.5859995,0
1910050,23.0149,-11.1154995,0
1905940,20.7159,-11.1985,0
1908910,18.7789,-11.771299,0
1923190,24.597898,-13.230499,0
1930720,20.517,-13.380899,0
1927960,19.9329,-10.1147995,0
1906960,15.5419,-13.9017,0
1924000,21.753899,-10.670899,0
1913230,21.0399,-11.0233,0
1916440,16.4639,-12.438399,0
1931470,17.0739,-11.8696995,0
1927000,17.4109,-13.9818,0
1910340,18.5779,-12.7778,0
1918480,18.409,-12.2076,0
1900031,18.9869,-13.188399,0
1906330,21.4939,-12.120399,0
1910950,19.6758,-13.474299,0
1907470,17.718,-13.8455,0
1926910,17.5809,-13.775499,0
1907110,18.1269,-11.9962,0
1900021,17.553799,-13.8508,0
1907350,20.569,-10.5776,0
1913660,18.9869,-14.032,0
1900024,20.7619,-12.748,0
1912690,19.246,-10.1669,0
1918240,20.107,-10.3997,0
1908070,21.7309,-12.0515995,0
1913320,20.427,-11.7624,0
1911070,19.6169,-13.896899,0
1908130,21.3699,-10.7726,0
1919860,20.3179,-10.503099,0
1900025,22.1758,-11.847099,0
1903150,23.5009,-11.3969,0
1912750,21.767,-12.1082,0
1915210,23.3069,-12.0471,0
1926070,21.8449,-10.048699,0
1926670,20.878899,-10.2905,0
1929280,21.1399,-10.788899,0
1904080,20.6479,-11.1623,0
1931920,19.055,-11.513599,0
1930960,19.2819,-11.4425,0
1927990,19.218899,-10.5672,0
1917460,18.892,-11.0398,0
1913500,22.0639,-11.5542,0
1903850,19.7929,-13.7434,0
1916140,18.774,-14.148299,0
1900015,18.6229,-14.594399,0
1918840,18.1239,-13.353,0
1903220,15.9809,-13.118099,0
1914160,16.2619,-12.6872,0
2000001,20.361,-6.9277,0
2000002,20.944,-6.7955,0
2000003,17.909899,-7.4238997,0
2000004,19.4669,-8.0618,0
2000006,18.9079,-8.4814,0
2000007,15.4049,-9.0107,0
2000012,18.76,-8.343699,0
2000013,8.2678995,-8.9516,0
2000014,30.0339,-6.4435,0
2000015,29.9739,-6.3655996,0
2000016,19.430899,-9.0065,0
2000017,10.8008995,-8.6385,0
2000020,13.196,-8.145599,0
2000023,9.828,-9.2694,0
2000028,18.295,-8.4166,0
2000029,16.795,-9.5342,0
2000030,16.1889,-8.674399,0
2000346,13.8909,-9.0661,0
2000348,21.0849,-8.4,0
2000349,18.951899,-6.8585,0
2000350,18.9629,-8.8449,0
2000351,23.5929,-8.2937,0
2000353,18.3929,-8.837299,0
2003180,20.878899,-6.7862,0
2003200,23.4939,-7.2208,0
2003210,22.2649,-7.1958,0
2003240,19.4608,-7.6362996,0
2003270,12.0289,-9.3414,0
2003300,39.6949,-5.0829,0
2003360,21.815899,-5.6222,0
2003390,23.965,-5.1538,0
2003430,25.1059,-5.2486,0
2003450,26.222,-4.7374997,0
2003480,41.6359,-4.8045,0
2003510,17.3449,-6.9205,0
2003540,24.7099,-7.8272996,0
2003570,23.767,-5.4417996,0
2003630,21.725,-5.9897,0
2003720,27.2549,-6.5808,0
2003780,29.906898,-6.7676,0
2003810,47.6779,-4.2841,0
2003870,16.6569,-7.8448997,0
2003900,22.857899,-5.3775,0
2003960,19.5909,-7.0502996,0
2003960,19.5909,-7.0502996,0
2004020,15.580899,-7.756,0
2004050,30.288898,-6.6366,0
2004080,8.236,-9.0597,0
2004140,16.2658,-7.1057,0
2004170,34.0299,-5.8202996,0
2004200,22.2719,-6.249,0
2004230,24.9608,-5.8729997,0
2004260,23.965899,-7.0716996,0
2004290,26.4599,-6.4807,0
2004350,19.715,-6.0116,0
2004380,27.295898,-5.0288,0
2004410,36.7908,-5.0938997,0
2004440,20.4839,-6.7574,0
2004470,16.6609,-8.3688,0
2004500,29.8979,-5.242,0
2004560,18.9249,-8.8253,0
2004590,36.1559,-5.6433,0
2004620,19.8739,-7.0645,0
2004650,17.9569,-6.4150996,0
2004670,21.35,-5.5162,0
2004710,41.4479,-4.9379,0
2004740,36.8458,-5.1405,0
2004770,39.736,-4.9249997,0
2004790,10.656,-8.7753,0
2004800,14.094899,-7.855,0
2004830,18.9219,-8.2319,0
2004890,18.069899,-7.4918,0
2004920,22.5929,-5.533,0
2004950,16.996899,-7.8925996,0
2004980,39.9589,-4.7936,0
2005010,9.7389,-8.918,0
2005040,18.6579,-5.4681,0
2005070,43.3019,-4.5485,0
2005100,17.746899,-8.1272,0
2005130,22.9019,-5.4435997,0
2005190,12.2999,-7.4575996,0
2005250,20.5009,-7.2820997,0
2005280,19.6969,-7.4219,0
2005310,15.5109,-8.4931,0
2005370,20.6758,-5.9491,0
2005400,10.663,-8.1918,0
2005460,22.1379,-5.5439,0
2005490,31.09,-6.9237,0
2005520,28.1719,-5.341,0
2005550,12.4179,-8.4587,0
2005580,15.0559,-7.3086996,0
2005610,23.847,-5.6317,0
2005640,24.4699,-7.0959,0
2005700,21.065899,-7.8701997,0
2005730,21.715899,-6.1412,0
2005760,33.6159,-5.7254996,0
2005790,9.6269,-6.6347,0
2005800,18.7999,-6.9143,0
2005820,18.4699,-6.5822,0
2005850,14.087899,-8.2705,0
2005870,17.322899,-7.3784,0
2005940,20.9009,-6.8185,0
2006000,37.900898,-5.3431,0
2006060,22.388899,-7.6119,0
2006090,28.6609,-7.0157,0
2006120,24.1919,-6.3768,0
2006180,39.8209,-5.671,0
2006210,16.1469,-7.1608,0
2006240,20.5639,-6.0176,0
2006270,29.920898,-5.8863,0
2006300,42.2539,-4.6939,0
2006330,27.2929,-7.3272,0
2006360,49.2119,-4.3719,0
2006390,12.111899,-8.1043,0
2006420,30.878899,-6.5032997,0
2006450,30.041899,-6.2795,0
2006480,40.7539,-5.1717997,0
2006510,18.1429,-7.9670997,0
2006540,21.975,-5.4603,0
2006570,19.6239,-6.408,0
2006580,8.781899,-8.5106,0
2006630,11.302,-8.4105,0
2006660,18.0839,-6.5604997,0
2006690,9.941899,-8.7943,0
2006720,16.555,-6.594,0
2006780,10.260799,-8.6922,0
2006840,19.451,-5.8726,0
2006870,22.1779,-6.5309,0
2006930,23.5609,-6.8529997,0
2006960,20.055899,-6.2739,0
2006990,17.8839,-6.2651,0
2007020,13.401,-8.1476,0
2007050,22.0858,-5.665,0
2007080,11.125899,-8.5978,0
2007110,19.8899,-7.8139997,0
2007170,20.020899,-6.381,0
2007260,12.840899,-8.4798,0
2007290,19.7759,-6.8290997,0
2007320,16.1399,-7.3002996,0
2007350,11.4148,-8.0078,0
2007380,20.6889,-7.8852,0
2007440,20.0709,-7.654,0
2007470,19.357899,-8.4277,0
2007500,26.9369,-5.8438,0
2007530,11.13,-8.672999,0
2007560,10.7919,-6.8752,0
2007590,33.8219,-5.8036,0
2007620,21.8209,-6.3336,0
2007650,36.2199,-5.0811,0
2007680,13.1929,-7.7370996,0
2007710,20.2439,-6.447,0
2007740,32.145,-6.0636997,0
2007750,36.097,-6.2339,0
2007800,15.387899,-7.5828,0
2007860,9.8109,-7.4013996,0
2007890,19.319,-7.4168,0
2007950,31.9389,-6.5681,0
2007970,20.0709,-7.5088,0
2008040,32.4188,-6.0425,0
2008070,21.0949,-5.8912,0
2008100,17.2609,-6.7739,0
2008130,21.482,-5.6033,0
2008190,15.0049,-7.0267997,0
2008220,15.104,-8.1581,0
2008250,34.4039,-6.4554,0
2008280,10.2659,-8.5451,0
2008310,18.041899,-6.2767,0
2008340,28.3699,-7.0154,0
2008370,17.9329,-6.7173996,0
2008400,25.8569,-7.1482997,0
2008430,27.496899,-7.2576,0
2008550,23.7169,-5.8241,0
2008610,9.6999,-8.678599,0
2008670,26.3499,-6.3462,0
2008700,17.8239,-6.4579,0
2008730,11.868899,-6.7848,0
2008790,17.503899,-7.8406997,0
2008880,19.715,-6.6254,0
2008910,12.420899,-8.9826,0
2008940,20.6509,-7.6266,0
2008970,33.444,-6.5309,0
2009000,24.9258,-6.7862,0
2009030,18.0819,-6.3901,0
2009060,18.0949,-6.3494,0
2009090,24.7249,-6.598,0
2009140,21.9679,-5.5713,0
2009180,17.763,-7.6182,0
2009240,20.9939,-6.8599997,0
2009320,21.4359,-7.58,0
2009360,25.800798,-7.0681,0
2009390,21.548899,-6.6169996,0
2009420,17.35,-7.0996,0
2009450,20.5858,-5.7107,0
2009480,25.3599,-6.4126,0
2009510,23.381899,-7.2681,0
2009570,19.8409,-7.0281,0
2009600,16.0879,-7.233,0
2009630,13.373899,-7.4831996,0
2009660,35.4209,-5.9368,0
2009720,11.307899,-7.073,0
2009780,20.184,-6.4365,0
2009840,22.517899,-5.5559,0
2009850,16.822899,-8.364699,0
2009900,34.7369,-5.1921,0
2009930,13.7348995,-8.2026,0
2009960,20.4629,-6.4744,0
2009990,19.642899,-6.252,0
2010020,11.8449,-9.2241,0
2010050,9.21,-8.853,0
2010080,10.2969,-9.4004,0
2010140,32.2908,-6.3873997,0
2010170,19.26,-7.9444,0
2010230,23.9399,-6.8336,0
2010260,31.1409,-6.5158,0
2010290,16.298899,-8.5928,0
2010320,24.607899,-7.3111,0
2010350,41.8409,-4.6229,0
2010410,24.8809,-7.0611,0
2010440,25.503899,-5.046,0
2010470,15.045899,-8.1437,0
2010500,31.8769,-6.4888997,0
2010560,39.0999,-4.9869,0
2010590,20.857,-6.3036,0
2010620,25.9559,-7.2381,0
2010650,13.217899,-8.9938,0
2010680,30.034899,-6.8647,0
2010710,42.214,-4.6777,0
2010740,16.2489,-8.3308,0
2010770,36.714,-6.2651,0
2010800,27.0859,-6.6373997,0
2010890,18.2159,-5.9972,0
2010920,19.4539,-6.1457996,0
2010950,11.7119,-8.341,0
2010980,18.4939,-8.1908,0
2011040,8.1579,-8.8895,0
2011080,20.4399,-5.7504,0
2011100,18.3729,-7.3908,0
2011130,47.618,-4.2932997,0
2011190,10.175,-6.9256,0
2011220,22.4399,-6.2988997,0
2011250,22.7199,-5.6565,0
2011280,16.2649,-7.2588,0
2011310,15.387,-7.5618,0
2011370,20.2549,-6.552,0
2011400,11.486,-7.3041,0
2011430,16.979,-6.0924,0
2011490,22.3529,-7.3325996,0
2011520,33.9799,-5.1833,0
2011550,20.625,-5.8269997,0
2011610,8.661,-8.5285,0
2011640,32.5149,-6.4157,0
2011700,21.1779,-7.1826,0
2011760,20.326,-6.8255,0
2011790,26.1239,-4.9874997,0
2011820,15.5229,-7.2237,0
2011850,32.6219,-6.4326997,0
2011880,9.5329,-9.0395,0
2011910,19.836899,-6.1879,0
2011970,19.0739,-6.1289,0
2012000,34.0849,-6.3676996,0
2012030,18.928799,-6.325,0
2012060,14.639899,-8.885,0
2012090,11.2659,-7.5006,0
2012120,15.8338995,-8.0556,0
2012150,8.7539,-8.9326,0
2012180,23.2489,-7.0288,0
2012210,28.2859,-7.0997996,0
2012260,22.4909,-7.1141,0
2012300,21.5369,-5.6175,0
2012330,23.5119,-8.4214,0
2012360,31.7269,-6.2648,0
2012390,24.552,-5.3866,0
2012420,10.6428995,-7.6145,0
2012450,36.7029,-5.5882,0
2012510,21.506899,-5.8064,0
2012540,23.284899,-7.4614,0
2012600,14.703,-7.993,0
2012630,12.807899,-8.0387,0
2012780,18.743,-8.4945,0
2012810,25.756899,-6.858,0
2012840,23.6029,-5.2405996,0
2012870,29.756899,-6.4607,0
2012990,22.253,-5.4512,0
2012990,22.253,-5.4512,0
2013020,23.8289,-7.3594,0
2013050,26.175798,-5.1802,0
2013110,29.559898,-6.0734997,0
2709440,17.8109,-15.988199,0
2709540,18.284899,-14.7072,0
2723010,17.6359,-14.389199,0
2705430,14.9239,-18.1373,0
2700022,17.788,-18.2073,0
2706300,17.9869,-17.5354,0
2720580,17.3459,-18.7027,0
2712360,17.197,-18.8451,0
2728230,16.7549,-18.2117,0
2740830,16.5769,-17.8379,0
2720550,17.5849,-16.9055,0
2738280,17.881899,-17.1611,0
2728350,16.6019,-17.9834,0
2717010,17.291,-20.2883,0
2700109,19.559,-17.167599,0
2740860,17.468,-16.822199,0
2717460,16.3199,-15.3364,0
2723580,20.9189,-14.695399,0
2741850,20.3008,-20.6077,0
2703060,16.2199,-17.0597,0
2713380,15.9809,-16.4442,0
2732850,16.7379,-16.6744,0
2710260,17.1749,-18.107199,0
2728170,17.0529,-17.943699,0
2704470,16.579,-16.2073,0
2700105,17.204,-16.4708,0
2721420,16.5979,-17.9806,0
2740810,17.697899,-18.315199,0
2700162,17.4499,-18.2889,0
2700326,17.5439,-14.4726,0
2741430,16.378,-15.133699,0
2717570,18.7719,-20.8288,0
2700385,17.7048,-19.7908,0
2700382,16.6719,-17.125,0
2700127,16.2749,-19.7418,0
2723550,16.4799,-19.903599,0
2718920,17.3389,-20.3069,0
2791446,15.1749,-20.2376,0
2700024,16.3829,-19.605,0
2700328,17.1949,-16.537699,0
2700104,17.3489,-17.125,0
2703300,16.746,-17.4004,0
2713890,17.7089,-17.0748,0
2700103,18.7139,-19.6996,0
2730510,16.611,-20.173899,0
2730510,16.611,-20.173899,0
2718240,16.395,-17.2551,0
2740920,17.187,-18.2889,0
2712480,19.854,-14.4801,0
2700090,18.7299,-14.546599,0
2710090,15.781899,-15.4569,0
2702730,18.246,-14.453199,0
2744160,18.270899,-14.4755,0
2713930,17.9069,-14.2486,0
2710060,18.225,-15.4038,0
2703150,18.1749,-15.6001,0
2717220,18.034899,-15.8454,0
2732880,17.6509,-16.6504,0
2732880,17.6509,-16.6504,0
2700106,18.0779,-15.9515,0
2723400,19.1089,-16.225,0
2742720,17.673899,-16.0571,0
2713040,20.753,-14.1145,0
2700099,17.635,-15.1819,0
2700125,16.868,-16.167599,0
2702930,18.2089,-16.4818,0
2732820,17.3109,-16.5277,0
2700183,17.4329,-14.559799,0
2700132,16.6499,-14.702,0
2742120,19.3769,-18.8514,0
2700383,17.3839,-16.739,0
2711880,18.0769,-17.4464,0
2732460,18.1049,-17.6602,0
2711220,17.7649,-14.5703,0
2700110,17.940899,-15.077,0
2700182,17.677,-15.0618,0
2700019,14.7609,-16.7299,0
2725140,14.9899,-17.0839,0
2700163,17.7749,-15.6257,0
2700101,17.9949,-18.923899,0
2709360,19.003899,-18.994799,0
2718660,20.515799,-19.0924,0
2707450,17.0699,-17.595999,0
2742330,17.909,-17.083,0
2717120,15.7049,-16.1304,0
2700088,17.2789,-15.0443,0
2714190,17.7099,-16.6331,0
2723370,17.201,-18.9335,0
2704440,17.555,-19.4175,0
2717940,18.4499,-18.961899,0
2711910,18.4849,-19.3107,0
2700023,16.2978,-15.4983,0
2733210,18.5459,-14.868099,0
2728080,17.5669,-18.952,0
2717880,17.59,-20.5142,0
2791447,14.877899,-19.9538,0
2711130,15.8229,-19.2052,0
2712180,16.0839,-19.201899,0
2703570,19.0389,-19.7388,0
2738850,15.5309,-19.654999,0
2703540,18.5299,-20.642399,0
2733390,17.8809,-15.0443,0
2730450,16.371,-19.5352,0
2791449,18.1689,-19.507599,0
2709720,15.564899,-19.3484,0
2702910,17.854,-18.5655,0
2708070,18.2519,-19.129,0
2707470,19.444899,-14.9179,0
2711460,17.815899,-14.2894,0
2718330,18.1689,-14.1739,0
2728970,16.406,-18.3915,0
2728200,18.159,-18.02,0
2713560,16.8169,-18.225899,0
2700124,20.847,-13.8666,0
2711190,17.4258,-15.916599,0
2723490,19.0059,-14.464399,0
2742780,18.4589,-14.459,0
2700107,17.5158,-20.434,0
2713020,14.8959,-19.9748,0
2732250,18.2019,-20.6322,0
2703750,15.139899,-17.787699,0
2710230,16.7819,-18.6758,0
2713860,16.211899,-18.2292,0
2723520,16.576,-18.504,0
2706150,16.5879,-17.6117,0
2733900,16.753,-17.8866,0
2732970,17.7929,-18.5096,0
2732520,17.184,-16.9074,0
2712580,18.121899,-15.311899,0
2705730,16.4139,-19.5585,0
2700091,17.3739,-15.8696995,0
2728140,17.9228,-16.1301,0
2700123,18.9249,-15.214299,0
2714970,18.2078,-15.4688,0
2702640,19.9179,-15.184099,0
2703660,17.031,-17.7082,0
2713680,16.7969,-15.7079,0
2721270,14.9258995,-14.8575,0
2712300,20.4039,-19.7416,0
2700150,16.3269,-16.2005,0
2708940,17.4209,-16.5721,0
2718210,18.531,-15.7720995,0
2721320,19.385,-15.6531,0
2791445,21.468899,-14.4052,0
2718570,20.8739,-14.3505,0
2740680,20.718899,-14.1026,0
2733600,19.569899,-14.3475,0
2707320,18.0858,-14.328,0
2700231,17.2939,-14.3064995,0
2718960,19.354,-14.1093,0
2714040,17.895,-14.4291,0
2700128,20.2589,-15.2871,0
2705660,16.878899,-15.7156,0
2718940,17.097,-14.750899,0
2700294,17.527899,-14.8111,0
2700108,14.9909,-14.846,0
2728110,16.447899,-17.986,0
2921840,44.4139,-5.6816,0
2915330,39.1849,-6.0987,0
2927600,44.5359,-5.6608996,0
2911760,19.3759,-9.7312,0
2929490,23.982899,-8.843699,0
2910260,20.1099,-9.0871,0
2923190,20.1189,-8.682,0
2928500,22.326899,-9.2789,0
2931950,64.1809,-4.4969,0
2902970,23.489,-9.1356,0
2927060,23.923899,-8.461599,0
2926310,41.61,-5.901,0
2907020,27.531898,-8.8347,0
2923670,26.9459,-8.6619,0
2932250,27.086899,-8.9362,0
2921660,22.472898,-9.7262,0
2932300,21.8489,-9.8892,0
2932300,21.8489,-9.8892,0
2914340,34.1059,-6.3459997,0
2905310,35.1289,-6.8111,0
2916400,32.4589,-6.3417,0
2908250,32.7959,-5.9472,0
2913080,35.0209,-7.1805,0
2915480,35.2309,-6.7669997,0
2926070,34.5799,-6.4256,0
2916660,36.7319,-6.9621,0
2912290,34.0929,-7.1812,0
2913140,34.2259,-6.257,0
2927900,56.6359,-4.322,0
2918300,35.4519,-6.5829997,0
2919230,35.5468,-6.7788,0
2904620,34.5509,-6.421,0
2925330,35.8649,-6.7914,0
2907350,46.4469,-4.3894,0
2923730,34.7889,-6.4621,0
2903200,37.0939,-6.7985997,0
2902850,38.8139,-6.5116,0
2920820,37.7319,-6.2802,0
2911070,35.4539,-6.5586996,0
2910590,25.190899,-7.7967997,0
2911940,26.121899,-7.9459996,0
2929940,19.9898,-9.9116,0
2923220,34.443,-7.6868,0
2923550,34.375,-7.0218,0
2911250,27.4109,-8.3625,0
2930600,24.072899,-8.9769,0
2922560,20.9909,-9.2115,0
2916590,23.9679,-9.2978,0
2922710,22.2649,-9.1076,0
2916200,22.6689,-9.5043,0
2920490,21.621,-9.8891,0
2921690,22.093899,-10.2332,0
2923010,35.3149,-7.0618,0
2928410,29.767899,-7.5881,0
2911650,31.9469,-7.6952,0
2916450,29.4809,-7.6439996,0
2912930,50.4039,-4.9417,0
2917850,47.053898,-4.9446,0
2928170,46.5879,-5.2871,0
2913760,35.5499,-6.69,0
2931800,34.8959,-6.7335,0
2916140,49.326,-4.6521,0
2929340,23.2519,-9.255,0
2921480,20.520899,-8.9815,0
2920550,25.854,-8.8944,0
2927570,23.062,-8.783299,0
2920610,62.6189,-3.945,0
2930420,61.0019,-4.5653996,0
2921810,60.333897,-4.3392,0
2930900,20.1709,-10.0387,0
2904170,41.5408,-6.4368,0
2906360,40.18,-6.138,0
2917970,30.857899,-8.559899,0
2923250,26.1339,-8.941999,0
2905910,43.3518,-5.0127,0
2918510,44.4708,-4.7866,0
2910800,55.6269,-4.5201,0
2931500,50.9559,-4.3434,0
2927540,57.6209,-4.6679,0
2907460,51.7959,-4.6243,0
2916350,52.935898,-4.3522,0
2922830,28.458899,-7.6685996,0
2931710,27.159899,-7.6408,0
2918220,31.281898,-8.254,0
2925230,30.243,-7.2089996,0
2918540,31.590899,-7.437,0
2925290,29.465899,-8.451799,0
2922800,32.8099,-6.914,0
2926790,19.1899,-9.6009,0
3000099,77.509895,-9.7383995,0
3000102,9.203,-11.0352,0
3000654,38.5389,-13.236199,0
3001860,131.05989,-7.3145,0
3002640,9.314,-15.232599,0
3002730,9.4179,-12.8874,0
3003270,7.138,-12.002399,0
3003750,12.4258995,-12.406899,0
3004800,16.9069,-9.4678,0
3004980,7.2839,-10.5696,0
3006110,34.026,-6.7918997,0
3007410,21.131899,-8.0508995,0
3008130,12.7829,-10.913,0
3008280,92.8359,-8.058599,0
3009120,11.6289,-14.4663,0
3009930,13.066899,-10.076,0
3011100,25.5649,-7.9417996,0
3011520,54.812897,-7.6531,0
3011650,11.547899,-9.8681,0
3012210,15.9219,-11.3104,0
3012300,16.656,-9.5233,0
3012420,10.592899,-15.6381,0
3012840,24.2769,-10.0163,0
3013260,25.621,-8.3414,0
3013470,8.9468,-9.458799,0
3013530,13.097,-9.1703,0
3013660,13.290899,-12.263,0
3014070,19.2489,-9.8646,0
3014430,14.120899,-10.1715,0
3014640,40.0279,-6.3157,0
3014700,12.5289,-10.552,0
3014760,14.012,-11.2898,0
3016290,10.4899,-10.065599,0
3016530,46.9679,-7.3608,0
3016710,34.61,-12.0254,0
3016810,129.0269,-10.573999,0
3017580,9.7259,-14.366799,0
3018170,8.3229,-17.2458,0
3019170,9.8639,-15.6391,0
3019740,7.8908997,-17.2957,0
3020850,38.3919,-6.6029997,0
3020960,10.0679,-18.1273,0
3021000,11.4359,-13.9484,0
3022710,11.116,-9.124599,0
3022920,11.9969,-12.760799,0
3023160,11.3629,-11.531099,0
3023340,10.191899,-10.0425,0
3023670,9.4809,-17.1499,0
3024930,88.316795,-7.1085,0
3024990,16.409,-10.475699,0
3025320,12.163899,-11.7884,0
3025470,105.611,-7.5920997,0
3025950,7.8209,-14.177,0
3026730,6.4609,-10.216,0
3027270,43.1599,-7.6738997,0
3027630,51.4659,-15.6387,0
3027730,11.3919,-17.9377,0
3027930,10.144899,-16.7166,0
3028020,8.250899,-13.8303995,0
3028380,15.7149,-11.3105,0
3028470,11.262,-11.6124,0
3028770,24.666899,-11.0619,0
3100002,17.6779,-10.6827,0
3100003,17.687,-10.6883,0
3100004,14.604899,-11.8695,0
3100006,17.1119,-11.349999,0
3100008,15.2929,-11.7536,0
3100010,12.427899,-10.6791,0
3100011,10.5679,-10.7708,0
3100012,10.5329,-10.4477,0
3100015,9.972899,-9.9994,0
3100016,14.941899,-9.5341,0
3100018,9.076,-9.5619,0
3100021,19.2209,-9.84,0
3100022,8.505,-10.3913,0
3100023,9.4039,-10.2269,0
3100024,8.1129,-10.1470995,0
3100025,13.743899,-11.407599,0
3100029,16.1399,-9.408199,0
3100034,20.1499,-10.2631,0
3100041,14.7589,-11.7325,0
3100065,13.863899,-9.7824,0
3100066,14.9059,-9.595699,0
3100067,8.189,-8.4481,0
3100070,10.748,-9.6792,0
3100071,17.9329,-11.1476,0
3100072,8.9519,-9.082399,0
3100073,12.0229,-10.6585,0
3100076,17.006899,-10.9973,0
3100077,10.493,-9.366799,0
3100080,12.3379,-9.5281,0
3100082,13.0029,-10.9411,0
3100085,13.7799,-10.158899,0
3100088,19.034899,-9.448999,0
3100089,14.606899,-9.804299,0
3100090,7.184,-9.790199,0
3100091,15.1809,-10.2624,0
3100095,18.0319,-9.6055,0
3100096,17.5109,-9.8301,0
3100097,7.2068996,-9.5219,0
3100098,7.4849,-9.2964,0
3100099,16.018799,-10.0796995,0
3100105,7.9849,-9.1243,0
3100109,11.741,-9.813399,0
3100110,7.9108996,-9.4485,0
3100111,11.052899,-9.7575,0
3100112,15.6959,-10.9291,0
3100114,17.4519,-10.8701,0
3100115,17.3929,-10.6325,0
3100116,19.107,-9.5833,0
3100117,15.8229,-9.7459,0
3100118,16.0858,-9.5745,0
3100120,9.057899,-9.5008,0
3100121,14.625,-9.4906,0
3100122,15.7829,-9.5573,0
3100123,16.1749,-9.7911,0
3100124,18.711899,-9.3467,0
3100125,16.7999,-9.1971,0
3100129,16.6779,-10.4102,0
3100130,16.0359,-9.9531,0
3100132,18.67,-9.190599,0
3100133,16.9079,-9.7101,0
3100134,12.330899,-9.4092,0
3100140,7.006,-9.5439,0
3100141,15.526,-12.0022,0
3100157,8.7829,-9.2677,0
3100163,8.8649,-9.4187,0
3100165,19.6059,-10.205999,0
3100170,9.826,-10.7375,0
3100172,11.5209,-10.957399,0
3100176,20.0508,-9.8165,0
3100178,9.4029,-9.735499,0
3100179,19.7629,-9.3414,0
3100183,15.0239,-11.3695,0
3100184,13.4829,-10.9994,0
3100185,12.764899,-11.3667,0
3100187,10.557,-11.602099,0
3100189,14.304899,-11.1531,0
3101992,20.3529,-9.660299,0
3102770,15.0749,-9.4755,0
3102790,11.611,-10.179299,0
3102820,13.651899,-11.1243,0
3102880,15.0838995,-12.0432,0
3102910,7.8588996,-10.531099,0
3103060,13.064899,-10.976399,0
3103090,10.7009,-9.808599,0
3103120,12.4948,-11.169499,0
3103130,18.618,-10.1651,0
3103210,8.939,-10.125899,0
3103330,20.1379,-9.6356,0
3103360,16.222,-9.5605,0
3103420,12.6349,-9.4152,0
3103440,16.8099,-11.783199,0
3103540,14.0369,-11.4737,0
3103600,18.145899,-9.458,0
3103810,20.503899,-10.1756,0
3103990,19.3839,-10.123,0
3104020,10.557,-9.576,0
3104100,19.236,-10.4495,0
3104140,14.8799,-10.8,0
3104200,15.4969,-9.958099,0
3104290,9.6989,-10.024799,0
3104640,12.880899,-11.3359995,0
3104870,18.2398,-10.457399,0
3104920,17.354,-9.568999,0
3104950,18.4049,-10.497499,0
3104980,10.5398,-10.4327,0
3105010,13.3779,-11.135799,0
3105160,15.7829,-11.2624,0
3105280,11.1219,-10.3382,0
3105340,16.107899,-10.6293,0
3105460,10.3928995,-9.788,0
3105520,11.34,-10.0777,0
3105550,14.2609,-11.512899,0
3105630,14.8659,-11.9272995,0
3105910,17.437,-9.309299,0
3105970,18.1779,-9.335,0
3109120,8.75,-9.4314995,0
3119560,16.6849,-11.8175,0
3162950,13.7379,-9.8456,0
3169840,17.75,-9.621099,0
3170020,13.5019,-10.5436,0
3170050,13.9429,-11.1553,0
3170110,19.7439,-10.1089,0
3170140,11.5469,-9.4552,0
3170220,10.6979,-9.7452,0
3170440,19.1549,-9.2224,0
3170530,19.9359,-9.1315,0
3170650,19.0879,-10.5102,0
3170710,18.9739,-10.2746,0
3170800,7.6449,-10.192699,0
3170980,13.2529,-9.3983,0
3171010,15.545899,-9.4896,0
3171100,9.635799,-9.9187,0
3171220,20.4039,-10.05,0
3171370,16.055899,-9.692599,0
3171520,14.7569,-12.0871,0
3171550,15.552,-9.5802,0
3171580,15.1619,-9.4636,0
3171610,10.533899,-10.781,0
3171730,8.1758995,-10.0559,0
3171820,7.6429,-10.2389,0
3171940,12.9249,-9.3562,0
3172000,15.2669,-12.1602,0
3172150,15.2189,-11.1616,0
3172210,8.500899,-10.413,0
3172335,19.928799,-9.7347,0
3172390,12.788,-9.5054,0
3172420,14.177899,-9.5043,0
3172480,10.2779,-10.778999,0
3172570,6.539,-9.3921995,0
3172720,15.6029,-11.2389,0
3172780,18.777,-9.553599,0
3172810,10.6549,-9.535299,0
3172840,18.7899,-9.7319,0
3172840,18.7899,-9.7319,0
3172910,12.986,-10.791599,0
3172990,11.7859,-9.4053,0
3173050,20.7078,-9.939899,0
3173090,14.078899,-11.235499,0
3173120,13.2019,-11.2087,0
3173210,17.295,-11.5508995,0
3173230,14.953899,-11.2599,0
3173290,18.6408,-9.8804,0
3173440,8.7898,-9.833,0
3173470,7.9349,-9.589499,0
3173500,15.9639,-10.0605,0
3173560,9.1679,-10.1556,0
3173590,18.1499,-10.3014,0
3173600,8.4219,-9.7115,0
3173660,18.1239,-9.4046,0
3173710,17.7349,-9.8726,0
3173740,20.232899,-9.9832,0
3173800,6.7118998,-9.5927,0
3173830,12.995899,-9.3758,0
3173890,6.3629,-9.5643,0
3174040,9.9039,-9.9137,0
3174160,21.2619,-9.7185,0
3174200,20.541899,-9.536799,0
3174220,14.4449,-11.1138,0
3174340,14.4059,-11.0803995,0
3174370,12.4109,-12.290299,0
3174430,14.238899,-11.63,0
3174580,14.9649,-9.5394,0
3174640,17.4258,-11.2016,0
3174760,8.4549,-9.1627,0
3174820,20.0399,-10.0025,0
3174820,20.0399,-10.0025,0
3174850,12.354899,-11.0967,0
3174940,13.552899,-11.108399,0
3175000,16.267,-9.8871,0
3175030,13.512,-11.7472,0
3175060,11.2379,-9.605599,0
3175210,20.2369,-9.7462,0
3175270,20.756899,-10.122399,0
3175330,20.229,-9.2641,0
3175360,8.847,-9.7027,0
3175390,16.0919,-11.934999,0
3175510,13.519899,-11.721,0
3175570,15.085,-11.380199,0
3175630,20.951899,-10.1033,0
3175660,20.7479,-9.852099,0
3175690,12.189,-9.878799,0
3175770,15.3659,-12.2044,0
3175810,6.467,-9.6792,0
3175900,20.4548,-9.946,0
3175930,14.1009,-11.592199,0
3175960,12.7919,-10.0493,0
3175990,13.762899,-9.9064,0
3176170,12.804899,-10.7953,0
3176380,12.250899,-9.866799,0
3176400,13.545899,-12.1009,0
3176410,13.743,-11.1033,0
3176450,16.916,-10.8414,0
3176470,6.381,-9.475699,0
3176560,17.041899,-10.2824,0
3176590,15.0248995,-10.159599,0
3176620,13.953899,-9.6174,0
3176650,18.7449,-9.570399,0
3176710,7.0209,-9.2041,0
3176800,7.5649,-11.163899,0
3176860,15.686899,-12.1683,0
3176980,15.177,-10.665299,0
3177100,12.7789,-10.4755,0
3177180,18.635899,-9.462299,0
3177190,19.7108,-9.69,0
3177340,10.71,-10.1406,0
3177520,16.0089,-9.6809,0
3177550,19.8298,-9.8238,0
3177730,11.184899,-10.0384,0
3178020,10.2979,-10.1147995,0
3178120,12.998,-11.5514,0
3178210,18.246,-10.3344,0
3178240,16.6029,-11.968599,0
3178260,8.2678995,-9.807,0
3178300,16.447899,-11.8303995,0
3178450,14.3329,-11.4615,0
3178520,14.946,-11.8365,0
3178540,21.3309,-9.8857,0
3178660,20.2299,-9.9541,0
3178670,12.8319,-11.3445,0
3178720,18.1689,-9.4689,0
3178810,15.590899,-11.9277,0
3178840,15.2088995,-11.6153,0
3178940,14.408899,-9.5004,0
3178990,14.5629,-12.420799,0
3179050,16.881899,-9.9615,0
3179080,18.8648,-10.1999,0
3200030,20.638899,-6.4133,0
3200060,15.0299,2.7538998,0
3200090,62.2889,-5.0341,0
3200120,33.159,-10.8666,0
3200150,8.8129,-5.6654,0
3200180,24.7729,-9.7252,0
3200210,25.690899,-7.0994,0
3200240,24.756899,-8.908299,0
3200270,23.7839,-6.1022,0
3200300,17.1728,-6.671,0
3200330,15.785899,-5.1563,0
3200360,30.920898,-4.9674,0
3200390,45.2859,-5.6524,0
3200420,27.934898,-6.6419997,0
3200450,59.4399,-4.4091,0
3200480,37.5849,-4.6777,0
3200510,23.8769,-10.6609,0
3500001,12.960899,-5.7486,0
3500010,12.1159,-5.3511996,0
3500030,12.8369,-2.6905,0
3500060,10.1038,-5.9214,0
3500060,10.1038,-5.9214,0
3500090,28.746899,-2.9738998,0
3500120,9.7768,-2.8465,0
3500150,36.151,-8.547999,0
3500180,9.116,-6.1433,0
3500210,11.6469,-5.6531,0
3500240,16.8449,-8.307,0
3500270,16.093899,-4.709,0
3500300,10.7989,-1.9552,0
3500330,15.342899,-4.42,0
3500390,11.703899,-7.0639997,0
3500420,38.650898,-12.1374,0
3500480,10.986,-9.88,0
3500510,9.326,-6.9175,0
3500540,25.7269,-4.5151997,0
3500570,13.361,-4.2044,0
3500600,28.2269,-6.256,0
3500630,14.5759,-5.104,0
3500660,12.0689,-9.361199,0
3500690,15.9909,-2.6482,0
3500720,10.446,-7.9680996,0
3500750,9.939899,-3.6411,0
3500790,12.887,-4.309,0
3500810,37.6279,-11.8772,0
3500840,13.4219,-3.7672,0
3500900,14.3819,-7.5167,0
3500930,12.96,-8.5697,0
3500960,13.5359,-1.8004999,0
3500990,18.1259,-7.4754996,0
3501020,11.783899,-3.9743998,0
3501050,9.7539,-4.5755,0
3501080,12.078899,-1.6065999,0
3501110,25.4629,-8.6427,0
3501140,13.052,-4.519,0
3501170,15.7919,-8.893499,0
3501200,9.8969,-3.5326,0
3501230,12.486,-4.2009,0
3501260,13.908899,-1.9872999,0
3501290,10.064,-4.0784,0
3501320,9.5289,-4.5927997,0
3501350,13.8319,-1.74,0
3501380,27.9599,-11.626599,0
3501410,15.814899,-6.1819997,0
3501470,9.8538,-3.2935,0
3501500,13.6609,-1.2609,0
3501530,12.2669,-7.8675,0
3501560,11.505899,-5.7103,0
3501590,10.861,-5.1984997,0
3501620,20.6369,-3.0532,0
3501650,21.5,-7.6861997,0
3501680,11.375,-5.6717,0
3501710,11.283899,-1.7328999,0
3501740,12.6807995,-3.263,0
3501770,14.519899,-8.4436,0
3501800,10.144899,-9.5078,0
3501830,11.578899,-4.2381,0
3501860,20.8289,-8.5626,0
3501890,12.446,-8.0388,0
3501920,9.5619,-5.0762,0
3501950,17.107,-5.4925,0
3501980,29.104,-11.0338,0
3502010,29.1269,-9.0713,0
3502040,45.7059,-10.475699,0
3502070,13.4379,-7.2788,0
3502100,11.9899,-4.8396,0
3502130,17.4578,-9.633699,0
3502160,64.011,-12.5267,0
3502190,9.0029,-8.816999,0
3502220,47.6549,-6.7535996,0
3502250,9.215899,-4.3427,0
3502280,9.7119,-7.6405997,0
3502310,19.4109,-4.548,0
3502340,14.4249,-4.4621,0
3502370,15.368899,-6.9782,0
3502400,12.000899,-4.6482997,0
3502430,34.618,-2.8125,0
3502460,8.7239,-6.1485,0
3502490,9.3509,-8.964499,0
3502520,18.2059,-11.279099,0
3502550,12.1409,-4.0102997,0
3502580,13.4909,-4.6363,0
3502610,10.4079,-2.0827,0
3502640,11.5989,-4.4375,0
3502670,24.9739,-3.7624,0
3502730,13.8159,-9.0233,0
3502800,23.3029,-8.6385,0
3800014,11.6879,-16.3171,0
3800016,10.2399,-16.467499,0
3800017,10.4099,-16.4512,0
3800018,13.012,-19.6441,0
3800021,11.5879,-17.2237,0
3800023,8.887899,-13.9085,0
3800024,11.7459,-18.3332,0
3800025,15.710899,-17.9357,0
3800027,7.013,-14.4628,0
3800029,10.906899,-18.3899,0
3800031,10.748899,-16.656,0
3800032,10.736,-16.5317,0
3800036,16.0839,-17.668299,0
3800038,9.9239,-14.946199,0
3800039,12.8889,-18.4545,0
3800040,12.736899,-19.086,0
3800041,14.3008995,-18.8015,0
3800042,13.137899,-18.4674,0
3800043,12.368,-17.1528,0
3800044,15.8729,-18.4244,0
3800045,9.9179,-15.288899,0
3800046,9.8819,-14.946,0
3800047,12.323899,-19.4944,0
3800048,8.7979,-15.196099,0
3800049,11.5078,-17.8267,0
3800050,12.465899,-18.7082,0
3800052,11.5699,-16.3794,0
3800054,12.498899,-19.6576,0
3800056,12.842899,-19.2903,0
3800057,13.330899,-17.3284,0
3800058,12.3928995,-17.5485,0
3800059,11.2829,-18.2236,0
3800060,12.514899,-17.9105,0
3800061,14.790899,-17.8402,0
3800389,12.0939,-17.4364,0
3800390,11.873899,-20.125,0
3800397,13.9769,-19.2446,0
3800404,13.715899,-18.6674,0
3800825,13.3699,-19.8942,0
3801760,9.538,-15.6045,0
3801950,11.1679,-17.9874,0
3802170,11.7849,-16.578499,0
3802380,9.927,-13.7364,0
3802530,13.861,-19.7398,0
3803060,14.3229,-20.2269,0
3803090,14.4689,-18.4834,0
3803200,10.361,-13.2297,0
3803590,13.3329,-18.6969,0
3804090,13.840899,-18.1625,0
3804140,16.4349,-18.9722,0
3804560,12.710899,-18.7952,0
3805040,11.769899,-19.0865,0
3805160,13.507899,-18.0459,0
3805340,15.5569,-19.6686,0
3805460,15.4779,-20.0345,0
3805850,13.561899,-16.6875,0
3805950,14.5609,-20.0233,0
3806010,9.642,-15.953,0
3806090,13.1819,-16.5506,0
3806210,9.781,-14.3104,0
3806690,17.9389,-17.501299,0
3806780,16.42,-17.9123,0
3806910,12.967,-18.7992,0
3806930,10.9299,-15.886499,0
3807170,11.182,-18.621199,0
3807200,10.158899,-15.224099,0
3807590,11.861,-17.072199,0
3807830,10.3598995,-15.7395,0
3807850,13.361899,-18.5031,0
3807950,11.663899,-17.3344,0
3808130,15.0829,-19.1224,0
3808460,10.6399,-17.855,0
3808610,10.885799,-15.692699,0
3808710,18.053799,-17.173,0
3808890,11.295899,-18.089699,0
3808890,11.295899,-18.089699,0
3809000,14.375899,-18.8395,0
3809130,11.005,-16.4764,0
3809180,8.9429,-15.6128,0
3809410,8.6739,-14.312799,0
3809570,16.065899,-18.7152,0
3810180,13.1529,-18.0832,0
3810260,11.5939,-17.7012,0
3810270,11.413,-15.177,0
3810500,12.795,-16.833,0
3810600,12.3439,-19.204199,0
3810740,14.321899,-17.1301,0
3810810,12.3449,-20.538,0
3810860,14.5969,-19.097,0
3810980,11.2919,-19.545399,0
3811140,17.336899,-16.8922,0
3811430,15.7669,-17.465399,0
3811700,11.557,-18.670399,0
3811820,10.1129,-16.0438,0
3811850,10.9829,-16.223,0
3812020,14.012899,-18.186499,0
3812350,13.672899,-17.4708,0
3812430,12.2189,-17.0457,0
3812540,11.6469,-15.715099,0
3812660,11.6469,-17.527899,0
3812920,14.269,-18.9468,0
3812930,15.811899,-17.343,0
3812990,10.7019,-19.172499,0
3813030,14.703,-17.7537,0
3813050,14.467899,-19.218,0
3813200,12.210899,-16.5242,0
3813230,11.9079,-17.364,0
3813400,14.335899,-19.6947,0
3813440,13.5439,-20.3641,0
3813510,13.6559,-17.193699,0
3813710,13.3789,-18.1696,0
3813920,12.260799,-16.6336,0
3814290,14.764899,-17.0186,0
3814340,14.1419,-19.028599,0
3814500,13.9049,-17.341099,0
3814940,10.5989,-17.286999,0
3816050,10.8319,-20.147099,0
3816090,9.9549,-15.006,0
3816130,12.373899,-19.5417,0
3816430,15.526899,-17.2628,0
3816470,13.67,-17.4111,0
3816510,9.5508995,-15.073999,0
3816980,10.2288,-16.1448,0
3817040,13.5248995,-17.956299,0
3817130,9.88,-14.8467,0
3817460,16.5839,-19.881899,0
3817570,13.439899,-17.9333,0
3817670,11.5949,-19.7159,0
3817910,12.71,-18.447699,0
3818280,15.255899,-18.996,0
3818500,13.6819,-17.2908,0
3818660,12.5089,-16.862099,0
3818730,13.4579,-17.357899,0
3818850,13.368,-18.2437,0
3819020,17.045,-17.6266,0
3819260,11.328,-18.6343,0
3819290,10.9379,-16.668999,0
3819410,16.2679,-18.008299,0
3819470,14.196,-19.9228,0
3819680,10.873,-16.6395,0
3820130,11.802,-17.0109,0
3820190,11.7239,-16.8838,0
3820310,16.1949,-17.4284,0
3820400,10.373,-16.5508,0
4030480,12.019,-6.6713996,0
4004860,9.748899,-6.935,0
4011580,9.241,-6.9091,0
4016650,62.9339,-1.9915999,0
4006390,62.68,-2.0119,0
4019440,64.8779,-1.8348999,0
4027000,65.5728,-1.8399999,0
4025410,64.2639,-1.7123,0
4015450,59.9179,-1.8830999,0
4012180,18.625,-6.1268,0
4003750,13.750899,-6.7967,0
4002520,51.0029,-3.8076,0
4016380,53.263897,-3.6487,0
4032190,43.2449,-4.7588,0
4007380,47.3409,-3.7489,0
4017760,45.603,-3.0974,0
4032880,51.4519,-2.8629,0
4002720,22.913,-4.5253,0
4005910,23.659899,-5.058,0
4007290,34.7268,-3.115,0
4019680,37.3379,-2.9975,0
4018630,32.6459,-2.9452999,0
4023340,41.7799,-2.9873,0
4000021,39.1329,-4.8431,0
4008610,36.3139,-4.7504,0
4006000,45.9819,-2.3427,0
4032220,51.5839,-2.3959,0
4032430,55.581898,-2.4291,0
4019260,45.103,-2.8213,0
4012690,34.1529,-3.6187,0
4033360,36.1499,-3.6151998,0
4003210,76.956,-1.949,0
4004950,71.386,-2.296,0
4024630,75.5579,-2.0939999,0
4024870,69.0599,-2.4851,0
4024870,69.0599,-2.4851,0
4027450,71.0579,-2.3315,0
4032730,95.7719,-2.312,0
4003630,39.1949,-4.5801,0
4014970,37.9068,-3.796,0
4023580,36.8709,-4.7128,0
4025470,41.4109,-4.1043,0
4030048,33.763,-4.3901,0
4033330,36.7029,-4.1359,0
4011280,22.6148,-4.1215,0
4018700,56.1159,-0.95919997,0
4016590,58.7539,-0.7726,0
4009300,31.014898,-2.5807998,0
4027750,41.761898,-3.3114,0
4006960,32.2179,-2.8743,0
4007320,28.364899,-2.2705,0
4010890,34.6829,-2.0486999,0
4017250,30.250898,-2.3924,0
4028590,33.839,-2.5065,0
4031470,33.6399,-2.0757,0
4027930,24.75,-2.8608,0
4010710,30.5429,-2.4343998,0
4019080,36.937,-2.4377,0
4025860,41.275898,-1.3471,0
4005340,38.0159,-2.4354,0
4009510,45.3089,-2.177,0
4033300,44.0489,-1.9469999,0
4020040,50.9329,-2.0618,0
4007710,22.7129,-4.2592,0
4022650,21.9769,-3.9071,0
4002850,23.7139,-2.7444,0
4025500,85.499,-1.324,0
4027960,72.7719,-1.0618,0
4015090,11.9519,-6.6275,0
4013740,12.8159,-6.5713,0
4008940,31.3069,-3.9071,0
4010200,38.693,-3.2359998,0
4020340,31.8879,-4.2841997,0
4011880,15.309,-6.6454,0
4027540,18.2169,-5.6647,0
4003510,15.3859,-6.5102,0
4017220,19.0459,-5.8743,0
4031350,51.7319,-2.9821,0
4018000,57.0499,-3.5051,0
4008850,48.381897,-2.9924,0
4022620,55.625,-2.6059,0
4016560,28.170898,-3.911,0
4010050,28.5149,-3.8639,0
4023430,41.7189,-2.3825,0
4020880,73.2699,-2.3854,0
4024690,30.003899,-4.3961,0
4012570,24.9279,-3.3128998,0
4030600,44.1269,-3.0541,0
4005040,71.105896,-0.84779996,0
4006180,60.972,-0.4344,0
4027640,59.048,-0.768,0
4008040,39.0169,-3.4986,0
4004630,28.753899,-4.6781,0
4017880,36.2249,-2.5047,0
4021720,34.402,-2.5188,0
4021540,27.871899,-4.934,0
4021630,36.7649,-2.4621,0
4027840,96.107895,-1.9725,0
4014080,92.5699,-0.51699996,0
4003660,91.846,-1.9101,0
4015370,86.2939,-0.7197,0
4010440,93.678,-1.5213,0
4006270,54.4589,-2.1475,0
4005760,17.0749,-6.5551996,0
4000782,57.972,-2.1577,0
4011160,62.3849,-2.0651999,0
4013680,59.368,-2.0232,0
4002880,21.131899,-5.4828,0
4007410,23.645899,-4.8736,0
4000013,25.1019,-4.7458,0
4000013,25.1019,-4.7458,0
4021780,24.9578,-4.2536,0
4025920,23.128,-4.3076997,0
4004500,43.9309,-3.2953,0
4004360,28.3699,-4.7571,0
4014340,27.9779,-4.0071,0
4000797,24.1819,-3.1057,0
4006330,73.2819,-2.2709,0
4014160,78.827896,-2.46,0
4023370,71.7809,-2.3416,0
4013620,68.9789,-1.7461,0
4016500,42.5019,-3.1009998,0
4007620,33.5709,-2.5205,0
4009060,31.718899,-2.4637,0
4015840,32.7789,-2.743,0
4004830,43.900898,-4.3108,0
4031290,48.701,-4.0464,0
4029380,64.0728,-2.8048,0
4020080,31.0029,-2.6432998,0
4032370,31.0639,-2.4947,0
4009090,62.8929,-1.8477999,0
4029400,77.1459,-2.2087,0
4008790,27.635,-4.0706,0
4009570,30.1299,-2.9693,0
4020910,29.194899,-3.8802,0
4006850,47.2729,-2.343,0
4031170,21.8029,-5.3048,0
4004650,25.303799,-3.2551,0
4014850,19.635899,-3.6466,0
4010260,23.385899,-3.003,0
4021180,24.6479,-3.0979998,0
4025950,34.548,-3.9736998,0
4028680,31.1059,-4.0116,0
4007670,50.7449,-3.6237998,0
4007740,45.0179,-3.7098,0
4012090,45.9179,-3.2983,0
4015480,49.1979,-3.6625998,0
4019290,40.518898,-2.3753,0
4005130,42.332,-2.6201,0
4027300,42.27,-2.4687998,0
4030990,42.6959,-2.2495,0
4014130,43.0499,-1.7675999,0
4013200,31.5299,-2.0074,0
4012150,27.083,-2.1849,0
4030030,25.7909,-2.4236999,0
4003000,28.159899,-3.0088,0
4033603,26.3079,-3.1525,0
4033602,27.2829,-2.9234998,0
4004230,37.1669,-2.3752,0
4010500,40.235,-2.2014,0
4029610,38.3419,-2.5195,0
4027570,38.4449,-2.4254,0
4009390,36.943,-2.519,0
4009390,36.943,-2.519,0
4031500,40.1409,-2.3866,0
4000015,23.4119,-3.9917998,0
4029430,20.1849,-4.6935,0
4019410,71.914,-2.3724,0
4016620,65.263,-2.4672,0
4006870,45.5729,-3.5388,0
4006060,49.199898,-2.1389,0
4030960,46.138,-2.0765998,0
4002430,49.7459,-2.2101,0
4017190,49.4218,-2.1375,0
4012420,27.6209,-4.3154,0
4031950,26.2789,-4.2539997,0
4023040,42.548,-3.9638999,0
4023280,43.310898,-3.3532,0
4027390,46.3079,-3.8637,0
4018390,25.305899,-3.3495998,0
4010920,25.850899,-4.2788,0
4024510,26.951899,-4.2216,0
4027630,30.673899,-4.9291,0
4030120,28.3379,-4.4470997,0
4015240,58.4129,-2.7826,0
4015120,74.2939,-2.3801,0
4028200,72.388,-2.2632,0
4032970,71.0029,-2.4782,0
4028800,51.8029,-2.1582,0
4009910,49.187,-1.1419,0
4024240,46.8439,-1.0745,0
4004110,30.0299,-2.5994,0
4022770,31.2079,-2.46,0
4025290,30.052,-2.5922,0
4018090,45.3349,-1.2278,0
4030300,45.0529,-1.3765999,0
4025320,49.817898,-4.1173,0
4033240,54.164898,-3.9619,0
4012870,10.2319,-6.3648,0
4030330,12.6819,-6.8975,0
4013590,11.0949,-6.3957996,0
4029820,11.092899,-6.3013997,0
4033390,10.6909,-6.1903996,0
4023610,33.957,-4.0682,0
4029886,25.263899,-3.2647,0
4022410,64.439896,-2.8402998,0
4015690,65.705,-3.3701,0
4008250,67.008896,-2.9937,0
4008250,67.008896,-2.9937,0
4015990,66.425896,-2.9435,0
4021000,29.9049,-2.7136998,0
4023970,28.7899,-2.9643,0
4030630,30.642899,-2.8623,0
4026280,49.1549,-2.0758,0
4029160,49.020897,-2.128,0
4004350,32.1849,-1.6369,0
4029640,34.2599,-1.7824,0
4031980,38.061,-1.554,0
4009780,56.7319,-2.7546,0
4013950,51.6909,-2.9844,0
4020310,52.567898,-2.5541,0
4020550,43.7099,-2.7537,0
4025050,46.798,-2.6338,0
4024720,26.7689,-4.789,0
4011430,20.0579,-5.6176996,0
4008070,24.305899,-3.6488,0
4014670,55.6009,-2.5295,0
4011970,58.368,-2.6229,0
4014520,57.5739,-2.5678,0
4020970,56.7789,-2.648,0
4031650,61.208897,-2.5606,0
4011250,53.1769,-3.8392,0
4019860,49.444,-4.1928997,0
4005280,60.3029,-2.5995998,0
4008460,35.7319,-1.9662,0
4007350,62.5719,-2.2891998,0
4024840,62.743,-2.3538,0
4023850,30.520899,-4.0724,0
4006510,22.322899,-3.5844,0
4013650,21.8298,-4.3859,0
4000032,24.0079,-3.4106998,0
4010740,21.5809,-3.4824998,0
4003120,22.1119,-3.7907,0
4017370,20.0789,-4.7111,0
4014700,22.600899,-3.24,0
4030270,56.8979,-2.1829,0
4002760,52.4689,-2.2869,0
4022560,38.7519,-3.7761998,0
4019950,32.847,-2.4563,0
4020250,33.2809,-2.4793,0
4017580,38.7259,-2.4401999,0
4016350,68.5059,-2.4549,0
4028650,63.868,-2.4368,0
4025800,19.607,-4.2174,0
4007500,19.729,-4.1942997,0
4018780,22.3449,-3.6906,0
4027060,20.277,-3.9559999,0
4011040,19.690899,-4.1268,0
4029310,18.701899,-3.9132,0
4019800,21.390799,-3.6229,0
4022830,58.9689,-2.6111,0
4032130,62.2859,-2.572,0
4008370,42.5179,-3.4694,0
4009750,38.5438,-3.2798998,0
4003810,43.7949,-2.9979,0
4014370,55.7189,-2.5249,0
4022800,47.7509,-3.1160998,0
4027090,54.3009,-2.7998,0
4006120,29.149899,-2.065,0
4012630,31.6689,-2.345,0
4015420,27.562899,-2.1763,0
4032010,40.011898,-2.3894,0
4025230,37.7299,-2.4981,0
4031710,36.1839,-2.7152998,0
4032070,23.7078,-3.4645,0
4016740,25.9329,-4.5274,0
4019620,25.8379,-4.8413,0
4017020,27.3589,-4.6005,0
4018660,38.7049,-2.7263,0
4005820,74.3348,-1.9649999,0
4032790,64.22,-1.9549999,0
4009240,35.3069,-3.2544,0
4006690,33.6139,-3.1394,0
4009450,36.3309,-3.4979,0
4019560,35.5389,-2.5353,0
4030060,52.9559,-1.3393999,0
4031080,29.9439,-2.9810998,0
4002910,31.0049,-2.8946998,0
4005400,32.1619,-2.6346998,0
4021510,32.8059,-2.523,0
4008640,25.253,-3.5498,0
4006630,26.625,-3.1411,0
4000014,23.746,-3.2303,0
4015720,43.249,-3.2184,0
4016170,41.006,-3.2238998,0
4018840,40.3458,-3.3049,0
4022860,40.2129,-3.2335,0
4026910,41.3279,-3.1843,0
4030240,43.1688,-3.0274,0
4030240,43.1688,-3.0274,0
4013530,59.701897,-3.5872998,0
4009810,37.5789,-4.7125,0
4026610,39.3789,-1.5748999,0
4030420,31.014898,-2.7038,0
4032280,33.8499,-3.1427,0
4004680,33.7908,-2.5815,0
4021360,42.928898,-2.5498,0
4016710,37.4329,-2.3257,0
4029040,42.118,-2.4917998,0
4005010,30.673899,-2.6712,0
4011700,31.954899,-2.3301,0
4013080,27.913,-3.2193,0
4014610,25.1469,-3.3358,0
4020100,29.3869,-3.0425,0
4012060,42.129898,-1.7759,0
4003180,47.1759,-0.9896,0
4028350,47.1399,-1.324,0
4031020,39.6359,-2.1496,0
4009870,35.6259,-2.6518998,0
4026550,35.7049,-2.6413,0
4003570,38.714,-4.0994,0
4025170,39.7859,-3.3557,0
4028170,41.513,-3.1625,0
4026880,41.2119,-3.0203,0
4006480,22.222,-4.0762,0
4005520,94.54,-1.3489,0
4030870,86.633896,-0.8605,0
4033210,89.4919,-1.2824,0
4003360,60.5379,-1.7868999,0
4007800,73.6809,-1.7069999,0
4008130,61.0509,-2.0902998,0
4013830,63.965897,-1.7371,0
4024180,67.2369,-1.5489,0
4030360,60.6569,-1.5850999,0
4031590,56.1089,-1.7878,0
4033601,64.3129,-0.7479,0
4012000,19.92,-5.796,0
4033180,20.7039,-5.5292,0
4032040,20.8319,-5.2700996,0
4020280,20.576,-5.2549996,0
4027240,21.135899,-4.6679,0
4003240,18.753,-5.2444997,0
4021030,21.2029,-5.3287997,0
4019980,55.4819,-1.5137999,0
4008310,56.701897,-1.4764,0
4012300,82.5,-0.70019996,0
4015210,76.568,-0.4527,0
4030197,53.0739,-2.8738,0
4013290,23.1509,-3.3421,0
4018270,24.8379,-3.151,0
4028710,72.2109,-2.9134,0
4005490,45.1809,-2.9449,0
4031860,67.6589,-3.0964,0
4032400,66.9598,-2.8961,0
4005460,41.7039,-3.4064,0
4012720,43.777,-3.0339,0
4003300,41.2409,-2.4199,0
4003930,68.9189,-0.82989997,0
4008220,57.442898,-0.4447,0
4006150,61.5029,-1.1635,0
4002370,64.356895,-0.44039997,0
4010350,62.060898,-0.5245,0
4010170,24.2069,-4.2321,0
4022950,25.6339,-3.8337,0
4020460,52.7109,-2.1533,0
4029100,60.1219,-1.8743999,0
4002670,35.8059,-2.8711,0
4023550,44.1909,-2.2783,0
4017850,38.1619,-2.6647,0
4019380,39.5359,-2.4199,0
4028980,45.060898,-2.2216,0
4006240,25.8459,-3.4103,0
4022590,27.6479,-3.3869998,0
4010650,26.3659,-3.0992,0
4033480,29.774,-2.6304,0
4007170,34.4589,-2.2718,0
4007560,32.763,-2.9909,0
4021600,33.3199,-2.9301999,0
4021930,40.9169,-4.4031,0
4013920,67.012,-1.9763999,0
4017280,75.9589,-2.3357,0
4010290,37.0389,-2.2509,0
4010860,39.4979,-2.2623,0
4018990,51.1289,-0.86789995,0
4032940,43.8349,-1.3999,0
4029850,50.7159,-0.17809999,0
4024930,39.8899,-2.6104999,0
4023800,33.4459,-3.6381998,0
4002550,34.9259,-3.0002,0
4013890,34.4939,-2.6317,0
4029070,35.5219,-2.6973999,0
4025590,71.675896,-2.2058,0
4008490,47.8449,-4.2111,0
4013560,31.107899,-3.8114,0
4009000,28.232899,-3.1682,0
4010590,30.704899,-2.7696,0
4006810,29.291899,-3.2898,0
4000020,29.086899,-4.5913,0
4031770,25.4639,-3.5295,0
4007140,70.689896,-2.3759,0
4026310,74.9179,-2.1719,0
4031140,68.2849,-2.5822,0
4012900,62.783897,-2.4591,0
4012390,71.2038,-2.2849998,0
4026790,70.5279,-2.4143999,0
4026940,46.3009,-2.4333,0
4032460,45.61,-2.7704,0
4014790,48.1688,-2.3488998,0
4006930,70.248,-2.763,0
4029010,66.1819,-1.8535,0
4006420,60.722897,-1.3808,0
4025200,52.7529,-3.9368,0
4026730,58.4889,-3.3063998,0
4002460,52.1688,-3.932,0
4003060,75.0169,-1.3191,0
4027330,23.5499,-3.2953,0
4004020,42.0109,-3.0835,0
4100003,572.8629,0.7795,0
4100014,36.3969,-6.1640997,0
4100015,156.1949,1.9544,0
4100016,236.4829,0.6662,0
4100019,151.8479,1.5733,0
4100020,204.9279,0.9479,0
4100021,49.2799,-2.5513,0
4100023,150.2369,1.7263,0
4100047,31.6789,-2.1782,1
4100048,98.4649,-1.7840999,0
4100640,254.49289,3.0953999,0
4101230,177.8339,1.8553,0
4101350,41.4939,-6.1092,1
4101470,37.8009,-1.9892999,1
4101500,27.392,-5.9849,0
4101590,40.957,-4.2753,0
4101620,353.66788,2.24,0
4101660,87.2089,-3.4694998,0
4101710,39.2049,-7.5944996,0
4101740,56.77,-7.4128,1
4101800,256.0669,4.1121,0
4101830,194.6809,1.3450999,0
4101920,148.84889,2.0678,0
4101980,70.2799,-5.986,0
4102040,161.71089,1.5748,0
4102160,226.8669,1.0685999,1
4102190,91.3639,-4.7019,0
4102310,453.38287,3.8158,0
4102490,40.228,-8.5367,0
4102610,200.274,1.156,1
4102640,155.537,2.1053,0
4102780,165.44589,1.6406,0
4102800,180.9019,1.8391,0
4102840,160.552,1.6065999,0
4102910,150.24289,1.6222999,0
4103260,212.0649,1.3751,0
4103265,219.8669,1.1304,0
4103270,290.2609,-0.638,0
4103330,40.9959,-3.6941998,0
4103390,259.69,3.4064999,0
4103420,523.0939,-2.1245,1
4103420,523.0939,-2.1245,1
4103480,162.4489,1.7235999,0
4103660,300.069,3.399,0
4103690,159.32089,1.4599,0
4103780,243.61589,2.1483,0
4103840,45.0499,-3.2322,0
4103860,335.074,0.7525,0
4103940,168.15889,2.0061998,0
4103990,168.8999,1.9566,0
4104020,43.604,-3.7751,0
4104350,198.22389,2.6404998,0
4104410,50.138897,-2.3711998,0
4104530,32.1199,-2.0692,0
4104590,91.9649,-5.2816997,0
4104620,202.1799,2.524,1
4104700,233.93289,-0.6942,0
4104740,154.27989,1.5669,0
4104740,154.27989,1.5669,0
4104950,249.89589,1.0340999,0
4105160,253.6039,0.3877,0
4105250,40.868,-4.0829,1
4105430,221.4679,0.805,0
4105610,154.194,2.3471,0
4105760,502.65988,4.5945997,0
4105910,134.4769,1.1876,0
4106000,190.59889,1.8306999,0
4106000,190.59889,1.8306999,0
4106270,51.0529,-2.0579,0
4106300,29.9779,-1.7975999,0
4106510,222.8219,-2.3062,0
4106510,222.8219,-2.3062,0
4106600,43.3989,-6.1011996,1
4106710,160.13089,1.7407,0
4106740,37.2179,-3.0095,0
4106750,382.9459,0.1162,0
4106780,56.7329,-8.9931,0
4106820,37.207,-7.3648,0
4106900,219.7159,0.43269998,0
4107020,82.8239,-6.6682,0
4107020,82.8239,-6.6682,0
4107080,58.25,-6.1517997,0
4107200,80.6679,-4.9955,0
4107230,162.899,2.289,0
4107280,47.3499,-5.9021,0
4107380,162.7039,1.3853999,0
4107500,310.4519,2.7595,0
4107530,67.0569,-4.8908,0
4107590,224.73889,0.4992,0
4107710,346.0719,3.202,0
4107980,394.69788,-0.4472,1
4108010,224.2999,1.3985,0
4108010,224.2999,1.3985,0
4108100,276.85,-0.2259,0
4108160,68.2989,-2.4082,0
4108280,61.1329,-4.7448,0
4108310,171.14389,1.5418999,0
4108460,34.8339,-3.5131998,0
4108520,34.5719,-3.4757,0
4108550,161.90779,1.9785,0
4108650,633.8899,0.94479996,0
4108650,633.8899,0.94479996,0
4108700,501.1319,1.2768999,0
4108720,164.2569,2.0952,0
4108820,293.8429,3.2345998,0
4108830,164.22589,2.0525,0
4108830,164.22589,2.0525,0
4108880,158.179,2.1071,0
4108940,51.138,-6.5383,1
4109120,168.36989,1.7917,0
4109150,190.2619,-0.6958,0
4109270,32.4128,-5.4291,0
4100040,278.4729,2.0994,0
4101020,32.7129,-4.2213,0
4106120,31.5819,-6.4449,1
4109000,36.833,-4.8125,0
4101120,160.0148,1.7143999,0
4101200,255.0609,1.7811999,1
4108430,194.2619,1.3040999,0
4101560,85.508896,-1.8837999,0
4102580,124.8519,-2.2014,1
4104500,119.940895,-0.1665,0
4102940,101.3899,-0.177,0
4108040,94.0179,-1.031,0
4103540,125.786896,-7.5555,1
4106630,57.942898,-4.0720997,1
4103720,49.9619,-4.9614,0
4103960,166.7849,0.5597,1
4105640,144.8999,0.4842,1
4105670,173.0759,0.0023,0
4105080,43.9699,-6.4143996,0
4106870,40.0979,-5.1895,0
4105100,301.9799,3.4847999,0
4106930,170.6729,1.6029999,0
4107740,217.9919,0.3958,0
4109330,171.94589,2.1073,0
4109430,29.295,-5.3568,1
4109480,157.149,2.3408,0
4109510,62.018898,-2.8371,0
4109530,188.569,1.6678,0
4109600,258.2309,1.2817,0
4109630,91.93,-0.37989998,0
4109660,54.185898,-3.4828,0
4109720,94.458,-7.1752996,1
4109750,82.624,-3.9975998,0
4109870,154.2549,1.4843999,0
4110020,521.6759,3.7508998,0
4110040,160.44,2.4126,0
4110080,297.8829,2.4220998,0
4110110,107.8069,-6.9533997,0
4110200,183.5289,-1.6898999,1
4110410,329.1788,3.1704,1
4110520,153.7469,2.2946,0
4110530,168.86789,0.73649997,0
4110560,160.1499,1.9533,0
4110680,133.0849,-0.1545,0
4110710,168.4229,2.1283998,0
4110820,149.091,1.9362999,0
4110890,282.9209,-0.7048,0
4110980,182.25279,1.1582999,0
4111040,199.0289,0.78849995,0
4111100,427.6009,2.1045,0
4111220,205.457,1.7206,0
4111250,42.5699,-3.3134,0
4111290,167.75589,2.0448,0
4111400,19.715,-6.6261,0
4111450,198.442,0.7604,0
4111490,63.430897,-4.9161,0
4111580,174.4429,0.8537,0
4111610,132.9029,1.2107999,0
4111640,39.5999,-3.1518,0
4111670,180.5049,0.8113,0
4111720,196.3629,1.1057,0
4111760,162.75389,1.967,0
4111790,31.330898,-1.9196,0
4111940,171.5159,0.9526,0
4111970,298.445,0.312,0
4112240,155.4409,1.9698999,0
4112320,460.6499,0.9316,0
4112600,28.0129,-1.7804999,0
4112690,115.787895,-6.5214,0
4112930,205.2929,-0.26749998,0
4112990,59.9179,-5.9217997,0
4113080,446.6579,1.0957999,0
4113170,177.66089,1.8567,0
4113350,287.9199,0.6584,0
4113490,169.0829,1.9275999,0
4113530,157.97989,2.0298998,0
4113650,162.011,1.7878,0
4110350,35.1089,-4.1872,0
4600002,17.0828,-16.1723,0
4600003,19.1749,-16.136099,0
4600025,14.2139,-14.038,0
4600028,16.5979,-13.652699,0
4600036,17.805899,-16.129,0
4600041,14.453,-16.7819,0
4600042,13.3849,-13.994499,0
4600045,13.835,-16.4286,0
4600046,13.170899,-15.5976,0
4600052,14.967899,-14.1145,0
4600053,17.0709,-16.2567,0
4601026,13.104899,-13.8603,0
4601027,13.8779,-14.7978,0
4601028,10.2578,-15.2006,0
4602070,13.0178995,-16.678099,0
4602640,13.1409,-13.512,0
4603720,15.486,-15.221399,0
4603780,13.6609,-12.2157,0
4603932,13.104899,-13.818999,0
4604270,13.7829,-11.255099,0
4604680,14.5829,-14.276,0
4605610,8.0279,-12.081699,0
4606240,9.9759,-10.595099,0
4606360,13.453,-13.2395,0
4606960,16.5828,-16.1835,0
4607050,9.894,-13.7367,0
4607400,14.179899,-12.2472,0
4607670,10.7779,-11.7676,0
4607800,12.3119,-15.4253,0
4607950,16.8099,-13.908299,0
4608520,12.0989,-15.423699,0
4609300,8.085,-13.754499,0
4609512,12.144899,-11.554999,0
4610320,13.2269,-14.052099,0
4610560,15.002899,-13.6686,0
4611280,14.085899,-16.1381,0
4611760,13.0069,-13.1581,0
4612000,12.9219,-12.8954,0
4612300,13.6289,-14.523999,0
4612940,14.764899,-16.0741,0
4614100,14.243899,-14.8666,0
4614130,12.0609,-11.1743,0
4616950,9.125,-9.4566,0
4617850,14.4909,-14.8585,0
4618120,14.6479,-14.421599,0
4619170,13.1038,-16.0832,0
4619410,8.427899,-10.5233,0
4619450,10.486899,-12.7444,0
4619580,12.8319,-11.4481,0
4620100,9.1968,-13.221,0
4620850,9.21,-10.8494,0
4621300,11.9519,-10.1353,0
4621340,15.46,-12.6356,0
4621390,15.073899,-15.169499,0
4621400,12.554899,-16.819,0
4621420,12.3379,-13.4109,0
4622410,15.045899,-15.7563,0
4622500,13.0689,-13.007199,0
4622560,9.8249,-16.2054,0
4622940,11.3598995,-12.8793,0
4624030,12.5419,-14.992499,0
4624390,14.1199,-15.1061,0
4624540,16.767,-16.305899,0
4624850,10.0659,-12.7339,0
4625500,13.5759,-13.5138,0
4626370,16.0439,-14.3287,0
4626490,14.156899,-12.661799,0
4626970,9.010799,-14.493,0
4629880,12.2729,-11.5633,0
4630490,10.3039,-11.631,0
4630800,13.9588995,-15.9277,0
4631350,15.863899,-14.018499,0
4631710,14.354,-14.398999,0
4632340,15.172899,-16.1406,0
4632430,9.5879,-15.913699,0
4633360,17.2108,-11.100699,0
4634440,13.4759,-15.8406,0
4634480,9.0,-10.0067,0
4634600,9.1689,-14.594199,0
4635480,13.4519,-14.521299,0
4636060,10.307899,-16.2581,0
4636150,13.9359,-14.533,0
4636990,15.807899,-12.439099,0
4638220,12.019899,-13.1876,0
4639540,13.106899,-11.9148,0
4639600,13.1459,-14.7315,0
4639990,14.5248995,-15.0063,0
4640860,15.408899,-16.4179,0
4641300,35.7459,-10.597099,0
4641520,7.9879,-13.8022995,0
4641550,14.6889,-13.801399,0
4641640,13.2259,-16.1203,0
4644770,12.222,-12.618,0
4644940,13.4829,-14.3898,0
4645450,13.4258995,-13.6641,0
4646260,9.750899,-14.6816,0
4646380,10.4359,-14.941999,0
4647100,13.960899,-12.752399,0
4647942,11.939899,-14.4005995,0
4648390,14.8729,-13.228,0
4648780,12.5939,-14.023999,0
4649650,13.3959,-13.125899,0
4650670,8.3169,-10.9853,0
4650850,9.6139,-11.873,0
4651750,13.6719,-16.6329,0
4652770,10.4229,-10.410999,0
4654270,13.8629,-13.514199,0
4654300,13.4149,-12.9443,0
4655260,10.7919,-13.2922,0
4655710,12.578899,-13.168699,0
4659820,8.618,-10.017799,0
4660450,11.986899,-16.0748,0
4663360,18.8309,-16.6784,0
4664140,13.613899,-14.743,0
4665180,13.8668995,-12.498199,0
4665460,11.3109,-10.6272,0
4666270,16.152,-13.936199,0
4666300,13.679899,-15.3385,0
4666930,21.149,-9.3021,0
4669930,9.2399,-12.4621,0
4670140,16.6408,-16.502699,0
4671880,11.031,-14.077499,0
4672090,10.7529,-10.7199,0
4672450,13.698899,-11.2121,0
4672450,13.698899,-11.2121,0
4674370,14.097899,-12.5464,0
4674520,13.9239,-13.0552,0
4674520,13.9239,-13.0552,0
4675420,15.2259,-11.8001995,0
4675600,8.104899,-15.1263,0
4675660,9.557,-11.3105,0
4676020,12.606899,-16.6324,0
4676620,17.7398,-16.2525,0
4676680,16.8279,-16.400099,0
4676740,17.5229,-16.3755,0
4676990,18.1779,-16.2432,0
4677460,13.8459,-13.8558,0
4678300,16.447899,-16.1239,0
4678510,10.7288,-13.0513,0
4678570,11.5369,-11.1978,0
4679350,14.0499,-15.901899,0
4679710,13.0439,-11.1304,0
4680100,13.5499,-14.9474,0
4680190,13.2739,-13.9309,0
4680430,14.2189,-12.1784,0
4680437,11.4629,-11.5317,0
4680438,13.972,-12.2199,0
4680439,14.000899,-12.301399,0
4680440,11.2799,-14.3743,0
4680441,9.3789,-15.1717,0
4680445,12.592,-12.3761,0
4832280,137.2079,5.7528996,0
4828230,17.3149,-3.1927,0
4836390,18.8699,-3.0212998,0
4811040,13.8249,-5.6229,0
4821300,19.0059,-0.6886,0
4845420,19.0979,-4.3083,0
4813020,61.6139,1.5496,0
4818810,61.6959,1.9304999,0
4825260,59.4069,1.5378,0
4845540,57.3499,1.2935,0
4833180,56.0239,1.1567,0
4807590,50.6919,4.3914,0
4821560,18.6429,-4.775,0
4820970,39.900898,-1.179,0
4809750,39.256,-0.8502,0
4813170,58.0809,1.8357999,0
4824060,63.442898,2.1433,0
4826490,57.1069,1.6032,0
4807780,55.409,1.0849,0
4825500,63.979,1.8713,0
4833010,76.319,-0.2827,0
4846350,74.2569,0.5464,0
4810800,70.11,0.0648,0
4838640,68.8079,-0.1871,0
4823460,72.997,-0.0381,0
4841350,106.2009,6.8036,0
4834440,110.786896,7.0062,0
4807830,103.5489,6.697,0
4816410,120.4769,6.1468,0
4823640,108.8889,7.0789,0
4825740,102.0299,5.8378,0
4839990,116.5179,6.7872996,0
4842960,100.4329,5.5376,0
4826370,45.7959,4.7005997,0
4840920,44.9619,4.6728997,0
4818150,46.9409,4.7237997,0
4842630,73.8408,3.6446998,0
4808610,36.3149,-0.8804,0
4846080,37.3649,-0.90059996,0
4810990,41.5318,-0.49319997,0
4823190,24.553799,-0.7892,0
4830660,37.6889,-0.7529,0
4812120,31.8009,-1.281,0
4809690,111.885895,1.9681,0
4842240,106.6699,2.0651,0
4814280,116.9929,7.1238,0
4807710,106.8759,6.5681996,0
4813590,115.221,6.862,0
4823910,110.2409,6.3933,0
4834320,111.454895,7.0425,0
4843530,101.773895,1.7245,0
4822560,98.301895,1.3996999,0
4834230,17.0399,-5.0541,0
4808160,15.090899,-4.8385,0
4820010,63.472897,0.741,0
4839180,55.1839,0.2933,0
4808910,60.208,0.56839997,0
4813290,61.4389,0.4632,0
4827240,16.5889,-3.9092,0
4808280,16.8908,-0.9059,0
4826580,100.013,6.1148,0
4832310,97.1139,6.3687,0
4819650,104.86,6.7762,0
4828170,22.503,-0.944,0
4813380,115.5319,3.0182998,0
4841010,15.538899,-5.4997,0
4842540,12.2348995,-6.0794,0
4835820,45.6919,1.207,0
4822230,51.4469,1.3061,0
4812810,16.392,-4.7757,0
4814430,11.0819,-0.988,0
4818900,10.6139,-1.22,0
4846680,10.571799,-0.44959998,0
4813680,93.666,1.0914,0
4810620,49.0979,0.3208,0
4810620,49.0979,0.3208,0
4841970,99.3659,6.8448997,0
4808310,107.148895,6.8543997,0
4814670,101.7119,6.7362,0
4837650,69.7529,1.4128,0
4834680,17.298899,-3.5017998,0
4815360,16.1469,-4.1665,0
4822050,16.166,-4.1331,0
4810860,15.250899,-1.086,0
4825870,25.201,-1.4011999,0
4828980,12.7799,0.48929998,0
4838610,84.0869,1.0115,0
4846200,89.8689,1.5805,0
4811820,39.0949,-1.2159,0
4811490,25.5499,-0.218,0
4818750,131.162,4.7574997,0
4815960,58.0859,5.6064,0
4819950,115.8809,6.9824996,0
4823310,114.5039,7.9175,0
4842900,51.4389,0.4007,0
4811550,36.9689,0.1525,0
4821000,46.4969,1.5575,0
4833660,14.887,-4.637,0
4811430,128.819,2.7323,0
4814790,51.6149,1.9921,0
4824210,36.7709,0.3394,0
4800001,19.76,-2.3782,0
4844890,19.253899,-3.4218998,0
4818070,29.3809,-0.2726,0
4833980,28.2489,0.24249999,0
4840440,18.0739,-2.6138,0
4810170,123.0839,3.9175,0
4815300,120.3659,3.4018998,0
4827120,118.6989,3.5895,0
4825200,78.2789,1.412,0
4828680,83.2229,1.7530999,0
4825320,78.6978,1.6796,0
4836240,75.0559,1.2013,0
4817190,33.347,0.8373,0
4823970,37.4188,0.0557,0
4820280,114.2149,9.222,0
4840290,17.687899,-4.8097997,0
4835490,18.7719,-1.3508999,0
4816350,17.26,-2.5964,0
4832490,17.819899,-2.9538,0
4845990,18.6129,-2.5844,0
4833390,17.982899,-2.5269,0
4836570,20.0439,-0.5999,0
4824730,106.4459,1.3227,0
4833840,96.623,1.6592,0
4837830,16.902,-3.4772,0
4839600,17.038,-2.6720998,0
4842090,19.253899,-2.5269,0
4825170,96.522896,5.9322996,0
4844430,92.508896,4.6703,0
4841550,22.7199,-1.0554,0
4823490,95.2109,0.9666,0
4828830,91.3829,0.63519996,0
4829460,99.9658,0.7565,0
4836750,101.077896,0.68869996,0
4811730,69.497,2.1791,0
4829190,76.5908,2.4217,0
4837110,73.0758,2.5398,0
4837410,69.6569,2.8416,0
4839150,14.8839,-4.289,0
4836630,101.3209,1.1215,0
4824450,70.1879,1.9054999,0
4830780,69.7959,1.9426999,0
4818030,68.316,-0.0797,0
4839450,66.2969,-0.036199998,0
4828500,17.718,-2.9255,0
4807410,17.2829,-3.7774,0
4808880,102.468796,0.88699996,0
4809090,100.3258,1.5130999,0
4810440,103.3348,0.91779995,0
4827540,104.5459,1.1995,0
4834800,96.8889,1.0108,0
4836210,102.300896,1.0483,0
4834290,79.984,0.3994,0
4840590,16.7929,-3.6085,0
4841850,16.072899,-3.8488998,0
4845690,16.0599,-3.9355,0
4832430,17.1239,-3.4350998,0
4812220,48.2268,2.2489998,0
4814820,73.8119,0.87579995,0
4826430,60.019897,1.2307999,0
4833090,26.5079,-2.2493,0
4819500,17.7899,-5.9526997,0
4820610,67.124,2.2202,0
4816890,83.2579,-0.14649999,0
4816110,98.538895,6.0557,0
4841100,103.7098,6.7953,0
4841220,104.841896,6.224,0
4823820,110.469894,5.9782996,0
4820250,111.1979,7.0253,0
4820130,11.8979,-0.5758,0
4816650,8.4018,-2.7263,0
4823400,32.769,-0.9587,0
4821270,39.3479,0.1489,0
4817960,35.261898,-0.3084,0
4827600,44.986,0.103,0
4837230,34.5,-0.3931,0
4810950,14.5439,-5.1047,0
4830180,19.393799,-2.8543,0
4807500,12.8109,-5.2844,0
4800002,18.993,-2.3983,0
4834380,20.3289,-2.2279,0
4817850,47.7669,4.4855,0
4824990,52.143898,4.0822,0
4836450,51.2739,4.3519,0
4840950,44.9059,4.7121997,0
4832880,51.763897,5.3599997,0
4846650,58.208897,5.4049,0
4845240,58.088898,5.5313,0
4846620,69.0189,5.3652,0
4816950,39.165,4.8118,0
4819110,13.4109,-5.0667,0
4823760,45.0919,0.1612,0
4817580,48.402,0.5708,0
4831410,46.9119,0.3407,0
4817790,40.1919,0.0381,0
4810380,41.8129,-0.081,0
4811700,41.1279,0.086799994,0
4825440,47.3429,5.446,0
4809670,131.7169,5.5095,0
4832130,40.8919,4.752,0
4833120,47.775898,4.0123,0
4838970,56.880898,4.0302,0
4838970,56.880898,4.0302,0
4844310,64.886,4.374,0
4836180,23.989,-2.822,0
4828350,82.6589,6.2058,0
4817160,14.4059,-5.6161,0
4815870,27.295898,-2.0722,0
4836510,18.2649,-0.2391,0
4822620,31.757898,-1.4681,0
4824660,21.1639,-1.9034,0
4841340,132.5849,3.7623,0
4819980,16.656,-5.3399,0
4816200,13.9189,-6.3768,0
4812460,84.9329,4.124,0
4813740,39.1189,1.6962999,0
4837080,34.6628,1.1007,0
4839030,40.7649,1.0088,0
4832010,92.0309,2.253,0
4811640,95.2019,2.5706,0
4822680,12.986,-6.1935,0
4820040,70.5979,1.8679999,0
4830600,67.7399,1.7831,0
4836660,69.179,1.9861,0
4822650,13.2209,-5.276,0
4846590,84.8269,1.1201,0
4816020,77.5559,0.8678,0
4841820,82.068,1.185,0
4831970,27.559,-1.25,0
4835740,80.202896,0.2829,0
4809030,70.983,1.8571,0
4829580,66.4508,1.9420999,0
4844730,68.2299,1.9731,0
4818540,73.592896,1.7378999,0
4834110,71.1279,1.7831,0
4819530,44.09,-0.2565,0
4843740,11.9258995,-2.2433999,0
4837260,15.3439,-4.3329,0
4835560,15.6749,-4.6903996,0
4809360,49.803898,2.9229,0
4830030,50.2589,1.3479999,0
4810830,16.5389,-6.1419,0
4832790,41.3019,-0.9296,0
4818300,12.854899,-0.2777,0
4840710,10.340899,-0.638,0
4809330,15.314899,-1.0253,0
4822710,91.480896,0.8631,0
4842120,86.566795,0.42999998,0
4816180,94.5859,1.2875999,0
4831760,91.4369,0.97209996,0
4832700,33.6329,-0.70519996,0
4817040,121.0309,3.1648998,0
4828550,121.969894,2.8343,0
4823790,116.8689,2.7459,0
4835730,40.6909,-1.1628,0
4819140,80.6589,4.993,0
4839540,72.244896,5.025,0
4819280,69.5019,4.5629,0
4838100,81.1129,4.8069,0
4826100,77.3799,4.6552997,0
4829760,72.943,4.3052,0
4807980,111.263,2.865,0
4832610,106.0439,2.5081,0
4845210,20.541899,-1.0317,0
4816980,87.4049,2.6369998,0
4830450,60.5179,5.7318,0
4833270,65.011,6.1833997,0
4833570,27.732899,0.15689999,0
4834410,42.082,5.4014,0
4835890,14.7009,-5.1124997,0
4839060,11.2869,1.4368,0
4844370,14.080899,-5.1707,0
4845840,13.7239,-5.7553997,0
4827270,103.2679,1.9864,0
4842390,9.8719,1.7322999,0
4821480,17.513,-1.4247,0
4831170,17.2449,-1.4376999,0
4808430,10.3569,-0.6283,0
4838850,10.8709,-0.7263,0
4812780,11.703,-0.6624,0
4812780,11.703,-0.6624,0
4807950,13.6999,-0.72569996,0
4817400,33.958,0.95019996,0
4812060,100.804,2.7832,0
4808730,103.373,2.4586,0
4845600,99.7399,2.5525,0
4827510,94.444,2.3209,0
4813650,100.1049,2.3731,0
4846230,97.29,1.7353,0
4810350,71.651,0.6782,0
4819080,70.6259,0.9959,0
4829850,69.2979,1.0213,0
4835850,69.833,1.1065,0
4810590,69.2569,0.928,0
4828380,70.0219,1.1603999,0
4836000,62.150898,0.6477,0
4838220,72.064896,1.2616,0
4814850,70.4769,1.3529999,0
4835100,67.383896,1.5278,0
4811190,102.2699,7.4082,0
4816290,108.4609,6.8401,0
4808090,115.818,6.8385,0
4816260,98.069,6.4824996,0
4814400,62.706898,1.6610999,0
4830300,61.6819,1.2861999,0
4843760,62.3859,1.9454,0
4813960,66.522896,2.1624,0
4831380,62.7409,1.1130999,0
4835700,59.34,4.2044997,0
4812870,104.675896,1.8212999,0
4824590,106.2289,2.7783,0
4818330,33.3619,-1.4538,0
4845780,33.4239,-1.0476,0
4815540,16.4069,-0.8603,0
4831470,14.382899,-4.4396996,0
4845570,14.7239,-4.2209997,0
4818480,115.2429,2.1808999,0
4822170,104.9899,2.0270998,0
4829160,106.6409,2.1584,0
4832460,101.2819,1.7372999,0
4811990,88.7439,2.8443,0
4815330,78.761,2.1799998,0
4830420,77.2038,2.4407,0
4842300,84.0899,2.6455998,0
4835550,39.694,4.7465,0
4826310,48.7908,4.4783,0
4822320,132.64189,5.7771,0
4822410,125.134895,5.303,0
4824960,38.0879,4.9453,0
4835190,40.3929,5.1605997,0
4834770,47.0419,5.9203,0
4807890,68.411896,1.1032,0
4808340,66.3909,0.5733,0
4821960,61.678898,0.2329,0
4827210,70.9538,0.3084,0
4830120,67.1949,0.8089,0
4843890,65.108,0.334,0
4845670,67.484,0.15169999,0
4846530,69.137,1.3421,0
4819440,17.781,-3.7257,0
4827890,17.7398,-4.0362,0
4843400,21.3079,-2.5024998,0
4811250,82.5629,3.1459,0
4829130,75.9658,3.1812,0
4845330,71.8369,2.753,0
4828200,68.208,2.2674,0
4813920,71.5609,2.9090998,0
4800009,61.3639,3.5900998,0
4831200,42.3759,-0.398,0
4823430,38.9879,4.0889,0
4830060,42.768898,4.4021,0
4811400,18.652899,-4.5959997,0
4827090,19.4539,-4.7634,0
4834170,19.069,-4.7125,0
4845450,17.6859,-4.7676,0
4810710,55.4279,2.1064,0
4814730,56.900898,2.8876998,0
4832370,56.1349,3.9097,0
4818120,84.6569,1.3154,0
4829220,89.86,2.1304,0
4812750,89.008896,1.9922999,0
4821450,87.2999,0.9695,0
4827750,15.7289,-4.3849,0
4811070,23.4548,3.7373998,0
4828650,41.6759,4.7451997,0
4843680,41.2919,1.8111,0
4816140,36.3199,3.9361,0
4842720,51.8059,0.4459,0
4846440,128.095,3.8632,0
4824330,18.9839,0.8865,0
4808870,90.3619,2.519,0
4818390,98.1978,2.858,0
4819770,96.8239,2.7452998,0
4826220,94.2289,2.731,0
4832250,100.0449,2.6568,0
4843290,92.6289,2.5204,0
4836970,83.786896,5.2939,0
4822120,73.8319,5.295,0
4836360,82.8119,1.137,0
4813770,124.0049,3.4628,0
4814600,128.3999,3.5791998,0
4833240,29.2239,1.7305,0
4843720,29.4019,4.1433,0
4817280,70.9478,0.039,0
4831320,31.2549,-0.522,0
4820960,57.0169,0.6179,0
4820850,54.6209,0.22569999,0
4827630,47.569,0.2899,0
4818890,73.9339,5.9754,0
4807680,29.930899,-0.3495,0
4811220,32.8829,-0.3646,0
4844110,28.0499,-1.9444,0
4841670,12.0419,-6.2739997,0
4842570,10.840899,-6.5600996,0
4839390,43.3789,0.2122,0
4830870,46.506,0.25329998,0
4822350,15.6289,-5.1489997,0
4821180,42.0378,0.2536,0
4841700,40.9629,-0.039,0
4811610,16.934,-3.2013,0
4809200,55.0009,1.0978,0
4816620,64.9639,3.5525,0
4826470,58.361,3.6553,0
4834830,64.1039,3.8423998,0
4813500,115.8809,2.5407999,0
4824000,125.847,2.9708998,0
4846740,128.108,3.1836998,0
4824260,32.7019,-0.9787,0
4824530,40.7339,-0.48819998,0
4833630,34.1599,-1.0871,0
4838080,63.1469,3.5088,0
4840890,19.440899,-2.1991,0
4813890,25.6479,-2.5878,0
4842360,125.1469,2.236,0
4820460,117.9079,2.1469,0
4813110,117.6589,2.0999,0
4841430,18.6819,-0.5065,0
4836990,101.857895,4.4653,0
4820100,14.9829,0.3403,0
4815570,56.1559,1.1338,0
4824360,56.673897,0.49019998,0
4825890,62.6769,1.1528,0
4844520,58.491898,0.5629,0
4820310,77.18,6.3331,0
4826910,106.9309,2.9241,0
4822770,96.3679,1.4656,0
4830930,91.027,1.6811,0
4844280,68.928,2.4817998,0
4845630,54.437,-0.69769996,0
4820220,53.5769,-0.1809,0
4844490,52.1679,-1.3464,0
4807380,67.0199,2.0198998,0
4812360,70.8629,2.0334,0
4823730,71.9609,2.1577,0
4828800,70.6888,1.939,0
4831620,70.372,2.1322,0
4811910,17.8689,-0.7504,0
4820190,17.6859,0.34309998,0
4816770,17.6259,-2.9858,0
4832740,53.9739,5.0025,0
4842990,10.538,-0.9774,0
4841580,16.2089,-4.2149,0
4821810,84.3819,2.5965998,0
4846470,78.998,2.6122,0
4809150,69.8809,2.3617,0
4820700,98.8499,1.7166,0
4835010,95.092896,1.2853999,0
4815000,106.842896,5.1689,0
4841070,109.4189,5.1784,0
4810890,17.2759,-4.0236,0
4840230,129.3849,4.3915,0
4809570,67.9249,3.5196998,0
4840550,68.8408,3.7598999,0
4813320,129.035,2.3673,0
4818840,126.3899,2.2138,0
4834710,34.5069,-1.3913,0
4828740,99.0479,5.105,0
4813530,126.2009,4.9718,0
4817070,118.7989,7.6043997,0
4823160,124.124,7.8883,0
4842510,115.9649,8.118199,0
4839270,117.897896,6.9063997,0
4825290,18.9898,-4.0892,0
4842810,84.5839,6.4586,0
4809630,86.9309,6.7177997,0
4843950,93.0209,6.855,0
4830480,18.6689,-4.7486,0
4838730,48.935898,4.7188,0
4822470,46.8919,4.677,0
4832940,51.8719,4.3786,0
4840680,46.1739,4.6658,0
4820160,50.249,4.6458,0
4815750,117.0349,6.6712,0
4832400,106.3119,5.5945,0
4822380,120.467896,4.6851,0
4842210,115.9509,4.6429,0
4824300,20.7789,-1.254,0
4808400,27.128,-0.3965,0
4830340,26.781,-0.3136,0
4822800,28.288898,-0.3324,0
4815840,87.8789,2.2842,0
4818720,86.1319,1.8701999,0
4828780,85.8799,2.3269,0
4843170,86.6149,2.2853,0
4826250,24.9399,4.7827,0
4816920,124.773895,5.4842,0
4823880,124.5899,5.1672,0
4846320,124.550896,2.8063998,0
4817460,116.804,2.3571,0
4826970,13.691899,-5.3792996,0
4840650,20.6259,-1.1553999,0
4839780,30.1369,-1.4143,0
4809980,26.861898,-1.3837999,0
4824120,17.222,-3.2426999,0
4837800,17.423899,-2.8351,0
4815180,17.9799,-2.8221,0
4839870,17.1849,-3.3543,0
4832220,14.9709,-5.42,0
4816710,58.1189,-0.1041,0
4823670,62.018898,0.1639,0
4819170,71.277,1.8416,0
4840080,60.6979,0.2017,0
4821660,63.1259,1.7832999,0
4827180,89.2529,3.0205998,0
4833340,90.2229,2.8049998,0
4833340,90.2229,2.8049998,0
4813410,93.3258,2.5788999,0
4834260,49.395897,0.4992,0
4811340,45.2679,-0.1863,0
4829370,88.4499,7.6847997,0
4821330,41.2509,-0.1832,0
4810200,17.4909,-0.99829996,0
4814490,18.295,-0.98109996,0
4814450,28.6059,-0.4535,0
4828530,28.326899,-0.8139,0
4807440,26.5409,-0.12619999,0
4820790,20.0199,-0.92859995,0
4839690,53.4659,4.4618,0
4839480,51.3359,4.394,0
4829100,52.7019,4.2230997,0
4832160,55.5,4.0787,0
4842870,60.3989,0.2847,0
4811010,52.715,0.7971,0
4808100,43.5019,-0.3145,0
4815690,22.593899,-0.4578,0
4827810,38.3569,1.383,0
4838700,23.5399,-0.1538,0
4844410,26.552,0.0973,0
4822020,23.611,-2.1053,0
4800005,25.9749,-0.5891,0
4837380,23.9979,-0.4148,0
4844710,21.9189,-0.74399996,0
4831890,11.835899,-5.3059,0
4838310,47.236,5.6903,0
4819700,59.866898,2.2172,0
4808700,67.7429,2.0634,0
4817700,56.331898,1.2337999,0
4810230,58.7509,1.9901999,0
4818000,16.8699,-0.4508,0
4829010,49.513,2.7609,0
4818940,85.620895,2.6929998,0
4810470,73.1679,1.9707999,0
4836960,76.6559,1.9071,0
4820370,46.2379,-0.0665,0
4830950,43.8889,-0.4299,0
4835340,47.8849,-0.5755,0
4812180,61.319897,1.7947999,0
4814310,64.272896,1.4484,0
4821390,52.1129,0.69119996,0
4821750,18.527899,-0.42459998,0
4830570,18.4149,-0.4001,0
4809280,30.1129,-0.2915,0
4843470,97.5979,1.9871,0
4813050,65.0719,2.3051,0
4816230,67.6179,2.1224,0
4840620,86.025,4.0822,0
4840770,82.0439,3.7461998,0
4837470,25.225899,-0.78599995,0
4814580,58.7379,0.0213,0
4809780,63.8789,-0.0819,0
4835580,57.762897,-0.0149,0
4838400,58.387897,-0.1875,0
4843140,69.8099,0.1977,0
4834920,62.6539,0.4219,0
4816380,73.2399,1.8463,0
4830720,81.873,2.4828,0
4838900,21.184,2.1912,0
4824930,61.284897,1.3514,0
4828920,65.605896,2.0455,0
4841520,49.124,0.3621,0
4827450,125.552895,6.0611,0
4809450,119.3399,6.9754996,0
4813620,12.3538,-5.9786,0
4823850,97.8269,1.1812,0
4815120,75.6419,2.2769,0
4838360,107.8079,2.9766998,0
4843230,102.9639,2.0994,0
4844940,113.690895,2.5453,0
4825980,54.8919,0.22899999,0
4813800,43.8569,-0.3021,0
4816500,51.886898,0.3172,0
4825920,130.925,4.3385,0
4844580,128.3139,3.7452,0
4845000,125.0169,4.6159,0
4833960,27.9039,-1.1287999,0
4838280,26.444899,-1.3011999,0
4841400,28.375898,-1.044,0
4822740,26.5719,-1.2444999,0
4809390,35.5219,-0.12879999,0
4827780,116.6549,3.7256,0
4833690,114.207,3.6722999,0
4821090,116.8409,4.1721997,0
4808520,65.581,1.92,0
4824480,67.7069,1.7644,0
4807650,86.452896,1.2551,0
4830810,80.230896,1.1164,0
4817610,11.2678995,-5.0344,0
4821600,24.3669,-0.72569996,0
4825800,32.159,3.8846998,0
4827000,35.4059,0.6965,0
4838430,32.5408,3.5325,0
4819020,41.819,5.4719,0
4821060,59.7859,5.046,0
4827300,61.5599,1.662,0
4816740,57.3449,0.92499995,0
4835310,55.5429,0.6879,0
4837500,35.0699,1.2322,0
4827930,34.6229,0.79569995,0
4845040,66.833,2.128,0
4816320,17.197,-6.2307,0
4829910,108.4189,1.1927,0
4815480,66.4929,1.5216999,0
4834560,69.4189,2.1612,0
4823280,69.5049,1.9059,0
4845720,65.6829,1.6905999,0
4831560,67.7949,5.0116,0
4842000,70.666,5.4544997,0
4840110,66.994896,4.8782,0
4831500,20.3139,-2.0355,0
4814920,20.6059,0.85319996,0
4800003,23.763899,1.8563999,0
4839750,17.8479,-2.1160998,0
4814760,42.3379,0.8605,0
4823070,55.791,0.5256,0
4829520,35.4839,-0.1929,0
4819350,42.3099,4.6282,0
4841610,50.4629,4.4818,0
4823010,15.106899,-5.4179,0
4843980,12.868899,-5.7444,0
4834500,48.6709,-0.65709996,0
4844800,50.104,0.0709,0
4811460,45.9869,0.3222,0
4841280,53.3439,0.5424,0
4812540,82.8369,3.6875,0
4822500,105.9369,1.8443999,0
4844670,114.3519,1.9700999,0
4830360,22.1119,-0.42639998,0
4840170,39.7109,-0.026899999,0
4825660,59.3099,2.7379,0
4837900,76.0979,3.1294,0
4809540,66.5349,3.1013,0
4809860,64.6049,2.2488,0
4838580,63.048897,2.6025999,0
4841910,13.328899,-5.3308,0
4840800,22.8648,-0.0925,0
4843320,17.3358,-4.565,0
4846410,29.812899,-0.7497,0
4842780,30.475899,-1.1725,0
4825950,16.5229,-4.5934,0
4825140,44.2319,5.6991,0
4840740,43.9549,4.6963997,0
4835520,41.282898,4.683,0
4840020,115.607895,4.3891,0
4833030,96.7109,3.8068,0
4808670,58.944897,1.0009,0
4827720,60.680897,1.2998999,0
4820070,85.1989,1.2797999,0
4832970,79.6389,0.8555,0
4822260,27.111,-0.9248,0
4823040,22.4209,-1.0216,0
4837860,24.715,-0.4942,0
4838040,23.4939,-0.8567,0
4842030,25.041899,-0.42929998,0
4825560,15.382899,-1.1893,0
4827330,77.4909,3.6936,0
4821990,45.6279,0.6365,0
4831290,66.8109,2.381,0
4843260,70.7859,2.6131,0
4823370,66.9349,3.2853,0
4815240,55.7269,2.4717,0
4828110,103.162895,1.9154999,0
4818600,51.8059,-0.2633,0
4827570,51.4329,-0.4737,0
4838520,44.6469,-0.3152,0
4810910,69.164,2.3624,0
4822140,71.0339,2.4865,0
4830640,67.7429,2.4443,0
4813230,66.842896,1.6003,0
4826670,68.8119,2.0118,0
4830390,70.6869,1.7888,0
4810740,74.7999,1.2361,0
4821720,73.7639,1.0461,0
4818690,28.184,-0.2805,0
4846500,26.802,-0.23789999,0
4813980,130.4449,2.6102998,0
4838760,128.147,2.3518999,0
4808230,96.691795,4.4354997,0
4824240,95.3889,3.9926,0
4810650,64.342896,1.3442,0
4812700,18.159,-5.3838,0
4816530,113.733894,6.9572,0
4835070,16.0749,-4.1956,0
4843920,92.691795,1.6208999,0
4844010,64.3408,1.9614999,0
4832910,93.884895,3.5381,0
4814970,68.386,2.3625998,0
4829820,65.333,2.1942,0
4826280,69.011,2.4749,0
4815420,71.068,3.7314,0
4826400,56.9459,3.3485,0
4828890,65.8499,3.9002998,0
4817760,63.032898,3.8959,0
4827030,59.2059,3.1736999,0
4808940,63.9389,3.774,0
4827870,62.055,3.4828,0
4821590,66.2649,3.3097,0
4827420,55.8099,2.8499,0
4824100,65.193,3.3055,0
4842280,68.4519,3.3149998,0
4820600,63.3499,3.036,0
4831770,83.722,1.2236999,0
4841790,83.0339,0.89519995,0
4815990,10.453899,-0.768,0
4820640,79.9199,4.4512,0
4846260,26.399899,-0.5916,0
4841190,102.8889,1.7806,0
4820760,101.856895,1.5151,0
4842330,68.2699,2.6973999,0
4834980,102.5629,1.8143,0
4819840,42.650898,1.9815999,0
4822830,83.4889,3.7756,0
4819740,89.8669,3.4124,0
4833420,61.8449,2.461,0
4809060,89.9319,-0.14459999,0
4814190,87.5749,0.106199995,0
4819560,72.6819,1.6157,0
4839570,77.1959,1.5762,0
4815510,73.6029,1.4505999,0
4842450,74.0349,1.3810999,0
4845950,83.025,1.2874,0
4838190,93.6839,5.2922,0
4822920,89.5009,4.6788,0
4839210,34.159,0.4062,0
4814550,31.0259,-0.1105,0
4815210,64.179,2.0002,0
4820340,68.5709,1.4584,0
4824420,64.6739,2.3481,0
4822590,38.4738,0.3454,0
4825590,42.8549,0.9443,0
4813350,47.1839,1.8342999,0
4834550,12.8979,-1.2088,0
4819620,18.9989,-0.4529,0
4837020,66.9219,1.7832999,0
4816860,67.9909,2.0743,0
4821420,64.856895,2.348,0
4817100,31.722,5.1187,0
4813710,36.4529,5.0959,0
4834470,31.8079,4.8248997,0
4823250,66.4179,2.0866,0
4817640,66.0319,1.8384,0
4830750,26.7479,-0.0616,0
4814010,24.347,-0.0212,0
4843200,107.0879,3.3134,0
4832640,108.369896,4.3308997,0
4845900,107.7239,4.4042,0
4814520,113.287895,4.1770997,0
4812240,82.5569,4.8389,0
4821360,35.2719,-0.7112,0
4844040,25.833899,0.1603,0
4814160,18.9569,-4.0092,0
4822850,19.5599,-3.5756,0
4829880,22.1619,-4.296,0
4800011,65.2839,1.6322,0
4839630,90.4628,4.9421997,0
4829280,35.048,0.9964,0
4813440,117.069,2.5973,0
4829250,124.9749,2.3255,0
4832090,120.5149,2.3838,0
4815910,59.1359,1.3170999,0
4810500,70.2109,6.9824996,0
4844150,68.485,6.5699997,0
4821540,66.955,1.875,0
4825230,65.678,1.4508,0
4837200,64.994896,1.2422,0
4810140,98.5859,1.351,0
4843560,96.4759,1.2925999,0
4841760,12.6129,-5.0383997,0
4839510,22.1899,-0.0126,0
4828140,17.1059,-2.3437998,0
4844910,17.1649,-2.8034,0
4834630,40.7929,-0.4402,0
4830000,16.9869,-3.3458,0
4817830,89.5839,5.5776997,0
4814640,20.9709,-1.1424,0
4800007,30.955898,-0.0262,0
4809300,26.9429,0.3193,0
4824780,27.8349,-1.3273,0
4815930,26.2629,5.2335997,0
4828590,59.076,4.1454,0
4845380,86.847,6.1626,0
4810780,91.397896,6.3359,0
4818280,84.702896,6.0594,0
4843110,26.1959,-0.3718,0
4827960,43.3639,1.9401,0
4831920,42.893898,0.6534,0
4846770,42.1459,0.49789998,0
4839900,20.4249,-4.0306,0
4832340,89.554,0.94589996,0
4816570,91.928,0.3206,0
4827390,103.2379,0.6954,0
4827060,98.551895,0.8718,0
4841250,14.2939,-5.3817997,0
4808460,16.393799,-3.7250998,0
4814370,112.944,4.9793,0
4831260,103.2839,4.5615,0
4842480,104.1529,1.1007,0
4811850,71.6959,3.3202,0
4812640,75.1849,3.9457,0
4820520,81.5908,3.8165998,0
4830690,78.0709,3.5024,0
4837590,75.6409,3.7275999,0
4836300,88.914,1.1017,0
4814250,16.732,-4.9561,0
4819830,17.482899,-3.2935,0
4816080,113.3529,2.5439,0
4826700,108.6869,2.0335999,0
4845150,102.29,2.2045,0
4807470,67.800896,3.3571,0
4819320,59.6919,2.8585,0
4837710,69.593796,3.3083,0
4824600,62.880898,2.8192,0
4842660,71.206,3.4197998,0
4824150,75.1819,6.7878,0
4818210,76.6399,6.3431,0
4825020,23.218899,-0.14199999,0
4838460,102.274895,1.8262999,0
4845480,102.456795,1.7383,0
4830210,30.3739,-0.049599998,0
4835570,14.2739,-4.6222,0
4814130,32.9399,-1.1639,0
4822980,38.2119,-2.0019999,0
4824030,108.5429,3.9780998,0
4846170,14.578899,-1.5899,0
4823700,92.4739,0.3779,0
4835130,100.385895,0.57159996,0
4840320,94.6579,0.71959996,0
4815810,33.3899,-0.2497,0
4841880,71.4359,1.6592,0
4818780,51.916897,1.5590999,0
4829700,17.6019,-0.377,0
4807350,89.1809,4.3884,0
4811790,89.0039,3.9989998,0
4832190,92.232895,4.5092,0
4800006,24.729898,-1.5606999,0
4825790,17.4709,-1.5282999,0
4826610,16.388899,-2.3762999,0
4839120,17.486,-1.1075,0
4821840,17.694,-4.6826997,0
4844820,75.2409,5.27,0
4813200,89.819,2.4017,0
4840500,103.8679,2.8962998,0
4834050,96.7098,3.0532,0
4815600,62.6839,2.2742,0
4820500,54.3489,2.1383,0
4824900,55.970898,1.9648999,0
4826640,51.227898,1.7098,0
4815720,110.761894,3.2059,0
4821630,101.7259,3.0253,0
4821900,111.3819,3.2452,0
4825470,110.358894,2.9205,0
4828410,104.3109,2.9147,0
4808190,121.6329,6.6689,0
4821150,118.149895,6.9649,0
4826190,114.9779,7.2093,0
4817880,125.817894,5.9403,0
4828710,104.179,3.4656,0
4814070,33.6149,-0.113699995,0
4836480,38.6909,0.0008,0
4816440,41.3509,0.5144,0
4813860,21.0499,-2.6475,0
4833900,24.1919,-2.2172,0
4842930,64.305,0.23439999,0
4821930,13.6428995,-6.2023,0
4814700,86.5739,4.8543,0
4812510,54.1349,-0.2881,0
4831860,45.4469,-0.3355,0
4840470,52.8429,-0.0554,0
4843860,56.4409,-0.0175,0
4840380,48.1829,-0.7917,0
4842840,122.319,2.2653,0
4808490,114.819,2.8295,0
4835040,13.6859,-3.694,0
4842420,17.4699,1.295,0
4820400,120.0059,2.2309,0
4834650,16.1679,-5.9456,0
4819050,74.536896,0.276,0
4831650,112.9499,2.3137999,0
4833870,104.222,1.9749,0
4822970,106.2579,2.5175,0
4817130,81.3129,3.9743998,0
4834140,41.9669,-0.0049,0
4811110,32.7949,0.6875,0
4811280,87.982895,4.394,0
4809810,88.0699,4.8663,0
4825530,83.6959,2.2029998,0
4828020,77.5479,1.151,0
4812660,74.8779,1.0325,0
4813260,72.1869,0.5133,0
4812390,73.355896,1.1330999,0
4844470,94.3889,5.6601996,0
4818360,73.3529,3.7222,0
4800012,77.4939,0.22369999,0
4815150,77.2549,0.958,0
4810320,57.0099,2.1585,0
4824840,51.8449,2.5730999,0
4800010,63.6089,3.6308,0
4829040,18.569,-0.2263,0
4835800,9.743899,0.66889995,0
4800008,60.8359,3.1898,0
4814880,85.6999,1.5476999,0
4808130,15.238899,-4.9604,0
4825620,102.4508,2.0044,0
4900030,33.7729,-5.8613997,0
4900060,27.9669,-6.9491,0
4900090,26.496899,-6.4307,0
4900120,105.8549,-8.665999,0
4900142,92.2269,-7.8332996,0
4900150,23.3249,-10.158899,0
4900180,12.736899,-10.226399,0
4900210,42.6199,-5.5176997,0
4900240,20.6469,-12.216599,0
4900270,17.0478,-9.4972,0
4900300,23.5219,-6.4849,0
4900330,20.9179,-7.7345996,0
4900360,33.972,-5.1229,0
4900390,23.847898,-8.7326,0
4900420,43.6949,-5.2823997,0
4900450,31.9989,-8.5177,0
4900480,28.7789,-5.7462,0
4900510,44.2039,-9.557,0
4900540,16.43,-8.8948,0
4900570,75.7979,-8.5973,0
4900600,35.965,-5.1826,0
4900630,71.483,-6.9702997,0
4900660,39.4029,-10.9309,0
4900690,37.4879,-10.479099,0
4900720,52.5739,-6.1373997,0
4900750,64.791,-11.2529,0
4900750,64.791,-11.2529,0
4900780,17.0609,-10.6623,0
4900810,51.8069,-5.9572,0
4900840,38.4199,-13.386499,0
4900870,34.1769,-5.111,0
4900900,42.7959,-7.2282,0
4900930,37.958,-8.9587,0
4900960,32.0659,-10.8723,0
4900990,79.4339,-13.186399,0
4901020,20.322899,-6.5548,0
4901050,19.3069,-7.7820997,0
4901080,10.8579,-14.269899,0
4901110,100.5029,-11.4292,0
4901140,57.4469,-5.1921997,0
4901170,14.3859,-7.4171996,0
4901200,154.07489,-7.2093997,0
5307620,25.156898,-3.9886,0
5300780,126.150894,1.6389999,0
5301680,113.358894,1.7852,0
5308820,194.5979,1.1682,0
5304110,99.4179,2.1224,0
5305400,106.230896,1.8901999,0
5301410,174.097,1.3597,0
5302370,287.6889,-2.0894,0
5306690,185.86989,2.1705,0
5306690,185.86989,2.1705,0
5308610,156.09189,1.9266,0
5302130,159.9489,1.4336,0
5301350,155.052,-4.8782997,0
5301950,54.8069,-4.4372,0
5308850,229.78589,-4.368,0
5302400,140.09889,2.3611999,0
5303720,411.7439,-3.865,0
5308160,200.0159,1.7267,0
5304260,128.9429,1.6876,0
5308020,162.981,1.9907999,0
5308020,162.981,1.9907999,0
5300870,268.1009,-3.2128,0
5306960,150.416,1.5769,0
5309180,165.955,1.5958999,0
5300380,271.1428,0.0253,0
5307350,168.0529,1.3607,0
5309540,427.64587,-0.7579,0
5304170,209.7649,0.95989996,0
5300330,168.05789,2.6022,0
5300660,212.483,2.3694,0
5302670,127.2099,1.8664,0
5304200,152.481,2.0478,0
5305430,150.9949,2.5123,0
5308550,489.0979,-1.0302,0
5305910,151.8289,2.2345998,0
5300810,232.27289,0.7888,0
5303300,309.2439,0.124,0
5303570,318.5139,-0.2496,0
5304890,336.5209,1.2998999,0
5308730,463.0329,1.8903999,0
5303440,33.1289,-5.4712,0
5309240,65.2389,-6.0941997,0
5302610,23.765799,-4.6875,0
5306120,36.1619,-4.6289997,0
5309600,39.4218,-6.5593,0
5307080,23.781,-4.8578997,0
5304710,37.2479,-6.3585,0
5306390,47.152,-4.6967,0
5308280,51.7319,-4.8789,0
5309510,27.437899,-4.1693,0
5308400,39.9708,-2.042,0
5309390,52.7929,-2.0534,0
5301890,45.909,-7.0499,0
5307260,49.3169,-7.9614997,0
5307260,49.3169,-7.9614997,0
5303780,35.6769,-2.6868,0
5308370,34.304,-2.4161,0
5306570,29.899,-2.3171,0
5300002,64.0419,-5.4639,0
5300240,168.50879,0.89059997,0
5303210,430.1779,-1.712,0
5305130,166.5999,1.9255999,0
5309990,437.8219,1.4293,0
5300030,356.2039,2.5383,0
5305850,198.0459,1.4728,0
5306180,212.1879,1.8779999,0
5305460,123.398895,-4.8013997,0
5300840,452.302,2.3722,0
5301830,419.0369,0.2192,0
5306820,321.35,-1.1625,0
5307830,112.3249,-0.86499995,0
5304410,31.1549,-3.9694,0
5302040,123.1549,-3.3467,0
5306870,41.2569,-2.2252998,0
5306360,54.8479,-5.3964,0
5309780,369.9419,-3.3616,0
5306840,65.3959,2.394,0
5304150,48.25,-2.8293,0
5306480,26.5549,-3.7352998,0
5309570,39.6609,-3.5098999,0
5309900,28.6469,-4.7862,0
5303360,40.3219,-5.2411,0
5307530,40.2869,-2.0005,0
5309060,183.9029,-3.48,0
5300690,43.2109,-5.9189,0
5305020,113.397896,-7.2137,0
5306150,37.569,-6.3926,0
5309840,35.236,-5.5878,0
5300480,162.207,1.2314,0
5302940,150.71489,1.3564,0
5306450,158.304,1.4391999,0
5308460,166.8609,2.0778,0
5308700,160.1819,1.6039,0
5300720,41.395,-5.638,0
5306600,72.1289,-6.0302,0
5306060,319.5289,3.3321998,0
5309870,366.48688,0.3944,0
5304830,64.2859,-5.5720997,0
5309630,58.9869,-5.1001,0
5301560,52.1718,-4.8145,0
5301630,56.9209,-7.5239,0
5301470,44.2989,-1.7565,0
5302160,81.5019,-2.6373,0
5309000,43.2739,-1.9713,0
5304530,90.051895,2.6987998,0
5306300,101.2659,3.0755,0
5307650,101.4538,2.585,0
5307800,84.5908,-7.3153996,0
5307860,93.4359,2.8242998,0
5300090,35.59,-5.5113,0
5304650,33.7659,-3.0098999,0
5305370,27.156898,-5.117,0
5309480,31.4429,-3.8018,0
5310170,25.5669,-3.6978998,0
5309720,121.773895,-4.8248,0
5305280,113.3959,-4.4702997,0
5303180,33.0229,-3.2703,0
5308970,36.367,-3.4285998,0
5308970,36.367,-3.4285998,0
5309150,30.6749,-3.9626,0
5308670,26.361,-3.2338998,0
5303510,63.0529,-4.4855,0
5309690,57.525898,-3.8077,0
5304380,61.3029,-4.4639,0
5308250,56.609898,-3.735,0
5308250,56.609898,-3.735,0
5301050,74.6609,-2.7259998,0
5303090,74.5559,-3.7577,0
5310020,63.2259,-2.0428,0
5300630,215.319,1.2906,0
5307440,73.4628,-4.8677,0
5304920,62.0939,-4.46,0
5305640,57.701897,-4.2023,0
5309810,139.483,-1.026,0
5301200,116.037895,-5.8424,0
5306420,41.944,-8.466,0
5305220,25.5269,-4.413,0
5306270,68.522896,-6.5544996,0
5307740,149.6039,1.2465,0
5307740,149.6039,1.2465,0
5301440,63.2729,-3.2115,0
5301500,74.4339,-2.8158,0
5306930,67.008896,-3.3381,0
5308310,52.109898,-3.4203,0
5304860,122.4509,1.4678,0
5307770,34.6189,-5.4800997,0
5309360,25.288898,-3.3938,0
5301920,71.6279,-5.8338,0
5307950,473.55988,-1.9276999,0
5305340,237.1929,0.9945,0
5305970,65.0449,-3.944,0
5308490,66.4919,-3.6455998,0
5308790,64.816,-4.0784,0
5308790,64.816,-4.0784,0
5302520,49.8999,-3.3055,0
5306780,72.0079,-2.7667,0
5302700,165.10289,1.6495,0
5309270,151.4309,1.5213,0
5301320,33.1319,-2.029,0
5300990,216.054,1.1266,0
5309030,265.6829,-0.44349998,0
5303810,377.91,-0.59819996,0
5300060,197.29889,1.5662999,0
5302640,198.97389,1.1725,0
5305490,195.416,1.0956,0
5309930,198.9729,1.1323,0
5308520,388.324,-3.5396,0
5300960,56.6699,-4.388,0
5305040,192.457,-2.3134,0
5302730,59.352898,-5.2339,0
5303870,53.1269,-5.851,0
5304500,73.2019,-6.2685,0
5301800,68.202896,2.3683999,0
5300750,459.3739,-0.1454,0
5301290,96.0869,1.9720999,0
5301380,598.5039,-0.0212,0
5306990,319.2669,-3.9982998,0
5308190,89.9349,2.026,0
5308190,89.9349,2.026,0
5306750,244.86,1.5363,0
5304080,97.1409,-2.6181998,0
5308070,26.618898,-4.8708,0
5310050,450.49088,-0.2762,0
5310050,450.49088,-0.2762,0
5300390,145.2059,2.5009,0
5302880,152.4989,2.2997,0
5303960,159.4539,1.9193,0
5304560,225.03789,1.203,0
5307710,141.7789,2.8230999,0
5307710,141.7789,2.8230999,0
5307980,419.23788,-2.1203,0
5308760,203.358,0.8628,0
5300001,289.7229,-1.3686,0
5303540,153.7749,2.346,0
5304980,142.1129,2.292,0
5308040,348.9209,-0.29549998,0
5308130,146.3179,2.4766998,0
5308130,146.3179,2.4766998,0
5307920,137.5249,2.4075,0
5303330,226.7099,1.7242,0
5307110,172.2939,1.156,0
5309100,224.8609,1.5022,0
5310140,160.9539,1.095,0
5301140,161.8499,1.2544,0
5302340,266.7609,-3.8525,0
5304050,32.4419,-4.8389,0
5300300,156.40689,2.2647,0
5305700,372.73688,2.8306,0
5303030,141.10289,-3.7307,0
5304590,61.5099,-2.0729,0
5307320,28.3309,-2.5309,0
5303150,26.4359,-3.1072,0
5301860,44.692898,-5.5636,0
5302010,46.7039,-5.3873997,0
5307210,54.7019,-5.6415997,0
5310110,32.3269,-4.118,0
5305550,36.9669,-6.1661,0
5306220,34.9469,-5.7623,0
5308940,33.9879,-5.6591,0
5301080,203.81189,1.6856999,0
5305760,145.1839,2.2454,0
5305940,78.1829,1.9066,0
5308340,102.635895,1.9786999,0
5304740,127.3129,-6.1008,0
5300950,197.01889,-5.6721,0
5303990,66.2139,-6.2669997,0
5302310,55.7449,-5.1587,0
5306510,29.3079,-4.7304,0
5300420,142.56189,0.0887,0
5302850,141.44989,0.9774,0
5303130,38.2669,-6.0299,0
5305250,228.5629,0.059499998,0
5306660,223.513,1.235,0
5308910,184.08789,1.3352,0
5304620,166.957,0.8588,0
5305010,147.317,1.0670999,0
5305670,319.0839,-2.5786,0
5301660,301.3589,-0.3303,0
5309450,52.2649,-1.7268,0
5300570,161.263,1.7594,0
5301170,195.5448,0.91599995,0
5305190,341.2959,-0.2848,0
5306240,251.12889,0.0614,0
5309750,291.3278,-1.7314999,0
5304290,50.0449,-4.3694997,0
5303660,409.7439,1.9399999,0
5306000,250.832,1.3421,0
5307050,599.4559,0.6775,0
5302820,162.1599,1.8137,0
5303750,172.5388,2.2482998,0
5304230,147.2899,2.3567,0
5304230,147.2899,2.3567,0
5307230,145.14189,2.4361,0
5301110,58.9179,-4.1735,0
5302280,94.634895,-5.3027,0
5302970,73.79,-4.6545,0
5303270,54.638897,-4.6942,0
5302070,69.7539,-5.5169997,0
5305610,83.1149,-5.4519997,0
5309300,176.2619,2.3278,0
5300150,99.232895,1.4692,0
5301980,464.5119,-2.3013,0
5306330,62.1709,-4.8167,0
5304950,54.7389,-5.2834,0
5305310,400.3029,-2.0618,0
5300003,271.445,-0.1303,0
5304470,264.1679,1.0993,0
5303600,546.179,0.0526,0
5307900,296.8509,1.3219,0
5303240,238.4809,1.7226,0
5305790,293.406,1.3795999,0
5308220,244.89789,1.6559,0
5303000,71.3529,-3.934,0
5305160,369.1329,1.3227,0
5301590,31.4299,-1.9643999,0
5301710,363.8209,1.7689999,0
5307470,194.88089,1.5546,0
5307680,325.3739,1.3083,0
5301260,78.1179,-6.3508997,0
5305880,59.5589,-5.5659,0
5305880,59.5589,-5.5659,0
5301230,56.032898,-4.9663,0
5306540,74.941795,-3.6416,0
5307560,57.7529,-3.9636998,0
5308580,61.1909,-6.5825996,0
5309330,318.888,0.99679995,0
5302490,299.819,1.3883,0
5304800,391.3909,1.2063,0
5300280,40.775898,-3.6092,0
5307020,496.6179,1.276,0
5302910,32.4659,-2.3941998,0
5303930,33.263,-2.776,0
5304020,26.7349,-2.3725998,0
5306630,28.7979,-2.0241,0
5300450,45.6469,-3.4031,0
5305730,27.920898,-2.924,0
5307380,41.075,-4.4871,0
5305820,316.9649,1.1611999,0
5306090,321.5329,2.8367,0
5307140,336.9499,1.2947999,0
5305520,441.3889,1.3567,0
5308100,342.8829,1.5274,0
5306900,29.420898,-2.909,0
5302460,31.788898,-5.2795997,0
5302550,189.98889,-7.0792,0
5308430,212.0809,-5.1159,0
5309660,45.6078,-4.7862,0
5600730,11.566899,-11.6953,0
5601030,21.291,-10.1349,0
5601090,8.3909,-13.9807,0
5601260,32.1529,-17.9594,0
5601420,6.3908997,-12.0522995,0
5601460,7.5339,-13.0538,0
5601470,12.913899,-9.972099,0
5601700,25.826,-10.0303,0
5601980,6.48,-8.880199,0
5602070,46.0809,-10.5432,0
5602140,11.0838995,-9.9889,0
5602150,12.6609,-9.5994,0
5602370,21.5669,-10.3933,0
5602670,36.2299,-12.1182995,0
5602760,32.3199,-11.296,0
5602820,14.9029,-13.421,0
5602830,5.8868,-12.3963995,0
5602870,13.422899,-11.616099,0
5602990,6.9529,-9.9939995,0
5603170,10.958,-12.584399,0
5603180,7.8388996,-9.168,0
5603310,7.8469,-12.8768,0
5603770,9.3449,-10.815,0
5604030,24.7099,-12.3189,0
5604060,103.861,-12.248899,0
5604120,8.597899,-8.852099,0
5604230,8.59,-10.4674,0
5604260,12.189899,-13.4881,0
5604380,8.6859,-12.104799,0
5604450,9.8309,-12.667999,0
5604500,15.3989,-10.751599,0
5604510,10.656,-9.6261,0
5604830,8.717,-11.090899,0
5604860,22.878,-18.055,0
5605090,7.1589,-8.9630995,0
5605160,8.137899,-11.845799,0
5605220,8.347899,-12.5675,0
5605302,10.4239,-11.547299,0
5605680,13.92,-10.0528,0
5605690,37.3619,-10.7964,0
5605695,14.078,-11.3989,0
5605700,6.9178996,-14.0906,0
5605762,12.623899,-10.7493,0
5605820,16.2939,-12.644199,0
5605830,97.595,-14.025,0
5606090,8.8839,-11.333099,0
5606240,7.776,-13.5745,0
0900005,91.579895,-8.0605,0
0903570,97.873,-7.9175997,0
0903600,84.706,-9.5682,0
0903630,100.5788,-6.4709,0
0903660,100.623,-6.7644,0
0903720,95.11,-10.0545,0
0903750,96.5429,-7.7549996,0
0903780,96.6179,-7.2878,0
1732220,51.652897,-8.8449,0
1738100,52.223797,-9.1412,0
1732700,46.5599,-9.6619,0
1734290,43.201,-10.7634,0
1725650,44.5639,-10.206699,0
1729730,44.5919,-10.6406,0
1723050,56.5229,-7.7911997,0
1719080,51.5359,-8.4848995,0
1719080,51.5359,-8.4848995,0
1721780,50.1329,-8.635799,0
1722830,49.5949,-9.0107,0
1727570,48.1479,-9.990399,0
1732580,49.400898,-9.1455,0
1733510,45.907898,-10.401899,0
1740800,50.076,-9.5443,0
1743890,49.4879,-9.2002,0
1727740,67.985,-5.2265,0
1735190,77.3119,-5.4059,0
1726180,83.3829,-4.9196,0
1722950,52.8569,-8.8147,0
1704770,70.6809,-5.6921997,0
1708370,83.2779,-4.3638997,0
1734380,43.1129,-10.4797,0
1704230,58.2929,-8.0215,0
1733240,56.8279,-8.2242,0
1737410,59.0079,-7.844,0
1724090,52.25,-8.4615,0
1726880,56.025898,-7.7068996,0
1728200,52.7369,-7.812,0
1728530,54.3659,-7.8429,0
1729010,52.0039,-8.381,0
1729220,56.241898,-7.7651997,0
1729280,55.4609,-7.9252996,0
1730450,50.6289,-9.3958,0
1730450,50.6289,-9.3958,0
1732910,55.136898,-8.1275,0
1733270,56.3309,-7.7846,0
1733420,57.812,-8.4798,0
1733720,54.0219,-8.066299,0
1734020,55.9179,-7.7746,0
1738940,57.2299,-7.8788,0
1738970,57.18,-7.9547,0
1730330,49.1499,-9.3386,0
1703780,91.5979,-4.0959997,0
1740290,93.9249,-3.7795,0
1740290,93.9249,-3.7795,0
1725770,52.7169,-9.0451,0
1739870,38.0629,-9.7094,0
1726640,50.9879,-9.1491995,0
1716260,51.381,-9.1065,0
1735850,50.284,-9.0479,0
1728260,48.4218,-9.2564,0
1712870,49.282898,-9.096399,0
1706960,57.152897,-8.746099,0
1737140,56.1019,-8.7922,0
1725320,44.9199,-10.3835,0
1712570,54.7469,-8.9183,0
1713940,53.581898,-8.708,0
1715030,52.6479,-8.7328,0
1716830,52.761898,-9.1374,0
1721840,51.673897,-9.2916,0
1731620,75.7579,-4.8845,0
1719620,40.5359,-10.9983,0
1724570,43.5958,-10.528999,0
1709300,75.7989,-5.3606997,0
1727360,73.5279,-5.038,0
1706420,58.3479,-8.3224,0
1706420,58.3479,-8.3224,0
1720610,51.8509,-8.7775,0
1723070,54.798,-8.3864,0
1723350,54.5019,-8.6982,0
1726340,52.706898,-9.0289,0
1718030,46.1919,-9.5507,0
1722110,46.8499,-8.9081,0
1701384,42.7968,-8.7005,0
1705640,70.4639,-4.7704997,0
1715840,69.0439,-4.8965,0
1729790,71.665,-4.9628,0
1704020,56.7459,-7.8894,0
1704170,50.9419,-8.8761,0
1706540,56.1749,-7.9315,0
1707050,56.861,-8.2669,0
1708400,56.354,-8.401999,0
1714490,54.7399,-7.3645,0
1714580,56.345898,-7.5562,0
1719320,56.1849,-8.7228,0
1719560,57.8149,-8.3638,0
1722500,56.055897,-8.3983,0
1722740,53.84,-8.2814,0
1723880,56.555,-8.2427,0
1703870,48.5229,-10.3386,0
1711370,46.2259,-10.3681,0
1717340,47.3449,-10.2747,0
1717550,49.131897,-9.9232,0
1712990,66.175896,-4.9867997,0
1705970,77.401,-4.6103,0
1740440,50.18,-9.458,0
1713230,54.0949,-8.682,0
1731110,53.2049,-8.4098,0
1740980,54.2099,-9.0043,0
2300053,110.929,-11.2115,0
2303480,98.1299,-9.5485,0
2304830,97.038895,-10.4105,0
2308400,112.4459,-10.1012,0
2308500,116.050896,-9.1609,0
2308760,96.4869,-11.2069,0
2509150,108.8409,-5.6728,0
2510830,111.6469,-6.7142,0
2507410,91.8889,-7.9059,0
2503870,91.569,-8.55,0
2504290,95.498,-7.6552,0
2506930,91.1579,-7.9575996,0
2506510,100.5039,-7.5477996,0
2505740,95.7949,-10.9681,0
2500541,107.4889,-6.2725997,0
2504560,102.569,-3.4473999,0
2501920,87.314896,-10.7130995,0
2505100,91.609,-10.4341,0
2509900,92.8929,-10.575299,0
2507380,105.554,-4.1819,0
2508910,92.5859,-8.4897995,0
2511490,94.845,-8.9573,0
3300003,85.0329,-11.0865,0
3300017,86.5619,-9.1078,0
3300049,82.3619,-11.1679,0
3302670,73.427,-13.481899,0
3303850,85.4609,-9.5043,0
3305830,89.6449,-13.3294,0
3306260,83.3529,-10.1518,0
3307230,91.998,-8.5281,0
3399965,90.4369,-12.9874,0
3402910,101.0609,-4.4182,0
3413000,93.5979,-4.3241,0
3415480,94.385895,-3.8335,0
3417460,93.787895,-5.4909,0
3401770,92.147896,-3.4322999,0
3402880,92.037895,-3.3586998,0
3408190,90.0179,-6.1001,0
3417220,93.054,-6.1117,0
3407140,84.3239,-8.0464,0
3408060,87.5219,-8.1722,0
3416870,90.6129,-7.7286997,0
3412600,92.5149,-5.8434,0
3412570,94.5419,-5.2047,0
3403210,91.606895,-3.2698998,0
3415450,92.0719,-3.8981998,0
3407980,90.119896,-2.9387999,0
3405820,91.6189,-3.0432,0
3411760,88.8689,-4.5541,0
3402800,91.262,-3.7431,0
3412260,88.8389,-4.5604997,0
3404380,92.18,-4.0162997,0
3409550,89.4349,-7.2289,0
3416970,89.926895,-6.9491,0
3414400,94.717896,-3.4408998,0
3414940,96.023895,-3.452,0
3403620,87.803,-3.5126998,0
3403750,90.9199,-6.315,0
3407590,93.4749,-5.7946,0
3411610,92.398895,-6.6338,0
3408490,92.5169,-4.5892,0
3411700,90.6839,-4.3094,0
3413620,91.0139,-4.2276,0
3409090,82.1989,-1.763,0
3412510,88.5,-5.283,0
3411730,89.9379,-5.8303,0
3413560,91.081,-6.4084,0
3405610,96.2829,-4.7869,0
3407050,92.621895,-3.3571,0
3410440,95.8339,-4.1998,0
3413750,95.2279,-3.6288,0
3406660,92.286896,-5.6823,0
3408500,90.1299,-7.5176997,0
3410740,96.6569,-7.3515,0
3417550,98.4478,-6.9739,0
3406060,92.222,-4.4049,0
3409360,89.7529,-3.1534,0
3619020,91.387,-3.1071,0
3626520,93.9639,-3.1016998,0
3629520,93.652,-2.9844,0
4400420,108.9759,-7.5831,0
5505490,42.3009,-9.0823,0
5506120,39.492,-12.1349,0
5506180,42.006,-11.569699,0
5507650,46.638897,-10.3762,0
5509630,30.552,-16.461,0
5513290,45.7709,-10.4481,0
5515150,44.0979,-10.5622,0
5515480,43.2309,-10.5795,0
5515600,44.8419,-10.5794,0
5516770,46.3159,-10.4137,0
0900030,91.9039,-7.8718996,0
0900090,90.859,-8.2483,0
0900150,92.0179,-9.4067,0
0900240,102.024895,-7.5713,0
0900390,98.581795,-7.0839996,0
0900570,100.6978,-7.7137,0
0900630,83.5569,-9.9088,0
0900660,98.625,-7.6331,0
0900720,96.5979,-7.9298997,0
0900780,106.162895,-6.9284,0
0900870,96.0439,-10.1147995,0
0900900,96.620895,-7.7509,0
0900930,85.1409,-9.526999,0
0901080,100.069,-6.3673,0
0901380,89.694,-8.281099,0
0901410,96.1839,-6.8202996,0
0901500,97.925896,-5.8848996,0
0901590,96.191795,-7.3451,0
0901890,96.8759,-7.855,0
0901950,94.0709,-9.627299,0
0902010,98.081795,-7.6928997,0
0902040,88.0839,-8.6546,0
0902190,97.3089,-7.2268,0
0902340,92.513,-7.9111996,0
0902370,96.7549,-7.5667996,0
0902760,98.9209,-9.1055,0
0902940,99.1569,-10.2037,0
0903000,84.022896,-10.156099,0
0903210,97.472,-5.6893,0
0903360,96.5739,-8.2574,0
0903420,98.7229,-6.9417996,0
0903510,96.4189,-7.3701997,0
0903900,102.301895,-7.2237,0
0903930,83.208,-10.0183,0
0903960,97.402,-7.7286997,0
0904020,85.7038,-9.2831,0
0904080,89.6189,-8.2445,0
0904260,96.2519,-7.5123,0
0904350,100.968796,-7.5288,0
0904650,93.6719,-7.8194,0
0904710,100.2439,-7.0892,0
0905100,91.1409,-7.6924996,0
0905310,100.623,-6.7644,0
0905370,96.120895,-8.0781,0
1735220,54.574898,-8.5268,0
1740350,54.1189,-8.675,0
1740500,53.763,-8.9517,0
1741550,50.027,-9.372499,0
1742720,51.3069,-9.2439995,0
1743020,52.4039,-8.9228,0
1737800,40.6759,-10.7107,0
1734260,43.185898,-10.7554,0
1726590,43.0779,-10.477699,0
1725620,44.451,-10.3344,0
1729700,44.5919,-10.6406,0
1711220,42.9549,-10.818399,0
1703150,52.8709,-8.7375,0
1705880,50.511898,-9.3554,0
1705910,52.8219,-8.6638,0
1706450,51.7268,-9.208099,0
1707980,55.0319,-8.5692,0
1708790,56.1139,-8.5871,0
1705190,53.291,-8.3705,0
1719420,52.9449,-8.3933,0
1722920,52.368,-9.0514,0
1709210,53.9739,-8.6574,0
1709510,53.3339,-8.6936,0
1709540,53.164898,-9.000899,0
1714160,52.6479,-8.786,0
1714760,53.5029,-8.6216,0
1715700,56.0299,-8.3427,0
1719500,54.8409,-8.4358,0
1720580,52.4389,-8.8083,0
1722050,51.8849,-8.776199,0
1723730,54.6839,-8.7287,0
1724270,54.263,-8.4636,0
1726310,52.5569,-9.0967,0
1726370,55.3789,-8.4053,0
1728140,54.291897,-8.576,0
1733450,53.2309,-8.774,0
1734470,52.0378,-8.8052,0
1737680,58.798,-8.5987,0
1738220,56.4529,-8.4074,0
1734350,42.9708,-10.5008,0
1708970,55.3359,-8.816299,0
1710470,51.2019,-9.3281,0
1712540,54.715,-8.8824,0
1716800,53.178898,-8.8604,0
1717040,54.062,-8.8225,0
1717160,56.629898,-8.6518,0
1720220,52.1779,-8.9435,0
1720880,50.8458,-9.5278,0
1726490,52.972,-8.8555,0
1729040,52.977898,-9.0472,0
1729100,52.9949,-8.7533,0
1731860,53.4109,-8.5837,0
1731950,53.4539,-8.504,0
1738520,53.5869,-8.635,0
1739510,52.2799,-8.9436,0
1739660,53.0079,-8.581699,0
1701419,75.8829,-4.9007,0
1701411,43.333,-10.638,0
1728110,83.537895,-4.8954,0
1704340,73.1169,-5.2606,0
1705570,77.0069,-5.1019,0
1706180,74.1049,-5.1366,0
1709270,76.591896,-5.4695,0
1714640,76.8348,-4.7528996,0
1714940,76.0579,-5.1517,0
1715090,73.998,-5.4256,0
1717190,75.1609,-5.3368,0
1720910,76.3249,-5.4751,0
1725260,75.4239,-5.2318,0
1727340,73.499,-5.4382,0
1734590,75.303,-5.4059997,0
1738190,73.0469,-5.1889,0
1721450,55.8649,-8.8204,0
1723460,53.970898,-8.8022995,0
1724000,55.812,-8.8547,0
1724780,52.348797,-9.0858,0
1725500,51.8639,-9.1470995,0
1730510,56.4899,-8.536,0
1732970,52.145897,-9.3673,0
1734710,51.3849,-9.4499,0
1734620,49.9879,-8.8628,0
1742900,48.9279,-8.8161,0
1743110,49.923,-9.5123,0
1743860,49.3289,-8.8477,0
1700222,45.907898,-10.401899,0
1706750,57.1909,-8.8351,0
1706930,56.9039,-8.846,0
1741820,55.9329,-8.3296995,0
1742210,50.2389,-8.909599,0
1742570,56.923,-8.4042,0
1742600,53.6819,-7.6239,0
1742840,52.5039,-7.6965,0
1743380,56.4889,-8.0095,0
1731140,57.2229,-8.7335,0
1737120,55.93,-8.7828,0
1737320,56.8019,-8.8379,0
1714710,83.369896,-4.8325996,0
1716320,81.886,-4.9611,0
1720370,83.0899,-5.0109,0
1705580,70.958,-4.9245996,0
1705610,70.7509,-4.8175,0
1709170,70.8199,-4.8482,0
1714220,70.2849,-4.7121,0
1715820,69.4029,-4.9014,0
1717310,70.1609,-4.7086997,0
1718960,70.8089,-4.782,0
1703750,91.704895,-4.051,0
1707740,91.5299,-3.9643998,0
1711520,94.845,-3.2997,0
1720640,91.0299,-3.9175,0
1722860,89.1049,-4.0994,0
1703480,56.1399,-7.8907,0
1703930,56.8369,-8.348,0
1704050,56.4819,-7.8324,0
1704140,50.532898,-9.0987,0
1704560,56.2089,-7.8128,0
1704800,52.866898,-7.8462,0
1714410,42.9479,-10.6725,0
1703210,80.3399,-4.5977,0
1705950,77.2259,-4.6482,0
1726190,69.8348,-4.7258,0
1729760,71.786896,-4.966,0
1708340,82.5149,-4.5197,0
1712150,80.5769,-4.5302997,0
1716590,84.4469,-4.3666,0
1739930,83.5499,-4.1788,0
1705760,55.0179,-8.1491995,0
1706000,54.4389,-8.317699,0
1706060,55.777897,-7.7625,0
1706090,56.0089,-7.7100997,0
1706510,56.312,-7.8743,0
1707170,56.7239,-7.9237,0
1707290,55.9599,-8.636499,0
1707320,55.8489,-7.8982,0
1707860,57.034,-7.4343,0
1708100,57.060898,-7.6777,0
1708130,56.8409,-7.673,0
1709960,58.291,-8.352,0
1709990,56.3619,-7.904,0
1710200,56.034,-7.6675,0
1700009,74.997,-4.8413,0
1720190,73.316795,-5.2462,0
1727720,67.497,-5.2423,0
1710380,54.923,-7.567,0
1710950,58.3499,-8.3301,0
1711010,57.4869,-8.5078,0
1712120,52.0459,-8.6027,0
1712420,57.0999,-7.6902,0
1712450,57.1009,-7.8041,0
1713140,52.442898,-8.4316,0
1713260,55.180897,-7.5947,0
1713440,55.5589,-7.9424,0
1713770,51.7809,-8.941999,0
1714460,54.7399,-7.3645,0
1714550,56.345898,-7.5562,0
1714820,54.5369,-7.891,0
1715420,57.8659,-8.4166,0
1715450,55.6159,-7.8125,0
1715480,56.444,-8.2256,0
1715780,54.150898,-8.2221,0
1716860,52.1069,-7.8536,0
1729310,71.6329,-5.2546997,0
1740680,75.985,-5.3784,0
1742510,76.0579,-5.5569,0
1700330,58.616898,-7.9491,0
1701385,44.282898,-8.6226,0
1710690,38.9759,-9.7361,0
1701381,41.7019,-8.906899,0
1701388,41.4689,-8.5713,0
1716920,52.34,-8.4244995,0
1716950,57.7929,-8.254499,0
1717850,51.472,-8.5914,0
1718450,57.1959,-8.0496,0
1718480,57.0089,-7.9480996,0
1718600,57.437,-8.1947,0
1719110,56.512897,-8.330999,0
1719230,55.0169,-8.4038,0
1719290,55.803898,-8.611199,0
1719530,57.708897,-8.3007,0
1719680,57.097,-7.7853,0
1719680,57.097,-7.7853,0
1720970,53.199898,-7.467,0
1721270,56.27,-8.3673,0
1721420,55.652,-7.8585,0
1721600,55.805897,-8.0625,0
1721630,56.7179,-7.9972,0
1722020,57.317898,-7.9487996,0
1731560,75.6259,-4.9107,0
1738550,76.0819,-4.8761,0
1700010,49.5179,-9.3066,0
1700119,51.5779,-8.1599,0
1703840,48.4828,-10.3206,0
1703900,49.8779,-8.8682995,0
1704950,51.310898,-8.652599,0
1706270,46.9469,-10.1174,0
1708730,47.076,-10.155399,0
1711980,51.465,-8.5423,0
1712210,48.576,-9.4804,0
1721130,42.9799,-10.875,0
1714250,48.228,-10.2898,0
1715630,47.1159,-10.2986,0
1715930,48.076,-9.939099,0
1716290,47.8079,-10.2466,0
1717490,47.881897,-10.355599,0
1717520,48.9109,-9.9496,0
1717800,50.4329,-9.1779995,0
1718570,49.1049,-9.0921,0
1721030,49.088898,-9.3955,0
1721720,50.1909,-8.746799,0
1721750,50.25,-8.6999,0
1721870,48.8479,-10.2279,0
1707010,72.5728,-5.8241,0
1722800,49.4059,-9.3035,0
1723090,49.893898,-8.7142,0
1725290,45.0,-10.407599,0
1726100,49.562,-9.9621,0
1727540,48.5699,-9.6743,0
1729130,50.4669,-8.8921995,0
1728270,48.2059,-9.422999,0
1723100,55.1349,-7.6910996,0
1723850,56.2269,-7.738,0
1724330,53.7379,-8.3492,0
1724420,52.0039,-8.381,0
1724720,57.1489,-8.2628,0
1725020,58.018898,-8.5584,0
1725110,55.319897,-7.9283996,0
1725920,56.666,-8.0522995,0
1726820,53.3079,-8.1006,0
1726850,53.6159,-8.0423,0
1727210,51.1909,-8.852099,0
1728500,53.666,-8.0353,0
1728650,54.088898,-8.076099,0
1728890,56.7459,-8.125299,0
1728980,52.097,-8.3592,0
1729190,56.1469,-7.7700996,0
1729250,55.5739,-7.8283997,0
1730220,56.0,-8.368899,0
1730420,50.1119,-9.4429,0
1730570,56.2379,-8.053599,0
1730600,56.5909,-8.352099,0
1730810,58.284897,-8.4882,0
1730840,52.77,-8.4369,0
1730900,57.0289,-7.6675,0
1731200,53.727898,-8.0815,0
1732040,56.916897,-8.3618,0
1732370,56.761898,-7.9598,0
1732850,50.4659,-8.8825,0
1733390,54.7169,-8.0886,0
1733690,56.4459,-7.8476,0
1733810,55.3709,-7.9751997,0
1733840,54.7329,-7.9925,0
1733870,51.1749,-8.7487,0
1733990,55.9399,-7.7479,0
1734740,50.9319,-9.578199,0
1734770,53.0039,-8.3393,0
1735340,58.1849,-8.0809,0
1700103,55.1219,-8.0409,0
1709850,56.409897,-7.7706,0
1722980,56.569897,-7.8111997,0
1741600,56.069897,-7.8831,0
1711700,47.631,-9.5404,0
1721510,45.707,-9.4889,0
1735460,58.562,-8.2445,0
1735640,53.5389,-8.2248,0
1736300,57.5149,-8.4818,0
1736450,54.2649,-7.7753,0
1736480,54.3659,-7.8429,0
1736720,57.1689,-8.0184,0
1736750,57.2119,-8.0138,0
1736810,56.326,-7.8097,0
1737860,56.275898,-7.6123,0
1738370,57.8229,-8.010799,0
1738400,52.472,-8.0907,0
1738910,57.451897,-8.1886,0
1739030,56.4869,-8.497499,0
1739780,54.263,-7.9628,0
1700112,51.9279,-9.155499,0
1705466,50.09,-9.290299,0
1711910,47.9059,-9.3276,0
1717220,49.9979,-9.2073,0
1722080,47.0709,-9.2459,0
1729670,46.6749,-9.2817,0
1730300,48.7049,-9.4081,0
1731380,47.0719,-9.3705,0
1735100,49.6018,-9.5612,0
1739180,47.68,-9.2814,0
1724120,45.9708,-9.8333,0
1737050,46.6879,-9.5851,0
1740530,48.5629,-9.5795,0
1740620,47.400898,-9.538,0
1741520,57.032898,-7.5133996,0
1741700,51.3518,-8.5711,0
1741790,55.386898,-8.1448,0
1703270,67.7919,-5.4495,0
1705160,71.2849,-5.8029,0
1711730,67.68,-5.4263997,0
1716530,68.759895,-5.512,0
1704200,58.8909,-8.0138,0
1716650,57.02,-8.295,0
1723700,55.3299,-8.4777,0
1733210,57.041,-8.2855,0
1737380,58.673,-7.8795,0
1738790,57.3989,-8.2171,0
1709150,54.138897,-9.1378,0
1711290,53.9449,-8.7925,0
1713240,54.157898,-8.5029,0
1728920,53.597,-8.2848,0
1731080,54.0529,-8.621099,0
1733120,53.124,-8.4112,0
1734170,54.2599,-8.669499,0
1733750,43.8929,-10.5033,0
1736780,53.2449,-8.4074,0
1737020,51.4889,-8.321,0
1741010,54.491898,-8.7595,0
1741040,54.0869,-9.049399,0
1732090,58.840897,-7.9336,0
1721180,41.2908,-10.8551,0
1736240,39.8989,-11.0418,0
1732550,40.6529,-10.946199,0
1708310,38.4799,-9.6883,0
1713170,38.2779,-9.9467,0
1718090,37.5419,-10.071,0
1736360,37.874,-9.7312,0
1734540,40.4419,-11.012,0
1709180,76.9799,-5.5625,0
1720250,77.818,-5.3961,0
1733030,76.2809,-5.4635,0
1735160,77.5769,-5.4537,0
1735770,77.415,-5.3863,0
1727930,49.965,-9.2298,0
1726610,51.2249,-9.1581,0
1716230,50.631,-9.1329,0
1735400,51.1839,-9.156199,0
1725190,50.6189,-9.0732,0
1735820,50.076,-9.15,0
1706840,52.3059,-9.072,0
1712840,49.173,-9.106999,0
1726250,49.3409,-9.2073,0
1736840,51.9768,-9.085,0
1723160,48.9759,-9.187099,0
1700065,52.881897,-8.8779,0
1703420,51.5659,-9.125899,0
1710860,52.1199,-8.9979,0
1729520,51.3089,-8.910999,0
1732160,51.6349,-8.903999,0
1734650,52.0309,-8.9517,0
1732670,46.6349,-9.696,0
1732490,65.3219,-4.9066997,0
1732190,70.4519,-4.7841,0
1736210,71.7939,-4.6461997,0
1736330,70.1039,-4.6717,0
1736510,69.2109,-4.8522,0
1737440,69.4079,-5.1570997,0
1742300,71.0459,-4.8139997,0
1742960,70.762,-4.7272,0
1704740,68.956,-5.3317,0
1716560,53.465,-9.130199,0
1712960,65.762,-5.0264,0
1737470,70.4459,-5.6025996,0
1743050,66.356895,-5.0801,0
1725740,52.7939,-9.0967,0
1734110,52.720898,-8.6592,0
1700077,43.326,-10.583,0
1711350,46.2938,-10.3652,0
1715660,47.8989,-9.7741995,0
1718360,45.2179,-10.3762,0
1732520,45.7679,-10.144199,0
1728160,94.318,-4.1212,0
1740260,94.9769,-3.7703,0
2100090,94.0149,-4.0239997,0
2101590,109.1969,-3.6862998,0
2105220,111.622894,-3.5776,0
2105460,86.425896,-4.9888997,0
2302510,99.2259,-11.560699,0
2302850,115.786896,-10.2505,0
2302950,111.5019,-9.267799,0
2305380,98.1749,-13.7877,0
2306160,96.871895,-10.6946,0
2306610,110.9929,-11.314,0
2307100,112.538895,-10.0178995,0
2307450,105.819,-10.7483,0
2308490,116.050896,-9.1609,0
2311130,111.916,-10.0727,0
2312390,113.816895,-8.6279,0
2312960,111.5289,-8.6721,0
2314842,91.6529,-17.4923,0
2500014,95.7819,-10.9903,0
2500043,106.2639,-4.2585,0
2501740,109.3519,-5.8367,0
2501890,81.928,-9.5866995,0
2501890,81.928,-9.5866995,0
2502520,107.4739,-6.0948997,0
2502880,91.786896,-8.2529,0
2502970,104.4319,-4.0759,0
2503060,91.1439,-9.061999,0
2503120,93.0719,-9.2768,0
2503330,91.5449,-8.6591,0
2503720,86.6609,-11.1539,0
2503840,91.415,-8.2066,0
2503900,92.831795,-10.8884,0
2504080,94.1189,-10.267,0
2504260,96.7098,-7.4821997,0
2504530,100.805,-3.4696999,0
2504650,105.9249,-4.2357,0
2504710,89.1879,-10.6085,0
2504920,107.412895,-10.8414,0
2505610,110.1949,-6.8006997,0
2505760,86.8649,-10.7149,0
2506000,94.093796,-10.8154,0
2506210,94.9489,-8.6616,0
2506540,112.6849,-6.1980996,0
2506810,88.9489,-10.8498,0
2506900,90.9508,-8.0967,0
2507290,107.8959,-5.3694997,0
2507470,107.7859,-5.0745,0
2507830,92.026,-7.7762,0
2508220,95.190895,-5.8494,0
2508530,95.370895,-11.1623,0
2508640,99.6019,-7.5074,0
2508880,90.694,-8.6054,0
2509090,104.0069,-3.8295,0
2509180,90.7389,-10.7747,0
2509210,102.194,-3.6348999,0
2509390,87.925896,-11.0703,0
2509540,89.539,-10.3793,0
2509690,102.4929,-7.344,0
2509780,111.4589,-6.6787996,0
2510080,88.4538,-10.7094,0
2510140,110.0839,-5.9466996,0
2510230,98.5079,-11.028299,0
2510530,102.152,-10.998,0
2510710,95.221,-7.7107,0
2510800,93.1529,-11.2006,0
2510860,107.652,-5.5492,0
2510950,88.8389,-9.6791,0
2510980,94.4249,-8.2715,0
2511310,96.152,-8.963699,0
2511340,92.2149,-8.1261,0
2511370,85.939896,-10.4201,0
2511670,92.998,-7.5346,0
2511730,101.4489,-3.4429,0
2511940,89.9179,-8.1772995,0
2512300,100.4388,-3.5188,0
2512570,106.444,-4.2486,0
2512690,93.3079,-10.4832,0
2512870,89.342896,-10.1159,0
2512990,93.1829,-10.5359,0
2513260,100.6888,-10.8042,0
2513290,100.7089,-7.5364,0
2513321,98.2799,-10.939899,0
2600010,52.7459,-9.2944,0
2600105,61.0669,-10.4569,0
2603270,53.3449,-12.9161,0
2603660,56.4179,-12.139199,0
2603960,73.7069,-7.5555,0
2605100,60.3489,-8.8621,0
2606300,50.4969,-11.089499,0
2610230,51.8369,-9.343599,0
2612660,60.1049,-8.8825,0
2613140,63.736897,-13.989599,0
2613680,55.1559,-11.663899,0
2615510,71.5629,-6.5495996,0
2616560,65.776,-11.009299,0
2617340,68.7409,-6.8083,0
2619290,59.8019,-8.8309,0
2622830,63.7259,-8.6603,0
2624540,52.972,-12.314,0
2626100,67.8809,-8.5145,0
2626430,57.680897,-8.9239,0
2629190,53.5779,-13.7778,0
2632070,68.7989,-7.5341997,0
2632970,67.3359,-12.6321,0
2634860,52.2179,-9.5156,0
2635790,37.9839,-13.703099,0
2733720,22.6758,-20.732899,0
2903040,74.414,-4.2044,0
2904590,70.5758,-5.1953,0
2905190,43.6839,-7.4347,0
2905400,52.657898,-7.6582,0
2906540,39.9239,-8.3457,0
2907320,87.486,-3.9138,0
2908340,75.1849,-5.2634,0
2908790,30.948898,-8.3989,0
2909090,53.388,-6.0025,0
2910650,68.3829,-5.9897,0
2910710,67.2299,-5.3592,0
2911850,74.4739,-4.4583,0
2912450,66.939896,-6.0151997,0
2912480,66.5439,-6.2219,0
2912510,65.427,-6.1429,0
2912720,64.7289,-5.2700996,0
2912840,40.0099,-7.1749,0
2913260,64.2149,-5.2613,0
2913440,29.1869,-8.444,0
2914520,49.43,-7.5095997,0
2915060,74.666,-4.6844,0
2915180,76.847,-4.3519,0
2915210,75.6999,-4.5274,0
2916230,68.342896,-5.0049,0
2916710,66.6879,-4.3466,0
2917000,63.666897,-4.7862,0
2917910,30.128899,-8.5844,0
2918330,46.8779,-6.4993997,0
2919200,66.7069,-5.9101,0
2919950,67.2019,-5.1275,0
2920340,70.845,-3.8485,0
2920840,37.09,-7.2995996,0
2920880,49.504898,-7.2232,0
2921150,55.375,-5.7978,0
2921180,54.2799,-5.8027,0
2923040,67.5439,-4.8304,0
2923370,72.550896,-4.0784,0
2923790,98.93,-1.6875,0
2925080,67.345,-5.5787997,0
2926040,64.7839,-4.8666,0
2926190,49.3059,-7.0137,0
2926370,74.3389,-4.5713,0
2926550,85.1159,-3.9433,0
2926580,81.6019,-4.2964,0
2927330,42.173,-6.769,0
2927450,40.3169,-6.5179,0
2928080,42.5999,-6.9407,0
2928200,66.8209,-4.5748997,0
2928770,27.0669,-8.9203,0
2929730,67.302,-5.1068,0
2929820,67.702896,-5.3715997,0
2929850,64.749,-5.1387,0
2929910,69.4869,-4.6047,0
2931230,65.944,-5.9143,0
2916470,92.176895,-3.5869,0
2911010,71.652,-4.7037,0
2911040,69.052,-4.9663,0
2924690,43.9559,-6.5597997,0
2926940,48.9529,-5.6635,0
3301380,77.9489,-10.8049,0
3301440,82.9369,-11.0155,0
3301470,82.6529,-9.852699,0
3301500,82.3649,-12.1784,0
3301560,83.037895,-12.5569,0
3301590,72.606895,-9.939,0
3301620,80.3619,-11.05,0
3301650,81.7128,-9.9404,0
3301680,96.4729,-13.227099,0
3301710,59.368,-14.25,0
3301890,74.9239,-14.491799,0
3302010,84.0359,-9.3049,0
3302070,85.077896,-9.7335,0
3302100,80.1999,-12.8898,0
3302130,77.869896,-10.1037,0
3302250,80.1169,-9.7663,0
3302280,86.4729,-10.914599,0
3302310,79.023895,-11.2725,0
3302520,78.066795,-12.569699,0
3302550,75.3378,-12.6194,0
3302580,78.9658,-9.9123,0
3302610,81.347,-10.2003,0
3302760,80.5199,-11.024799,0
3302790,89.275,-9.0178995,0
3302910,79.0559,-10.9706,0
3302940,75.218796,-16.826,0
3302970,86.356895,-9.1777,0
3303120,87.8399,-13.0373,0
3303150,82.536896,-9.517,0
3303210,78.691795,-11.5085,0
3303276,88.138,-9.9025,0
3303303,86.0869,-11.3873,0
3303360,79.0719,-12.8842,0
3303420,89.6849,-8.6662,0
3303480,81.439896,-9.4923,0
3303510,92.3119,-8.4667,0
3303540,91.274895,-8.5625,0
3303600,73.427,-13.481899,0
3303600,73.427,-13.481899,0
3303630,96.577896,-10.4334,0
3303690,82.9179,-11.353399,0
3303720,84.0069,-12.0022,0
3303810,85.2509,-12.951099,0
3303840,85.748,-9.5711,0
3303870,75.7409,-10.315,0
3303990,101.4459,-13.875299,0
3304080,90.800896,-9.0134,0
3304150,91.0459,-13.222799,0
3304170,69.5489,-13.861899,0
3304500,72.304,-13.5885,0
3304560,91.7419,-12.9467,0
3304620,87.996895,-10.5679,0
3304650,85.6879,-10.639999,0
3304800,76.980896,-15.827499,0
3304920,68.9769,-14.3231,0
3304950,85.7529,-10.6953,0
3305010,93.6019,-10.248,0
3305040,83.8069,-10.4531,0
3305070,92.846,-8.3983,0
3305190,82.7839,-9.403999,0
3305250,85.0579,-9.0376,0
3305370,92.081795,-8.7588,0
3305430,79.9569,-9.9137,0
3305460,80.6299,-9.611199,0
3305670,67.0019,-13.671499,0
3305760,74.716896,-12.658299,0
3305790,85.9519,-12.936399,0
3305970,80.191795,-9.763,0
3306000,91.2849,-13.0864,0
3306030,92.0169,-8.6092,0
3306150,92.7819,-8.2565,0
3306270,93.0009,-8.9004,0
3306330,70.025,-15.8666,0
3306360,88.194,-16.2558,0
3306390,95.7249,-11.2978,0
3306420,81.9339,-10.078199,0
3306450,88.4658,-17.1315,0
3306480,87.9649,-8.9264,0
3306600,89.8829,-13.0668,0
3306660,86.3069,-13.3366995,0
3306750,86.1119,-10.7262,0
3306780,86.6279,-11.7424,0
3306870,70.414,-13.5241995,0
3306900,96.966896,-10.3568,0
3306910,117.900894,-13.658899,0
3306930,85.012,-11.047299,0
3306990,76.2038,-13.5369,0
3307020,81.675896,-11.1518,0
3307140,86.175896,-10.9883995,0
3406150,87.234,-3.2512,0
3407500,87.732895,-3.4406998,0
3415840,87.3359,-3.3985,0
3416530,88.217896,-3.6576,0
3403660,88.819,-3.8323998,0
3405040,87.8649,-3.3223999,0
3404530,92.5719,-4.3203,0
3405730,92.5039,-3.9024,0
3406510,92.248,-4.3529,0
3408670,89.7529,-3.1534,0
3411070,92.123,-4.4439,0
3411790,90.4929,-3.3033998,0
3415030,89.0049,-3.1624,0
3416950,88.5049,-5.8122,0
3413860,90.718796,-6.1865,0
3413470,92.373,-5.815,0
3411550,92.3939,-6.0934,0
3408730,95.054,-5.421,0
3417640,94.481895,-5.9509,0
3416260,94.3629,-5.4972997,0
3406450,93.1989,-5.8287,0
3402700,82.0569,-1.5368999,0
3400690,90.649895,-6.5397997,0
3401710,93.7038,-6.6647,0
3402610,94.6549,-6.8427,0
3403330,92.5479,-6.6348996,0
3403360,93.2239,-6.5386,0
3403720,93.0629,-5.9402,0
3404080,93.7579,-5.5418997,0
3405190,94.2799,-5.8427,0
3405460,96.023895,-6.6559,0
3409150,82.329895,-1.7996,0
3417400,82.04,-1.5871999,0
3405700,91.4069,-5.9684,0
3406600,91.4779,-6.7669,0
3410620,89.4929,-5.8824,0
3400750,90.2959,-5.9624996,0
3418360,91.443,-6.0989,0
3403810,89.54,-4.3598,0
3403390,89.319,-4.5453,0
3411910,91.0579,-5.8666,0
3402790,91.2249,-3.6397998,0
3412240,88.4239,-4.7574,0
3404290,91.316795,-3.7178998,0
3416620,89.875,-5.9084,0
3412180,88.161896,-4.8761,0
3407260,88.111,-5.1493,0
3406960,88.4869,-4.5053997,0
3411850,89.5209,-4.6465,0
3406840,88.2369,-4.6665,0
3413890,89.387,-4.3484,0
3413950,87.7689,-5.0176,0
3411820,89.4609,-4.7967,0
3405370,91.3499,-6.6313,0
3418210,88.9069,-5.5927,0
3408070,90.356895,-7.4677,0
3405670,88.1999,-7.6183996,0
3401800,90.7849,-7.8051996,0
3417160,89.818,-6.8525996,0
3409540,92.4658,-7.0579,0
3405520,90.579895,-6.7999,0
3417010,89.873,-6.8761,0
3402550,89.648895,-7.4217997,0
3405340,85.8089,-8.0418,0
3405400,87.5989,-7.8908,0
3405550,86.843796,-7.7201,0
3406480,84.8339,-8.1069,0
3406630,86.5209,-7.976,0
3406780,92.0429,-8.2734995,0
3408130,85.8509,-8.0679,0
3412150,91.1689,-7.7619,0
3414610,84.2439,-8.2012,0
3415720,93.5279,-7.7949996,0
3415750,87.9939,-7.9649,0
3415960,82.083,-8.142,0
3403060,97.759895,-6.9888,0
3403870,94.7409,-6.8090997,0
3404170,92.2409,-5.7444997,0
3405250,92.095,-5.7184997,0
3406690,92.7809,-5.9375,0
3409900,95.694,-6.8104,0
3409930,95.8378,-6.8546,0
3411190,94.774895,-7.7676997,0
3412660,93.331795,-6.1998,0
3414100,94.8689,-7.0053997,0
3414130,97.734,-7.3641,0
3417130,100.829895,-6.9888997,0
3417880,94.121895,-7.2988997,0
3416980,92.0999,-6.5947,0
3417190,93.0579,-5.9038,0
3405010,93.008896,-5.6008,0
3411520,95.4209,-6.3125,0
3414250,93.982895,-5.6998997,0
3407110,92.4079,-6.5811,0
3407380,89.2279,-6.5162,0
3408010,92.736,-6.5,0
3408430,92.93,-6.4189997,0
3408460,94.1689,-6.8325996,0
3410170,90.0908,-5.9758,0
3413710,92.7019,-6.1742,0
3413710,92.7019,-6.1742,0
3416170,93.619896,-6.7525,0
3401590,92.2019,-4.2539,0
3406030,92.2259,-3.6243,0
3416830,92.1529,-3.8765998,0
3401380,91.8509,-3.0792,0
3409300,91.982895,-3.2802,0
3416440,93.0788,-6.6303,0
3415870,92.1159,-3.4577,0
3414430,91.9388,-3.2035,0
3415000,92.037895,-3.3586998,0
3405850,92.1709,-3.8277,0
3409600,91.870895,-3.3,0
3404620,92.1289,-3.6796,0
3405430,91.721,-3.9375,0
3404140,90.6999,-2.858,0
3415990,89.2939,-2.9498,0
3417790,91.68,-2.937,0
3411100,91.2819,-2.6122,0
3406900,91.331795,-3.2438,0
3418180,91.7158,-3.092,0
3401020,92.9658,-3.1796,0
3403450,95.662895,-4.6528,0
3404410,95.7429,-3.7928,0
3404950,94.801895,-3.5823998,0
3405130,97.1589,-4.4779,0
3417340,91.8529,-3.1273,0
3415270,90.3929,-3.2877,0
3405580,95.883896,-4.8143,0
3405640,96.4919,-4.7862,0
3407200,92.4388,-3.1216,0
3407560,97.4309,-4.6296997,0
3408790,95.291,-3.6023,0
3409390,94.3269,-4.9052,0
3409720,94.8138,-4.8912,0
3410380,95.0059,-3.1492,0
3412120,95.564896,-3.444,0
3413740,94.8899,-3.6348999,0
3414370,94.5479,-3.3537998,0
3414970,95.318,-3.6603,0
3416200,95.8479,-4.1795,0
3417490,96.345,-3.5325,0
3414790,98.874,-3.4264,0
3403090,90.647896,-4.4365,0
3404350,90.7109,-4.3308,0
3404890,92.2709,-3.9315,0
3406420,91.206795,-4.0085,0
3409180,91.3359,-4.1742,0
3409510,90.1149,-4.3512,0
3409840,92.4469,-4.275,0
3401290,84.8079,-2.6864,0
3401560,100.941795,-4.4221,0
3404050,92.609,-3.7737,0
3407710,100.8288,-3.8781998,0
3408700,92.999,-3.8941998,0
3408910,89.8489,-2.9138,0
3412030,101.273895,-3.8283,0
3415690,94.5349,-4.0569,0
3416320,92.2019,-3.6139,0
3404830,95.4169,-6.2857,0
3409870,92.399895,-4.1897,0
3410920,90.8228,-4.1791,0
3410950,91.804,-3.7171998,0
3411580,91.2098,-4.5569,0
3414880,92.5579,-4.4368,0
3415420,91.7229,-4.3031,0
3415660,90.6869,-4.3203,0
3416020,92.9189,-4.5485,0
3417730,90.472,-4.0713,0
3418240,94.0349,-4.7392,0
3602310,77.5989,-11.2403,0
3604410,90.625,-3.0089998,0
3610620,93.8408,-3.0663,0
3611160,94.1679,-3.1225,0
3611460,93.7809,-3.1360998,0
3619110,91.232895,-2.9384,0
3620400,94.4349,-3.2128,0
3620940,92.5589,-3.2984,0
3621120,92.722,-3.2638998,0
3629430,93.661896,-2.9989,0
3629460,93.5349,-2.9473999,0
3629490,93.6569,-2.9552,0
3631200,108.969894,-13.599199,0
4400360,102.966896,-7.3265,0
4400390,108.04,-7.4097996,0
4400450,107.468895,-7.6387,0
4400600,104.3829,-4.5032,0
4400510,101.9229,-5.0829,0
4700030,101.3659,-1.6567,0
4700120,139.0429,-1.8951,0
4700154,105.927895,-0.6175,0
4700210,103.509895,-1.5920999,0
4700720,133.5659,-1.7861999,0
4700930,133.541,-1.8467,0
4701140,128.4619,-2.2051,0
4701260,110.2919,-2.348,0
4702370,110.620895,-2.4371,0
4702460,111.9639,-2.1571,0
4702610,129.58789,-1.8083999,0
4703150,115.7129,-2.4967,0
4703210,102.3339,-2.2426999,0
4703360,102.18,-2.5586998,0
4703660,110.0699,-2.8853998,0
4704050,134.9689,-1.5755999,0
5006180,72.5859,-13.6739,0
5007650,58.769897,-14.8111,0
5102220,81.108,-4.2051,0
5500013,41.6089,-11.4272995,0
5500052,46.7649,-10.5088,0
5500075,38.4489,-12.5295,0
5500080,42.9379,-11.914599,0
5501530,30.187899,-16.7285,0
5501650,45.5499,-10.5528,0
5501710,47.1018,-10.236199,0
5503750,44.3649,-10.4481,0
5504410,41.0589,-11.9393,0
5504620,29.986898,-16.6935,0
5504720,43.784,-10.5331,0
5504770,42.636898,-9.2224,0
5504800,42.6609,-9.1125,0
5505100,46.8099,-10.5604,0
5505130,45.5369,-10.366799,0
5505460,41.7,-9.083,0
5506090,39.761898,-12.120399,0
5506140,41.9068,-11.4537,0
5507620,46.9449,-10.4439,0
5508040,46.2409,-10.4524,0
5508070,45.5809,-10.5194,0
5508130,42.5509,-11.4509,0
5509240,41.9029,-11.4724,0
5509300,41.7789,-11.7101,0
5509360,42.629898,-11.5496,0
5509390,41.2379,-11.795099,0
5509690,29.7029,-16.5924,0
5510800,44.4799,-10.6539,0
5511400,45.067898,-10.4755,0
5512390,45.8089,-10.4553995,0
5512480,44.534,-10.5088,0
5512510,44.5489,-10.639299,0
5513350,46.5999,-10.3227,0
5513560,41.0489,-10.7115,0
5513860,46.4489,-10.359,0
5515090,45.7469,-10.4509,0
5515180,44.3518,-10.5335,0
5515450,43.1949,-10.59,0
5515660,45.0279,-10.670899,0
5515700,43.9209,-10.6662,0
5516560,46.164898,-10.5927,0
5517160,31.1449,-16.478699,0
5517220,44.1049,-10.5597,0
0100005,134.2489,-0.0933,0
0100005,134.2489,-0.0933,0
0100006,132.26889,-0.2022,0
0100007,133.694,0.9414,0
0100008,135.86389,-0.4271,0
0100011,134.207,0.79999995,0
0100012,133.9989,-0.042,0
0100013,134.8089,1.0476,0
0100030,137.929,0.9156,0
0100060,137.097,2.9981,0
0100090,133.8519,-0.52239996,0
0100100,138.83589,-0.044099998,0
0100120,137.6129,-0.5485,0
0100180,136.3929,-0.4337,0
0100185,146.53589,3.3690999,0
0100188,144.9989,4.0162,0
0100189,146.7089,3.368,0
0100190,133.7929,1.0518,0
0100194,134.5159,3.4399998,0
0100195,122.6849,2.0816,0
0100202,133.1689,5.7749,0
0100210,129.2549,1.1728,0
0100240,136.00389,1.6524,0
0100270,144.61789,4.0366,0
0100300,124.041,2.0771,0
0100330,136.9339,0.923,0
0100360,138.9559,0.685,0
0100390,132.75389,1.2494999,0
0100420,137.951,-0.1273,0
0100450,154.9709,2.5369,0
0100480,123.9739,1.5762,0
0100510,141.3069,2.0169,0
0100540,129.1969,-0.2653,0
0100600,133.67389,0.0762,0
0100630,129.0119,-0.85539997,0
0100660,138.9449,1.0232999,0
0100690,143.9109,1.6394,0
0100720,141.1069,2.1575,0
0100750,141.6169,-0.15709999,0
0100780,135.3949,-0.42319998,0
0100810,135.1889,3.5426,0
0100840,133.8179,-0.8549,0
0100870,148.694,2.3696,0
0100900,138.8459,1.0303,0
0100930,136.763,2.8065999,0
0100960,131.798,2.0686,0
0100990,146.21089,-0.77169997,0
0101020,144.99089,-0.83949995,0
0101050,127.636894,3.2914,0
0101080,130.7039,2.5971,0
0101110,134.535,2.0565999,0
0101140,141.54889,-0.7991,0
0101170,133.485,-0.1114,0
0101200,139.8849,1.3349999,0
0101230,121.458,3.5472,0
0101260,135.72,2.8725,0
0101290,128.8029,1.9806999,0
0101320,133.32289,3.3802,0
0101350,153.8669,2.7338,0
0101380,138.304,-0.24489999,0
0101410,119.5299,2.0406,0
0101440,131.1169,1.7055,0
0101470,138.1779,-0.73249996,0
0101530,134.6049,-0.805,0
0101560,138.1698,-1.3622,0
0101560,138.1698,-1.3622,0
0101590,137.1539,-0.8879,0
0101620,138.037,-0.16589999,0
0101640,133.8909,2.6994998,0
0101660,132.9129,2.424,0
0101680,139.4769,1.3169999,0
0101690,132.873,-0.0867,0
0101710,137.735,1.6189,0
0101720,149.8949,-0.87909997,0
0101730,134.5208,-0.43289998,0
0101740,129.4619,2.9559,0
0101760,133.3069,2.1452,0
0101770,121.7719,3.7861998,0
0101800,135.2119,-0.4716,0
0101800,135.2119,-0.4716,0
0101830,144.29889,-1.2214,0
0101860,129.6259,-0.3782,0
0101890,147.99289,-0.373,0
0101890,147.99289,-0.373,0
0101920,134.2379,1.1790999,0
0101950,140.40689,-0.1744,0
0101980,127.527,0.77959996,0
0102010,133.1539,-1.0837,0
0102040,135.173,-0.43179998,0
0102070,127.0289,1.4247999,0
0102100,137.8929,-0.7511,0
0102130,137.85489,1.3342,0
0102160,130.1989,2.2691,0
0102190,122.9089,1.5891999,0
0102220,134.994,-0.7608,0
0102250,137.162,1.5060999,0
0102310,139.0179,-1.3593999,0
0102350,131.761,1.2933999,0
0102370,146.16,3.842,0
0102400,140.90889,1.7461,0
0102430,124.008896,2.3179998,0
0102480,133.4429,-0.2917,0
0102490,133.194,3.424,0
0102520,134.13379,-0.6035,0
0102550,139.3979,-0.037299998,0
0102580,129.7039,0.85819995,0
0102610,132.82689,3.1683,0
0102635,134.1149,0.095699996,0
0102640,128.73889,3.2389998,0
0102650,133.9539,-0.0991,0
0102670,136.24089,1.4448999,0
0102700,116.8059,1.735,0
0102730,142.72789,0.7558,0
0102760,129.423,-0.5536,0
0102790,119.9929,2.2900999,0
0102820,132.7639,-0.20539999,0
0102850,131.6329,-0.086899996,0
0102880,117.6959,1.4907999,0
0102910,136.4129,-0.9259,0
0102940,147.2769,-0.91889995,0
0102970,132.90689,2.1132,0
0103000,134.136,-0.52529997,0
0103030,134.192,1.2494,0
0103062,136.7079,-0.050899997,0
0103090,136.401,1.0758,0
0103120,136.35289,0.19309999,0
0103150,136.47,-0.12629999,0
0103180,135.6609,-0.036199998,0
0103210,132.1519,0.6523,0
0103240,130.5699,1.6647999,0
0103270,133.32689,0.6243,0
0103300,137.5139,1.6682,0
0103330,119.874,2.2214,0
0103360,133.093,1.2444999,0
0103390,135.37689,0.9726,0
0103420,133.7769,-0.5065,0
0103430,133.3109,1.9885,0
0103450,145.50189,-0.3576,0
0103480,155.5459,2.1159,0
0103510,136.75279,1.7888,0
0103540,147.19789,-1.0893999,0
0103580,145.332,-0.99399996,0
0500001,109.374,0.8901,0
0500006,121.884895,0.4402,0
0500009,86.414,-2.2123,0
0500012,93.967896,-1.151,0
0500015,104.008896,-0.6523,0
0500016,92.786896,-1.7737999,0
0500017,94.023895,-2.1092,0
0500019,89.3069,-2.5068998,0
0500020,90.8759,-2.3402,0
0500021,83.9619,-3.3801,0
0500023,92.2439,-1.0625,0
0500026,108.3059,0.6405,0
0500028,115.7399,0.83989996,0
0500029,96.485,-1.2530999,0
0500030,106.8819,0.39589998,0
0500032,112.6029,-0.31379998,0
0500041,87.289,-1.5999,0
0500042,132.0609,0.83919996,0
0500043,79.555,-3.6448998,0
0500044,115.980896,0.5525,0
0500045,99.7158,-0.9532,0
0500046,96.7089,-1.2092,0
0500047,94.9478,-0.84599996,0
0500048,95.1279,-0.9316,0
0500051,98.190895,-0.30339998,0
0500065,106.5169,0.5417,0
0500067,114.1529,-0.3822,0
0500068,115.300896,1.0124,0
0500070,91.7089,-1.5733,0
0500071,92.054,-2.3518999,0
0500072,90.5329,-2.9893,0
0500076,79.3529,-2.8948998,0
0500079,91.023895,-1.485,0
0500082,99.623,-1.8496,0
0500419,93.2659,-1.0282,0
0502280,74.0559,-2.9045,0
0502430,100.4029,-0.5184,0
0502550,98.1319,-1.4002,0
0502610,88.3059,-1.7457,0
0502670,92.805,-0.6193,0
0502700,90.9099,-1.004,0
0502730,112.0139,0.1296,0
0502790,98.7789,-0.5686,0
0502820,94.1429,-1.1524999,0
0502880,93.333,-1.2357,0
0502960,96.4459,-0.62729996,0
0503090,71.9538,-2.8952,0
0503150,69.4508,-3.5841,0
0503240,96.986,-1.1754,0
0503300,103.972,-0.41779998,0
0503320,97.791,-1.3179,0
0503420,72.8689,-4.3708,0
0503480,91.5219,-1.236,0
0503630,94.2569,-0.34199998,0
0503640,95.0719,-1.2271,0
0503690,94.458,-1.0131,0
0503710,95.1179,-1.2358999,0
0503750,94.3619,-0.96879995,0
0503840,82.5029,-3.6492,0
0503960,95.8408,-0.044999998,0
0504020,92.869896,-1.2781999,0
0504050,90.050896,-3.4979,0
0504170,92.3819,-1.4958,0
0504350,101.665,0.22119999,0
0504370,90.7249,-2.2395,0
0504380,89.9039,-1.7397,0
0504410,88.7008,-2.5693,0
0504560,93.5589,-2.0072,0
0504590,92.452896,-1.6049999,0
0504680,78.7719,-3.355,0
0504800,136.74289,0.58419997,0
0504860,94.5709,-0.9607,0
0504890,90.4889,-1.6581999,0
0504930,89.0349,-1.5867,0
0505170,133.4169,1.137,0
0505190,93.0279,-0.2694,0
0505430,89.5339,-1.9569999,0
0505470,125.4239,0.9648,0
0505500,111.8099,1.1948,0
0505550,99.1149,-0.5493,0
0505580,88.443,-1.7342,0
0505680,123.313896,0.5202,0
0505850,99.318,0.092,0
0505970,70.8659,-3.727,0
0506060,108.3899,-0.0788,0
0506150,77.426895,-3.5944,0
0506210,111.68,-0.5593,0
0506270,99.6129,-0.6746,0
0506420,94.8239,-1.2064999,0
0506630,100.648895,-0.72709996,0
0506690,100.926895,-1.1347,0
0506870,70.5059,-3.3725,0
0506900,88.053,-1.1498,0
0507110,107.1999,-0.40199998,0
0507140,92.3219,-0.5457,0
0507230,116.9939,-0.0081,0
0507290,110.455894,-0.5884,0
0507320,97.8359,-0.69159997,0
0507350,93.9939,-0.9095,0
0507380,73.568,-2.5973,0
0507530,97.0889,-0.0784,0
0507560,92.8109,-2.0274,0
0507620,90.206795,-2.1878998,0
0507680,115.221,0.095699996,0
0507710,126.2009,0.3464,0
0507740,95.125,-0.6771,1
0507770,88.693,-3.4429,0
0507840,103.68,0.3224,0
0507890,94.276,-1.1668999,0
0507920,94.1139,-2.2021,0
0507990,93.679,-1.7256999,0
0508040,106.1849,-0.2996,0
0508040,106.1849,-0.2996,0
0508240,84.1569,-2.9772,0
0508280,94.347,-1.5606999,0
0508340,129.66,0.6175,0
0508400,91.6589,-0.8409,0
0508610,97.010895,-1.2864,0
0508640,140.0159,1.4466,0
0508670,91.202896,-0.8671,0
0508700,92.452896,-1.7644,0
0509000,94.1529,-0.5234,0
0509000,94.1529,-0.5234,0
0509060,95.831,-0.35979998,0
0509150,86.6959,-1.6955,0
0509190,99.6879,-0.95809996,0
0509240,105.897896,-0.5424,0
0509270,81.6189,-4.3505,0
0509360,101.1279,-0.1679,0
0509390,102.5349,-0.611,0
0509420,94.3619,-0.8007,0
0509480,80.9929,-3.0353,0
0509510,111.551895,0.652,0
0509540,90.0059,-1.5259999,0
0509570,91.2579,-3.0002,0
0509600,93.6959,-0.7831,0
0509630,124.361,1.2179999,0
0509720,84.745895,-3.1792998,0
0509840,121.246895,0.8247,0
0509990,94.4339,-1.7414,0
0510080,90.666,-1.4074,0
0510170,97.4359,-1.5741,0
0510200,86.536896,-2.8953,0
0510320,106.050896,-1.2940999,0
0510410,92.5449,-1.7515,0
0510440,94.4249,-1.2422,0
0510560,81.5629,-3.7041998,0
0510680,93.416,-0.48889998,0
0510920,62.7529,-3.0663,0
0510950,99.138,-1.0016,0
0510980,100.4059,-0.5776,0
0511070,91.5029,-1.6231999,0
0511130,89.72,-1.7258999,0
0511220,127.7689,0.50369996,0
0511340,89.5179,-1.2063,0
0511370,87.0149,-2.5793998,0
0511610,97.2098,-2.5125,0
0511700,88.138,-1.7064999,0
0511730,103.0039,-0.79069996,0
0511820,106.023895,-0.29369998,0
0511850,93.6689,-0.3567,0
0511880,92.4929,-1.3043,0
0512000,92.4339,-0.7202,0
0512060,88.941795,-1.5669,0
0512090,85.0489,-3.9222999,0
0512180,87.231895,-1.6168,0
0512210,92.845,-1.3069999,0
0512420,92.859,-2.4958,0
0512480,93.6549,-2.9663,0
0512510,119.1469,0.0679,0
0512520,88.245895,-1.7912999,0
0512540,90.4179,-1.8104,0
0512570,94.676895,-1.9264,0
0512630,104.7089,0.5248,0
0512930,134.11389,0.9285,0
0512960,98.1599,0.5845,0
0513080,93.952896,-1.8427,0
0513230,92.4489,-1.2085,0
0513350,74.4329,-2.8193998,0
0513380,94.1679,-1.1861,0
0513530,91.591896,-1.2028999,0
0513560,78.6189,-3.7893999,0
0513930,107.5619,0.0004,0
0514020,90.79,-1.7343999,0
0514040,91.735,-2.3257,0
0514140,103.1289,0.078,0
0514370,89.5788,-2.0083,0
0514400,115.8679,0.4007,0
0514430,95.2289,-0.5618,0
0514490,77.0159,-3.7012,0
0900060,99.8479,-6.8645,0
0900120,95.1439,-7.9480996,0
0900210,99.984,-7.1499,0
0900270,95.2429,-7.2946,0
0900330,94.8899,-7.5986996,0
0900360,86.286896,-7.7426996,0
0900420,94.9489,-5.1085,0
0900450,93.565895,-5.1363,0
0900450,93.565895,-5.1363,0
0900510,94.397896,-7.9199996,0
0900540,93.762,-7.447,0
0900690,93.7959,-8.6483,0
0900750,98.8489,-7.1424,0
0900810,97.471,-5.1672,0
0900840,103.4189,-7.5520997,0
0900960,91.2579,-7.9375,0
0900990,98.996895,-6.9747996,0
0901020,94.304,-7.5353,0
0901050,95.1569,-4.8013997,0
0901110,99.0999,-6.2374,0
0901170,89.967896,-8.3485,0
0901200,103.954895,-7.2813997,0
0901230,101.194,-7.3332996,0
0901260,92.5839,-6.9526,0
0901290,94.662895,-5.4217,0
0901320,101.6159,-5.7237,0
0901350,89.6969,-7.454,0
0901440,87.925896,-8.1125,0
0901470,87.0059,-7.7374997,0
0901530,93.605896,-5.1177,0
0901560,97.7019,-7.2411,0
0901620,91.759895,-7.5948997,0
0901680,90.9169,-8.747399,0
0901710,94.3209,-5.0165997,0
0901740,98.968796,-7.0046,0
0901770,96.633896,-5.2293997,0
0901800,98.1149,-5.8308,0
0901860,98.194,-6.7969,0
0901920,95.5758,-7.0295997,0
0902070,103.6839,-8.0072,0
0902130,98.911896,-7.6719,0
0902160,98.816795,-6.4775996,0
0902220,95.0049,-9.371799,0
0902280,99.235,-5.9547,0
0902310,85.8809,-7.3792996,0
0902400,100.0439,-7.2135,0
0902490,100.1978,-6.9249997,0
0902520,95.3199,-5.0074,0
0902550,100.193,-7.3609,0
0902580,101.1419,-7.1559,0
0902640,99.5319,-7.0959,0
0902670,99.304,-7.3799996,0
0902700,97.1159,-5.8950996,0
0902730,93.8348,-8.0851,0
0902790,95.3348,-5.5151,0
0902820,98.218796,-5.085,0
0902850,88.2119,-7.9958,0
0902880,98.245895,-6.9862,0
0902910,97.801895,-7.473,0
0902970,98.4309,-6.4526997,0
0903030,96.5199,-6.2756996,0
0903060,100.5469,-6.9786,0
0903090,94.345,-4.8357,0
0903120,97.7139,-6.9933996,0
0903180,96.625,-4.8017,0
0903240,100.827896,-7.8036,0
0903270,99.2119,-7.6317997,0
0903300,99.287895,-7.3285,0
0903330,96.633896,-8.6694,0
0903390,99.0989,-7.2163,0
0903480,101.9538,-8.2719,0
0903515,94.053,-9.5864,0
0903520,96.1449,-9.2234,0
0903530,88.4179,-8.34,0
0903535,100.7649,-6.9154,0
0903536,88.706,-8.371799,0
0903537,94.861,-7.6857,0
0903538,102.107895,-7.908,0
0903539,106.443,-7.1619,0
0903540,99.581795,-5.7339,0
0903810,97.0139,-7.5315,0
0903840,97.8659,-7.1482,0
0903990,100.5009,-7.0470996,0
0904050,100.0979,-6.976,0
0904110,93.163895,-8.125,0
0904140,87.1669,-8.1076,0
0904170,89.4239,-7.2030997,0
0904230,98.7529,-7.2725997,0
0904290,87.1999,-8.5661,0
0904320,97.471,-5.118,0
0904380,98.3969,-5.328,0
0904440,94.9219,-5.2416,0
0904470,87.258896,-7.8711,0
0904500,91.0589,-8.4848995,0
0904530,100.8529,-8.3347,0
0904560,90.1019,-8.123199,0
0904590,99.2839,-9.5643,0
0904620,96.5059,-6.5558996,0
0904680,86.370895,-7.7753,0
0904740,98.301895,-6.9694996,0
0904830,99.513,-7.6095996,0
0904860,100.6599,-5.5853,0
0904890,91.9029,-8.5058,0
0904920,97.9538,-7.375,0
0904950,95.75,-5.4172,0
0904980,96.819,-5.1907997,0
0905010,96.124,-6.3406,0
0905040,93.8269,-4.9670997,0
0905070,96.870895,-6.9719,0
0905130,95.7509,-6.5657,0
0905160,95.9469,-9.9825,0
0905190,97.554,-7.6057997,0
0905220,93.037895,-7.6973996,0
0905250,89.9189,-7.8483,0
0905280,105.666,-8.716,0
1000080,83.9169,-3.773,0
1000170,87.971,-2.2809,0
1000180,86.982895,-3.2907,0
1000190,86.721,-3.342,0
1000200,85.7699,-4.0787,0
1000230,86.2929,-3.6369998,0
1000270,89.441795,-2.5346,0
1000680,89.194,-2.6956,0
1000790,87.690895,-3.1959,0
1000810,89.1719,-2.593,0
1001080,88.3769,-2.9278998,0
1001240,88.1049,-4.1405,0
1001300,87.244896,-4.2581,0
1001530,88.232895,-2.7791998,0
1001620,86.261,-3.4038,0
1001850,88.664,-3.0311,0
1100030,78.5,-2.2911,0
1100030,78.5,-2.2911,0
1200030,91.022896,5.7820997,0
1200060,100.7509,5.1745996,0
1200090,124.9319,5.1559,0
1200120,93.9099,5.6605,0
1200210,125.5289,4.0784,0
1200270,79.1389,6.9772,0
1200300,85.7569,5.9807997,0
1200360,105.9079,5.3445,0
1200450,99.2369,5.0278,0
1200480,83.486,7.1245,0
1200480,83.486,7.1245,0
1200510,145.4879,4.1566997,0
1200540,78.651,7.0923996,0
1200570,115.622894,5.3778996,0
1200600,122.706894,3.9099,0
1200630,98.5899,5.4414,0
1200690,121.678894,4.9065,0
1200720,115.082,4.8385,0
1200810,80.3639,7.651,0
1200900,130.537,2.7609,0
1200960,125.7159,3.8794,0
1200990,120.2379,4.2708,0
1201020,115.083,4.8733,0
1201110,119.8669,3.9261,0
1201140,92.3408,6.0481997,0
1201170,126.4659,4.0769997,0
1201200,132.69,4.5453,0
1201260,83.967896,6.6956997,0
1201350,90.010895,5.6521,0
1201380,137.386,4.0668,0
1201620,81.109,6.6433,0
1201650,147.4059,4.1693,0
1201710,68.689896,8.7683,0
1201740,77.8369,7.3423,0
1201830,117.111,5.1208997,0
1201860,118.7999,5.0057,0
1201890,96.2249,5.5144997,0
1201920,73.9749,7.6619997,0
1201950,115.897896,4.2381,0
1201980,126.9599,3.4592998,0
1202010,128.248,3.5477,0
1300001,126.2549,0.4113,0
1300060,97.4889,3.3739,0
1300090,109.4219,3.3924,0
1300120,120.0319,0.1269,0
1300150,101.5869,3.5195,0
1300180,120.069,2.9219,0
1300210,105.4319,1.0727,0
1300210,105.4319,1.0727,0
1300240,121.9659,-0.028099999,0
1300290,120.875,0.4208,0
1300330,120.7099,-0.5719,0
1300360,109.1329,3.2631,0
1300390,113.5989,3.6880999,0
1300420,109.3489,1.4232,0
1300440,112.027,2.1847,0
1300480,104.5169,3.4399998,0
1300510,127.6699,-0.2101,0
1300540,122.690895,3.7593,0
1300570,89.7419,3.6592,0
1300600,126.1319,-0.17369999,0
1300630,94.3949,2.8439999,0
1300660,104.9729,1.7580999,0
1300690,109.2779,0.3964,0
1300720,122.2559,-0.88,0
1300750,116.718895,2.7704,0
1300780,93.4229,4.0696,0
1300810,101.831795,2.9866,0
1300840,128.9749,-0.262,0
1300870,128.9749,-0.262,0
1300900,120.442894,-0.5018,0
1300930,124.0019,-1.0368,0
1300990,96.7269,4.4526997,0
1301020,87.4619,3.8794,0
1301050,117.8379,1.7386999,0
1301080,136.0509,-1.0497,0
1301110,130.104,-0.479,0
1301140,127.2789,-1.1539,0
1301170,115.6179,0.1608,0
1301170,115.6179,0.1608,0
1301200,122.856895,2.7798,0
1301230,123.8529,0.3366,0
1301230,123.8529,0.3366,0
1301260,110.232895,3.7712998,0
1301290,122.566895,-0.1836,0
1301290,122.566895,-0.1836,0
1301350,105.6729,3.4192,0
1301380,117.3949,4.2065,0
1301410,103.370895,0.82979995,0
1301440,117.5,0.0942,0
1301470,114.3239,4.0822,0
1301500,124.050896,0.2017,0
1301530,112.092896,1.6157999,0
1301560,117.759895,2.9831998,0
1301590,133.3049,-1.2386,0
1301620,126.2119,-0.8797,0
1301650,143.608,-0.66429996,0
1301680,119.580894,0.039,0
1301710,121.413895,4.0355,0
1301740,119.357895,0.1516,0
1301740,119.357895,0.1516,0
1301770,111.093895,2.8458,0
1301800,114.7979,2.6582,0
1301830,119.7299,3.0525,0
1301860,127.830894,0.0405,0
1301870,110.0879,1.6942999,0
1301890,109.120895,1.6947,0
1301920,121.4929,3.2444,0
1301950,113.277,4.4281,0
1301980,93.831,3.2963,0
1302010,111.841896,-0.3057,0
1302040,102.6549,2.6331,0
1302070,94.2229,3.3743,0
1302100,140.9869,-2.4075,0
1302130,119.883896,-0.134,0
1302190,123.7959,-0.7184,0
1302220,136.34889,-0.5259,0
1302250,123.9199,0.2672,0
1302280,119.0279,0.3222,0
1302310,133.675,-0.3037,0
1302340,141.12689,-1.3306,0
1302370,108.288895,1.3032,0
1302400,90.8119,4.2072,0
1302430,122.7429,-0.84389997,0
1302460,116.3129,3.9045,0
1302490,104.0479,0.3807,0
1302520,117.318,0.7518,0
1302550,120.2659,-0.0846,0
1302580,142.86789,-1.1567,0
1302610,133.541,-0.3249,0
1302610,133.541,-0.3249,0
1302640,106.913895,0.93539995,0
1302670,124.9599,-0.6037,0
1302700,120.4349,1.3027999,0
1302730,112.175896,-0.106199995,0
1302790,127.0879,-0.0872,0
1302820,117.8109,0.3718,0
1302820,117.8109,0.3718,0
1302880,112.689896,2.1973,0
1302910,109.7639,3.5491,0
1302940,118.6949,0.2568,0
1302970,105.175896,0.23799999,0
1303000,104.413895,3.3759,0
1303030,119.2639,0.24859999,0
1303060,111.375,1.7134,0
1303090,95.7979,2.5995998,0
1303120,106.9199,1.7817999,0
1303150,109.4619,0.86289996,0
1303210,113.7649,0.8876,0
1303240,113.080894,4.0088,0
1303270,118.772896,2.9334,0
1303300,89.2539,3.7321,0
1303330,103.1409,0.6078,0
1303360,93.8288,3.8492,0
1303390,116.4659,4.1619997,0
1303420,155.21289,-1.0045,0
1303450,109.744896,2.3436,0
1303480,113.1169,-0.1982,0
1303480,113.1169,-0.1982,0
1303510,122.469894,-0.384,0
1303540,116.4209,2.1174998,0
1303570,105.6389,0.9677,0
1303570,105.6389,0.9677,0
1303600,86.5479,4.334,0
1303630,119.902,0.6468,0
1303630,119.902,0.6468,0
1303660,120.291,3.537,0
1303690,123.511894,3.2595,0
1303720,107.495895,0.7906,0
1303750,101.0289,3.1857,0
1303780,111.327896,0.1127,0
1303840,124.358894,-0.76339996,0
1303870,115.8379,1.7666999,0
1303930,114.7709,0.2254,0
1303960,114.564896,0.2162,0
1303990,111.9889,0.2509,0
1304020,123.621895,-0.2556,0
1304050,112.819,1.8702999,0
1304080,122.5019,4.4909997,0
1304110,141.4029,-0.6204,0
1304140,101.1859,3.4099998,0
1304170,116.2829,0.74,0
1304200,120.2229,-0.38059998,0
1304220,115.063896,2.7696998,0
1304260,108.6319,0.3299,0
1304290,116.208,2.3773,0
1304320,175.9749,-2.0241,0
1304350,126.3659,2.7049,0
1304380,100.0589,1.2196,0
1304410,117.0019,0.3786,0
1304440,123.4619,-0.71669996,0
1304470,115.7149,2.1459,0
1304500,93.370895,2.5024998,0
1304530,124.8509,4.0878,0
1304540,114.8129,0.4068,0
1304560,133.201,0.23519999,0
1304590,120.5139,2.2946,0
1304620,117.5339,2.388,0
1304650,115.1529,1.5733,0
1304680,105.4589,0.56049997,0
1304770,96.4519,3.3934999,0
1304800,112.6179,1.7429999,0
1304830,106.341896,3.0077,0
1304860,120.6319,2.5957,0
1304890,120.5629,4.413,0
1304950,120.5899,4.3052,0
1304980,107.5439,3.6697998,0
1305040,100.5599,3.1129,0
1305070,128.25,-2.9808,0
1305100,103.3489,2.6294,0
1305130,133.14189,-1.0569,0
1305190,114.2969,3.4945,0
1305220,111.1129,1.5166999,0
1305250,142.565,-2.7804,0
1305280,114.304,1.3295,0
1305310,116.3759,4.1517,0
1305340,101.4649,3.2898,0
1305370,132.0529,-1.2329,0
1305390,116.333,0.3403,0
1305430,102.564896,3.7078998,0
1305460,108.179,0.97169995,0
1305490,112.7949,1.5396,0
1305550,97.704895,3.7059,0
1305580,116.3529,2.5455,0
1305640,101.4779,2.3638,0
1305670,159.47389,-1.5975,0
1305700,124.6669,-0.86069995,0
1305730,114.091896,3.0814,0
1305760,103.857895,0.1902,0
1305790,109.4319,1.3797,0
1305850,116.4509,3.7194998,0
1701382,82.18,-4.6798,0
1700110,50.9419,-8.8091,0
1719920,80.7819,-5.8181,0
1727300,49.0219,-7.9870996,0
1741070,68.995895,-4.9042,0
1713710,49.1089,-9.6701,0
1713970,54.0089,-8.530399,0
1708010,42.1459,-10.8288,0
1737830,68.971,-6.4932,0
1737830,68.971,-6.4932,0
1713560,75.5289,-6.0386,0
1727710,52.3729,-9.0738,0
1727710,52.3729,-9.0738,0
1730270,49.8659,-9.2132,0
1731740,52.9949,-8.9285,0
1733380,53.428898,-9.0137,0
1716380,48.331898,-9.57,0
1705220,48.402897,-9.415299,0
1740830,57.650898,-7.4384,0
1727390,59.5009,-7.1622996,0
1701418,62.256897,-7.7883997,0
1710530,53.0229,-9.0939,0
1713050,32.4119,-11.6545,0
1722300,72.343796,-5.1456,0
1700314,45.4379,-9.059299,0
1734990,48.458,-9.9657,0
1741250,50.7049,-8.7298,0
1734140,54.3569,-8.9632,0
1728620,58.0389,-8.941299,0
1727610,78.147896,-4.2687,0
1700113,54.1689,-8.0528,0
1710440,59.3719,-8.2342,0
1718390,55.5289,-8.1364,0
1727290,55.2399,-7.6766,0
1742480,54.2169,-7.5256996,0
1705460,72.2409,-6.3276997,0
1707650,54.2059,-8.5471,0
1724060,57.400898,-8.135,0
1726550,58.6289,-7.8286,0
1739600,60.9629,-7.2686996,0
1717790,50.9879,-7.4535,0
1730990,49.152897,-7.697,0
1708220,46.4419,-8.101399,0
1733000,45.2119,-7.6805,0
1700223,61.7399,-6.8454,0
1703990,57.8629,-7.6183996,0
1700122,62.7869,-7.3229,0
1742790,41.0459,-11.1036,0
1731050,40.6409,-11.016299,0
1736600,40.650898,-11.019899,0
1740200,68.2038,-5.0176,0
1737350,69.4739,-5.0983996,0
1713530,66.943,-5.0229,0
1700114,76.633896,-5.8459,0
1703510,74.455,-6.1275,0
1737230,73.495895,-6.1450996,0
1736180,39.687,-9.5924,0
1733930,38.833,-10.1476,0
1712330,45.5289,-10.6943,0
1732280,97.943,-3.5900998,0
1740920,51.6889,-9.2452,0
1725680,51.875,-7.3605,0
1700102,61.0799,-5.4445,0
1700001,34.4479,-11.5377,0
1700310,39.2639,-11.225699,0
1708070,96.066795,-3.0205,0
1726400,38.6078,-9.5124,0
1734410,38.52,-9.7383995,0
1700153,50.3979,-8.559999,0
1711400,47.8969,-8.9534,0
1701413,47.956898,-9.4109,0
1703960,63.541897,-7.0414,0
1720790,71.943,-7.0495,0
1700319,39.111,-9.1841,0
1720170,53.458,-8.762199,0
1712510,56.111,-8.7634,0
1700323,53.8419,-8.7802,0
1716020,86.0739,-4.3926,0
1718270,88.967896,-4.0201,0
1700125,44.77,-10.0549,0
1700125,44.77,-10.0549,0
1739630,96.7929,-3.1618,0
1742990,87.440895,-3.8783998,0
1703810,44.1419,-9.7869,0
1708160,42.818,-10.1412,0
1714350,40.603,-10.031,0
1716140,43.9259,-10.0255995,0
1730200,40.0039,-10.0289,0
1737490,46.5509,-9.708099,0
1734510,41.1269,-10.777699,0
1728700,41.6089,-10.7512,0
1721680,45.3559,-10.1599,0
1718840,54.4399,-8.9426,0
1735310,76.8059,-5.5797,0
1701403,54.782898,-6.8280997,0
1701404,77.1029,-5.4409,0
1738130,61.8639,-6.8290997,0
1742690,64.9199,-6.7999,0
1731230,53.7159,-8.8393,0
1731230,53.7159,-8.8393,0
1732770,48.499,-9.8239,0
1725050,65.873,-6.6331,0
1709600,70.1389,-6.6152,0
1700002,78.0559,-6.3301,0
1717580,85.2689,-4.9028,0
1717580,85.2689,-4.9028,0
1713500,82.2719,-4.9119,0
1700217,77.5139,-4.5931,0
1730870,76.8258,-5.6398,0
1701416,56.5089,-8.5198,0
1708280,47.138,-8.9819,0
1743960,48.9589,-9.4165,0
1731770,47.9899,-9.592999,0
1718180,58.694897,-6.9409,0
1708610,57.4739,-7.0611997,0
1717670,55.4599,-7.0151,0
1715750,53.013,-7.0074,0
1720430,62.150898,-6.0232997,0
1718810,81.236,-4.4958997,0
1708640,83.1309,-4.4751,0
1704620,54.2939,-7.1492,0
1704920,55.1949,-7.4852996,0
1731410,54.0879,-7.7054,0
1741280,52.4659,-7.1668,0
1734100,54.8369,-7.4772997,0
1718510,51.472,-8.4807,0
1743962,52.1849,-8.427199,0
1700115,50.0729,-9.1226,0
1732960,47.8019,-9.472799,0
1706880,47.8099,-10.1792,0
1709930,57.277897,-7.1066,0
1714100,54.902,-8.0332,0
1708040,69.705,-4.9618,0
1712720,69.5878,-5.0355,0
1700109,54.761898,-8.7725,0
1722710,54.7389,-8.870399,0
1713920,56.3269,-8.861899,0
1701417,75.1529,-5.2427,0
1701422,75.1589,-5.2349,0
1742630,53.6209,-8.986899,0
1731020,38.575,-11.478,0
1710290,56.2529,-8.2923,0
1730630,65.1739,-6.7216997,0
1700176,69.65,-6.4603,0
1736090,65.3649,-6.6461,0
1712030,57.194,-8.102,0
1709100,59.4679,-7.009,0
1727840,69.2839,-6.5357,0
1733090,71.6259,-6.476,0
1721390,46.458,-9.5278,0
1736960,47.7729,-9.2656,0
1740080,68.7939,-4.9881997,0
1719660,56.2439,-8.098,0
1719660,56.2439,-8.098,0
1739480,56.3209,-8.946199,0
1705430,58.1019,-8.5289,0
1711250,58.6489,-8.5362,0
1740070,53.7579,-8.8379,0
1732100,45.0489,-10.7929,0
1721900,48.5709,-9.9924,0
1713370,69.914,-7.2114,0
1730780,72.7819,-6.9793997,0
1707200,49.0089,-9.4201,0
1712700,51.1269,-9.456699,0
1730750,72.3799,-7.1204,0
1738490,48.6009,-8.7824,0
1700092,65.1329,-7.6045,0
1720380,81.5039,-5.634,0
1700332,48.4599,-8.3684,0
1729420,81.1819,-5.6145,0
1707950,45.868,-9.0858,0
1703600,64.694,-5.3192997,0
1707770,63.7609,-5.8073,0
1735010,66.6449,-5.0762,0
1737170,47.9679,-9.7734995,0
1709810,70.550896,-4.868,0
1736900,69.305,-4.9484997,0
1737650,71.9309,-4.7321,0
1722130,85.2969,-5.6394,0
1722150,83.0199,-5.275,0
1730480,79.202896,-5.6759,0
1734230,80.1709,-5.6893,0
1705050,49.34,-9.7684,0
1718200,97.0788,-3.4649,0
1742310,42.694,-10.8702,0
1703690,44.4738,-10.4692,0
1735970,42.6129,-10.7297,0
1722350,39.9889,-10.8821,0
1720280,52.326,-7.5708,0
1730060,36.9939,-11.5008,0
1713320,69.4879,-4.8901997,0
1724940,70.577896,-5.2627,0
1727960,68.222,-4.8175,0
1733300,68.2439,-4.9748,0
1739420,67.9869,-5.3533,0
1721300,43.0769,-10.5784,0
1700014,90.5159,-4.0977,0
1712480,92.676895,-3.6892998,0
1700044,48.581898,-9.5114,0
1731270,53.5,-8.5851,0
1704380,43.3359,-10.720099,0
1724870,77.9059,-6.3092,0
1707830,47.0459,-10.6763,0
1712000,43.006,-10.6342,0
1716410,43.8059,-10.458,0
1724480,46.518898,-10.1121,0
1741190,46.4339,-10.0956,0
1722770,49.0629,-7.7984,0
1716050,32.2669,-11.7715,0
1737980,35.0979,-11.492499,0
1735610,34.526,-11.8712,0
1722530,36.2299,-11.5422,0
1740740,35.208,-11.649,0
1720760,56.2449,-8.8666,0
1712090,45.6339,-9.017,0
1715490,41.5039,-11.087299,0
1730160,44.5079,-10.8449,0
1709400,41.2129,-10.962999,0
1718420,42.902,-10.6139,0
1716680,62.6559,-6.4849,0
1716350,42.8509,-9.7705,0
1721000,46.9828,-10.1152,0
1729940,44.2789,-10.1132,0
1718240,41.4158,-10.889299,0
1712810,39.9669,-11.2128,0
1725690,42.3759,-10.7525,0
1715880,47.597,-9.6469,0
1700120,49.1549,-9.3199,0
1726710,41.8859,-10.6546,0
1733950,39.3819,-10.5099,0
1712060,54.5169,-8.3899,0
1711880,54.5779,-8.616,0
1739390,54.9059,-8.6862,0
1708250,74.6129,-4.5043,0
1710980,70.79,-5.1166,0
1716080,43.7659,-9.7347,0
1726800,55.4939,-8.8743,0
1700041,54.1219,-8.6479,0
1720180,57.0669,-8.8477,0
1700005,51.131,-8.8849,0
1728560,64.6919,-6.7165,0
1738700,58.597,-7.0765,0
1736640,56.914898,-7.1503,0
1730660,59.4109,-6.8136,0
1736610,48.0869,-8.3097,0
1727780,42.3379,-8.7012,0
1717700,54.4729,-8.0795,0
1726760,58.3619,-6.9709,0
1700123,58.637897,-6.8859,0
1718060,42.3689,-8.3755,0
1740890,41.812,-8.3232,0
1725590,44.2369,-7.8648,0
1730930,56.845898,-7.1183996,0
1734320,55.930897,-7.4705997,0
1700324,56.8899,-7.4114,0
1710800,60.791,-7.7362,0
1708580,90.426895,-4.3371,0
1743800,79.7259,-4.5116,0
1720550,82.8099,-4.3561,0
1705820,58.7739,-7.423,0
1709330,58.6479,-7.3754997,0
1710410,55.409897,-8.8274,0
1712240,77.374,-5.9512,0
1741580,80.1989,-4.5225997,0
1724900,78.012,-6.3873997,0
1723920,46.1209,-9.0145,0
1706480,57.6689,-8.9123,0
1729890,55.8839,-8.554999,0
1724750,58.3289,-7.8455,0
1700003,56.2249,-8.3625,0
1718870,56.6399,-8.596399,0
1724600,85.845,-4.3178,0
1711850,59.4259,-7.1882,0
1700320,43.886898,-9.3467,0
1732830,42.3979,-10.3906,0
1742060,46.5729,-10.227099,0
1704680,47.992,-9.3737,0
1704710,48.048,-9.4696,0
1704710,48.048,-9.4696,0
1719830,46.4379,-10.2866,0
1724390,56.699898,-8.816999,0
1724390,56.699898,-8.816999,0
1731290,56.319,-8.4839,0
1717370,56.970898,-8.6598,0
1741360,78.6989,-4.874,0
1735940,75.7789,-4.8031,0
1708550,47.3339,-10.3282995,0
1712930,45.652,-10.0503,0
1705790,42.9128,-10.7153,0
1700321,43.1658,-9.434999,0
1736570,46.2679,-9.899,0
1738460,44.1539,-10.3656,0
1703300,44.692898,-10.401899,0
1711610,39.4459,-11.3161,0
1715900,39.2589,-11.289599,0
1706600,53.3009,-7.5793996,0
1742240,53.895897,-7.4637,0
1742660,54.527,-7.4624,0
1710830,52.0929,-7.8111,0
1704470,54.3579,-7.4824996,0
1739450,54.2049,-7.3982997,0
1700105,52.7789,-7.7826,0
1737080,55.2269,-7.5098996,0
1737080,55.2269,-7.5098996,0
1720490,45.6419,-10.4201,0
1713410,57.060898,-7.3476,0
1743330,44.4188,-10.3428,0
1740140,75.2569,-6.1053,0
1707440,74.0169,-6.0206,0
1713290,86.3959,-5.3167996,0
1701390,52.3829,-8.9221,0
1700326,54.0719,-8.874599,0
1738070,53.229,-9.080299,0
1734440,36.77,-10.005,0
1708430,59.2819,-6.6201997,0
1737590,64.9499,-5.9147,0
1700045,90.0429,-3.9759998,0
1724650,69.2709,-5.0516,0
1741750,70.1859,-5.1717,0
1711100,87.9939,-4.3452,0
1731500,62.5659,-5.8522,0
1730540,56.0299,-6.809,0
1727180,64.2989,-6.4147997,0
1723250,63.7999,-6.5104,0
1731890,53.7999,-6.7871,0
1731710,50.7059,-7.3602,0
1713590,95.6749,-3.4117,0
1726970,96.5889,-3.2795,0
1714050,49.2609,-9.1996,0
1719960,51.039898,-8.7677,0
1719960,51.039898,-8.7677,0
1713660,87.4899,-4.1314,0
1718990,68.552,-5.5917,0
1705310,49.4599,-8.3891,0
1740410,52.8029,-7.6843,0
1710650,68.943,-4.8487,0
1717280,67.75,-5.0432,0
1706390,60.5389,-7.8299,0
1710820,62.2659,-7.6159,0
1711790,61.715,-7.5151,0
1734870,58.3419,-7.9347997,0
1715100,50.909798,-9.248799,0
1706120,66.0029,-5.2297,0
1710240,80.9609,-5.0520997,0
1709420,57.798,-8.071199,0
1739120,58.560898,-7.8918996,0
1739090,76.386,-6.0913,0
1701387,50.5599,-7.5088,0
1719970,50.7669,-9.0134,0
1700126,52.7999,-8.7536,0
1723970,68.458,-5.0007,0
1700004,85.9109,-4.65,0
1708500,86.7069,-4.3845,0
1719260,45.9259,-10.125,0
1735370,47.395897,-9.7497,0
1722870,45.6279,-10.0306,0
1739960,58.034897,-8.0416,0
1715180,57.9459,-8.3372,0
1704260,59.9749,-7.0667,0
1729340,66.2409,-6.9544997,0
1726430,56.4909,-8.7705,0
1740650,76.9569,-4.8922,0
1710790,84.8399,-4.8958,0
1703660,41.3019,-9.939099,0
1700106,60.8349,-7.8156,0
1740320,61.0649,-7.3796,0
1710740,69.052,-4.9779,0
1701395,37.749,-9.6935,0
1725000,99.3378,-3.4234,0
1700015,98.272896,-3.1878998,0
1715400,81.2038,-5.3768,0
1710340,80.5979,-5.2023,0
1742450,46.5509,-9.262,0
1712760,76.86,-4.5369,0
1710570,87.7819,-3.9394999,0
1713860,77.9379,-4.4418,0
1738760,74.694,-6.184,0
1728810,78.874,-5.3612,0
1728810,78.874,-5.3612,0
1722620,56.4839,-8.6041,0
1723200,53.678898,-8.7277,0
1742180,52.2579,-9.1279,0
1741690,49.3099,-9.1876,0
1700007,39.388,-11.2683,0
1741980,55.1969,-8.8021,0
1714430,53.5509,-9.0625,0
1703450,86.0629,-5.1893,0
1740470,85.9359,-5.0158997,0
1727990,52.6229,-7.1784,0
1731920,53.8909,-7.5315,0
1704440,49.777897,-8.3569,0
1708460,75.5579,-5.8153996,0
1717730,71.1669,-5.8884,0
1719200,65.6989,-6.3503,0
1727450,72.6719,-6.0722,0
1800008,85.9189,-5.7486,0
1800030,63.6769,-7.9347,0
1800060,67.5159,-7.7588,0
1800107,61.7869,-9.1414995,0
1800118,76.221,-7.3104,0
1800118,76.221,-7.3104,0
1800120,75.2249,-7.5158,0
1800150,75.901,-7.3006997,0
1800180,66.2679,-8.2248,0
1800210,61.1229,-7.9684,0
1800212,90.8519,-3.9824,0
1800213,91.277,-3.4968,0
1800240,89.0619,-5.6085,0
1800270,78.138,-6.8346,0
1800330,88.801895,-5.2026997,0
1800360,87.722,-5.7507,0
1800390,87.789,-6.2240996,0
1800420,67.6599,-8.1363,0
1800450,77.2679,-6.7504,0
1800480,59.819897,-8.470099,0
1800570,70.3969,-7.7749,0
1800600,86.8199,-5.9252996,0
1800630,91.7699,-6.0053,0
1800630,91.7699,-6.0053,0
1800660,75.499,-7.8668,0
1800690,93.939896,-4.7142,0
1800720,65.583,-7.8982,0
1800750,60.7589,-8.7775,0
1800840,82.652,-6.4695,0
1800900,66.068,-8.2116995,0
1800960,93.0559,-6.2314,0
1801020,75.0449,-7.0084996,0
1801050,90.5039,-5.5372996,0
1801060,83.2119,-7.4024,0
1801170,93.0349,-3.5579,0
1801200,74.1729,-6.9867,0
1801230,90.4609,-5.6057,0
1801290,66.694,-7.7201,0
1801410,66.499,-8.1673,0
1801440,79.1169,-6.5804,0
1801560,82.124,-7.3592,0
1801590,61.393898,-8.3534,0
1801710,61.886898,-8.2409,0
1801740,93.4449,-4.3157,0
1801740,93.4449,-4.3157,0
1801770,69.2789,-7.7158,0
1801890,79.2259,-6.7065,0
1801920,90.416,-3.1183999,0
1802040,68.3249,-7.8683996,0
1802130,71.5459,-7.5477996,0
1802160,72.566,-7.4761996,0
1802190,62.458,-8.750199,0
1802220,84.3369,-6.7404,0
1802280,62.520897,-8.1343,0
1802400,67.6869,-8.1336,0
1802430,63.2389,-7.6401997,0
1802440,96.5758,-4.9203,0
1802460,69.6389,-7.9282,0
1802460,69.6389,-7.9282,0
1802490,58.5109,-8.5815,0
1802520,65.2779,-8.6634,0
1802550,76.5728,-7.336,0
1802550,76.5728,-7.336,0
1802610,86.5739,-6.1338,0
1802640,76.804,-6.5923996,0
1802660,70.468796,-7.5785,0
1802700,65.6609,-7.6277,0
1802800,62.7099,-7.9526997,0
1802830,74.8389,-7.1503,0
1802850,62.290897,-8.1729,0
1802880,56.9399,-7.1888,0
1802880,56.9399,-7.1888,0
1802910,59.0359,-7.6449,0
1802940,89.0638,-4.4934,0
1802970,60.8549,-8.6384,0
1803000,92.217896,-4.9923,0
1803030,69.1739,-7.7523,0
1803060,59.657898,-8.3393,0
1803090,88.981895,-5.8610997,0
1803120,80.4729,-7.3501,0
1803150,70.513,-7.6935,0
1803180,69.5189,-7.7440996,0
1803210,80.18,-6.6678,0
1803240,81.249,-6.3782,0
1803270,68.5788,-8.2269,0
1803300,74.647896,-7.5305996,0
1803330,82.6189,-6.6956,0
1803450,89.597,-3.8084,0
1803480,62.9339,-8.117499,0
1803510,82.637,-6.8090997,0
1803570,85.2399,-5.9902,0
1803630,63.4329,-7.8964,0
1803660,73.4639,-7.4816,0
1803690,80.3669,-6.5502,0
1803700,83.6839,-6.0025,0
1803720,92.914,-4.4214,0
1803750,77.6429,-6.8399,0
1803780,63.6919,-8.8308,0
1803810,65.024,-8.2458,0
1803840,61.8429,-8.1407995,0
1803870,57.810898,-7.423,0
1803930,65.8679,-8.0423,0
1803940,91.6289,-3.8602998,0
1803960,90.0469,-4.9551,0
1803990,81.2689,-7.1892996,0
1804050,79.3509,-7.1545,0
1804080,86.8219,-6.1752996,0
1804110,78.4598,-6.6317,0
1804140,81.2279,-6.9579,0
1804170,57.9969,-7.9413,0
1804230,61.4939,-8.4756,0
1804260,71.735,-7.3616,0
1804320,57.0519,-7.4979997,0
1804350,58.5109,-8.588699,0
1804470,70.5139,-7.8206,0
1804500,72.9249,-7.5512,0
1804560,57.715,-7.8777,0
1804590,58.852898,-8.0113,0
1804590,58.852898,-8.0113,0
1804620,58.680897,-7.7583,0
1804710,66.1999,-7.9466996,0
1804770,76.9649,-6.4744,0
1804800,90.3679,-6.3051996,0
1804980,69.202896,-7.7784,0
1805190,86.749,-5.4642997,0
1805280,61.263897,-8.8382,0
1805340,65.730896,-8.9131,0
1805370,71.1289,-7.8392,0
1805400,70.276,-7.7826,0
1805450,58.388897,-8.2065,0
1805460,58.0729,-7.8338,0
1805520,65.679,-8.6462,0
1805550,63.8079,-8.2031,0
1805580,68.566795,-8.4583,0
1805670,76.8399,-6.7962,0
1805700,88.15,-5.0495996,0
1805790,73.3228,-7.2928996,0
1805880,70.3809,-7.5692,0
1805910,84.6599,-5.7402,0
1806030,66.300896,-7.9384,0
1806060,89.105896,-5.4309,0
1806080,60.5659,-8.0185995,0
1806090,66.7799,-7.8422,0
1806120,89.054,-5.7834,0
1806240,73.6009,-7.6362996,0
1806270,64.8889,-8.05,0
1806390,68.458,-7.8441997,0
1806480,72.1179,-7.5249996,0
1806510,81.777,-6.904,0
1806570,66.538,-7.6938,0
1806570,66.538,-7.6938,0
1806600,66.069,-8.2986,0
1806630,90.7919,-6.1324,0
1806660,78.259895,-7.0432,0
1806840,67.7379,-8.1068,0
1806870,70.0848,-7.7005,0
1806900,92.0029,-5.5323,0
1807020,71.8348,-7.5722,0
1807080,68.6399,-7.73,0
1807110,63.171898,-8.6057,0
1807140,79.276,-6.7777,0
1807230,73.6399,-7.4852996,0
1807260,77.4459,-6.9852996,0
1807290,91.6129,-3.9399,0
1807320,70.3969,-7.4954996,0
1807350,57.6259,-7.947,0
1807380,79.6149,-7.8215,0
1807410,92.915,-4.3807,0
1807440,77.2509,-7.7994,0
1807470,64.8288,-8.3344,0
1807560,70.0579,-8.2916,0
1807620,84.1179,-6.5315,0
1807650,73.134895,-6.8942,0
1807680,64.372,-7.9189,0
1807710,86.9449,-5.3343,0
1807770,89.3269,-5.0804,0
1807800,67.1739,-8.902599,0
1807830,82.925896,-5.3217,0
1807860,90.025,-5.9042,0
1807890,66.2529,-7.868,0
1807900,68.9499,-7.792,0
1807920,59.5389,-8.7065,0
1807950,89.6669,-4.5488997,0
1807980,77.4059,-7.3367,0
1808010,91.526,-3.8049998,0
1808040,70.2849,-7.6993,0
1808070,65.8549,-7.1698,0
1808100,74.4749,-7.4456,0
1808120,90.5989,-5.2581,0
1808130,65.0429,-8.3782,0
1808160,83.079895,-5.8324,0
1808190,81.6729,-7.4768,0
1808220,64.664,-7.9592,0
1808250,62.666897,-8.0612,0
1808280,76.1699,-7.7067,0
1808310,79.2038,-6.6682,0
1808340,68.6978,-7.8500996,0
1808460,65.8519,-9.036699,0
1808490,93.22,-5.6082,0
1808640,94.2158,-5.4944997,0
1808760,66.6849,-8.2722,0
1808820,77.345,-6.4445,0
1808850,65.7008,-7.921,0
1808900,89.3829,-4.8619,0
1808910,74.592896,-6.8416996,0
1808940,66.4379,-8.1989,0
1808970,78.346,-6.502,0
1809000,60.0309,-8.826,0
1809060,66.2569,-8.421599,0
1809120,66.7809,-8.5753,0
1809150,60.576,-7.7846,0
1809180,60.5219,-8.6058,0
1809300,59.9839,-8.6489,0
1809360,62.5579,-8.6861,0
1809420,62.2609,-8.4714,0
1809480,88.7559,-6.3683996,0
1809510,83.397896,-7.2032,0
1809600,88.577896,-5.7153,0
1809630,68.47,-8.1321,0
1809690,58.5079,-8.3148,0
1809720,68.928,-7.6236,0
1809750,78.234,-7.014,0
1809810,91.9089,-5.1696,0
1809840,74.606895,-7.494,0
1809990,86.3759,-4.8031,0
1810020,87.3228,-4.7204,0
1810080,91.647896,-5.3059,0
1810110,83.647896,-6.2121,0
1810140,79.013,-6.4157,0
1810170,90.6539,-5.6974,0
1810230,61.776897,-8.1693,0
1810260,71.2519,-7.7019997,0
1810290,69.425896,-8.0724,0
1810350,89.7639,-4.7409,0
1810360,92.5709,-4.151,0
1810380,78.9469,-7.7654,0
1810410,86.0889,-5.1450996,0
1810440,75.874,-7.2994,0
1810450,69.914,-7.8346996,0
1810470,59.069897,-8.6304,0
1810500,83.1699,-7.1022,0
1810530,89.5149,-6.065,0
1810560,91.165,-3.7472,0
1810590,75.6449,-6.9881,0
1810620,66.373,-7.8859997,0
1810640,91.7679,-4.7578,0
1810650,74.08,-7.0628,0
1810680,66.3408,-7.8784,0
1810710,79.8759,-6.9677,0
1810740,74.125,-7.7932997,0
1810770,67.3239,-7.8631997,0
1810800,88.249,-5.3856,0
1810830,80.3949,-6.4544997,0
1810860,81.9489,-5.6770997,0
1810870,90.827896,-4.5597997,0
1810900,77.6029,-6.6773,0
1810920,76.1269,-6.4603,0
1810950,87.499,-6.4765,0
1810980,94.3249,-5.6633,0
1811100,63.449898,-8.7687,0
1811190,88.3499,-5.7806,0
1811220,88.3649,-5.3712,0
1811250,70.995895,-7.7661,0
1811260,92.9189,-3.7605,0
1811340,69.677,-7.7251997,0
1811370,65.980896,-7.8929,0
1811400,69.9499,-7.6355996,0
1811430,61.8979,-8.4488,0
1811460,58.8779,-8.852,0
1811490,65.6419,-8.1763,0
1811580,66.847,-8.1626,0
1811610,86.1689,-6.9256997,0
1811700,60.4609,-8.4546995,0
1811730,74.216896,-7.9786,0
1811910,66.1869,-8.415299,0
1811970,61.6269,-8.4258995,0
1812060,87.6269,-4.9519,0
1812090,80.4388,-6.1889,0
1812120,81.9628,-5.3036,0
1812150,65.6449,-8.0353,0
1812180,65.6869,-7.9698,0
1812240,65.9029,-8.027699,0
1812360,77.375,-6.94,0
1812390,89.6869,-4.0116,0
1812420,64.194,-8.1023,0
1812450,88.9309,-5.0741,0
1812720,75.8829,-6.4505,0
1812810,76.5159,-6.6254,0
1812810,76.5159,-6.6254,0
1812870,67.2789,-8.0331,0
1812880,74.481895,-7.3139997,0
1812900,62.979897,-8.281899,0
1812930,93.3819,-5.3831,0
1812990,71.596,-7.3160996,0
1813050,80.9508,-7.2128,0
1813080,72.902,-7.2654,0
1813110,65.135,-8.4552,0
1813200,57.173897,-7.0456996,0
1813230,63.699898,-8.1581,0
1920850,28.1059,-10.8045,0
1904950,30.514898,-9.9876995,0
1907050,25.3169,-10.5738,0
1930560,27.1029,-10.5803995,0
1914850,28.625,-11.323999,0
1904830,28.5229,-11.770599,0
1919140,31.677,-10.264299,0
1928020,29.104898,-10.927,0
1907440,25.145899,-12.8817,0
1930780,41.8578,-8.8737,0
1903540,23.788,-11.564099,0
1920250,24.371899,-11.7802,0
1928560,22.3249,-11.8674,0
1904200,24.013899,-11.6567,0
1910980,29.1409,-10.9292,0
1922440,32.0529,-10.149799,0
1915660,31.7409,-10.3604,0
1917250,31.368898,-11.405499,0
1930750,31.7069,-10.7406,0
1931800,34.151,-10.0234995,0
1999017,24.8689,-10.733999,0
1907080,25.7909,-13.3991995,0
1927600,28.097,-13.3645,0
1926820,24.01,-10.8182,0
1906060,38.9809,-10.3281,0
1907710,38.784,-10.7102995,0
1908880,34.333,-11.6911,0
1910130,36.6319,-11.5404,0
1921090,37.2639,-10.8512,0
1906000,33.894,-10.5763,0
1918960,25.513899,-10.404699,0
1921720,32.9259,-11.4411,0
1917550,32.0499,-10.2642,0
1917820,34.5438,-9.8338995,0
1908580,37.339,-10.1163,0
1920940,36.943,-10.5576,0
1921210,25.031898,-14.2486,0
1907860,27.979898,-11.4196,0
1914700,29.691898,-10.4622,0
1919710,29.2549,-10.2473,0
1903270,29.729,-10.2375,0
1906750,28.7799,-10.1911,0
1919800,30.2529,-10.060699,0
1925620,28.312899,-10.4179,0
1920340,28.559898,-13.5991,0
1903750,24.857899,-12.5633,0
1903060,24.472,-12.858299,0
1913470,24.548899,-13.0253,0
1906810,34.3859,-10.6946,0
1905070,23.621,-11.0605,0
1907620,23.628,-13.9717,0
1918780,23.7899,-13.7971,0
1918540,29.986,-12.9092,0
1910690,24.6189,-12.4091,0
1914730,24.013899,-12.8640995,0
1907900,24.4669,-11.552899,0
1907920,24.3869,-12.279699,0
1920910,23.711899,-11.4832,0
1931080,24.8029,-12.1223,0
1918030,26.1519,-10.9116,0
1921870,29.5269,-10.538,0
1914580,27.1679,-12.677899,0
1920190,26.565899,-13.2606,0
1921840,26.4389,-13.8373995,0
1906540,30.510899,-11.2196,0
1927060,30.7769,-11.7037,0
1910410,33.242,-12.8722,0
1918120,30.2319,-13.058499,0
1922470,25.7549,-10.302199,0
1928170,27.187899,-10.606199,0
1918720,25.309,-12.121099,0
1904680,22.0089,-13.552,0
1914640,23.2759,-10.729,0
1921240,23.381899,-10.611199,0
1930930,24.1169,-10.9621,0
1912660,24.9189,-12.557899,0
1904620,28.868,-11.946099,0
1905490,27.7409,-11.5528,0
1913380,28.2839,-11.4897995,0
1903390,27.6329,-13.0852995,0
1903390,27.6329,-13.0852995,0
1908730,25.8449,-13.5866995,0
1914280,26.5439,-14.2244,0
1923340,27.5269,-13.4748,0
1903630,33.749,-11.8677,0
1900006,29.2769,-13.3793,0
1907410,24.538898,-10.8547,0
1918930,37.9049,-9.247399,0
1921000,27.437899,-12.2796,0
1919770,35.768898,-9.6413,0
1926640,25.6919,-12.3708,0
1922110,31.2929,-9.497399,0
1906240,32.8488,-9.7346,0
1929490,34.8769,-9.7989,0
1916110,24.878,-14.279699,0
1926790,26.975899,-13.6293,0
1928110,27.6509,-13.5927,0
1925200,26.472,-14.0405,0
1908970,23.878,-10.563399,0
1926850,24.739,-10.5953,0
1906270,24.003,-10.5637,0
1918750,23.413,-10.7397995,0
1912330,22.8099,-13.9302,0
1912510,23.7829,-11.822599,0
1924870,24.3079,-11.9397,0
1925920,24.006899,-13.4411,0
1908940,27.3529,-12.9196,0
1909540,27.4539,-12.882199,0
1928050,28.375898,-13.228,0
1915840,24.6969,-10.3895,0
1926730,26.0709,-11.9664,0
1919590,27.2769,-11.2796,0
1920040,30.6679,-11.2536,0
1920820,29.7449,-12.4039,0
1906780,30.413,-12.1412,0
1923160,24.7029,-10.581699,0
1906510,27.4019,-12.6981,0
1930480,27.3309,-12.4642,0
1930990,33.1549,-10.080999,0
1917100,33.504898,-11.4706,0
1927870,33.0589,-11.2554,0
1904740,34.8979,-10.9144,0
1909600,35.1658,-10.1616,0
1919200,33.8299,-11.7244,0
1911340,36.893898,-9.5086,0
1914310,22.3969,-12.423599,0
1904440,25.4989,-12.3722,0
1913290,22.989,-12.6956,0
1909120,25.392899,-12.7039995,0
1924150,24.878899,-14.3863,0
1910110,28.406898,-12.8716,0
1915330,27.3809,-12.6876,0
1921630,27.9809,-13.2479,0
1913350,32.7729,-12.695,0
1900032,22.053799,-12.9811,0
1930900,29.2269,-12.9502,0
1931350,31.25,-12.5857,0
1903450,24.534899,-13.0303,0
1903570,32.6499,-11.6419,0
1919650,31.559,-11.8825,0
1900060,25.371,-12.174999,0
1907980,33.465,-9.6335,0
1920130,33.8699,-9.833099,0
1908610,30.965,-9.6413,0
1928980,36.7259,-8.6097,0
1904860,38.0159,-9.8691,0
1923110,37.3569,-10.156,0
1906840,29.0539,-13.1644,0
1903690,22.8969,-11.312099,0
1929310,29.520899,-11.8161,0
1927270,29.3179,-13.3898,0
1930870,28.8809,-13.4302,0
1925320,23.1619,-11.1827,0
1928680,24.26,-11.1785,0
1906930,38.8419,-8.7713995,0
1919740,25.809,-10.6275,0
1909480,32.5039,-11.6595,0
1904650,33.576,-11.63,0
1918510,33.7039,-11.856899,0
1905970,23.3209,-13.709399,0
1931680,29.1019,-11.1619,0
1914010,33.1599,-9.919,0
1907590,28.8359,-11.1189995,0
1926580,30.4819,-11.073999,0
1918180,23.625,-11.625,0
1920460,38.018898,-9.323299,0
1926280,29.9639,-10.4502,0
1926280,29.9639,-10.4502,0
1904380,24.482899,-11.5552,0
1920610,23.9419,-11.163199,0
1900009,24.243,-11.0728,0
1913200,26.6269,-11.361199,0
1915630,41.3649,-8.4302,0
1915450,24.479898,-10.8736,0
1900040,23.826899,-11.824699,0
1905790,42.048,-8.8667,0
1908550,39.944,-8.984,0
1929730,34.999,-9.1191,0
1920760,24.0709,-13.9734,0
1924960,24.9459,-13.3343,0
1911850,41.34,-8.7431,0
1919890,36.1059,-9.156,0
1906660,29.1969,-11.795799,0
1903300,29.819899,-11.8695,0
1917220,29.6169,-11.4608,0
1918690,29.9569,-11.309899,0
1910500,30.156,-13.0569,0
1900022,27.7649,-12.3768,0
1900022,27.7649,-12.3768,0
1929760,27.687899,-12.9005995,0
1930540,26.1399,-12.8814,0
1914340,26.5889,-12.554299,0
1915180,27.0009,-12.7659,0
1931830,35.3449,-9.514299,0
1930240,33.972,-10.165199,0
2100030,106.5049,-3.5137,0
2100070,101.5899,-2.628,0
2100081,94.8359,-3.4491,0
2100120,92.704895,-4.7809997,0
2100120,92.704895,-4.7809997,0
2100150,84.1849,-4.7086997,0
2100180,83.722,-5.0236,0
2100210,99.569,-3.1259,0
2100270,92.2139,-3.7422,0
2100300,105.691895,-2.8163,0
2100330,89.744896,-4.6412,0
2100360,88.8529,-5.1521,0
2100390,113.592896,-3.5837998,0
2100390,113.592896,-3.5837998,0
2100420,87.3209,-4.9389997,0
2100480,93.9658,-3.9952,0
2100510,88.93,-5.0453997,0
2100540,90.7989,-4.6717,0
2100540,90.7989,-4.6717,0
2100570,99.347,-3.1218998,0
2100570,99.347,-3.1218998,0
2100620,84.069,-4.8217,0
2100630,97.7038,-3.7214,0
2100660,85.9939,-4.9958997,0
2100690,92.1169,-3.9659,0
2100720,92.8629,-4.0225,0
2100750,92.8258,-3.2788,0
2100780,92.579895,-3.7898,0
2100810,101.0469,-3.7152998,0
2100840,95.3239,-2.881,0
2100870,108.2929,-2.2577,0
2100900,83.5889,-4.9853,0
2100930,104.760895,-3.4018998,0
2100960,101.9099,-2.6294,0
2100990,90.1279,-4.4158,0
2101020,83.8348,-5.4632,0
2101050,109.8899,-3.6236,0
2101110,102.634895,-3.253,0
2101150,98.0739,-3.0713,0
2101200,90.106895,-4.2339,0
2101230,105.527,-3.4845998,0
2101260,120.6829,-3.0432,0
2101290,93.3109,-3.5604,0
2101320,114.888,-3.5533998,0
2101350,88.138,-4.9389997,0
2101380,96.6969,-2.8299,0
2101380,96.6969,-2.8299,0
2101410,111.022896,-3.4347,0
2101440,96.0439,-3.74,0
2101470,92.971,-3.5411,0
2101500,95.8929,-2.8585,0
2101530,86.7559,-4.9927,0
2101620,101.888,-3.6789,0
2101650,94.4589,-3.8478,0
2101680,85.079895,-5.5316997,0
2101710,93.248,-5.2356997,0
2101740,88.9909,-5.1552,0
2101760,86.8619,-4.9326997,0
2101800,83.2139,-4.8238,0
2101860,91.5469,-4.0102,0
2101920,88.440895,-4.7170997,0
2101920,88.440895,-4.7170997,0
2101950,91.3819,-4.1029,0
2101980,92.2919,-5.1816,0
2102010,92.0758,-4.8259,0
2102010,92.0758,-4.8259,0
2102040,85.6978,-5.1008997,0
2102070,103.1329,-2.6712,0
2102100,102.5139,-2.7289,0
2102130,86.577896,-4.9182,0
2102160,96.3909,-3.8039,0
2102220,105.967896,-2.845,0
2102250,84.8288,-4.8083,0
2102280,104.6329,-1.9785,0
2102300,94.9169,-3.7589998,0
2102340,103.6709,-3.5957,0
2102400,82.512,-5.1921,0
2102460,92.7579,-3.7256,0
2102490,96.9749,-3.9397,0
2102520,107.385895,-3.4701,0
2102540,109.8359,-3.4387999,0
2102580,87.426895,-4.9091997,0
2102640,102.8809,-3.3658998,0
2102670,96.7939,-3.9643998,0
2102710,86.952896,-3.5921,0
2102760,91.8829,-4.9877,0
2102790,101.6469,-2.6592,0
2102860,95.7249,-3.1499999,0
2102910,91.7919,-4.5748,0
2102940,104.9909,-4.3245,0
2102990,91.8959,-3.0878,0
2103000,99.611,-4.38,0
2103030,92.051895,-3.9329,0
2103060,86.0758,-4.4221,0
2103090,86.107895,-5.0116,0
2103120,93.966896,-3.748,0
2103150,110.9599,-3.4543,0
2103180,98.498,-3.4910998,0
2103210,109.9739,-3.5748,0
2103240,84.137,-5.2191997,0
2103270,96.652,-4.6036,0
2103330,104.4909,-3.9768999,0
2103360,89.106895,-3.6424,0
2103390,89.25,-4.7342997,0
2103480,102.4379,-3.718,0
2103510,97.6329,-2.7273,0
2103540,96.86,-3.2042,0
2103630,89.6009,-4.9221,0
2103690,98.662895,-2.5295,0
2103720,94.1749,-4.0808,0
2103750,86.5629,-4.5408,0
2103780,99.3889,-3.7796,0
2103810,100.6819,-2.4665,0
2103840,87.9459,-3.807,0
2103870,87.7539,-5.0903,0
2103900,104.564896,-2.1383998,0
2103960,101.772896,-3.1761,0
2103990,110.999,-4.0032,0
2104020,90.606895,-3.4803,0
2104050,91.708,-4.1619,0
2104080,97.7819,-4.0492,0
2104110,93.402,-4.0871997,0
2104140,105.1749,-3.336,0
2104170,119.6999,-3.5151,0
2104200,108.568,-2.5781,0
2104250,88.7069,-4.4776,0
2104290,87.8649,-5.2813,0
2104380,108.9049,-2.1029,0
2104410,91.9449,-3.786,0
2104440,87.0339,-4.946,0
2104470,89.6289,-4.7111,0
2104500,94.985,-3.6283998,0
2104530,94.6888,-4.5608,0
2104560,87.496895,-4.75,0
2104590,92.8249,-3.5174,0
2104620,99.6539,-4.7234,0
2104650,98.887,-3.0892,0
2104710,90.7779,-4.7297,0
2104740,84.287895,-4.9965,0
2104770,97.676895,-3.6438,0
2104800,91.5019,-4.0471,0
2104830,87.9538,-3.4447,0
2104860,113.870895,-3.6302,0
2104890,92.8899,-4.7086,0
2104950,112.858894,-3.3553998,0
2104980,81.9249,-4.8571997,0
2105040,87.5219,-5.0027,0
2105070,105.5219,-3.8894,0
2105100,91.898895,-4.8073,0
2105130,82.537895,-4.874,0
2105160,121.555,-3.25,0
2105190,96.8669,-3.2410998,0
2105260,90.026,-4.4021,0
2105320,96.2819,-4.8663,0
2105400,100.3239,-2.9384,0
2105430,112.8339,-3.3223999,0
2105490,89.569,-4.2381,0
2105520,104.596,-3.3221998,0
2105550,97.6169,-3.2228,0
2105580,101.676895,-2.7609,0
2105610,90.706795,-5.3603,0
2105640,92.5419,-3.2805998,0
2105700,85.846,-4.9407,0
2105730,99.649895,-3.3158,0
2105760,93.2969,-3.892,0
2105790,114.9609,-3.6122,0
2105820,90.8228,-3.1562,0
2105880,107.579895,-3.7874,0
2105910,107.5559,-3.7781,0
2105940,84.9049,-4.7753,0
2105970,95.0439,-4.1865,0
2106000,92.0889,-4.2444,0
2200030,160.35489,5.1412,0
2200039,166.58989,4.5597,0
2200040,167.8479,4.6064,0
2200060,158.6409,4.3108,0
2200090,148.31279,5.2402,0
2200120,148.1709,6.0604,0
2200150,159.2449,3.9671,0
2200180,150.0279,4.1268,0
2200210,142.22789,1.564,0
2200240,146.3069,3.9987998,0
2200240,146.3069,3.9987998,0
2200270,121.342896,1.9473,0
2200330,155.5419,5.4600997,0
2200360,147.069,2.1383,0
2200420,152.9539,2.9241,0
2200450,132.2139,1.1029,0
2200480,154.54889,3.3457,0
2200540,160.00789,4.7778,0
2200540,160.00789,4.7778,0
2200570,140.02989,2.1775,0
2200600,165.22789,3.9743998,0
2200630,168.8059,4.4291997,0
2200660,140.54689,2.47,0
2200690,145.5569,3.1225,0
2200720,136.72389,5.8276997,0
2200750,151.22589,5.2181,0
2200780,144.2549,1.6201999,0
2200810,158.47989,5.4221997,0
2200840,140.22,6.9409,0
2200870,161.75189,5.4751,0
2200900,134.263,6.6699996,0
2200960,149.97989,2.5758,0
2200990,139.26689,1.638,0
2201020,151.9299,4.4565,0
2201050,144.1019,2.3725,0
2201080,141.1349,1.9197999,0
2201110,141.6698,1.6129,0
2201140,138.095,3.0433,0
2201170,140.261,7.5002,0
2201200,140.7929,2.0074,0
2201230,133.1669,8.2031,0
2201260,166.248,4.7511,0
2201290,150.92189,3.5256,0
2201320,132.4799,2.2056,0
2201350,144.25189,2.2495,0
2201380,137.75189,2.7459,0
2201410,141.0208,7.2345,0
2201440,137.12889,6.7595,0
2201470,166.4019,3.5412,0
2201500,144.8049,5.8827,0
2201500,144.8049,5.8827,0
2201530,147.19989,6.1854,0
2201560,169.2399,4.9913,0
2201590,151.30989,5.559,0
2201620,140.604,6.2356997,0
2201650,143.4429,4.769,0
2201680,153.2509,3.8388,0
2201710,151.08789,2.7184,0
2201740,133.55,6.4946,0
2201770,142.4729,1.5518,0
2201800,143.354,5.7075996,0
2201830,144.5549,3.7459,0
2201860,154.4489,3.7157998,0
2201890,127.3789,1.5471,0
2201920,159.58589,4.9256997,0
2201950,142.5869,1.8133,0
2201980,168.8389,4.2255,0
2202010,140.567,2.6559,0
2300004,87.0289,-16.5895,0
2300005,80.8759,-18.364,0
2300008,86.5029,-13.091499,0
2300009,90.722,-8.914599,0
2300057,85.5209,-14.6819,0
2300061,92.606895,-16.2649,0
2300062,114.1039,-12.6147995,0
2300063,89.4229,-14.561399,0
2300065,113.231895,-10.8,0
2300067,114.4799,-10.9727,0
2300068,113.370895,-11.7753,0
2302220,89.3199,-11.279699,0
2302280,97.4779,-13.3031,0
2302500,91.472,-13.4741,0
2302610,84.5609,-12.048599,0
2302640,87.2959,-11.9609995,0
2302730,95.7158,-13.5934,0
2302820,84.666,-13.4558,0
2302880,100.0359,-13.1384,0
2302960,77.8228,-18.123999,0
2303150,89.7709,-9.7887,0
2303210,99.8359,-10.9902,0
2303290,98.3399,-9.625,0
2303390,86.096,-15.0731,0
2303510,85.7929,-13.3203,0
2303600,97.845,-9.5359,0
2303610,105.273895,-9.2753,0
2303640,100.3089,-9.971,0
2303780,93.024895,-10.8674,0
2303780,93.024895,-10.8674,0
2303870,105.9099,-13.1208,0
2303930,91.0999,-8.684899,0
2303980,92.204895,-16.2588,0
2303990,95.9729,-15.579499,0
2304080,98.926895,-10.5043,0
2304110,93.2279,-17.474499,0
2304160,108.830894,-13.0183,0
2304440,101.4169,-13.0752,0
2304500,66.735,-16.2635,0
2304620,111.3969,-7.8496,0
2304650,100.206,-13.2406,0
2304860,88.6589,-11.4636,0
2304880,101.0889,-12.6977,0
2304890,91.2709,-12.9429,0
2304895,105.373,-8.8857,0
2304897,68.218796,-16.2728,0
2304900,110.9309,-12.998,0
2305280,83.537895,-15.348499,0
2305310,85.2839,-16.9895,0
2305360,113.731895,-10.0475,0
2305400,96.8099,-11.001599,0
2305500,95.5279,-12.6728,0
2305670,88.5499,-10.7396,0
2305970,96.7819,-9.3274,0
2305980,80.2289,-13.5227995,0
2306000,85.2259,-13.790899,0
2306060,87.748,-11.7217,0
2306150,98.9059,-13.9361,0
2306180,87.3138,-13.9175,0
2306250,78.5219,-16.6602,0
2306260,101.7158,-11.758699,0
2306330,81.6149,-14.8087,0
2306510,85.3129,-13.720699,0
2306600,93.994896,-16.0144,0
2306810,101.486,-9.5598,0
2306870,94.5309,-11.3056,0
2306900,113.1449,-11.433,0
2307140,90.827896,-8.661,0
2307200,95.151,-14.6669,0
2307250,104.8969,-11.4161,0
2307320,85.425896,-11.92,0
2307440,73.827896,-16.7104,0
2307530,90.8199,-11.7905,0
2307710,114.827896,-11.1627,0
2307770,92.648895,-15.383599,0
2307800,80.5279,-18.5166,0
2307980,114.2249,-12.552,0
2308135,101.208,-13.231999,0
2308140,83.9749,-14.945,0
2308160,86.482895,-15.2891,0
2308250,86.6449,-13.5984,0
2308280,82.804,-15.3462,0
2308700,85.7038,-17.6322,0
2308940,97.0299,-11.214399,0
2309090,105.8509,-13.0808,0
2309330,88.916,-13.487499,0
2309390,90.6039,-13.1985,0
2309560,113.9869,-12.1807995,0
2309630,97.3769,-11.899,0
2309650,115.8379,-11.5,0
2309810,83.0569,-15.1275,0
2309930,90.625,-9.7458,0
2309990,97.662895,-13.443299,0
2310140,94.1119,-15.6435995,0
2310190,117.1039,-12.3303995,0
2310320,113.7719,-10.3863,0
2310380,88.4569,-10.4566,0
2310380,88.4569,-10.4566,0
2310500,91.2649,-11.0096,0
2310530,89.245895,-9.908299,0
2310560,62.9139,-19.0811,0
2310590,88.8209,-11.9579,0
2310620,65.691,-16.6567,0
2310650,82.716896,-14.7297,0
2310680,93.109,-15.6156,0
2310710,85.5209,-11.9313,0
2310770,85.2509,-13.1911,0
2310830,113.9249,-10.1552,0
2310860,71.9879,-17.0846,0
2310890,87.7299,-17.047499,0
2310980,85.8269,-14.0436,0
2311010,79.3239,-17.6485,0
2311100,75.495895,-18.2062,0
2311160,86.1329,-16.329,0
2311220,93.8619,-14.8842,0
2311250,87.454895,-14.530999,0
2311280,78.013,-17.4764,0
2311310,79.9508,-18.1464,0
2311370,85.6439,-9.691999,0
2311430,112.0,-11.2599,0
2311520,88.7839,-12.9846,0
2311550,102.1409,-10.9137,0
2311580,81.5349,-14.8357,0
2311610,88.827896,-16.8192,0
2311670,81.861,-14.7869,0
2311700,82.4879,-17.2768,0
2311730,85.731895,-15.0927,0
2311790,86.939896,-12.3224,0
2311820,105.980896,-8.1212,0
2311850,104.9069,-7.6036,0
2311910,108.746895,-7.6187,0
2312140,101.704895,-10.691299,0
2312180,84.9619,-15.594399,0
2312300,97.5599,-9.562699,0
2312330,90.972,-9.5423,0
2312360,97.093796,-8.910299,0
2312750,99.125,-11.8291,0
2312810,98.318,-14.2623,0
2312980,103.469894,-10.8835,0
2313070,63.2729,-16.2234,0
2313080,99.024895,-14.394199,0
2313110,84.5569,-12.3561,0
2313140,85.3689,-13.593499,0
2313200,98.5469,-13.9890995,0
2313350,81.8288,-12.801399,0
2313490,90.22,-9.823999,0
2313500,101.9049,-13.402499,0
2313530,94.7819,-10.6592,0
2313560,88.539,-10.6483,0
2313590,84.3629,-17.5431,0
2313710,114.230896,-11.9418,0
2313740,81.7399,-15.185699,0
2313860,83.0069,-12.7957,0
2313970,87.6559,-12.3926,0
2313980,95.6709,-11.353499,0
2314010,84.525,-17.3316,0
2314040,89.010895,-15.0475,0
2314100,89.316795,-10.1314,0
2314100,89.316795,-10.1314,0
2314130,90.4649,-9.1728,0
2314160,88.1259,-12.182899,0
2314190,88.166,-13.1679,0
2314210,83.666,-12.5679,0
2314240,88.083,-11.1599,0
2314300,84.3659,-14.921,0
2314330,82.343796,-12.881499,0
2314410,100.5908,-4.7307,0
2314440,85.0049,-14.1868,0
2314470,88.4219,-13.5808,0
2314530,84.801895,-14.707999,0
2314560,75.0329,-14.0229,0
2314590,80.8239,-13.780999,0
2314610,84.536896,-13.8097,0
2314670,90.2999,-12.0583,0
2314700,87.735,-10.5149,0
2314761,85.787895,-15.1061,0
2314762,93.4059,-16.0305,0
2314765,85.902,-13.4418,0
2314767,78.206,-14.4235,0
2314768,92.7519,-11.6482,0
2314771,90.2549,-9.188399,0
2314772,95.9199,-10.4243,0
2314773,90.25,-9.7248,0
2314775,83.843796,-12.287499,0
2314776,88.9929,-11.9025,0
2314778,85.369896,-13.8529,0
2314779,83.7659,-12.6258,0
2314780,90.5069,-11.7726,0
2314782,85.4939,-13.618099,0
2314783,88.5989,-11.870999,0
2314784,89.4189,-9.6497,0
2314785,85.189896,-14.504999,0
2314787,107.177895,-9.342899,0
2314788,87.202896,-12.5573,0
2314789,90.0629,-11.281,0
2314790,100.885895,-12.0886,0
2314791,96.913895,-11.491799,0
2314793,84.3929,-12.1862,0
2314794,86.537895,-17.4891,0
2314795,79.2109,-13.8413,0
2314796,92.119896,-12.5342,0
2314803,66.6999,-16.6877,0
2314805,86.609,-13.017799,0
2314806,90.8759,-16.0333,0
2314811,86.5199,-15.1686,0
2314814,107.777,-12.1147995,0
2314817,82.109,-14.7851,0
2314818,65.6709,-16.2575,0
2314820,102.897896,-8.3962,0
2314822,99.6869,-12.0618,0
2314823,83.1529,-13.7802,0
2314824,101.456795,-10.5893,0
2314825,79.9769,-18.6919,0
2314833,80.6309,-13.4616995,0
2314834,90.772896,-14.2606,0
2314835,89.553,-15.181999,0
2314837,79.1269,-13.0384,0
2314838,90.722,-15.742,0
2314839,78.4189,-16.4489,0
2400030,70.286896,-6.0520997,0
2400030,70.286896,-6.0520997,0
2400060,79.303,-3.3228,0
2400090,83.2839,-2.7797,0
2400090,83.2839,-2.7797,0
2400120,84.4049,-3.675,0
2400120,84.4049,-3.675,0
2400150,80.079895,-2.1682,0
2400180,86.776,-3.0713,0
2400210,83.5179,-4.7729,0
2400240,86.551895,-4.0766,0
2400270,76.773895,-3.149,0
2400270,76.773895,-3.149,0
2400300,85.6319,-1.9664999,0
2400330,75.7949,-4.2862,0
2400360,111.0769,-8.0529995,0
2400390,86.8829,-4.4547,0
2400420,81.0419,-4.0489,0
2400450,83.805,-3.5084,0
2400480,77.9909,-3.7868,0
2400510,76.7929,-2.9868999,0
2400540,84.619896,-3.2031,0
2400570,87.5719,-1.8847,0
2400600,83.8408,-2.2644,0
2400630,84.5489,-2.0607,0
2400660,72.6869,-5.2125,0
2400690,89.9309,-2.2855,0
2400720,88.6829,-2.138,0
2500001,89.9039,-9.8491,0
2500002,92.569,-9.3438,0
2500013,99.0059,-10.5142,0
2500067,94.566795,-6.5253,0
2500542,87.0899,-9.2389,0
2500544,103.7829,-3.7742,0
2501650,105.61,-7.0056,0
2501710,91.8619,-8.6827,0
2501710,91.8619,-8.6827,0
2501780,83.5499,-10.832399,0
2501800,86.3348,-8.358399,0
2501860,94.5039,-8.4903,0
2501950,89.4169,-8.493199,0
2501980,96.0059,-7.2999997,0
2501980,96.0059,-7.2999997,0
2502040,88.4039,-10.425,0
2502100,95.1269,-7.9742,0
2502160,93.4219,-10.8091,0
2502190,105.8379,-6.8676996,0
2502220,93.3079,-8.8842,0
2502250,103.8969,-7.0309,0
2502310,105.832,-4.6517,0
2502400,92.1029,-8.1191,0
2502430,87.4209,-9.6511,0
2502460,100.0299,-7.526,0
2502490,95.359,-7.4951997,0
2502530,87.221,-10.4604,0
2502580,90.1529,-8.845799,0
2502640,92.194,-6.5,0
2502640,92.194,-6.5,0
2502670,91.9489,-8.5522995,0
2502715,102.6179,-7.5895,0
2502790,98.2919,-6.407,0
2502820,110.1879,-5.5257,0
2502940,104.8079,-6.5404,0
2503030,107.4449,-6.8745,0
2503090,105.052895,-7.016,0
2503150,97.5848,-7.1675997,0
2503240,94.6999,-8.0352,0
2503270,97.383896,-6.6278996,0
2503300,100.18,-7.1109996,0
2503360,109.6189,-6.5502,0
2503390,97.236,-10.8646,0
2503510,91.86,-9.173699,0
2503540,97.690895,-5.9379,0
2503660,85.387,-8.8288,0
2503750,89.7779,-8.8614,0
2503780,107.6729,-5.5871,0
2503990,92.846,-7.055,0
2504020,106.9339,-5.0646996,0
2504050,98.1299,-7.1108,0
2504140,104.9449,-4.3364,0
2504200,106.9109,-6.1717,0
2504230,98.8889,-8.0847,0
2504320,90.244896,-9.2663,0
2504360,95.2269,-8.538199,0
2504410,111.6189,-5.6833,0
2504440,106.9039,-6.9154,0
2504500,86.7239,-8.4134,0
2504590,86.22,-8.921599,0
2504620,106.7789,-7.0908,0
2504770,97.6749,-6.1296997,0
2504800,107.2369,-4.947,0
2504830,107.9449,-5.4635,0
2504830,107.9449,-5.4635,0
2504860,108.1549,-4.6854,0
2504890,88.151,-9.8021,0
2504890,88.151,-9.8021,0
2504950,103.398895,-7.3894,0
2504980,93.6549,-7.9508,0
2505010,99.7799,-7.5755,0
2505070,110.0489,-6.1668997,0
2505130,88.384895,-10.9018,0
2505160,97.0279,-10.132199,0
2505220,92.5179,-8.2381,0
2505270,89.303,-10.3941,0
2505280,101.623,-6.1127996,0
2505280,101.623,-6.1127996,0
2505340,106.8889,-3.8258,0
2505370,94.9179,-8.5092,0
2505400,85.758896,-9.2817,0
2505490,91.176895,-10.373,0
2505500,87.4459,-9.373,0
2505580,81.3819,-9.4475,0
2505670,93.7659,-6.9224997,0
2505730,87.401,-9.054299,0
2505790,108.1699,-6.6942,0
2505880,89.291,-8.8309,0
2505940,85.1609,-9.6918,0
2505970,89.8489,-8.372399,0
2506090,110.011894,-5.9470997,0
2506090,110.011894,-5.9470997,0
2506150,104.4069,-6.9944,0
2506240,96.4919,-7.7962,0
2506270,87.0309,-9.6598,0
2506270,87.0309,-9.6598,0
2506300,96.9759,-8.061299,0
2506330,95.4049,-8.3111,0
2506390,91.7709,-8.624499,0
2506420,106.996895,-5.5822,0
2506480,94.7299,-7.5241,0
2506660,88.3219,-8.3413,0
2506690,92.4939,-11.0787,0
2506720,93.5889,-8.5672,0
2506750,91.276,-10.963699,0
2506780,88.222,-9.2937,0
2506840,92.9049,-8.151,0
2506960,90.370895,-8.9168,0
2506990,86.107895,-8.1364,0
2507020,91.6869,-8.8347,0
2507050,86.5769,-8.9397,0
2507080,87.0889,-9.507199,0
2507110,94.43,-6.3557997,0
2507140,94.3949,-7.2892,0
2507170,97.4508,-6.4586997,0
2507230,106.8109,-7.2739,0
2507260,91.485,-6.0371,0
2507320,92.760895,-8.4502,0
2507350,108.7139,-5.6629996,0
2507440,109.0209,-4.8024,0
2507500,92.2719,-8.4826,0
2507530,98.2379,-7.5049,0
2507560,97.341896,-6.8164,0
2507590,98.0989,-7.7658,0
2507620,97.1159,-6.7086,0
2507680,96.163895,-8.2287,0
2507740,87.706,-8.755199,0
2507770,110.161896,-6.3501,0
2507860,96.4169,-8.0534,0
2507890,94.2139,-8.7799,0
2507920,98.314896,-7.5432,0
2507980,100.124,-6.8287997,0
2507990,89.4939,-10.9615,0
2508040,88.022896,-8.8358,0
2508160,87.037895,-10.9014,0
2508250,105.983894,-3.1001,0
2508280,89.235,-10.8179,0
2508310,90.230896,-8.8378,0
2508340,93.387,-7.8746,0
2508370,95.8549,-7.4219,0
2508430,107.694,-5.553,0
2508430,107.694,-5.553,0
2508580,94.5589,-7.9779,0
2508610,95.5579,-7.4129996,0
2508670,81.425896,-10.8509,0
2508700,90.3069,-8.5657,0
2508730,104.1139,-7.1517997,0
2508760,91.568,-9.255199,0
2508790,86.772896,-9.595699,0
2508820,93.149895,-7.9856997,0
2508850,86.883896,-9.411799,0
2508940,96.943,-8.2181,0
2509000,108.513,-6.9860997,0
2509030,108.2229,-6.1717,0
2509060,99.0899,-7.2384,0
2509270,94.273895,-8.690599,0
2509300,88.4,-9.2371,0
2509360,93.5569,-7.0018,0
2509420,111.341896,-6.5495996,0
2509450,92.693,-8.3902,0
2509600,88.0149,-10.4744,0
2509630,85.373,-10.6156,0
2509720,109.3219,-5.7834,0
2509840,100.774895,-3.2979999,0
2509870,102.402,-6.1917,0
2509930,102.786896,-6.9761,0
2509990,95.7579,-7.6724,0
2510050,97.0039,-5.8631,0
2510170,106.941895,-6.8817,0
2510200,113.4049,-5.4049,0
2510380,91.9899,-6.3222,0
2510470,113.5469,-5.4993,0
2510500,96.2139,-6.4336,0
2510560,107.1299,-5.5158,0
2510590,106.329895,-6.0692,0
2510620,102.2969,-7.2886,0
2510770,91.2098,-8.7554,0
2510890,97.526,-6.4937997,0
2510920,85.162895,-9.071199,0
2511010,98.1179,-8.5134,0
2511040,86.1999,-10.4488,0
2511130,86.429,-8.581699,0
2511220,97.0769,-7.3592,0
2511250,103.3269,-7.1394,0
2511400,96.996895,-8.2273,0
2511430,92.6559,-6.1401,0
2511460,107.347,-5.7883,0
2511520,107.347,-6.5615,0
2511580,91.081795,-8.3937,0
2511740,93.804,-7.8636,0
2511760,89.8258,-9.2666,0
2511850,98.7679,-7.9431,0
2511880,92.3759,-9.6567,0
2511910,96.287895,-7.1654,0
2511970,99.4449,-7.3982997,0
2512000,92.397896,-7.6387997,0
2512030,88.870895,-9.5577,0
2512060,107.510895,-5.6682,0
2512100,90.6269,-9.3393,0
2512180,96.1119,-7.1496,0
2512210,91.189896,-7.7932997,0
2512240,97.2639,-8.434299,0
2512270,93.274895,-7.6145997,0
2512390,90.2399,-8.876599,0
2512420,106.079895,-7.0569,0
2512510,86.2639,-8.7132,0
2512600,93.676895,-8.388,0
2512630,86.721,-8.7181,0
2512660,90.4189,-9.158299,0
2512750,91.3348,-7.7721996,0
2512780,106.5189,-5.0829,0
2512810,98.385895,-7.3371,0
2512840,106.8259,-6.3975997,0
2512930,108.314896,-6.8746,0
2513050,94.7089,-7.8795,0
2513080,90.8089,-10.8654995,0
2513110,96.611,-7.3406,0
2513170,98.135895,-5.8547,0
2513200,96.2859,-7.6418,0
2513230,90.998,-8.8323,0
2513230,90.998,-8.8323,0
2629250,64.091896,-8.6904,0
2619100,56.1009,-9.4362,0
2604020,36.631,-13.6581,0
2632550,69.8629,-7.4947,0
2619580,54.9469,-9.384399,0
2613530,49.888,-8.8991995,0
2636300,63.629898,-7.8964996,0
2617160,59.2309,-9.038,0
2614610,68.845,-8.135099,0
2616440,70.053,-8.2825,0
2616440,70.053,-8.2825,0
2620340,70.2139,-8.302899,0
2620340,70.2139,-8.302899,0
2625950,68.152,-8.4846,0
2625950,68.152,-8.4846,0
2618180,52.805,-9.136,0
2608010,37.0809,-14.033299,0
2623550,39.8029,-12.3652,0
2604260,48.2519,-9.1689,0
2629520,51.7739,-9.1645,0
2632640,52.893898,-9.0703,0
2603810,61.0859,-10.2024,0
2606720,32.3369,-15.5478,0
2618510,61.236,-8.600699,0
2624120,68.416,-6.7890997,0
2624840,66.5459,-7.1369996,0
2626220,64.8209,-8.2775,0
2629540,64.7158,-7.8034,0
2609750,52.5519,-10.0672,0
2610200,51.7129,-9.3797,0
2614100,55.428898,-11.133599,0
2632880,54.4329,-9.3631,0
2601950,60.3359,-8.617,0
2606930,60.7539,-8.373799,0
2619410,32.9209,-15.3673,0
2630480,33.118,-15.137,0
2606270,79.272896,-7.9384,0
2616050,75.9889,-8.2547,0
2618570,79.079895,-8.3421,0
2636660,75.7659,-7.9006,0
2611910,67.3539,-8.4103,0
2622980,74.9789,-8.3491,0
2630960,73.412895,-6.6362,0
2602160,43.763,-11.7841,0
2606990,60.893898,-8.9685,0
2607620,68.6999,-8.2017,0
2635550,73.1409,-8.3125,0
2620980,62.8309,-8.6908,0
2622050,70.316795,-8.4562,0
2607560,73.372,-8.250299,0
2608520,62.694,-9.0711,0
2604290,54.3709,-9.8849,0
2610020,66.7829,-8.4067,0
2618840,75.6029,-8.012899,0
2627060,73.5989,-8.324699,0
2602220,79.7158,-8.2505,0
2628530,70.845,-8.402599,0
2609560,57.623898,-10.941999,0
2612960,55.720898,-10.095099,0
2624600,61.4349,-10.1047,0
2610980,70.9658,-6.8086996,0
2612150,73.3799,-8.1596,0
2627660,74.1299,-8.308,0
2621450,59.5649,-8.8467,0
2626010,60.6069,-8.795899,0
2626280,56.9349,-9.0454,0
2633030,58.979,-8.788899,0
2625020,42.0378,-14.563399,0
2608040,51.77,-9.4011,0
2601103,59.5079,-7.2321,0
2618720,56.326,-8.9742,0
2602820,68.6119,-8.473,0
2630660,62.3899,-8.615399,0
2630660,62.3899,-8.615399,0
2619620,61.8509,-8.8094,0
2634650,61.595898,-8.8315,0
2617860,65.54,-8.846,0
2631320,64.3369,-9.1631,0
2600018,44.9339,-14.6991,0
2603990,52.060898,-13.4713,0
2626940,76.218796,-12.5731,0
2628890,65.275,-13.0278,0
2601890,67.1469,-13.4867,0
2617550,74.9469,-12.5036,0
2600014,47.2439,-15.1655,0
2608880,67.513,-12.6307,0
2610590,68.4239,-8.343599,0
2617250,67.471,-8.3758,0
2627420,69.077896,-8.4229,0
2628950,69.0788,-8.319,0
2635340,34.5438,-16.1394,0
2629130,49.7259,-10.9348,0
2604170,56.486,-9.1743,0
2614730,56.812,-9.097799,0
2620550,56.032898,-9.3084,0
2624630,55.444,-9.0815,0
2629760,62.5989,-6.98,0
2625740,59.6209,-7.0200996,0
2616020,61.208897,-8.137199,0
2611030,56.895,-12.1293,0
2614230,75.6329,-7.2932997,0
2617400,76.4349,-7.9129996,0
2618420,77.1449,-6.9417996,0
2632300,71.8809,-6.8118,0
2633810,67.5049,-8.4127,0
2607710,62.5859,-8.7888,0
2610410,66.3909,-8.5317,0
2634410,64.0339,-8.4692,0
2617640,63.5019,-8.812099,0
2625650,64.1319,-8.835,0
2628500,62.1119,-8.7859,0
2619920,64.870895,-8.8154,0
2605780,61.097,-10.2543,0
2610620,67.717896,-8.428599,0
2618390,65.04,-8.907599,0
2617820,55.409897,-12.2153,0
2635850,50.1219,-12.2599,0
2615990,50.4869,-11.0099,0
2603570,41.798,-11.9890995,0
2604950,59.3779,-9.0493,0
2633870,59.4819,-8.8296995,0
2633870,59.4819,-8.8296995,0
2632940,43.715,-10.86,0
2608940,60.032898,-8.808,0
2612540,60.3639,-8.8344,0
2624960,60.7169,-8.8941,0
2616080,71.605896,-7.9579997,0
2616470,74.2369,-8.0166,0
2616500,62.8419,-8.925,0
2620310,62.2469,-8.7943,0
2630030,65.5579,-8.7678995,0
2632370,63.2939,-8.6174,0
2621810,57.3659,-11.3551,0
2601920,61.3499,-8.9225,0
2624570,60.129898,-8.5044,0
2630780,60.187897,-8.3878,0
2633720,60.4179,-8.8357,0
2604830,68.7639,-7.2416,0
2625560,77.606895,-8.019199,0
2629790,70.305,-7.6109996,0
2610830,68.093796,-7.8757,0
2615150,60.8729,-9.1996,0
2635730,57.0319,-8.993199,0
2624180,63.616898,-7.9027996,0
2625800,65.4419,-7.1791,0
2626760,66.4478,-7.776,0
2629370,64.8079,-8.3091,0
2619950,69.415,-8.2624,0
2631020,70.152,-8.281199,0
2615450,67.3689,-8.1364,0
2612030,62.1569,-8.875899,0
2628140,59.2369,-8.9183,0
2636330,62.199898,-8.8179,0
2608430,72.1019,-8.1631,0
2625140,66.343796,-7.6018996,0
2607140,77.485,-8.003799,0
2622800,54.159,-11.4797,0
2608910,47.8759,-11.040999,0
2636480,56.1909,-11.8336,0
2619170,54.5789,-11.795799,0
2621420,53.8659,-12.6542,0
2600012,53.3829,-12.8687,0
2622230,51.7409,-10.725699,0
2606090,57.845898,-8.5208,0
2614070,58.3769,-8.2705,0
2618450,57.067898,-9.1118,0
2628740,57.769897,-8.8913,0
2628740,57.769897,-8.8913,0
2635820,58.159897,-8.689,0
2611190,32.1889,-16.2159,0
2605010,58.5249,-7.539,0
2609930,58.534,-7.5983996,0
2619890,51.4828,-11.809199,0
2629220,36.958,-14.1078,0
2633000,35.0459,-14.0387,0
2604320,58.715,-8.5163,0
2610750,68.708,-8.4056,0
2622740,71.611,-8.2181,0
2606900,58.7449,-13.7561,0
2628020,54.6159,-14.470799,0
2630990,60.298,-14.3797,0
2636240,78.511,-13.372299,0
2614820,59.2579,-7.1201,0
2629670,59.0589,-8.7291,0
2607040,53.0179,-9.3958,0
2608160,55.5459,-9.179299,0
2630840,51.5079,-9.396299,0
2633840,71.816795,-8.5149,0
2633840,71.816795,-8.5149,0
2636120,67.7299,-8.4791,0
2628200,57.053898,-11.1255,0
2623160,60.4739,-9.0987,0
2630090,59.2539,-8.7364,0
2603240,58.3579,-8.8632,0
2621870,55.2789,-7.2876,0
2602790,56.5019,-7.835,0
2602790,56.5019,-7.835,0
2620700,65.1669,-12.0355,0
2630210,60.166,-6.9027,0
2632220,60.3209,-7.0348,0
2632670,60.638897,-7.0785,0
2632910,33.5438,-16.0734,0
2626040,33.6419,-14.6484995,0
2605690,44.5239,-12.8385,0
2623830,41.7809,-13.4422,0
2606600,75.856895,-7.9961996,0
2612810,67.9189,-7.8666,0
2612990,71.6279,-8.1265,0
2618600,48.4909,-12.157,0
2622260,50.645,-11.090099,0
2627930,61.526897,-11.1462,0
2600006,40.6339,-16.5867,0
2635010,48.319,-16.2721,0
2619470,48.2938,-15.509199,0
2618270,58.991898,-9.577,0
2636060,63.1089,-9.696,0
2625320,63.2929,-9.5178995,0
2611700,54.6409,-9.4667,0
2602190,62.3169,-7.3743,0
2612420,65.4059,-8.123899,0
2628830,63.7109,-8.179299,0
2636600,51.5239,-9.1791,0
2627720,53.9039,-12.2167,0
2617730,64.6529,-8.3955,0
2602040,63.0449,-11.1455,0
2606500,60.3919,-9.644199,0
2610560,45.5779,-12.2409,0
2622620,62.0849,-8.866,0
2619050,60.437,-7.9765,0
2623100,59.8069,-7.1857996,0
2622410,51.7229,-7.7735,0
2622200,55.548897,-7.6352997,0
2635130,61.055897,-9.715899,0
2627840,62.763897,-7.967,0
2607800,55.388,-9.2052,0
2612240,56.9939,-9.1683,0
2625680,55.470898,-9.4552,0
2622320,60.2819,-8.5727,0
2636270,60.312,-7.9045,0
2634440,45.5869,-9.0128,0
2622860,52.9059,-9.4496,0
2620400,52.5909,-9.4362,0
2612480,69.72,-8.2888,0
2616110,71.194,-8.0713,0
2620160,71.5728,-8.073999,0
2620910,58.636898,-9.7993,0
2633930,62.025898,-9.5882,0
2636570,72.8369,-8.0985,0
2614690,42.7599,-13.7041,0
2614690,42.7599,-13.7041,0
2625400,41.6899,-16.2952,0
2602670,57.527,-9.149799,0
2623490,58.2169,-8.8505,0
2625230,58.5309,-8.0967,0
2608400,50.1269,-9.5618,0
2608400,50.1269,-9.5618,0
2623910,54.8999,-9.3347,0
2602010,50.9659,-9.2525,0
2634710,52.2259,-9.339399,0
2627180,50.0949,-9.4049,0
2623280,54.2939,-9.4506,0
2604530,62.0499,-8.8056,0
2619530,41.6969,-15.0515995,0
2620280,68.8809,-8.2652,0
2616320,53.7719,-9.1202,0
2615730,69.472,-11.6532,0
2622350,59.3149,-11.193299,0
2612560,54.5369,-9.5288,0
2603540,55.6349,-9.156,0
2604500,55.741898,-9.1444,0
2618990,59.650898,-9.2782,0
2606870,59.637897,-8.9539995,0
2604740,55.505898,-9.1216,0
2604800,56.3309,-9.1694,0
2614550,54.6779,-9.1054,0
2615750,56.6959,-9.1883,0
2624000,44.143898,-12.456699,0
2615600,54.5309,-12.010799,0
2635910,75.7229,-6.9698997,0
2609570,59.1289,-7.5529,0
2620880,60.7789,-7.0516,0
2624690,57.3729,-7.3487,0
2629940,58.7169,-8.5928,0
2634470,59.7039,-8.063,0
2635190,59.3589,-7.3511996,0
2615060,51.7719,-8.9025,0
2603480,54.5289,-9.249599,0
2605820,54.0509,-9.1701,0
2608070,53.673,-9.145599,0
2610110,55.0879,-9.175,0
2635970,55.069,-9.0679,0
2604620,56.164898,-9.5011,0
2606510,65.956,-10.5246,0
2608730,57.458,-8.965,0
2608610,54.812,-10.125,0
2621390,55.8439,-7.5895,0
2615390,68.791,-7.4603,0
2602550,72.6529,-7.7735,0
2625920,54.4489,-7.4054,0
2630060,51.7889,-11.423599,0
2624750,52.999,-9.3976,0
2607530,55.2739,-9.1764,0
2607890,55.199898,-9.0749,0
2611430,56.326,-9.2312,0
2614520,55.6619,-9.1072,0
2620940,56.2799,-9.3007,0
2621690,55.609898,-9.149,0
2624720,55.8309,-9.1844,0
2625350,58.8429,-13.019,0
2600005,66.069,-8.448999,0
2622970,64.2419,-8.6721,0
2606570,55.727898,-9.0141,0
2609900,59.0809,-9.0212,0
2614250,56.7579,-9.0931,0
2620730,57.4069,-8.8597,0
2626130,59.3839,-8.581699,0
2626190,58.6089,-7.4515,0
2627240,58.027897,-8.8688,0
2630300,58.6569,-7.4918,0
2632250,60.9809,-8.8576,0
2635160,58.9199,-8.6729,0
2635310,58.666897,-8.8751,0
2627960,57.9329,-9.0654,0
2635520,57.9619,-8.9777,0
2603690,57.902,-8.3628,0
2605850,58.0499,-8.0135,0
2614280,58.888897,-7.3708,0
2618030,59.3449,-7.3100996,0
2621120,58.9559,-7.4196,0
2622290,59.1899,-7.4045997,0
2632310,58.3149,-7.5334997,0
2634260,58.387897,-7.8174,0
2634260,58.387897,-7.8174,0
2623310,49.7328,-11.604,0
2604440,48.643898,-10.1556,0
2613560,58.2409,-10.833099,0
2634380,52.2259,-9.408299,0
2600017,51.7519,-9.3807,0
2602640,54.777897,-9.5215,0
2626400,50.8969,-11.6823,0
2634620,58.055897,-11.725699,0
2606630,53.699898,-9.3008995,0
2623610,53.3689,-9.2754,0
2631380,53.3029,-9.3933,0
2619800,57.9629,-7.132,0
2624150,59.0739,-7.4852,0
2633120,60.4819,-8.205299,0
2633360,52.9899,-8.4649,0
2607080,60.937897,-7.3473997,0
2611600,58.0739,-7.2074,0
2615870,62.7939,-6.9828,0
2621570,62.3279,-8.144899,0
2621600,62.368,-7.1102996,0
2621840,58.9349,-7.5885,0
2633540,59.965897,-7.4223,0
2633900,63.727898,-6.8894,0
2634560,62.6489,-7.9747996,0
2636485,61.3999,-7.2911997,0
2613050,52.18,-8.6196995,0
2614570,56.375,-11.202,0
2620070,56.687,-9.1595,0
2613110,55.1689,-9.405499,0
2608130,57.2459,-9.2979,0
2614700,56.7869,-9.170899,0
2629120,59.018898,-8.9902,0
2614790,57.5229,-7.6145,0
2611610,58.562897,-7.2914,0
2611640,58.5429,-7.3894997,0
2612930,63.0639,-6.9501996,0
2623040,64.51,-8.2986,0
2612600,56.9819,-9.0583,0
2615540,58.838898,-7.4652996,0
2617220,65.9199,-6.7927,0
2617520,61.0169,-7.1275,0
2617760,60.5319,-6.9065,0
2617940,56.75,-9.1047,0
2632610,61.673897,-8.6619,0
2608770,56.215,-8.8696995,0
2621180,57.451897,-9.2904,0
2623460,59.7529,-7.1875,0
2629460,58.407898,-7.4487996,0
2629910,63.651897,-6.9393,0
2629910,63.651897,-6.9393,0
2630120,60.2369,-7.7093,0
2611550,56.937,-9.0099,0
2615420,55.9129,-9.2922,0
2616410,57.159897,-9.0043,0
2632820,55.0169,-9.100699,0
2621150,57.3719,-9.0507,0
2621150,57.3719,-9.0507,0
2604650,62.7189,-8.6765995,0
2620050,54.685898,-11.8319,0
2616380,69.9628,-6.9473996,0
2619830,75.286896,-7.9444,0
2610650,64.1919,-8.7354,0
2623790,60.833897,-8.8845,0
2635940,62.657898,-8.7911,0
2620850,65.7389,-8.3667,0
2632280,58.3169,-7.4069,0
2632340,62.8299,-7.1682,0
2633510,49.6489,-10.69,0
2603600,47.312,-9.9432,0
2608580,59.8709,-7.1657,0
2610080,58.9069,-7.1935997,0
2611670,73.245895,-8.2262,0
2636540,63.6979,-6.9063997,0
2634950,67.9749,-8.3804,0
2607410,66.9029,-8.5749,0
2607590,55.6469,-11.4232,0
2620010,61.604897,-9.4046,0
2623130,60.5109,-8.9165,0
2629490,59.3489,-11.017,0
2623520,68.458,-8.489699,0
2608670,69.4179,-8.531,0
2627210,54.0589,-9.1163,0
2608280,49.3719,-8.673699,0
2610860,53.8229,-9.15,0
2633090,66.7779,-8.602,0
2600015,60.1639,-7.7212,0
2600019,52.3899,-13.228,0
2607470,58.7409,-12.8357,0
2612450,60.6189,-6.8666,0
2614460,59.7439,-7.2725997,0
2618930,60.8069,-7.7777996,0
2604470,60.7739,-7.6892996,0
2604350,63.4529,-9.0548,0
2611970,49.6919,-12.0619,0
2630360,54.5179,-14.3308,0
2603900,50.4249,-8.9478,0
2621240,72.763,-8.1777,0
2613090,51.1078,-9.0851,0
2625780,51.229,-9.100699,0
2620380,57.8639,-10.666599,0
2622500,55.6069,-11.1764,0
2607170,58.4679,-10.6792,0
2618480,58.901897,-8.9628,0
2611400,57.9389,-8.9169,0
2623070,58.1689,-8.886499,0
2617880,72.803,-7.9849997,0
2635460,70.443,-7.8757,0
2603870,76.1609,-7.7043,0
2628170,44.7919,-9.6553,0
2613500,35.4409,-13.3168,0
2612690,59.0449,-9.0598,0
2636420,57.0529,-9.1054,0
2620610,51.4589,-11.5822,0
2627900,56.243,-9.0816,0
2601980,60.4349,-7.7541,0
2612300,60.7649,-8.2775,0
2615970,35.8239,-13.1819,0
2629340,40.6319,-12.9474,0
2624420,54.3969,-9.0789995,0
2627150,54.8899,-9.2115,0
2633410,53.6119,-9.0746,0
2609150,52.8559,-9.1392,0
2623670,58.810898,-10.8118,0
2617970,66.26,-8.583,0
2627810,64.522896,-8.7828,0
2622380,59.6489,-9.003099,0
2623850,61.415897,-8.3811,0
2616830,60.2189,-8.886499,0
2636630,67.361,-8.2579,0
2618360,45.2328,-11.8407,0
2625980,60.486,-8.414599,0
2628560,62.347,-8.1701,0
2602730,47.0659,-11.1505995,0
2606780,54.2119,-9.123899,0
2614760,52.8969,-9.3069,0
2609840,58.4409,-7.5748997,0
2600016,58.2649,-7.3845,0
2625290,53.7509,-9.1126995,0
2630390,53.6559,-9.1428995,0
2630450,53.624,-8.9653,0
2617370,44.575,-12.0541,0
2626970,43.039898,-11.8064995,0
2636390,46.8709,-11.822,0
2617910,58.18,-9.123,0
2602520,60.4059,-7.2209997,0
2617700,53.0999,-11.2641,0
2634680,60.2649,-7.0365996,0
2635220,59.949898,-6.9772,0
2623580,50.527897,-9.2701,0
2623820,51.0519,-9.078199,0
2607320,52.206898,-9.1402,0
2600007,57.0449,-9.095799,0
2611140,56.8589,-8.7873,0
2627690,51.4589,-9.3302,0
2616350,54.8019,-9.0605,0
2612330,53.8719,-9.172999,0
2620670,55.5319,-9.0942,0
2633420,54.9389,-9.058499,0
2603510,65.151,-8.3393,0
2610140,64.1978,-8.6947,0
2621750,64.8138,-8.686299,0
2633750,63.902897,-8.4945,0
2606960,64.4779,-8.6693,0
2618540,64.4729,-8.663199,0
2629400,63.9909,-8.871699,0
2626550,68.0499,-13.420799,0
2615830,50.3479,-12.328799,0
2624810,73.9499,-12.623799,0
2622470,51.0659,-12.4039,0
2608640,57.576897,-9.4773,0
2630930,63.887897,-8.2248,0
2626370,59.8919,-8.8161,0
2629160,58.6759,-8.965799,0
2634920,54.3849,-9.6279,0
2606000,59.908897,-8.1723995,0
2610050,60.062,-8.851399,0
2618810,60.289898,-8.8677,0
2626520,60.333,-8.9569,0
2635040,61.088898,-8.694,0
2619250,59.3779,-8.5065,0
2623250,72.008896,-8.3027,0
2610380,69.819,-7.0916996,0
2621210,74.512,-8.100699,0
2606840,66.5719,-7.2864,0
2620820,66.263,-7.2458,0
2632850,66.8889,-7.0453,0
2600013,44.1759,-11.1465,0
2629580,41.818,-16.244799,0
2605430,73.4519,-7.8887997,0
2626490,55.2859,-8.1575,0
2708910,22.5819,-19.2229,0
2711520,25.229898,-20.898499,0
2712210,18.9849,-18.632599,0
2716980,25.0858,-14.453099,0
2700287,25.050798,-14.356199,0
2713590,24.5299,-14.2167,0
2713920,26.795,-17.9291,0
2730090,25.0529,-17.9778,0
2721450,20.319899,-17.4918,0
2709420,24.5059,-17.7124,0
2742750,20.7509,-17.6147,0
2719170,18.6719,-17.9582,0
2714010,20.982899,-18.476599,0
2703450,25.1339,-14.5522995,0
2709690,19.8829,-18.0242,0
2738880,24.0478,-17.0993,0
2744190,21.3069,-17.3332,0
2705760,25.885899,-14.4065,0
2740665,24.427,-14.4939995,0
2715510,17.7108,-18.055199,0
2720670,17.1959,-17.2328,0
2728380,18.4249,-17.1556,0
2715030,24.8249,-13.7894,0
2702970,23.430899,-14.3951,0
2700148,23.7839,-14.444699,0
2733270,25.2129,-13.618,0
2713530,23.2139,-14.3217,0
2733840,24.9559,-13.3884,0
2733840,24.9559,-13.3884,0
2705460,18.9839,-15.6402,0
2700379,22.111,-14.6847,0
2730480,24.0929,-14.566999,0
2700466,23.0819,-19.616999,0
2700007,25.4819,-14.2037,0
2700100,25.9109,-14.196,0
2717910,27.5569,-14.1124,0
2717910,27.5569,-14.1124,0
2733300,25.736,-13.8603,0
2711010,23.6169,-14.2739,0
2718060,24.1229,-14.368799,0
2733450,24.5679,-13.979,0
2708220,25.583899,-14.0665,0
2718540,26.399899,-14.117,0
2738160,24.5129,-14.4179,0
2728290,27.701,-13.859799,0
2707350,25.1999,-14.3905,0
2717100,23.864,-14.5604,0
2703180,21.2419,-14.564099,0
2710170,19.6029,-14.8069,0
2711670,22.0789,-14.436899,0
2714220,22.8419,-14.0962,0
2722920,20.890799,-14.6416,0
2725200,22.888899,-14.246799,0
2742160,22.518799,-14.382899,0
2719320,21.437,-14.6528,0
2741880,24.7209,-14.6119995,0
2713110,39.1269,-19.1584,0
2731800,24.8319,-14.2785,0
2740740,25.892,-19.6569,0
2700001,22.8949,-19.3909,0
2702720,25.7048,-14.3898,0
2708100,22.9349,-14.1844,0
2733540,20.8029,-15.0116,0
2700017,21.1639,-15.7561,0
2707410,19.6479,-16.076,0
2732550,18.7729,-16.7362,0
2713980,21.9419,-18.6525,0
2791450,23.8179,-20.3402,0
2714070,20.045,-17.282799,0
2723970,18.1309,-17.1884,0
2711085,21.510899,-17.8781,0
2721480,18.7939,-17.3372,0
2707500,24.3829,-14.860499,0
2730150,22.3239,-14.3768,0
2711820,23.0999,-14.111899,0
2706060,18.260899,-16.7609,0
2712270,20.8289,-14.9162,0
2733330,23.2649,-14.123199,0
2702760,20.753,-18.0151,0
2704050,22.0809,-14.5362,0
2705790,24.413,-13.526299,0
2732070,19.812,-14.9719,0
2700008,23.319,-20.8036,0
2711040,27.9949,-17.8694,0
2711040,27.9949,-17.8694,0
2718750,24.0879,-14.2901,0
2742270,25.225899,-13.6307,0
2732390,24.7519,-14.075299,0
2733790,19.7078,-15.0903,0
2730060,22.5439,-14.392699,0
2723430,20.6259,-14.608399,0
2700013,22.8549,-14.6658,0
2707290,24.045,-13.415199,0
2715750,20.607,-14.4958,0
2717780,22.4669,-14.5594,0
2733000,22.2789,-14.361799,0
2730030,17.67,-16.128399,0
2709480,22.2759,-19.1483,0
2723310,22.9898,-18.875399,0
2732430,24.1579,-13.723499,0
2742360,23.8648,-14.1159,0
2722950,23.6509,-14.033299,0
2723850,25.4109,-13.8652,0
2703690,21.0639,-17.6998,0
2707590,22.482899,-17.3402,0
2718090,27.6159,-13.993099,0
2744070,29.364899,-13.6939,0
2707380,28.5369,-13.0313,0
2733810,24.2579,-13.8863,0
2738190,23.482,-14.364599,0
2723820,19.5219,-16.0784,0
2703030,20.8699,-14.433499,0
2741060,25.4399,-13.715699,0
2717250,30.368,-13.0665,0
2714280,27.961899,-13.596,0
2706240,23.9599,-13.7557,0
2714260,23.854898,-14.075299,0
2731750,25.0199,-13.4031,0
2709510,23.934,-13.7922,0
2700089,24.093899,-14.5478,0
2728050,23.173899,-14.574699,0
2715000,24.0879,-20.9158,0
2733420,23.9819,-13.8919,0
2733780,24.5929,-13.908199,0
2791451,22.701,-14.572,0
2709330,22.614,-14.652499,0
2718360,25.3389,-14.283999,0
2713140,25.4349,-14.464399,0
2708190,21.7269,-14.4748,0
2711250,24.381899,-13.941299,0
2745735,24.2479,-14.6078,0
2728950,24.711899,-14.6384,0
2712420,23.7439,-13.8027,0
2721240,24.8729,-13.4309,0
2725080,20.871,-14.6868,0
2731780,24.4779,-13.8512,0
2711370,19.5959,-15.3145,0
2712900,23.0798,-14.630099,0
2717520,24.371,-14.538199,0
2711760,23.003,-14.6275,0
2723880,22.3899,-14.5246,0
2800185,127.6469,1.2742,0
2800186,125.440895,0.9583,0
2800187,131.3349,1.4958999,0
2800189,133.6449,0.5861,0
2800191,132.3719,0.49249998,0
2800195,138.854,1.1704999,0
2800196,133.524,-0.259,0
2800198,134.2169,1.4128,0
2800360,129.64189,0.1819,0
2800390,125.7579,-1.146,0
2800420,167.9039,3.0368998,0
2800450,132.7899,0.0126,0
2800510,136.28389,0.6272,0
2800540,127.441895,-0.513,0
2800570,148.3898,5.4698997,0
2800600,117.065895,-1.4557999,0
2800630,142.7859,5.8087,0
2800750,130.0269,1.1955999,0
2800820,132.60289,-1.0029,0
2800840,156.4539,2.6445,0
2800870,127.3509,-0.32459998,0
2800900,137.4169,2.0147,0
2800930,133.4409,0.24409999,0
2800990,137.19,0.7026,0
2801020,148.425,2.45,0
2801050,132.7089,0.5162,0
2801090,142.7039,2.3992,0
2801110,131.4589,0.51449996,0
2801140,129.5448,-0.3367,0
2801170,163.166,3.221,0
2801200,133.39389,0.74109995,0
2801220,151.2549,2.8429,0
2801260,125.7819,-1.2925,0
2801290,149.4039,2.2797,0
2801320,111.4629,-0.468,0
2801380,144.606,1.0245,0
2801410,126.4049,0.2342,0
2801440,145.9279,1.1101999,0
2801470,140.524,1.3557,0
2801490,155.966,3.2084,0
2801530,165.9149,2.5939999,0
2801560,154.619,3.4176,0
2801590,153.4299,2.1684,0
2801620,132.7859,1.3975999,0
2801680,129.1259,0.107999995,0
2801710,144.61589,5.822,0
2801710,144.61589,5.822,0
2801740,145.51889,4.5488,0
2801770,148.19,4.8656,0
2801800,160.375,2.8055,0
2801830,151.8799,2.5125,0
2801860,148.33589,2.4059,0
2801890,139.40889,1.966,0
2801950,118.2119,-1.7961999,0
2802040,141.85289,2.055,0
2802100,132.5659,-0.6678,0
2802160,146.5659,4.0302997,0
2802190,142.1019,2.4277,0
2802220,156.466,2.7117,0
2802250,145.7708,2.7015,0
2802280,150.5199,2.2939,0
2802310,142.231,1.3083,0
2802340,136.36789,0.6599,0
2802370,130.1129,-0.9361,0
2802400,156.4639,3.309,0
2802430,142.3239,1.3945,0
2802460,150.2229,2.1893,0
2802490,155.1679,2.4772,0
2802520,140.3999,1.151,0
2802550,128.347,0.1064,0
2802610,135.317,1.5669,0
2802640,157.2549,2.5878,0
2802670,146.5529,5.6219,0
2802700,126.717896,0.9684,0
2802730,133.6909,1.0137,0
2802790,137.554,1.9217,0
2802820,164.1689,3.4039998,0
2802850,117.8539,-1.6294999,0
2802880,167.8929,2.9759998,0
2802910,143.00389,1.3988,0
2802940,133.89389,-0.3545,0
2803000,142.1669,4.9284,0
2803030,156.50789,3.0374,0
2803060,146.2359,1.2975,0
2803090,130.89389,0.0539,0
2803120,126.055,-0.6046,0
2803150,143.1398,1.0489,0
2803180,143.9319,1.2659,0
2803210,120.4599,-0.41709998,0
2803240,161.175,2.9665,0
2803270,122.038895,-1.2092,0
2803300,140.24289,0.8883,0
2803360,143.2929,5.6724997,0
2803390,128.7599,-0.0337,0
2803450,130.6609,-1.082,0
2803480,142.9689,5.3276,0
2803510,146.28279,5.1106997,0
2803520,141.2599,2.2518,0
2803530,156.63379,2.766,0
2803540,143.6529,4.1043997,0
2803570,154.91,2.7296,0
2803600,146.21289,1.4161999,0
2803630,145.104,4.1749,0
2803630,145.104,4.1749,0
2803660,125.4779,-0.331,0
2803690,126.5359,-0.4456,0
2803720,144.621,4.0025997,0
2803750,131.7209,-0.7522,0
2803780,142.651,1.6401,0
2803810,124.6829,0.2617,0
2803830,143.2599,2.009,0
2803870,153.07089,2.2209,0
2803900,143.0229,1.3032,0
2803930,119.4769,-0.4888,0
2803960,143.8,2.2029,0
2803990,147.1819,2.0471,0
2804020,143.998,1.1668,0
2804050,121.3259,-0.47759998,0
2804080,162.80989,3.1634998,0
2804110,125.8669,-1.3321999,0
2804170,150.67389,3.5902998,0
2804230,118.8359,-0.5421,0
2804260,132.1458,-1.1122999,0
2804290,116.315895,0.069299996,0
2804320,128.095,0.0081,0
2804350,126.275894,-0.3813,0
2804380,143.4859,1.6926999,0
2804440,159.037,3.2997,0
2804470,150.0379,3.1722999,0
2804500,131.5439,-0.46899998,0
2804530,151.99289,2.072,0
2804560,136.246,0.0916,0
2804590,145.1109,1.3567,0
2804650,124.788895,0.80329996,0
2804680,139.9989,1.6613,0
2804710,166.7569,3.7117,0
2804770,146.9019,2.4024,0
2804800,144.593,2.141,0
2923700,65.8479,-5.0604,0
2926640,66.524,-4.413,0
2926670,66.5638,-4.9105,0
2930660,67.136,-4.6717,0
2922650,66.816795,-4.2560997,0
2922650,66.816795,-4.2560997,0
2931530,68.386,-4.785,0
2910920,88.8819,-4.2374997,0
2921750,88.6189,-2.7884998,0
2918420,85.6989,-4.1939,0
2931440,66.2008,-5.5989,0
2916860,77.897896,-4.4526,0
2921420,93.956795,-3.0628998,0
2906990,58.2469,-5.2967,0
2911700,61.8899,-5.2188997,0
2920430,64.8959,-4.8975,0
2905880,67.943,-4.8901,0
2918270,64.9879,-4.7813,0
2926430,62.8999,-5.2239,0
2908670,97.8969,-2.8743,0
2904020,64.998,-4.4762,0
2910290,65.675896,-4.7729,0
2912780,91.855896,-2.0585,0
2900004,96.4049,-2.3766,0
2930690,70.055,-5.2764,0
2914310,50.636898,-5.6524,0
2911100,78.744896,-4.9347997,0
2921720,88.206,-2.9679,0
2930520,90.053,-2.8961,0
2929640,65.736,-4.9825,0
2932010,61.0379,-5.1475,0
2913800,96.1869,-1.786,0
2919410,42.3099,-8.0503,0
2922860,46.076,-7.6306,0
2931860,44.1499,-7.3550997,0
2920700,33.186,-8.8414,0
2920700,33.186,-8.8414,0
2916500,92.5179,-1.7761999,0
2923760,93.9039,-1.8754,0
2907470,98.815895,-1.7876999,0
2910140,97.329895,-1.4729999,0
2928530,95.8829,-1.4872,0
2904950,90.235,-2.4916,0
2905250,96.5908,-3.3048,0
2905610,34.847,-7.7574,0
2913500,34.2319,-7.9680996,0
2910020,56.513897,-6.8216996,0
2921875,57.9959,-6.4965,0
2922740,57.0379,-6.3855996,0
2931620,57.171898,-6.8497996,0
2916740,34.3859,-8.7599,0
2922980,33.034,-9.083099,0
2920280,44.6229,-7.5814996,0
2903480,39.2099,-8.4327,0
2928140,44.2589,-7.9038,0
2923340,66.622,-6.1686,0
2900001,64.68,-6.0035996,0
2919080,61.102898,-6.1629996,0
2910410,66.775,-6.1963,0
2929250,67.3649,-5.612,0
2905370,55.916,-5.433,0
2914320,54.59,-5.4516,0
2931920,51.0799,-5.4911,0
2907380,35.026,-7.5954,0
2930300,33.18,-8.2986,0
2922470,28.593899,-9.7434,0
2922470,28.593899,-9.7434,0
2925590,25.7999,-9.2504,0
2925590,25.7999,-9.2504,0
2908460,90.8288,-3.4120998,0
2923130,92.3059,-3.276,0
2922500,65.3099,-5.184,0
2930780,54.0989,-7.0962,0
2906150,49.978,-6.0832996,0
2928380,46.6209,-6.1763997,0
2903270,55.645,-5.0394,0
2922620,35.0408,-7.6822996,0
2913680,35.1529,-7.8616,0
2906120,59.060898,-5.3849,0
2925210,66.762,-5.2764,0
2929580,62.1089,-5.0917,0
2910110,65.0209,-5.0545,0
2930360,28.295898,-8.6146,0
2914280,62.4399,-6.1211996,0
2908490,61.2299,-6.2370996,0
2920640,33.1259,-8.4552,0
2906000,32.818,-8.8829,0
2905940,35.4979,-8.414599,0
2920750,26.6689,-9.963699,0
2920050,37.229,-8.2136,0
2927660,32.7229,-9.3217,0
2910830,65.2699,-5.4842997,0
2926890,67.8899,-5.8013997,0
2911220,99.2959,-2.6455998,0
2911220,99.2959,-2.6455998,0
2904890,95.5619,-3.0604,0
2928800,66.638,-4.9755,0
2904050,68.637,-4.9972,0
2919980,68.0869,-5.1749997,0
2922950,69.5839,-5.1482,0
2913770,67.747,-5.1303997,0
2906510,54.034,-5.9456,0
2911340,56.041,-5.6324,0
2925530,52.136898,-6.0334,0
2930840,54.458,-5.6366,0
2905070,65.4049,-4.9723997,0
2915390,65.5489,-4.986,0
2914550,67.9899,-3.8753998,0
2905280,67.8619,-4.0864,0
2919380,56.921898,-5.1995,0
2923430,65.9249,-5.1324,0
2928740,68.3348,-5.2205997,0
2916920,42.242,-6.5390997,0
2902880,89.4939,-3.7709,0
2923640,77.8959,-4.9663,0
2929430,68.1959,-6.2332,0
2908370,63.1339,-5.6981,0
2931110,66.9219,-5.7304,0
2930570,65.708,-6.0457,0
2929760,67.245895,-6.0211997,0
2905640,67.678,-6.4968996,0
2914370,49.333,-6.9968,0
2921100,48.768898,-7.1071997,0
2903000,37.5378,-7.2282,0
2925140,55.5299,-6.9435997,0
2931050,62.7999,-6.1029,0
2932310,63.0179,-6.0776,0
2929880,40.895,-6.8153996,0
2931020,37.6769,-6.7767997,0
2918360,41.3518,-6.6951,0
2910200,79.0739,-4.1928,0
2932220,72.5289,-5.2065,0
2912540,74.4099,-5.3311996,0
2928470,75.277,-5.3104997,0
2909750,80.2038,-5.0415,0
2908760,31.4509,-8.4159,0
2921540,72.9459,-4.8111,0
2932100,68.633896,-5.0485,0
2926850,68.4619,-4.7083,0
2913380,84.4249,-5.0804,0
2925450,87.1689,-3.6497,0
2921960,64.319,-5.9986,0
2905130,71.0199,-5.0362,0
2906480,44.6599,-6.2732,0
2911400,58.6609,-6.4621,0
2932190,58.0169,-5.8331,0
2930450,59.7529,-6.1737,0
2922890,68.4219,-5.4108996,0
2901000,56.6979,-6.2332,0
2928560,58.173897,-6.3992,0
2910380,69.0769,-4.7662997,0
2912300,68.7379,-5.0081,0
2913170,66.8489,-5.6401997,0
2914250,68.913,-5.1633,0
2912600,74.0329,-3.9852998,0
2923460,68.327896,-5.6542,0
2929100,66.6399,-5.9263997,0
2929130,60.6989,-5.5316997,0
2931830,60.1199,-5.9862,0
2911280,38.4158,-8.326799,0
2918460,40.9099,-7.7735,0
2918460,40.9099,-7.7735,0
2915600,84.2098,-4.1005,0
2907120,88.9519,-3.7533998,0
2923070,79.095,-4.3954997,0
2910620,88.3969,-3.4154,0
2905790,35.8079,-8.7107,0
2927630,55.130898,-5.2767997,0
2925710,50.0489,-7.4498,0
2919840,48.7119,-7.3083,0
2921210,49.400898,-7.4291,0
2928290,56.9469,-6.5322,0
2919260,51.6919,-6.8652,0
2905660,54.7649,-7.3950996,0
2905850,29.5929,-8.6406,0
2930390,28.329899,-8.9028,0
2910950,69.18,-4.1574,0
2923400,72.386,-3.6366,0
2930510,58.208,-5.3262,0
2915420,63.2049,-5.4207,0
2925500,68.8369,-5.7714,0
2925500,68.8369,-5.7714,0
2930720,69.914,-5.5748997,0
2918240,68.985,-5.3138,0
2904530,93.468796,-3.2451,0
2910770,94.1289,-2.9803,0
2932490,87.193,-4.1777,0
2925650,93.8408,-3.593,0
2926400,94.4209,-2.6201,0
2916950,37.3309,-8.6433,0
2923160,64.291,-5.5601,0
2931650,63.5859,-5.683,0
2908400,53.3909,-6.7711,0
2923530,51.1049,-7.3511,0
2905700,69.833,-4.5204,0
2911910,68.819,-5.1538,0
2929170,67.189896,-5.2381,0
2905430,67.9739,-5.2883,0
2929370,68.620895,-5.0692,0
2915660,55.636898,-6.3387,0
2926970,56.6989,-5.7360997,0
2911730,54.638897,-5.2967,0
2913530,56.803898,-5.3361,0
2919350,83.666,-4.6496,0
2924530,71.2369,-4.9196,0
2915510,69.3509,-5.7181,0
2912010,65.952896,-4.4302,0
2913830,65.6179,-4.8139,0
2918690,69.1409,-4.6194997,0
2920670,68.79,-4.9951997,0
2923580,66.858,-4.9298,0
2910080,39.061,-7.0902996,0
2914400,36.1679,-7.1563997,0
2912900,43.8578,-7.0088,0
2915270,42.1329,-6.5151,0
2928360,38.2669,-6.9161,0
2903150,72.370895,-4.9347,0
2920370,78.4388,-5.2713,0
2904140,75.124,-3.8242998,0
2930750,76.0049,-4.9828997,0
2928920,65.4889,-5.2651997,0
2928950,66.985,-5.3641,0
2902910,68.569,-4.6644,0
2904500,68.647896,-4.887,0
2915300,52.6139,-5.3392997,0
2915450,91.971,-3.5288,0
2909720,67.4589,-4.6672,0
2913620,68.928,-4.8529997,0
2916290,66.745895,-4.552,0
2911580,56.5439,-5.0741,0
2910500,67.539,-5.219,0
2912030,68.345,-4.9007,0
2914430,67.1149,-5.4395,0
2931140,67.6149,-5.5095,0
2928590,74.499,-5.2862,0
2918450,73.147896,-5.4716,0
2916770,69.1579,-4.5394,0
2917820,67.4799,-4.6781,0
2920010,67.7849,-4.8434997,0
2913560,54.111,-6.6977997,0
2906450,25.875,-9.222,0
2908430,68.2829,-4.9488,0
2912630,66.066795,-5.0882,0
2926160,67.25,-4.782,0
2930810,63.6689,-4.6366,0
2911450,65.855896,-5.4544,0
2931460,50.5999,-5.5801,0
2932110,45.0219,-6.5899,0
2909810,54.854,-5.4024,0
2909900,50.4828,-6.3504996,0
2918670,48.145897,-6.3789,0
2923270,50.2878,-5.4944,0
2929610,55.479,-5.9958,0
2905760,68.7989,-4.6812,0
2913290,46.9099,-6.4642997,0
2916830,39.4889,-6.73,0
2927830,44.685898,-6.2079,0
2921880,37.2199,-8.6097,0
2920810,55.5309,-7.1259,0
2929700,51.367,-6.8694,0
2929280,67.8138,-4.815,0
2922920,35.1949,-8.0809,0
2906030,33.826,-7.8043,0
2916530,37.7779,-7.6215,0
2904980,41.339,-8.2333,0
2906090,36.0939,-8.6057,0
2928110,45.3979,-7.8908997,0
2927930,68.3799,-5.1131997,0
2913650,49.324898,-7.1094,0
2930870,63.8829,-5.8301,0
2910350,65.5439,-5.1647,0
2917880,65.997,-5.1847,0
2907080,41.083,-8.0724,0
2906170,69.9598,-5.1654,0
2927090,68.248,-4.9491,0
2929810,67.2959,-4.999,0
2916380,36.972,-8.5029,0
2923490,46.3699,-7.2862,0
2912690,29.114899,-8.7181,0
2925640,30.1229,-10.0425,0
2920940,29.0469,-9.222,0
2927870,93.0179,-1.665,0
2928620,94.3359,-1.3949,0
2912240,69.7849,-4.6577997,0
2931680,75.605896,-4.3336,0
2910520,48.2959,-6.0169997,0
2931070,50.8629,-5.969,0
2909930,59.2539,-5.6277,0
2911550,58.5739,-5.5917,0
2916190,56.4119,-5.4389,0
2928430,59.0949,-6.1535,0
2921330,63.548897,-6.5313,0
2912550,57.8019,-6.7054,0
2919170,67.6259,-5.131,0
2926220,64.3079,-5.0831,0
2930990,57.048897,-5.0924,0
2920160,58.972,-5.3055997,0
2928860,66.6279,-4.993,0
2925350,59.3899,-5.2820997,0
2905580,46.2989,-6.9631996,0
2923310,47.9239,-6.7542,0
2930330,52.1979,-5.9024,0
2925170,46.7089,-6.2602,0
2914840,65.9229,-5.1809,0
2921510,68.9169,-5.0397997,0
2911990,47.0569,-6.7598996,0
2927520,39.011898,-7.5832996,0
2921940,47.9309,-7.0088,0
2903060,76.3408,-4.8282,0
2930270,79.499,-4.4291,0
2919890,88.7439,-2.3676999,0
2905730,94.1969,-1.731,0
2907050,87.2229,-2.4452999,0
2914460,90.6969,-1.9634,0
2909120,89.831795,-2.1638,0
2910440,54.831898,-5.2225,0
2900003,92.873,-2.2059999,0
2900003,92.873,-2.2059999,0
2928260,94.3348,-2.7763999,0
2926610,92.5569,-2.2832,0
2909780,65.6589,-5.0267997,0
2912180,67.665,-5.1377,0
2920310,64.72,-4.8891,0
2922530,65.7969,-5.0966,0
2928680,31.2909,-8.3822,0
2919920,37.9399,-7.3248997,0
2920410,39.3409,-6.7739,0
2913710,51.678898,-6.7079,0
2906430,69.7089,-4.822,0
2932070,70.6119,-4.6033,0
2918600,70.1879,-5.2711997,0
2922140,64.8969,-6.4621,0
2913230,31.135899,-9.6195,0
3300035,65.911896,-14.247499,0
3300616,85.814896,-10.576699,0
3301740,78.428,-9.9148,0
3301860,79.861,-15.582999,0
3301950,79.484,-10.9334,0
3302340,71.9939,-12.156899,0
3302400,82.4749,-16.3962,0
3302460,77.8199,-11.0696,0
3302480,87.5439,-10.623799,0
3302490,94.609,-13.3262,0
3302640,75.708,-9.636499,0
3302880,82.593796,-9.500899,0
3302990,80.708,-11.663199,0
3303000,83.8109,-10.394199,0
3303090,77.5749,-11.7637,0
3303180,81.286896,-12.2072,0
3303240,78.0069,-10.1233,0
3303330,85.6888,-12.5432,0
3303660,62.9189,-14.021899,0
3303750,83.508896,-11.2919,0
3303780,88.7439,-10.8316,0
3303900,80.1569,-11.367499,0
3303930,85.397896,-9.485499,0
3303960,86.9589,-13.114699,0
3304030,90.0079,-10.6399,0
3304040,86.15,-11.7297,0
3304050,81.3269,-11.3118,0
3304140,78.875,-11.5137,0
3304230,71.2008,-12.8884,0
3304260,101.5009,-13.8933,0
3304290,59.5929,-14.4045,0
3304350,83.7128,-9.7094,0
3304380,61.5599,-14.6163,0
3304410,80.9388,-9.6518,0
3304590,72.2999,-9.9629,0
3304670,92.3759,-10.5384,0
3304680,76.8209,-13.3069,0
3304740,82.736,-9.7276,0
3304760,81.3689,-11.2602,0
3304770,85.0169,-11.1644,0
3304830,83.537895,-9.8598995,0
3304890,89.4508,-10.538199,0
3304960,81.8549,-11.9597,0
3304960,81.8549,-11.9597,0
3304980,86.095,-9.6598,0
3305220,88.7819,-12.149799,0
3305280,80.0149,-9.3864,0
3305310,70.7139,-12.2383995,0
3305400,66.735,-15.406699,0
3305520,74.8399,-9.590899,0
3305550,87.2779,-9.201,0
3305580,78.1819,-11.0085,0
3305700,91.303,-16.7735,0
3305730,79.800896,-11.3179,0
3305820,89.986,-8.779099,0
3305880,81.244896,-9.6549,0
3305940,86.261,-9.9208,0
3306060,85.5289,-8.9197,0
3306080,87.7038,-8.9727,0
3306180,82.3519,-11.177899,0
3306240,81.272896,-9.850699,0
3306540,77.303,-11.9499,0
3306720,82.1049,-9.4463,0
3307050,62.8729,-15.125299,0
3307115,87.194,-10.279699,0
3307170,83.9109,-9.568999,0
3307300,79.2689,-11.8983,0
3405490,92.5009,-5.2781,0
3407230,91.5419,-5.637,0
3404500,92.510895,-4.9298997,0
3409270,93.579895,-4.6998,0
3410050,90.119896,-5.1637,0
3411490,93.3079,-5.2542996,0
3418120,91.467896,-4.2135,0
3407170,93.027,-5.1138997,0
3409990,92.4209,-4.8961997,0
3409810,90.416,-4.2873,0
3411430,91.3269,-3.8894,0
3412420,89.415,-4.7399,0
3412450,88.6749,-5.3529997,0
3413770,91.472,-3.6488998,0
3413800,90.9769,-3.8679,0
3403300,93.287895,-4.8605,0
3412690,92.095,-4.9575996,0
3417520,101.18,-7.3873997,0
3412930,91.7389,-4.1352,0
3414640,92.954895,-4.5415,0
3415360,92.0149,-5.17,0
3415390,93.2949,-4.7553,0
3404110,93.249,-5.1612,0
3410500,91.7139,-4.9509,0
3403990,88.9799,-4.3568,0
3404660,91.175896,-4.6468,0
3404710,88.0878,-4.723,0
3406090,86.466896,-7.763,0
3405280,91.662895,-4.4,0
3405790,91.9619,-4.6644,0
3406180,89.6669,-2.4531,0
3406210,87.5069,-6.514,0
3404740,90.8969,-3.8637,0
3405310,91.8939,-3.3890998,0
3400960,90.2699,-2.5927,0
3404560,90.6819,-3.7928,0
3418000,90.926895,-3.9394999,0
3400660,91.498,-3.317,0
3406570,91.9169,-4.4361,0
3412810,91.883896,-4.5657,0
3401500,89.361,-4.2578,0
3403270,92.176895,-2.9659,0
3403600,89.855896,-4.2378,0
3402820,90.800896,-3.7921,0
3404020,91.5219,-5.2044,0
3400720,89.1529,-7.7240996,0
3400810,88.2969,-3.2696998,0
3400840,87.8138,-6.4372,0
3400870,90.859,-5.4435,0
3413200,90.9049,-3.1290998,0
3407410,94.694,-4.408,0
3414460,91.4309,-4.0078,0
3416080,90.259895,-4.1338,0
3407440,94.731895,-7.5979996,0
3416710,86.8119,-7.7816997,0
3412870,91.7239,-2.8687,0
3418060,91.9349,-4.3013,0
3409420,97.3269,-3.5569,0
3416560,90.6849,-4.5973,0
3412060,96.2789,-3.8158998,0
3410020,85.787895,-2.6942,0
3416110,90.5329,-4.3431,0
3416860,90.1999,-5.7644997,0
3408820,93.165,-5.8241,0
3411340,90.912895,-3.961,0
3401050,91.8239,-2.9563,0
3409660,91.776,-3.0102,0
3403420,91.7839,-2.8687,0
3409120,87.303,-3.3202,0
3412840,87.898895,-2.9498,0
3405760,91.550896,-4.3585,0
3405970,90.2269,-5.1503,0
3406930,91.0579,-3.9694,0
3408520,91.194,-3.6678998,0
3408850,91.1259,-4.3006,0
3406000,91.731895,-2.812,0
3406330,91.8919,-3.0936,0
3411940,91.7949,-2.8623,0
3403000,91.9089,-3.1815999,0
3406390,91.8819,-3.1159,0
3401260,91.6989,-3.3845,0
3406870,91.013,-3.7737,0
3410200,92.262,-5.8907,0
3416740,95.9469,-5.9122996,0
3410470,92.012,-4.065,0
3417430,91.2689,-2.789,0
3403180,92.456,-3.8033998,0
3407350,92.8089,-3.0755,0
3416380,92.527,-2.7080998,0
3413110,89.777,-3.7415998,0
3400004,92.7799,-5.9821,0
3410810,95.0449,-6.3357,0
3412480,92.7819,-6.2486,0
3413650,95.5489,-7.5249996,0
3414340,94.7799,-7.5456,0
3400008,90.2389,-7.3598,0
3417310,92.9499,-3.039,0
3417580,92.8499,-2.8906999,0
3414550,87.2249,-3.2416,0
3418330,89.260895,-3.1116,0
3416920,91.5758,-4.2206,0
3418300,91.3549,-4.3413,0
3412360,91.3959,-3.6689,0
3406990,91.5359,-5.2788,0
3412540,91.984,-4.4435,0
3413350,89.884895,-5.7823997,0
3400769,92.6989,-5.8845997,0
3402030,90.3228,-4.4516,0
3402460,89.859,-4.0819,0
3403120,91.5728,-3.1576,0
3405220,89.443,-4.269,0
3407290,91.1689,-4.3125,0
3407920,91.5499,-4.6717997,0
3411310,92.870895,-5.6001997,0
3413530,91.444,-4.3097,0
3414280,91.3549,-4.229,0
3414310,91.4179,-4.4091997,0
3415630,91.746895,-5.0583997,0
3402430,89.869896,-4.0643,0
3403780,91.4339,-3.6266,0
3410710,91.7379,-3.4557998,0
3412390,91.5289,-2.9394999,0
3414010,91.300896,-3.6018,0
3410320,88.829895,-4.0899,0
3402250,87.972,-3.5088,0
3406120,91.468796,-5.4553,0
3411640,92.6669,-5.4101,0
3402640,91.925896,-2.7774,0
3412990,92.216896,-4.0506,0
3408640,92.1869,-3.7005,0
3406360,91.7959,-2.9406998,0
3406540,90.1809,-4.6135,0
3408400,90.651,-4.742,0
3417700,89.8138,-4.7866,0
3403150,91.855896,-4.6022,0
3417760,92.1429,-4.8399,0
3413140,92.2409,-5.3276,0
3415900,92.36,-5.9596996,0
3401650,92.887,-6.3399997,0
3404920,90.9449,-4.8417,0
3407530,92.216896,-5.6928,0
3416290,90.6259,-4.6275,0
3404320,88.827896,-4.8431,0
3413410,91.190895,-5.1401,0
3401530,93.1559,-6.3873,0
3404590,91.1039,-3.8241,0
3408610,91.1309,-3.9842,0
3414670,92.3769,-5.0569997,0
3416500,91.3689,-4.4881,0
3403570,91.6849,-4.5903,0
3401350,91.4939,-4.2973,0
3401830,92.402,-4.7353,0
3415330,92.2649,-5.0401,0
3417610,95.0139,-5.9972,0
3402580,94.232895,-5.4962,0
3402850,95.605896,-5.6215997,0
3404230,91.564896,-4.6331,0
3418150,91.5728,-2.9729998,0
3417070,92.3119,-3.6448998,0
3405940,92.651,-5.0327,0
3407680,91.384895,-4.6665,0
3406240,92.6609,-2.9226,0
3406720,94.7919,-6.4263,0
3403900,91.943,-3.217,0
3406810,90.151,-6.6282,0
3407320,89.3399,-5.3108,0
3407470,89.3649,-7.3276,0
3407770,91.7239,-4.9182,0
3408160,97.9219,-4.7894,0
3408280,92.134895,-3.557,0
3410560,94.0009,-5.3276997,0
3411880,92.1179,-4.4642997,0
3408310,98.091896,-3.4859,0
3408340,91.9759,-3.2654,0
3408370,87.8288,-3.3386998,0
3408580,92.1029,-5.7019,0
3408760,90.9478,-3.7249,0
3408880,87.5899,-2.642,0
3409000,89.105896,-6.5664,0
3409030,86.888,-3.1373,0
3409480,88.0579,-2.9449,0
3412270,92.2139,-4.8784,0
3405880,92.5019,-3.8118,0
3412720,90.5839,-2.6267998,0
3409690,89.7929,-2.6559,0
3409780,88.9639,-3.9943,0
3409960,91.7519,-2.9550998,0
3410230,91.9619,-4.5934,0
3415810,85.1129,-2.1085,0
3416350,93.5728,-3.5712998,0
3416470,96.5279,-4.551,0
3416470,96.5279,-4.551,0
3416590,90.0758,-3.6875,0
3416650,86.8659,-3.6984,0
3416680,89.847,-2.5822,0
3417100,88.972,-4.7111,0
3417250,92.2689,-4.3269,0
3417850,92.384895,-4.4727,0
3417910,88.1459,-6.9814997,0
3417970,83.022896,-1.7924,0
3418030,91.6399,-4.3933,0
3418090,86.4619,-3.8901,0
3418270,91.8099,-2.8378,0
3413080,92.2549,-3.4657,0
3402400,91.3829,-4.3645,0
3410290,93.3509,-5.0513,0
3410350,94.2579,-7.706,0
3406300,93.5419,-7.3859,0
3402220,94.774895,-3.9871,0
3407740,95.704895,-4.7778,0
3408100,98.4099,-4.7434,0
3408220,97.2419,-4.6012,0
3409450,96.2669,-4.7437,0
3416230,100.2399,-4.4045,0
3416230,100.2399,-4.4045,0
3411970,88.245895,-2.6792998,0
3417940,83.6419,-1.8944,0
3401440,86.7949,-6.8048997,0
3412960,88.939896,-6.4424,0
3407830,92.2008,-3.2932,0
3407890,91.246895,-3.5605,0
3411460,92.2539,-3.1604998,0
3414850,91.664,-3.3797,0
3400900,86.4489,-7.6863,0
3401110,86.1579,-2.3666,0
3401140,96.091896,-3.4034,0
3401170,91.9379,-3.2173998,0
3401230,97.6949,-3.4842,0
3410530,80.9099,-8.5549,0
3410680,91.0749,-3.7468,0
3401320,90.471,-6.1277,0
3401410,96.165,-3.4986,0
3401620,92.2399,-4.25,0
3401740,90.9339,-3.9038,0
3401860,92.4069,-6.9498,0
3401890,89.037895,-6.6998997,0
3401980,95.3348,-6.7767997,0
3402130,96.1399,-3.4652998,0
3402160,90.759895,-6.1728,0
3402310,96.995895,-3.7579,0
3402340,89.870895,-2.2598999,0
3402370,91.7158,-2.8845,0
3403240,92.206,-3.8162,0
3403480,88.221,-3.2531998,0
3403540,89.4769,-4.8722,0
3403630,96.541,-3.4139,0
3403690,91.1399,-3.8077,0
3403840,86.3199,-3.6676998,0
3403960,87.3829,-3.0167,0
3404200,91.0069,-3.8825,0
3404440,92.3509,-3.0376,0
3404470,90.8109,-3.9404,0
3410770,94.8239,-6.5309,0
3410860,95.0009,-7.4519997,0
3410890,91.8079,-2.9131,0
3411040,92.3919,-5.479,0
3411130,96.2819,-3.6146,0
3411250,91.661896,-4.6535,0
3404680,86.776,-3.3141,0
3404770,91.6309,-4.2602,0
3404860,90.774895,-4.3796997,0
3405070,92.2089,-2.9205,0
3407800,101.3378,-8.3976,0
3412900,91.3919,-5.798,0
3410650,92.5489,-6.013,0
3401950,93.68,-6.8322,0
3402520,93.818,-6.6650996,0
3411670,84.0299,-1.8642999,0
3412090,98.081,-4.1991,0
3412210,87.7979,-2.8903,0
3403930,94.4799,-6.9951,0
3409240,92.7379,-5.9091997,0
3412300,90.0749,-7.0966,0
3413260,88.0019,-6.3975,0
3413380,93.175896,-3.9945,0
3413500,87.471,-3.309,0
3413980,90.4039,-6.0474997,0
3414040,91.486,-3.0867,0
3414070,90.3649,-4.4109,0
3414220,90.2038,-4.8048,0
3414520,89.5069,-5.5948997,0
3414730,96.8129,-3.5483,0
3411010,93.870895,-6.8086,0
3408040,97.7549,-7.2869,0
3410980,97.8089,-7.6161,0
3404980,90.466896,-4.8958,0
3409210,91.3799,-3.7749,0
3410140,90.8228,-5.8016,0
3415180,89.43,-5.1991,0
3415240,90.8929,-3.8358,0
3415570,96.3119,-3.4543,0
3415600,96.5309,-3.602,0
3413830,89.8129,-5.3533,0
3409330,89.5039,-5.8905,0
3401920,90.6019,-3.8393998,0
3411280,89.0499,-4.3413,0
3413590,89.829895,-6.1714,0
3414490,90.8819,-4.4235,0
3406270,90.402,-4.1015997,0
3417820,88.1419,-5.1545997,0
3407860,93.3219,-3.3299,0
3411160,96.272896,-3.8709,0
3416890,96.356895,-4.2227,0
3416800,89.8619,-4.2167,0
3407950,93.6419,-3.7861998,0
3408940,96.3889,-3.3100998,0
3400009,94.2269,-6.8174,0
3402280,89.6169,-5.8241,0
3410590,92.2999,-5.3519,0
3409750,93.911896,-4.0327,0
3410110,93.998,-3.6596,0
3413680,93.8799,-3.7665,0
3400930,96.286896,-3.4678998,0
3417280,92.925896,-6.0727,0
3413290,96.702896,-3.6804,0
3413320,97.9219,-3.5314,0
3413230,92.6829,-4.65,0
3411400,86.5638,-7.7675996,0
3415510,91.508896,-7.7479,0
3411220,93.0979,-5.1229997,0
3413050,91.3228,-5.1486,0
3415120,92.5349,-4.1265,0
3415210,91.97,-5.0123,0
3415540,92.815895,-4.7669,0
3402100,89.164,-5.3933,0
3409630,89.208,-5.5211,0
3415090,89.0189,-5.5896,0
3626370,98.1989,-3.4268,0
3626400,90.2849,-3.1072998,0
3629280,93.569,-3.23,0
3629850,90.6319,-3.1129,0
3605220,52.9519,-10.7248,0
3613470,49.1229,-8.4622,0
3619350,81.9899,-10.9811,0
3614280,95.36,-3.4566998,0
3602700,63.338898,-10.026199,0
3617130,76.9369,-10.359099,0
3623640,75.291,-10.276899,0
3632010,81.8378,-9.789599,0
3605580,55.0719,-7.381,0
3609690,64.0579,-7.3911,0
3611880,59.6139,-7.7381997,0
3617160,93.041,-3.3776999,0
3630960,94.6389,-3.4471998,0
3631710,93.2929,-2.911,0
3608490,71.661896,-8.7251,0
3624150,65.968796,-9.5261,0
3612870,73.5219,-10.8137,0
3622710,63.2029,-7.6913,0
3617700,97.569,-3.7633998,0
3622100,78.236,-10.8639,0
3604757,73.8489,-10.576099,0
3622260,77.5609,-10.4214,0
3621840,111.4899,-8.4629,0
3626850,78.8969,-11.8291,0
3621450,55.645,-9.5921,0
3631350,61.8029,-10.161799,0
3611070,65.883896,-9.9616995,0
3600017,66.1289,-10.2388,0
3611640,73.3348,-10.2677,0
3617910,93.3679,-3.0153,0
3618210,93.4749,-3.1002998,0
3618270,96.5589,-3.2668998,0
3622290,95.702896,-3.5333,0
3623190,92.6589,-3.3809998,0
3614490,78.1749,-10.0875,0
3623220,94.1679,-3.5505,0
3623580,97.8909,-3.1775,0
3624780,93.303,-3.0785,0
3606690,84.7149,-8.8029995,0
3616980,75.1999,-7.9729996,0
3615090,93.4379,-3.8300998,0
3624990,93.0069,-3.2071998,0
3625050,97.1569,-3.6855,0
3612300,53.034897,-8.4826,0
3622740,49.0579,-8.030399,0
3618030,66.0219,-7.9104996,0
3603030,66.370895,-10.215,0
3604350,70.3479,-10.0324,0
3606180,56.4129,-8.276,0
3631170,56.6549,-7.8612,0
3624210,82.47,-8.4463,0
3606160,79.258896,-9.8849,0
3612120,73.2859,-11.748,0
3631590,81.6839,-11.9162,0
3615060,121.069,-11.5724,0
3618630,90.579895,-3.2558,0
3600012,75.7089,-10.417299,0
3603240,56.109898,-9.7729,0
3606360,60.6089,-9.8969,0
3608970,88.9879,-10.0405,0
3626190,65.7949,-10.1974,0
3630480,70.499,-10.185699,0
3600124,58.5029,-10.142,0
3628980,56.5709,-8.9636,0
3609390,53.0979,-8.8983,0
3610500,88.5629,-8.4819,0
3618510,70.2279,-11.2581,0
3618570,86.2439,-8.1884,0
3624960,90.7649,-8.584,0
3625800,78.178,-9.097,0
3629790,83.4869,-8.2045,0
3606300,70.9449,-10.689,0
3606300,70.9449,-10.689,0
3601189,65.3889,-12.823999,0
3600005,89.3909,-11.413899,0
3602970,71.136,-10.3638,0
3603930,81.6549,-9.715199,0
3605940,76.6019,-9.9368,0
3611730,87.468796,-11.5162,0
3611190,69.5219,-10.436299,0
3608160,99.3239,-4.3447,0
3608160,99.3239,-4.3447,0
3609660,98.6409,-4.3161,0
3613980,98.012,-4.2746,0
3619200,97.411896,-4.3017,0
3619230,96.1429,-4.6451,0
3620040,93.956,-3.7946,0
3622470,96.9899,-4.6538,0
3624690,96.748,-4.8303,0
3625350,98.5309,-4.2981997,0
3627060,97.6739,-3.9972,0
3627620,96.0059,-4.2019997,0
3628200,94.3959,-3.8753,0
3618240,92.984,-3.6332998,0
3620010,48.3339,-8.8101,0
3608790,44.0039,-8.451,0
3631950,53.7469,-8.4616995,0
3622770,60.3909,-9.663899,0
3603420,88.258896,-9.8743,0
3615360,84.596,-8.263,0
3607590,76.4079,-7.6261997,0
3612990,105.0439,-9.4791,0
3616560,84.819,-6.7349997,0
3628500,76.7549,-7.4444,0
3628500,76.7549,-7.4444,0
3631470,76.0169,-7.4347,0
3625950,92.7949,-4.4221,0
3624930,55.479,-8.0521,0
3629940,87.7109,-10.1644,0
3611100,97.0999,-4.2293,0
3600008,96.3549,-4.5699,0
3605310,91.4929,-7.5945997,0
3611860,98.731895,-7.2337,0
3600021,95.593796,-4.5362,0
3602880,98.262,-3.5913,0
3608850,75.8399,-11.0917,0
3618450,72.8759,-10.1616,0
3618840,77.2549,-9.9934,0
3631380,69.0299,-9.76,0
3621330,81.0479,-10.9717,0
3607170,59.659897,-12.6637,0
3621260,68.3669,-12.9053,0
3625740,77.6539,-15.4073,0
3603720,93.095,-3.3323998,0
3604080,96.1729,-3.646,0
3604110,97.1159,-4.3512,0
3600009,63.4199,-13.6426,0
3616170,53.7739,-12.9509,0
3627750,66.708,-10.616,0
3608400,56.129898,-9.1517,0
3602940,92.5609,-3.3237998,0
3622650,90.8359,-6.1942,0
3613740,92.512,-4.7293,0
3612630,61.305897,-7.2542996,0
3625170,58.2239,-8.1329,0
3607530,60.282898,-7.8086996,0
3623160,59.84,-7.7851,0
3630360,66.966896,-7.5667996,0
3630330,67.1119,-7.7254996,0
3617970,64.7979,-6.8127,0
3603840,92.9199,-2.9756,0
3604740,93.7419,-3.5010998,0
3608010,93.940895,-3.9282,0
3602430,73.0279,-7.6945,0
3602550,81.5499,-8.21,0
3607230,82.2389,-7.5119996,0
3611670,82.2089,-7.0456,0
3612390,96.305,-8.2572,0
3613350,89.4089,-8.1371,0
3614550,100.120895,-9.2123995,0
3609960,93.2579,-2.9782,0
3610050,95.452896,-3.4039998,0
3610980,93.4449,-3.3983,0
3616680,81.0788,-7.7762,0
3630780,84.4929,-7.5481997,0
3611550,92.0769,-2.9341998,0
3621270,92.579895,-3.8629,0
3600010,66.861,-10.7901,0
3604650,66.480896,-11.847099,0
3609360,62.3839,-11.298599,0
3626580,75.083,-11.2712,0
3628020,77.7369,-11.570399,0
3609720,97.7299,-3.8191998,0
3621540,95.013,-3.7631,0
3627300,93.9379,-3.8244,0
3619530,87.6579,-14.4137,0
3623970,70.6529,-13.125899,0
3626130,90.4499,-14.5782995,0
3631500,53.715,-11.8631,0
3627900,97.971,-3.5363998,0
3629070,97.581795,-4.3884,0
3621930,96.984,-3.8230999,0
3623490,92.9759,-3.4958,0
3624060,96.456795,-4.5278,0
3622560,88.7069,-5.4670997,0
3628320,95.4089,-7.0755,0
3624840,94.9939,-4.138,0
3603870,87.9649,-9.136499,0
3609090,75.4478,-9.188399,0
3618480,74.694,-9.7725,0
3621810,76.4339,-9.0522995,0
3612750,72.9519,-10.0545,0
3602730,77.734,-10.3049,0
3607260,68.9729,-9.5142,0
3615900,70.773895,-9.7522,0
3611760,93.855896,-3.2472,0
3624750,61.1139,-7.5067,0
3620820,71.2659,-7.3655996,0
3628590,75.3669,-8.9454,0
3629370,76.1119,-9.9889,0
3626010,65.467896,-9.5711,0
3629760,98.9189,-4.2637,0
3630540,94.371895,-3.4728,0
3630690,95.1819,-3.5414,0
3612240,77.7829,-11.328,0
3631920,92.315895,-4.2371,0
3606060,92.2439,-6.0327,0
3615870,99.1279,-15.3503,0
3629910,88.3649,-13.235,0
3631020,96.6539,-4.7834,0
3631800,94.3929,-3.6236,0
3625380,98.2239,-4.6689,0
3625410,98.8378,-4.1914997,0
3625920,97.569,-4.1043,0
3626640,96.8199,-4.2079,0
3607980,69.5319,-9.117499,0
3602460,64.2679,-9.13,0
3623280,52.6499,-12.0373,0
3623280,52.6499,-12.0373,0
3612660,69.552,-8.5142,0
3623760,81.971,-8.116099,0
3605850,80.5139,-7.4635,0
3605850,80.5139,-7.4635,0
3630060,69.7149,-9.0116,0
3625770,82.3899,-11.015599,0
3616440,80.925896,-7.1282,0
3603180,93.079895,-5.0204997,0
3605640,92.5609,-3.83,0
3601107,91.7399,-12.007199,0
3601087,77.230896,-10.581699,0
3621250,64.4079,-13.163199,0
3613380,75.6029,-10.7722,0
3613020,62.458897,-9.8821,0
3608610,72.427,-13.833099,0
3619830,71.272896,-13.2325,0
3619830,71.272896,-13.2325,0
3619920,79.735,-10.8221,0
3608580,89.6269,-5.4087,0
3609120,92.3679,-5.0787997,0
3610200,93.1319,-4.8006997,0
3610650,91.9589,-5.2226,0
3615450,91.9769,-5.6334996,0
3622500,61.713898,-8.964399,0
3631860,66.0899,-9.8179,0
3600014,54.3219,-8.0124,0
3627570,59.0859,-9.2951,0
3603480,69.8258,-8.7904,0
3630420,72.1019,-8.8547,0
3616290,89.5769,-8.498,0
3622140,54.819,-8.9889,0
3626430,58.8759,-8.1034,0
3605460,60.6819,-7.6257,0
3609930,61.319,-7.4923997,0
3614460,59.687897,-7.1822,0
3614610,58.7109,-7.8609,0
3610260,78.874,-10.7346,0
3600019,77.1409,-10.9766,0
3616800,80.2819,-10.9236,0
3615630,92.2819,-9.1694,0
3606660,106.083,-9.160299,0
3627660,91.550896,-9.2602,0
3609420,73.8399,-6.2623,0
3604530,96.1449,-8.9763,0
3604530,96.1449,-8.9763,0
3626880,88.8509,-6.6779,0
3611520,80.647896,-6.8257,0
3609870,96.2789,-4.6861997,0
3609900,96.884895,-4.755,0
3610680,93.4349,-3.5814998,0
3612840,96.5469,-3.8932998,0
3615390,63.894897,-7.2359996,0
3616200,62.3029,-7.3058996,0
3610890,60.7449,-7.8011,0
3627780,57.657898,-7.4988,0
3627780,57.657898,-7.4988,0
3628560,94.8369,-3.6441998,0
3614400,88.4089,-8.444,0
3613290,94.259895,-3.7545,0
3605280,96.6459,-3.7972999,0
3606840,96.22,-4.7107997,0
3606870,99.0299,-4.2016,0
3604290,56.5009,-12.5453,0
3607080,78.581,-13.9165,0
3622830,45.777,-12.555599,0
3630660,93.538895,-3.1736,0
3608310,92.9339,-3.327,0
3613530,97.0349,-4.5625,0
3607860,66.647896,-8.538899,0
3611740,62.59,-7.8599,0
3604140,82.3659,-7.7552,0
3606500,81.6539,-8.0753,0
3604620,82.537895,-10.807,0
3605520,74.8829,-10.014299,0
3609630,71.8509,-9.715799,0
3618900,70.0989,-8.760099,0
3620430,77.1729,-10.1539,0
3626070,63.8229,-8.901,0
3613620,93.0289,-3.4557998,0
3615540,97.162895,-3.8551,0
3616260,93.6389,-3.4635,0
3617380,93.708,-3.3729,0
3618540,67.2389,-7.7774,0
3627120,74.875,-7.7685,0
3631440,70.6729,-7.654,0
3623430,67.4729,-8.7291,0
3606470,76.4929,-13.4946995,0
3614250,76.597,-13.420099,0
3618660,72.1039,-13.7778,0
3625500,71.5489,-13.383699,0
3609210,87.9379,-8.7746,0
3629160,84.7509,-15.1802,0
3612270,105.0009,-13.165299,0
3619380,84.3899,-9.0629,0
3618690,96.1709,-4.6163,0
3619410,94.373,-3.9199,0
3619710,98.954895,-2.9217,0
3620520,95.814896,-4.4312997,0
3620910,94.926895,-3.6743,0
3626100,64.6149,-11.3431,0
3620880,67.9349,-9.583,0
3600004,65.7139,-9.5851,0
3626310,72.986,-10.6451,0
3600001,94.3759,-12.1528,0
3610230,92.415,-12.2666,0
3623670,78.3649,-13.5594,0
3623310,91.097,-5.8262997,0
3623460,93.191795,-4.3055,0
3625260,93.2709,-3.8808,0
3630630,80.6859,-9.0605,0
3613710,77.485,-10.1809,0
3606540,94.2529,-3.2802,0
3609840,93.4519,-3.3918,0
3615480,92.8829,-2.7775,0
3616830,93.208,-2.8860998,0
3617730,92.7239,-2.6906,0
3619500,94.4598,-3.3172,0
3621570,92.943,-2.8855999,0
3606090,59.2959,-8.1385,0
3608340,70.9729,-8.3829,0
3602580,68.0699,-8.764999,0
3602520,68.1849,-7.5944,0
3611280,80.9169,-11.8035,0
3612900,78.4899,-10.8439,0
3631290,77.081,-10.811999,0
3611310,75.8629,-11.186999,0
3619260,69.8489,-11.7434,0
3623010,81.3789,-8.138,0
3629970,84.3059,-7.7177,0
3605340,90.4589,-5.8215,0
3618990,67.8059,-8.5528,0
3616140,83.5039,-14.388599,0
3616500,78.8249,-15.165099,0
3625470,71.5859,-11.347799,0
3615570,57.361,-9.0451,0
3615570,57.361,-9.0451,0
3622170,64.1259,-9.7397995,0
3609330,60.631897,-10.081699,0
3614940,71.3759,-8.4784,0
3628620,82.026,-9.9194,0
3607110,78.2919,-10.3344,0
3624240,83.623,-9.0205,0
3627360,99.7639,-13.1279,0
3630390,82.6809,-9.7123995,0
3625290,93.305,-3.6834998,0
3628650,90.093796,-5.3013,0
3628650,90.093796,-5.3013,0
3619680,78.096,-8.075399,0
3604758,87.693,-7.375,0
3607380,82.9089,-7.579,0
3610410,82.359,-9.194,0
3612960,95.2109,-7.6106997,0
3619650,88.5599,-7.467,0
3625320,81.276,-8.061299,0
3613950,92.495895,-4.9175,0
3616080,90.3359,-6.6428,0
3620100,92.6609,-3.5823998,0
3622020,90.4339,-5.9319,0
3623340,90.245895,-5.9932,0
3631260,91.847,-4.7873,0
3612720,92.0299,-5.0316997,0
3611400,73.291,-10.1904,0
3617460,79.383896,-11.270599,0
3614220,76.999,-10.403999,0
3624570,80.054,-10.761,0
3602820,116.9179,-10.3259,0
3622050,98.36,-8.2097,0
3619170,105.25,-9.3379,0
3631320,85.7939,-10.5605,0
3623880,130.9729,-9.8695,0
3608370,89.8219,-12.7135,0
3626670,71.2979,-9.4748,0
3626160,80.5999,-9.8203,0
3627240,77.468796,-10.6778,0
3616740,71.814896,-9.5527,0
3600020,51.9839,-9.972099,0
3614820,58.5809,-10.110499,0
3600007,58.548,-9.581699,0
3604050,52.629898,-10.262,0
3603630,55.2809,-10.475699,0
3615720,79.6269,-11.7753,0
3609240,81.7279,-10.517,0
3629820,88.537895,-11.9105,0
3625110,76.777,-11.7403,0
3608910,84.383896,-11.8359995,0
3609540,94.1978,-8.7916,0
3607890,95.2539,-9.0795,0
3605610,80.7639,-6.5987,0
3610920,95.0788,-9.206699,0
3622410,91.1119,-9.1687,0
3626730,89.7019,-8.9903,0
3627330,77.0219,-11.4671,0
3614340,94.22,-3.4757,0
3615510,93.3909,-3.4526,0
3616230,77.4869,-7.4357,0
3630990,80.386,-6.5916996,0
3600018,92.468796,-8.4857,0
3624660,87.4109,-7.7071996,0
3607710,83.2109,-14.981199,0
3614310,76.7699,-12.8751,0
3617430,76.7679,-13.269,0
3619890,79.5899,-12.2588,0
3621360,70.972,-13.4939995,0
3627960,71.4489,-13.5113,0
3615810,95.9369,-3.4642,0
3603270,87.4799,-8.5749,0
3606570,95.7839,-7.9800997,0
3615180,90.2529,-8.806399,0
3624480,94.347,-9.3866,0
3629880,85.0819,-7.9104996,0
3606240,105.940895,-11.3042,0
3600002,78.122,-10.729799,0
3614580,100.565895,-12.264899,0
3621960,84.026,-10.3596,0
3624900,91.1449,-10.228499,0
3628140,76.1669,-10.156899,0
3630600,85.4388,-11.276999,0
3612030,75.0079,-8.8176,0
3623040,85.068,-9.812699,0
3618600,79.886,-7.6826997,0
3620970,97.9779,-9.1005,0
3627000,82.7419,-7.3932996,0
3606420,66.97,-10.0135,0
3608460,77.7409,-10.250899,0
3620670,71.2019,-9.795899,0
3605670,77.971,-11.019199,0
3605040,108.4789,-12.657599,0
3600013,73.2098,-9.727099,0
3620610,78.5749,-10.068299,0
3624360,105.9889,-12.613199,0
3631050,79.5869,-10.254499,0
3606900,105.9199,-9.6619,0
3602670,77.4109,-11.7748995,0
3612360,69.6019,-13.2501,0
3613440,75.4199,-11.9337,0
3614880,94.480896,-10.9643,0
3615300,80.591896,-12.297999,0
3616380,80.4609,-12.009399,0
3630120,93.9899,-12.0218,0
3606990,91.6859,-6.3957996,0
3610080,92.7979,-4.1531,0
3614190,89.7139,-6.2788,0
3619950,91.1409,-6.6366,0
3620160,90.054,-5.92,0
3620490,92.8209,-3.836,0
3622680,93.054,-3.3033998,0
3624000,94.1269,-7.1956,0
3624630,93.25,-4.7012997,0
3627180,89.4628,-6.585,0
3629400,89.722,-5.5762997,0
3631980,92.7579,-6.7753,0
3614760,70.1989,-10.2642,0
3606720,76.2819,-9.2855,0
3610860,71.762,-10.8315,0
3606780,75.494896,-10.9309,0
3618330,75.3069,-9.2677,0
3607320,76.678,-9.083,0
3628680,77.6579,-13.4958,0
3610170,91.666,-8.498,0
3621900,91.648895,-8.4482,0
3614670,56.194897,-8.4456,0
3620220,59.2729,-9.3262,0
3611970,48.6009,-8.1772995,0
3620640,66.2239,-7.8076,0
3622890,55.9749,-8.1578,0
3617520,87.675896,-9.0296,0
3621210,90.0559,-9.2678995,0
3607470,76.43,-9.381,0
3616410,74.3288,-9.8239,0
3622200,82.858,-11.9663,0
3614640,77.4569,-9.870999,0
3615990,77.6039,-8.8414,0
3605820,69.0619,-13.827,0
3605820,69.0619,-13.827,0
3618080,76.708,-11.1019,0
3620370,78.4879,-10.2529,0
3623370,108.318,-14.469899,0
3626760,74.4919,-9.8831,0
3628800,102.635895,-15.658299,0
3630160,79.6959,-11.1814995,0
3630930,77.759895,-10.9355,0
3615270,79.773895,-14.6505995,0
3621300,100.2709,-12.4734,0
3624420,96.5559,-4.8733,0
3606390,70.8949,-9.5541,0
3609990,79.7269,-9.1448,0
3626700,70.1389,-10.7009,0
3603810,76.4049,-10.7178,0
3602400,74.7119,-10.434299,0
3610710,67.606895,-9.6602,0
3618150,69.2089,-9.721,0
3602370,52.6159,-9.963699,0
3623790,57.886898,-10.1904,0
3617940,78.3228,-9.0159,0
3627150,80.7299,-8.9537,0
3629130,72.986,-9.5507,0
3610530,87.721,-10.366799,0
3624090,89.8549,-9.491,0
3623070,95.7249,-8.9482,0
3623070,95.7249,-8.9482,0
3611250,105.6429,-8.7593,0
3600125,96.5878,-4.9079,0
3614010,95.4059,-6.4821997,0
3620340,89.444,-5.552,0
3627810,91.8679,-6.6909,0
3607560,76.9919,-10.4235,0
3607770,78.2839,-10.216599,0
3611370,69.7139,-10.4109,0
3616530,98.397896,-14.3413,0
3611610,91.846,-9.2403,0
3603660,52.506897,-8.3505,0
3611940,52.291897,-9.1511,0
3617640,57.261898,-9.4105,0
3600011,57.4189,-10.0102,0
3608100,83.165,-14.9642,0
3618090,73.6719,-13.6279,0
3621660,77.9519,-12.8366995,0
3622440,80.874,-14.8138,0
3627990,79.356895,-15.458699,0
3606330,51.8279,-8.3491,0
3622380,62.173897,-7.9416,0
3624270,58.6209,-7.994,0
3614700,59.7389,-8.246799,0
3629640,58.171898,-8.0662,0
3604920,59.0379,-8.776999,0
3615210,61.2519,-8.973,0
3600016,78.3269,-10.1834,0
3606210,76.550896,-10.729099,0
3628110,75.833,-9.8736,0
3603210,75.7779,-11.3308,0
3612450,76.455,-11.626599,0
3613830,74.8408,-11.2698,0
3606630,93.4639,-12.8359995,0
3611910,90.2229,-11.6401,0
3617880,86.6879,-11.0942,0
3604200,90.4499,-13.6655,0
3613770,85.7019,-13.4713,0
3617820,147.916,-14.118799,0
3624450,68.0219,-8.7279,0
3602340,115.9659,-12.421,0
3608280,131.67389,-13.4253,0
3625650,136.7599,-12.7217,0
3604370,109.7519,-10.2217,0
3607650,82.958,-11.438399,0
3616620,92.148895,-6.7293,0
3628740,76.804,-7.3557,0
3610560,52.7039,-9.0527,0
3621630,53.486,-9.714399,0
3604870,67.7289,-9.1778,0
3607290,70.859,-9.8955,0
3628380,75.6159,-9.8421,0
3629610,66.011,-9.4278,0
3604710,66.106895,-9.0458,0
3604710,66.106895,-9.0458,0
3613080,64.6039,-9.4467,0
3627210,65.4079,-9.5657,0
3629670,63.569,-9.559299,0
3630210,68.8109,-8.5812,0
3630270,64.774,-9.918,0
3614850,53.9469,-9.2909,0
3622530,91.6469,-8.1262,0
3621180,90.1299,-7.1812997,0
3613230,89.3249,-7.5569997,0
3618120,95.023895,-7.6261997,0
3628710,67.342896,-9.6034,0
3610590,55.013,-10.1043,0
3630240,46.0839,-7.7114,0
3605010,78.0049,-11.880199,0
3616960,80.3239,-13.3104,0
3613110,93.327896,-12.604,0
3616470,80.897896,-12.0527,0
3620190,89.9658,-5.8501,0
3621480,89.5979,-6.072,0
3627450,89.6299,-4.9937997,0
3631410,69.0479,-9.2094,0
3631830,72.333,-9.4948,0
3628950,70.359,-9.3909,0
3614730,71.624,-10.0064,0
3618750,91.0459,-11.5467,0
3621780,81.013,-10.795,0
3629240,74.6539,-11.4551,0
3608250,82.3138,-10.677199,0
3619860,78.2969,-11.139899,0
3607050,75.216896,-10.934199,0
3600003,82.971,-14.3038,0
3603060,82.5819,-11.0837,0
3631740,79.647896,-11.1999,0
3616710,54.2159,-8.1345,0
3620790,64.2128,-9.7178,0
3611430,78.1049,-11.556399,0
3609060,76.8949,-10.5571995,0
3613560,82.8249,-11.2108,0
3620460,87.4459,-8.392,0
3603000,80.954895,-11.061399,0
3625020,89.661896,-10.802,0
3600006,85.3949,-11.105,0
3615980,82.081,-11.072,0
3625980,69.691795,-11.1019,0
3621240,75.134895,-7.4237,0
3614970,74.6389,-11.2459,0
3624030,78.7639,-11.6229,0
3624030,78.7639,-11.6229,0
3600015,77.929,-9.9952,0
3611490,83.6389,-10.043099,0
3630900,96.037895,-9.7364,0
3611700,99.7979,-8.9959,0
3613590,94.8939,-8.769899,0
3622920,98.384895,-9.0851,0
3619800,65.8389,-9.726999,0
3626940,72.7139,-9.1626,0
3629250,62.129898,-8.135799,0
3629250,62.129898,-8.135799,0
3621510,65.7008,-8.0367,0
3625140,70.772896,-7.6317997,0
3603990,59.340897,-8.6448,0
3610380,58.361,-8.1329,0
3616950,59.998898,-8.6662,0
3618960,68.6389,-7.5671997,0
3621720,71.2098,-9.86,0
3612330,79.2709,-7.9828997,0
3614430,113.5039,-7.9357996,0
3619320,74.8239,-8.1427,0
3619560,79.050896,-8.253,0
3620700,82.039,-7.8573,0
3630030,81.897896,-7.8148,0
3602920,78.1679,-7.4563,0
3607020,74.304,-7.3982997,0
3607680,79.581,-7.6576,0
3603960,64.4589,-6.9006996,0
3625440,88.6309,-9.8523,0
3617190,64.4249,-6.5467997,0
3617670,72.2659,-7.509,0
3620760,68.179,-6.8949,0
3620850,70.4379,-7.4512,0
3631560,62.6259,-6.7314997,0
3609030,81.7979,-7.5887,0
3628050,73.2239,-7.4835,0
3629190,95.5049,-7.5948,0
3608430,90.708,-7.5794997,0
3623520,84.8228,-8.7319,0
3612180,98.397896,-3.5900998,0
3612510,95.8759,-3.1353998,0
3614130,93.5728,-3.1768,0
3610950,89.2439,-9.5584,0
3600023,83.8519,-10.0956,0
3617220,97.329895,-10.6922,0
3628890,109.816895,-11.151999,0
3617580,99.8679,-10.845699,0
3619740,88.5629,-9.8656,0
3619740,88.5629,-9.8656,0
3629040,92.5889,-3.7884,0
3605370,99.054,-4.4909,0
3608130,94.5449,-3.6724,0
3608880,95.064896,-3.6954,0
3615780,94.2839,-3.8355,0
3626840,95.9899,-4.3234,0
3627540,98.4759,-4.4312,0
3618180,70.773895,-14.6981,0
3620730,88.486,-15.0371,0
3617760,86.536896,-15.1628,0
3630450,112.3519,-14.047999,0
3700011,89.9729,0.0907,0
3700012,95.373,0.30769998,0
3700030,91.0189,-1.5060999,0
3700090,95.8249,-1.6122999,0
3700120,113.163895,-4.6749997,0
3700180,97.9799,-0.42769998,0
3700210,108.399895,-4.9607997,0
3700240,98.833,-1.0353,0
3700270,82.190895,-3.2424998,0
3700300,112.3479,-5.4388,0
3700330,97.0299,0.9266,0
3700360,94.347,-0.40919998,0
3700390,89.7269,0.4007,0
3700420,94.958,1.0604,0
3700450,85.0059,-3.0188,0
3700480,107.802895,-1.9412999,0
3700530,93.9489,-1.1409,0
3700530,93.9489,-1.1409,0
3700580,104.4209,-2.269,0
3700600,97.5449,-0.2559,0
3700630,112.8409,2.0593,0
3700660,90.662895,-2.325,0
3700690,99.716896,-1.6014,0
3700720,95.758896,-1.2064999,0
3700750,94.149895,-1.2804999,0
3700780,152.2359,-2.9198,0
3700840,94.9519,0.23979999,0
3700870,152.2708,-3.1496,0
3700900,105.2369,-1.6401,0
3700930,89.679,0.23719999,0
3700960,91.3119,1.0389,0
3701080,96.04,0.77599996,0
3701110,100.9499,1.8671,0
3701140,93.4889,-1.7041,0
3701170,93.2289,-2.4112,0
3701200,94.0709,0.2008,0
3701260,94.9029,-1.5389,0
3701320,90.9089,-0.5029,0
3701380,100.4889,-3.1129,0
3701500,94.7549,-1.7371,0
3701530,89.525,-1.5152,0
3701620,91.1529,-0.7962,0
3701680,95.6989,-1.008,0
3701770,159.0249,-3.169,0
3701800,88.9869,-1.9009,0
3701830,97.2659,0.41349998,0
3701920,93.0169,-1.55,0
3701950,91.9049,-0.93719995,0
3702010,90.6959,-0.6757,0
3702040,125.4789,-4.6861,0
3702100,126.0619,-3.276,0
3702160,94.1859,-0.9966,0
3702190,105.498,-1.633,0
3702250,93.050896,-0.2228,0
3702280,104.1869,1.3445,0
3702310,95.581795,-2.3171,0
3702340,129.2859,-3.378,0
3702370,89.8669,-0.4671,0
3702400,98.7699,0.747,0
3702430,91.827896,-1.9002999,0
3702560,92.22,-1.0672,0
3702610,93.9519,0.5995,0
3702640,93.1829,-1.7364,0
3702680,99.1989,-1.2803,0
3702760,143.3479,-3.1662,0
3702820,86.6539,-3.3592,0
3702880,94.1609,0.0625,0
3702940,112.4359,-2.2814999,0
3702970,94.2979,-0.59819996,0
3702970,94.2979,-0.59819996,0
3703000,86.2259,-3.9713998,0
3703060,95.7299,-0.8901,0
3703090,92.429,-0.7944,0
3703120,91.5989,-1.8517,0
3703210,100.1879,-3.1259,0
3703270,91.5709,-0.93359995,0
3703310,99.596,1.2379999,0
3703330,97.5339,1.7271,0
3703360,100.2779,-1.6667,0
3703420,92.776,-1.2975999,0
3703450,97.956,0.81369996,0
3703480,94.499,-1.5094,0
3703510,100.6449,1.4699,0
3703540,97.471,-0.15779999,0
3703570,95.064896,0.5722,0
3703600,96.5899,0.057,0
3703630,93.4649,-2.1318,0
3703720,121.6159,-1.2196,0
3703780,98.833,-1.0353,0
3703870,94.637,-0.4183,0
3703900,92.1679,-1.3076,0
3703930,91.4929,0.5611,0
3703990,98.915,-2.2251,0
3704050,88.9879,-2.0033,0
3704080,112.328896,-1.8585,0
3704140,89.7519,0.1457,0
3704200,90.0469,-0.106699996,0
3704320,96.7569,-0.8982,0
3704380,98.9449,-2.8471,0
3704410,96.981895,-3.25,0
3704440,156.5388,-3.125,0
3704500,95.791,-1.4807,0
3704530,164.091,-3.8801,0
3704590,100.8359,0.7019,0
3704620,98.8809,-0.2355,0
3704650,95.3099,-2.2417998,0
3704720,93.18,-0.8488,0
3704740,90.0899,-1.7159,0
3704800,98.54,0.3039,0
3704830,120.8769,-6.04,0
3704880,90.179,0.2575,0
3704890,91.9658,-1.0806,0
3704920,89.619896,0.96239996,0
3704950,112.333,-3.0268,0
3705020,91.551895,-0.24159999,0
3705040,95.3288,-2.8762,0
3705070,100.8138,-4.0703,0
3904657,73.1699,-6.4119,0
3904394,72.138,-6.3308,0
3904816,70.4219,-7.1338,0
3904389,77.6539,-6.8392,0
3905029,76.04,-6.9105,0
3910024,67.804,-7.4191,0
3904368,71.208,-7.5611,0
3905074,67.6259,-7.527,0
3904508,78.597,-5.9958,0
3905054,72.3809,-7.1159,0
3905055,69.7149,-7.3076,0
3904377,78.6169,-6.7728996,0
3910015,81.4449,-6.0548997,0
3905016,76.5209,-7.8429,0
3904837,75.4598,-8.075399,0
3904510,78.522896,-5.9807997,0
3904601,87.5359,-6.2788,0
3904520,89.440895,-6.5123997,0
3904600,91.759895,-5.9607,0
3904434,85.569,-6.0242,0
3904357,89.1809,-5.9217,0
3904833,75.416,-7.9378,0
3904527,77.6589,-6.8887,0
3904799,82.605896,-6.8265,0
3904892,60.013897,-7.0476,0
3904894,60.8559,-7.3336,0
3904957,61.4339,-7.4354997,0
3904349,73.776,-7.2458997,0
3904532,74.4219,-7.8371,0
3904838,73.11,-7.3669996,0
3904483,69.3909,-7.2061,0
3904919,72.3389,-7.1066,0
3904922,71.5319,-7.4879,0
3904757,62.0459,-7.8609996,0
3904759,61.081898,-7.8329997,0
3905051,85.4069,-6.0987,0
3910018,84.050896,-6.0102,0
3904361,84.6669,-5.805,0
3904931,66.6999,-7.6067,0
3904932,62.951,-8.0528,0
3904935,63.4409,-7.6145,0
3904937,65.0899,-7.6903996,0
3904488,69.663,-7.2883,0
3904681,67.7989,-6.9024,0
3904815,71.4049,-6.9458,0
3904927,80.564896,-7.5498,0
3904615,84.3489,-6.3048,0
3904537,85.816795,-5.5392,0
3904607,86.166,-5.3784,0
3904768,75.1129,-7.0969,0
3904536,78.235,-5.73,0
3904900,80.3639,-6.5088,0
3906496,84.704895,-6.7999,0
3904813,71.9909,-6.0688,0
3904472,67.2399,-7.2718997,0
3904808,73.4049,-7.2637,0
3904388,66.036896,-7.6412997,0
3904474,63.645897,-6.5629,0
3905053,70.1719,-7.1429,0
3910032,69.6589,-7.3475,0
3904596,69.7719,-7.2418,0
3910022,64.1669,-7.9019,0
3910023,64.6559,-7.7962,0
3904531,69.373,-7.6225,0
3904857,67.247,-7.7718,0
3904679,56.5039,-5.9428,0
3904445,80.9449,-6.8552,0
3904782,80.855896,-7.996,0
3904800,79.497,-6.7468,0
3904888,77.608,-6.4979,0
3910021,64.467896,-7.5418,0
3904917,75.6978,-7.4884,0
3905003,71.163,-7.1225,0
3904416,73.6409,-7.2721996,0
3904498,70.759895,-7.2198,0
3904580,67.6699,-7.506,0
3904597,72.041,-7.423,0
3904752,71.5029,-7.3982,0
3904446,84.0199,-5.1503,0
3904962,82.651,-5.2602,0
3904965,85.4749,-5.0618,0
3910027,83.5329,-5.0457,0
3904826,74.161896,-6.5541,0
3904468,74.662895,-7.3194,0
3904566,74.856895,-7.7867,0
3904921,74.1439,-7.3069997,0
3904776,81.9779,-5.1682997,0
3905039,87.805,-5.673,0
3904529,84.375,-4.4463,0
3904794,82.397896,-4.6286,0
3904792,84.023895,-4.4962,0
3904793,84.9799,-4.3062,0
3904796,81.791,-4.8052,0
3904410,83.818,-5.3950996,0
3904807,75.7699,-8.136,0
3905032,72.0899,-6.6078,0
3905032,72.0899,-6.6078,0
3904547,70.3228,-6.9326997,0
3904461,69.8359,-7.1489997,0
3904995,73.8789,-6.9603996,0
3904429,78.9219,-7.8145,0
3904944,77.5599,-7.8329997,0
3904363,58.5709,-7.6657,0
3905071,61.3829,-7.3473997,0
3904942,73.731895,-7.7430997,0
3910009,76.9369,-7.764,0
3904672,61.708,-8.2277,0
3910008,78.8619,-7.8145,0
3904619,73.1439,-7.6067,0
3904426,70.636,-5.835,0
3904476,71.9219,-5.7216,0
3904519,71.0329,-6.2451997,0
3904812,72.0709,-5.5976,0
3904817,71.276,-6.8265996,0
3904522,71.8129,-7.2359,0
3904978,72.7429,-7.3566,0
3904981,71.8889,-7.3847,0
3904595,69.416,-7.3192997,0
3904985,75.3369,-6.8399,0
3904984,75.411896,-6.9449,0
3904915,82.911896,-5.4716,0
3904976,72.2809,-7.3824,0
3910005,73.120895,-7.4564996,0
3904594,71.456,-7.3869,0
3904979,74.415,-7.3766,0
3905062,61.769897,-8.5166,0
3905065,61.2099,-8.2575,0
3905063,61.1089,-8.4814,0
3904367,61.3839,-8.3688,0
3905064,61.6499,-8.5706,0
3910016,81.579895,-7.1566997,0
3904381,85.3199,-7.2718,0
3904847,72.1679,-7.0881,0
3904366,74.7949,-7.1601,0
3910029,70.911896,-6.9371,0
3904587,83.023895,-7.9786997,0
3904420,78.6699,-6.2553,0
3904684,78.1729,-6.2233,0
3904685,79.9199,-6.3069997,0
3904686,78.8209,-6.296,0
3904700,78.5009,-6.0829,0
3904804,80.0179,-6.559,0
3904909,76.772896,-5.5924,0
3904558,59.34,-7.5569,0
3904560,60.548,-7.5133,0
3905067,58.4799,-7.4702997,0
3904908,75.0788,-5.9681,0
3905059,71.1978,-7.5814996,0
3904414,82.287895,-4.8231,0
3904795,84.925896,-4.295,0
3904829,74.458,-7.8076,0
3904831,72.6609,-7.8659,0
3904836,72.7229,-8.1322,0
3904376,74.6259,-5.5822,0
3904839,71.984,-7.7539997,0
3904354,71.5609,-5.5401,0
3904355,84.607895,-7.5937996,0
3904613,83.1609,-5.5706,0
3904485,74.5819,-7.5678997,0
3904716,87.736,-8.2944,0
3904722,87.1409,-7.6892996,0
3904360,74.801895,-6.3055997,0
3905049,89.0139,-5.8252,0
3910019,87.3629,-5.711,0
3905048,85.9079,-5.9596,0
3904674,78.2279,-6.9105,0
3904702,75.2969,-6.2447996,0
3905033,71.539,-7.0692,0
3910012,80.3929,-7.8978996,0
3904365,76.9538,-6.0660996,0
3904379,81.8769,-6.6299,0
3904390,80.077896,-5.9382,0
3904397,75.361,-5.9049,0
3904989,76.147896,-7.1661,0
3904779,80.5979,-6.0938,0
3904404,77.0709,-6.8445997,0
3904419,73.967896,-5.5853,0
3904997,67.066795,-6.2174,0
3904998,68.999,-6.7051997,0
3905001,72.7919,-7.213,0
3904707,58.041,-8.2887,0
3904758,59.1149,-7.9389997,0
3904563,70.6309,-7.526,0
3910004,73.4799,-7.4024997,0
3904412,86.232895,-5.8915997,0
3904603,85.763,-5.7181,0
3904761,85.4099,-5.7507,0
3906190,84.1259,-5.2829,0
3904879,75.8669,-7.2359,0
3904785,80.166,-7.8796997,0
3904844,72.0309,-7.4445,0
3904430,77.4589,-6.8229,0
3904452,73.9089,-6.1910996,0
3904454,77.8219,-7.4782,0
3904385,85.666,-5.0808,0
3904423,84.6289,-5.1159,0
3904564,57.5109,-8.322599,0
3904705,59.6349,-8.2727995,0
3904422,71.0589,-7.1998997,0
3904422,71.0589,-7.1998997,0
3904576,70.664,-7.2612996,0
3904783,77.873,-7.8134,0
3904499,76.9349,-7.7706,0
3905011,76.5638,-7.81,0
3905017,77.985,-7.9533997,0
3905022,76.166,-7.7893996,0
3905024,73.731895,-7.9238997,0
3904408,84.069,-5.1675,0
3904514,84.428,-5.0755,0
3904734,85.0709,-5.0425,0
3904428,86.0169,-5.0657,0
3904451,85.6888,-5.092,0
3904912,82.68,-5.394,0
3904959,82.624,-4.848,0
3904961,80.651,-4.8097997,0
3904964,83.3199,-5.1535,0
3910026,84.497,-5.0329,0
3904899,60.076,-8.3312,0
3904903,60.2519,-8.2664995,0
3904393,81.466896,-7.4965,0
3904609,82.3959,-5.8238,0
3904874,81.6259,-6.1496,0
3904926,78.022896,-6.8831,0
3904928,82.0579,-6.7114,0
3904612,81.0449,-6.1535,0
3904910,75.5479,-5.9746,0
3904457,86.1809,-5.0239,0
3904469,84.897896,-5.0804,0
3904471,86.3138,-5.0759,0
3904843,69.4749,-7.3826,0
3904350,71.776,-7.7472997,0
3904546,78.234,-7.8093996,0
3904650,71.747,-7.7057996,0
3904773,72.4729,-7.6871,0
3904941,78.9749,-7.8476,0
3904945,76.58,-7.7275,0
3904946,74.759895,-7.7135,0
3904947,80.1579,-7.911,0
3900094,82.0039,-5.776,0
3904427,84.8399,-5.1886,0
3904467,83.5749,-5.2216,0
3904638,84.0609,-5.875,0
3905043,83.5629,-5.3111,0
3905046,81.6389,-5.8009,0
3904444,80.0999,-6.336,0
3904733,85.138,-5.0966997,0
3904736,86.5209,-5.2595,0
3904431,85.8249,-5.0594,0
3904543,86.0819,-5.0713,0
3904382,79.1119,-6.7995996,0
3904647,77.375,-6.6074,0
3910013,79.467896,-7.8216996,0
3904411,81.622,-6.8143,0
3904539,80.8929,-7.0351,0
3904803,79.8819,-7.5678,0
3904413,67.069,-6.6362996,0
3904680,65.999,-7.0386996,0
3904774,71.0758,-7.461,0
3904359,67.205,-7.5295,0
3904771,68.5619,-7.4248,0
3904524,82.4169,-6.4284,0
3904754,79.4388,-6.7362,0
3904778,83.7299,-5.9667,0
3904456,68.9039,-7.4073997,0
3904509,72.9899,-7.6590996,0
3904772,71.013,-7.5003,0
3904506,73.846,-5.8592,0
3904348,67.4209,-6.7096,0
3904455,70.3249,-6.6675,0
3904999,70.1259,-6.7444997,0
3905005,71.3909,-7.4593,0
3904540,78.4739,-5.8525,0
3904949,78.055,-5.9477,0
3904952,79.8288,-5.7879996,0
3904953,78.0299,-5.9600997,0
3904750,71.819,-7.2651,0
3904550,86.175896,-5.0657,0
3904631,84.2979,-5.1622996,0
3904632,84.7639,-5.2412996,0
3904636,83.7259,-5.3034,0
3904611,83.5209,-5.5516,0
3904738,88.0559,-5.3894,0
3904541,59.8849,-8.3548,0
3904670,62.180897,-8.1612,0
3904362,76.8339,-5.8157,0
3904507,77.5359,-5.8143,0
3910007,73.4229,-7.6354,0
3904521,67.6259,-7.3322,0
3904742,67.1189,-7.3181,0
3904743,66.497,-7.2935,0
3905068,60.650898,-7.5564,0
3905068,60.650898,-7.5564,0
3910001,64.3089,-7.2574,0
3904825,75.2019,-6.3598,0
3904993,77.1299,-6.7767,0
3904491,81.123,-5.8624,0
3904604,84.690895,-5.7419996,0
3904663,75.689896,-7.3785996,0
3904667,70.763,-7.6881,0
3904668,76.2969,-7.711,0
3904606,84.148895,-5.6366,0
3904963,84.2089,-5.2911997,0
3904966,81.7559,-5.1222997,0
3904458,80.634895,-6.2623997,0
3904505,81.2439,-5.7918,0
3904867,79.4508,-6.8167996,0
3904489,66.3389,-7.5277,0
3910025,71.1179,-7.2833,0
3904548,74.372,-7.0757,0
3904873,79.7019,-6.0604,0
3904875,78.9799,-6.4286,0
3904384,80.1599,-5.7388,0
3904400,81.204895,-5.7753,0
3904634,84.734,-5.3368,0
3905044,83.387,-5.5875,0
3904421,82.735,-5.7233996,0
3904727,81.3129,-5.8318996,0
3905045,83.7939,-5.4003,0
3904440,80.5869,-5.6654997,0
3904492,76.689896,-6.7100997,0
3904561,77.5699,-6.657,0
3904664,74.689896,-7.2244,0
3904861,78.5049,-6.6138997,0
3904862,76.9388,-6.9526997,0
3904872,78.429,-6.7697,0
3904626,76.527,-7.1429,0
3904971,66.6879,-7.4715,0
3905015,75.4899,-7.7739997,0
3904675,74.4499,-6.6563997,0
3904706,60.1499,-8.388,0
3904709,59.3309,-7.7665,0
3904708,58.567898,-8.092999,0
3904708,58.567898,-8.092999,0
3904956,63.0639,-7.5347996,0
3904968,68.7689,-7.6463,0
3904970,65.8408,-7.4824996,0
3910020,64.9209,-7.4986,0
3904494,76.3099,-7.3113,0
3904884,75.359,-6.4277,0
3904906,81.633896,-6.6893,0
3904535,81.286896,-6.7307,0
3904687,80.3819,-6.7180996,0
3904436,60.2179,-7.5874996,0
3904487,60.4329,-7.7042,0
3904511,80.6589,-6.0938997,0
3904763,85.065895,-5.9435997,0
3904447,83.2399,-6.8234,0
3904617,76.7019,-6.9494996,0
3904991,76.370895,-6.915,0
3905018,75.0638,-7.9554,0
3905021,77.443,-7.8901997,0
3905023,75.4609,-7.7321,0
3904832,72.8129,-7.7314,0
3904352,80.429,-5.9217,0
3904640,80.4349,-6.1977,0
3910011,77.1039,-6.2346,0
3904994,76.929,-6.8301,0
3905058,72.484,-7.3392,0
3910003,73.566,-7.3978,0
3904977,73.343796,-7.5604,0
3904453,72.6849,-6.3222,0
3904459,70.2379,-7.0242,0
3904811,72.9929,-5.9031,0
3904814,73.2008,-6.4877996,0
3904503,78.7839,-6.4361,0
3904582,74.343796,-7.8132,0
3904990,71.8499,-6.9266,0
3904371,78.4109,-6.7458,0
3904987,75.595,-7.138,0
3905061,60.4809,-8.3998995,0
3904552,61.604897,-8.504,0
3904671,60.7749,-8.2286,0
3904939,65.8659,-7.5449996,0
3904579,70.452896,-7.2813997,0
3904577,69.3619,-7.4586997,0
3910010,76.9339,-6.2611,0
3904515,82.301895,-6.0730996,0
3904726,78.980896,-6.3687,0
3904762,81.7419,-6.012,0
3904639,81.456,-5.9221,0
3900537,84.9249,-5.2318,0
3905002,71.3249,-7.1289997,0
3904391,78.623,-6.4652996,0
3904450,74.775,-7.0392,0
3904988,74.261,-7.2567,0
3904905,80.954895,-6.7165,0
3904699,78.6978,-6.71,0
3904801,79.8939,-6.8016,0
3904802,79.3799,-7.4986,0
3904648,80.3319,-6.8975,0
3904798,79.4319,-7.1450996,0
3904841,70.693,-7.2475,0
3904387,74.9869,-6.5248,0
3904676,75.800896,-6.4888,0
3904403,82.4229,-4.9417996,0
3904435,75.356895,-6.8269,0
3904983,78.0699,-6.7563,0
3904992,77.428,-6.7713,0
3904523,87.2008,-5.9315,0
3904599,86.287895,-6.1678996,0
3904448,77.9349,-6.7869,0
3905028,78.5169,-6.6591997,0
3905030,77.5989,-6.8968,0
3905006,71.050896,-6.9245,0
3904652,70.416,-7.579,0
3904651,74.3509,-7.6935997,0
3905020,75.7109,-7.6972,0
3904516,74.3288,-7.6232996,0
3904556,72.289,-7.9045,0
3905019,75.289,-7.8438997,0
3904538,61.6959,-7.5383,0
3904893,61.7799,-6.4480996,0
3905069,60.9939,-7.4532,0
3904392,76.3089,-7.7074,0
3904545,75.8779,-7.4154997,0
3904643,75.5179,-8.1139,0
3904645,75.647896,-7.5983996,0
3910006,72.4609,-7.9350996,0
3904480,74.2389,-6.2026,0
3904821,61.0989,-7.3901997,0
3904460,60.602898,-6.9803,0
3904490,61.361,-7.4072,0
3904490,61.361,-7.4072,0
3904820,58.8279,-7.6341996,0
3904823,61.3209,-7.3269,0
3905072,57.9739,-7.6628,0
3904701,74.511,-6.348,0
3905035,63.8299,-7.8845,0
3904525,84.0219,-6.0685,0
3904682,70.0,-6.2065,0
3904704,60.0389,-8.2171,0
3904822,60.076897,-7.6208,0
3905041,81.1989,-5.7170997,0
3904383,66.7679,-6.803,0
3904406,75.3909,-7.6935,0
3904554,77.730896,-6.6935997,0
3905027,76.428,-6.8634,0
3904897,52.6819,-5.947,0
3904780,83.484,-5.8455,0
3904542,73.814896,-7.5302,0
3905025,76.4759,-7.7521996,0
3904449,76.872,-7.8118,0
3904717,81.2509,-8.0866995,0
3904865,89.8549,-5.9351,0
3904890,83.6719,-6.3599997,0
3905000,71.818,-7.0362,0
3905004,73.064896,-6.8585,0
3905007,74.2289,-7.055,0
3904353,69.9099,-6.6513996,0
3904353,69.9099,-6.6513996,0
3904370,74.6609,-7.7911,0
3904830,73.3219,-7.8437996,0
3904834,74.9199,-7.9701,0
3904694,78.8389,-6.0474997,0
3904513,75.818,-6.013,0
3904697,77.8659,-5.6317,0
3904696,78.3639,-6.2458,0
3904642,77.2809,-6.8392,0
3904851,83.4628,-5.8241,0
3904852,80.3219,-5.6938,0
3904853,81.119896,-5.5643,0
3905009,78.856895,-7.6534996,0
3905012,73.7429,-7.8451,0
3905013,75.387,-7.9712,0
3904918,79.5769,-7.7904,0
3904920,79.7008,-7.8501997,0
3904923,74.1569,-7.4234996,0
3904924,73.0039,-7.243,0
3904986,72.7259,-7.0534,0
3904951,82.2098,-6.0313997,0
3904954,77.5279,-6.0228,0
3904402,80.258896,-7.8574996,0
3904880,79.0749,-8.144,0
3904553,77.1469,-7.7711997,0
3904881,78.9628,-8.0219,0
3904943,79.236,-7.9185,0
3904689,78.6689,-6.1197,0
3904827,76.5079,-6.7328,0
3904380,76.0339,-5.9818,0
3904407,74.9329,-5.835,0
3904493,75.097,-6.0341,0
3904695,76.874,-5.6092,0
3904730,81.2539,-6.3072,0
3904883,77.193,-6.3947,0
3904887,78.7279,-6.5025,0
3904877,84.5819,-6.5846,0
3904517,75.8789,-6.4793997,0
3904885,78.2149,-6.519,0
3906568,81.9538,-5.1868,0
3904688,79.6029,-6.3343,0
3910033,72.498,-7.6105,0
3904401,63.236,-7.4972997,0
3904690,81.928,-6.6113997,0
3904583,71.3819,-7.783,0
3904846,71.58,-7.6369996,0
3904769,74.870895,-7.5304,0
3904718,99.4909,-8.3386,0
3910014,87.513,-6.9347997,0
3904375,87.6589,-5.0499,0
3904375,87.6589,-5.0499,0
3904441,84.5859,-5.1435,0
3904486,85.0429,-5.1085,0
3904737,92.9309,-5.2757,0
3904739,90.731895,-5.1654997,0
3904465,59.944,-6.7402,0
3904835,72.8679,-7.4391,0
3904424,82.1029,-6.3497996,0
3904590,80.8258,-5.9105,0
3904565,70.6689,-7.2826,0
3904678,68.9899,-6.9986,0
3904575,70.0869,-7.3399,0
3904578,70.958,-7.2826,0
3904549,83.5709,-5.9182,0
3904787,91.023895,-7.1152,0
3904858,70.373,-7.5646996,0
3910030,69.189896,-7.3855996,0
3904859,70.384895,-7.692,0
3910031,70.3779,-7.5548,0
3904628,75.539,-6.8652,0
3904481,75.205,-6.5776,0
3904623,77.4229,-6.5801,0
3904351,76.233,-6.7718997,0
3904585,80.383896,-6.9923997,0
3904588,84.7128,-8.0974,0
3904586,81.8549,-7.5831,0
3904405,77.383896,-7.0604,0
3904624,78.6809,-6.3873,0
3904464,78.805,-6.8476,0
3904551,76.1888,-6.776,0
3904630,84.4639,-5.0099,0
3904555,83.597,-5.0225,0
3904633,84.916,-5.2641,0
3904635,84.8939,-5.0425,0
3904790,80.468796,-6.1489,0
3904358,76.1289,-7.7488,0
3904409,71.999,-7.75,0
3904662,71.1869,-7.5144,0
3904662,71.1869,-7.5144,0
3904863,74.4759,-6.7781,0
3904533,74.647896,-6.9343,0
3904557,60.048897,-8.250899,0
3904938,63.604897,-7.9733996,0
3904386,62.3069,-8.0142,0
3904463,78.0019,-6.8013997,0
3904443,61.1359,-7.9196,0
3904526,67.3799,-7.4593997,0
3904470,74.608,-5.6844,0
3904475,82.661896,-7.0179,0
3904504,76.7819,-6.1607,0
3904933,65.2008,-7.7784,0
3904936,64.024,-7.7149,0
3904934,64.8109,-7.7847996,0
3904745,61.5519,-7.6931,0
3904567,79.1459,-6.6222,0
3904627,76.648895,-6.9512997,0
3904725,78.9059,-6.7001996,0
3904914,81.666,-5.7806,0
3904479,83.1609,-6.8258,0
3904500,83.4749,-7.4005,0
3904656,77.484,-6.4508996,0
3904659,84.1879,-6.507,0
3904591,80.8199,-6.0934997,0
3904592,81.397896,-6.3901,0
3904913,83.1859,-5.2792,0
3904749,69.816795,-7.362,0
3904399,63.8509,-7.434,0
3905070,60.3429,-7.7071996,0
3904744,65.452896,-7.3473,0
3910002,65.1169,-7.3448997,0
3904660,76.5359,-7.2180996,0
3910017,77.1439,-6.8027,0
3904518,68.999,-7.3689,0
3904433,69.402,-7.3455997,0
3904842,69.8359,-7.3079,0
3904747,66.625,-7.3901997,0
3910000,65.679,-7.3343,0
3904751,68.327896,-7.3581996,0
3904396,79.5149,-6.0966,0
3904418,80.8659,-6.2995996,0
3904495,78.536896,-6.6565,0
3904868,81.106895,-5.9319,0
3904871,80.5609,-6.6224,0
3905042,81.883896,-5.8266,0
3904610,83.7659,-5.3529,0
3904614,85.0299,-5.2044,0
3904364,77.2089,-6.7988997,0
3904378,75.218796,-5.4897,0
3904374,79.1999,-5.7925997,0
3904950,81.6719,-5.7188,0
3904644,77.58,-7.1447,0
3904482,83.9639,-5.8841996,0
3904719,78.5209,-7.869,0
3904788,77.5788,-6.4368997,0
3904809,74.3119,-7.1991,0
3904395,78.7639,-5.7181,0
3904395,78.7639,-5.7181,0
3904437,85.120895,-7.1173,0
3904484,74.8099,-6.8255,0
3904528,78.483,-7.2279,0
3904655,77.2158,-5.8245,0
3904621,74.9029,-7.2925,0
3904620,73.8819,-7.3336,0
3904625,75.966896,-7.1938,0
3904369,80.068,-6.244,0
3906968,79.897896,-6.4544,0
3904425,76.7639,-6.8588996,0
3904373,81.5289,-6.0713,0
3904439,81.7669,-6.101,0
3904724,80.984,-6.072,0
3904869,80.054,-6.1412,0
3904870,79.843796,-5.8571,0
3904438,72.2259,-7.0983,0
3904849,72.537895,-7.0513,0
3905056,71.0869,-7.3743,0
3905056,71.0869,-7.3743,0
3904848,71.3249,-7.4472,0
3910028,70.4499,-7.1482997,0
3904415,83.0699,-5.5425997,0
3904502,83.0589,-5.6138,0
4210530,81.829895,-9.9053,0
4217700,79.2959,-9.8351,0
4214790,84.619896,-6.5994,0
4217100,82.342896,-8.1349,0
4221660,78.2659,-8.0577,0
4221930,83.553,-7.2783,0
4207590,80.0839,-5.6003,0
4214100,80.0579,-5.3863,0
4226400,103.5699,-7.8290997,0
4211580,81.9478,-5.2781,0
4212300,80.6969,-8.1055,0
4223490,89.2139,-8.7993,0
4211450,80.6299,-5.4537997,0
4218120,65.0199,-7.1113997,0
4213440,80.3408,-5.8585,0
4208460,84.193,-5.9551997,0
4203870,88.301895,-7.0611,0
4219140,86.2829,-6.5186,0
4221490,86.4359,-7.9526,0
4209480,86.553,-5.5379996,0
4211340,86.551895,-6.1147,0
4220970,84.2839,-5.7662,0
4224540,88.3919,-6.0267,0
4209780,84.012,-5.8195,0
4202590,85.2419,-7.4403996,0
4213470,81.2679,-7.269,0
4221690,102.1279,-10.104,0
4204020,97.064896,-10.032599,0
4204020,97.064896,-10.032599,0
4222800,80.6039,-5.5155997,0
4223010,82.611,-5.5418,0
4223040,81.467896,-6.1584997,0
4211310,86.3509,-6.8244996,0
4222320,70.777,-6.0211,0
4212090,71.206,-6.7458,0
4219200,73.3119,-7.8701997,0
4205760,91.370895,-3.7505,0
4211610,91.2949,-5.1672,0
4214160,90.666,-4.1475,0
4214190,92.8239,-4.3441997,0
4210110,83.7689,-7.961,0
4223700,83.7409,-7.8459997,0
4210440,81.0599,-7.0235,0
4204260,87.3549,-8.7916,0
4215510,83.5039,-7.5097,0
4219710,85.15,-7.092,0
4207530,88.1719,-8.762199,0
4225950,75.9179,-7.5908,0
4210860,87.954895,-5.4962,0
4218150,86.847,-5.8013997,0
4222440,80.8889,-6.4958,0
4222290,69.4229,-5.9744,0
4209870,70.608,-6.5334,0
4220850,63.2529,-9.316999,0
4226700,66.5209,-9.2572,0
4212480,75.0869,-8.9032,0
4202100,84.911896,-5.6426,0
4213320,84.29,-6.0594,0
4206660,100.041,-7.6882,0
4204080,82.319,-6.1591997,0
4210350,83.773895,-6.0715,0
4203210,79.9359,-6.1972,0
4203330,91.2969,-4.1805,0
4204230,90.416,-4.138,0
4218750,90.3889,-6.085,0
4206960,92.678,-4.8701997,0
4218330,93.218796,-6.5158,0
4221870,86.972,-5.7156997,0
4202480,87.4919,-6.0671997,0
4212150,91.499,-7.2946997,0
4214730,96.9469,-7.594,0
4224240,103.024895,-7.3076997,0
4203750,85.8649,-6.7355,0
4219800,87.1179,-8.0507,0
4216290,79.5349,-7.3324,0
4226070,82.998,-9.4685,0
4206270,82.6429,-5.1772,0
4207650,78.801895,-5.3294997,0
4211790,78.791,-5.3385,0
4214550,79.0629,-5.5724,0
4218630,81.8829,-5.079,0
4217790,84.066795,-8.4482,0
4217790,84.066795,-8.4482,0
4226300,87.5709,-8.414599,0
4226300,87.5709,-8.414599,0
4226730,79.845,-8.2747,0
4208670,91.8239,-8.4864,0
4219500,106.1389,-8.9102,0
4215540,76.7659,-7.664,0
4224060,75.7959,-7.9912996,0
4203690,99.9639,-8.3337,0
4210950,98.4499,-6.8255,0
4210950,98.4499,-6.8255,0
4217610,91.190895,-8.293799,0
4226610,86.206,-7.3975,0
4206060,91.0908,-8.3625,0
4212720,88.4619,-8.3723,0
4217130,91.3799,-8.8913,0
4224120,86.818,-7.9893,0
4213380,78.511,-7.8331,0
4206150,79.6009,-8.5657,0
4207140,86.6269,-8.5149,0
4215960,65.995895,-7.9807,0
4218930,87.4049,-5.3950996,0
4224480,89.676895,-4.9319,0
4225740,81.884895,-5.7346,0
4202760,83.8669,-6.4881997,0
4204500,84.486,-6.3086,0
4205640,80.648895,-6.2437,0
4218960,81.968796,-6.1696997,0
4205730,82.6049,-6.5313997,0
4220400,81.5878,-6.1348996,0
4215660,79.6419,-7.1993,0
4211700,84.5489,-8.1222,0
4212540,98.258896,-8.2523,0
4225140,93.7519,-8.262,0
4211880,82.8809,-6.8128996,0
4214940,80.4089,-6.0074,0
4216110,81.1459,-6.1068,0
4216500,81.236,-6.0564,0
4222140,80.092896,-7.9944,0
4208490,82.6179,-8.3933,0
4216230,78.7709,-6.9381,0
4214310,77.2038,-7.594,0
4224150,115.9459,-7.1840997,0
4205010,80.829895,-5.7714996,0
4207110,80.9169,-5.5485,0
4225830,81.7819,-6.0141,0
4207710,91.7649,-5.7925997,0
4210870,89.218796,-5.7946,0
4218270,89.75,-5.7922,0
4224210,91.1039,-5.3194,0
4224210,91.1039,-5.3194,0
4225290,91.5039,-5.6261,0
4224990,82.819,-6.7026,0
4204890,81.8228,-6.0969,0
4212600,76.861,-6.0843997,0
4218240,78.508896,-9.8519,0
4207230,82.2939,-5.1366,0
4225230,82.122,-8.4222,0
4203480,75.787895,-7.4982996,0
4203840,78.971,-7.1429,0
4215990,86.566795,-7.7774,0
4220100,84.565895,-4.8975,0
4222470,82.7429,-4.9388,0
4204830,77.2399,-10.010799,0
4209750,96.5459,-7.2542,0
4209660,74.147896,-6.144,0
4216890,80.109,-5.9263997,0
4204740,83.009895,-8.4678,0
4216980,88.9889,-4.9723,0
4219470,90.120895,-4.1296997,0
4219680,87.513,-5.5081,0
4222620,90.736,-3.8409,0
4220310,88.178,-9.4347,0
4212660,95.0339,-10.1062,0
4220640,83.025,-9.6272,0
4205340,96.3119,-8.3523,0
4212990,75.2919,-9.0036,0
4212170,89.9799,-2.3292,0
4215480,81.0788,-7.2992997,0
4213590,76.2019,-6.9638996,0
4211190,80.1149,-6.2883,0
4208790,80.5719,-5.1816,0
4222170,86.4199,-5.026,0
4221240,88.595,-7.4505,0
4204530,84.494896,-6.6254997,0
4207560,90.6589,-6.7079997,0
4210920,85.6699,-7.0636997,0
4212840,83.2789,-6.6843,0
4216170,93.717896,-7.6175,0
4218660,83.4598,-6.4853,0
4221150,82.9099,-6.2391,0
4204980,84.577896,-9.925,0
4207980,74.0859,-8.444,0
4209930,89.568,-10.8804,0
4213050,85.343796,-9.5416,0
4215170,68.636,-7.7672,0
4221090,63.8439,-7.3104,0
4223250,65.245895,-7.269,0
4224650,73.7669,-8.1556,0
4215240,79.175896,-5.5183,0
4205400,83.994896,-5.9028,0
4224360,80.9,-7.0937996,0
4215360,81.4569,-6.6793,0
4200824,77.314896,-6.2672,0
4202010,80.7269,-8.808499,0
4222770,73.4779,-7.2626996,0
4213500,91.5189,-7.4672,0
4218360,94.8359,-7.46,0
4212030,78.1469,-5.9224,0
4217430,77.9589,-6.7869,0
4222230,81.179,-6.2714,0
4226040,78.9899,-6.3409996,0
4222710,88.6949,-7.7324996,0
4218740,92.6269,-8.0458,0
4217850,92.119896,-7.2678,0
4226250,90.943,-6.1215,0
4202280,91.550896,-6.2009,0
4222350,91.1289,-6.5506,0
4209600,86.202896,-7.8566,0
4206090,91.9189,-8.3815,0
4220130,90.7419,-7.7742,0
4202310,83.2819,-8.0388,0
4225080,94.036896,-8.5889,0
4203390,81.1869,-7.6991,0
4205370,77.053,-7.2644,0
4215450,77.8899,-7.796,0
4207050,87.4799,-8.3351,0
4224630,86.2829,-8.2073,0
4218090,87.539,-8.3618,0
4210200,84.9919,-8.089399,0
4214430,96.1599,-7.9055996,0
4223220,94.121895,-7.5312,0
4202040,91.772896,-3.9555998,0
4202400,89.481895,-4.9333,0
4223850,82.2119,-9.2466,0
4209150,75.525,-9.8541,0
4202550,84.928,-6.9133997,0
4211520,86.6849,-8.1216,0
4219830,92.7439,-8.130899,0
4218780,96.7399,-7.4255,0
4213290,91.4219,-6.8206,0
4206240,93.981895,-5.5667996,0
4205460,81.236,-8.1809,0
4207200,84.3819,-8.5508995,0
4211420,76.412895,-7.2426996,0
4218450,92.315895,-7.8023,0
4220460,77.4598,-6.2714,0
4208280,90.679,-9.2859,0
4212570,89.9309,-9.9018,0
4212690,90.194,-4.8487,0
4218300,90.013,-5.5404,0
4223640,88.7669,-5.6349,0
4202790,90.471,-5.2170997,0
4218030,92.4079,-5.2655,0
4222560,87.5429,-5.5864,0
4219050,86.841896,-5.4821,0
4218810,73.9,-7.8329997,0
4209540,87.773895,-5.5077996,0
4224300,87.0,-5.8192,0
4206550,80.4039,-5.7904,0
4204320,90.8829,-8.708099,0
4203688,77.634895,-7.0018,0
4221510,77.651,-7.6945,0
4226520,77.6259,-7.5954,0
4210710,85.0629,-5.8065996,0
4203450,82.7259,-5.8273,0
4213980,79.8529,-5.8055,0
4202340,71.3959,-7.1259,0
4206120,77.6169,-7.3963,0
4202130,77.747,-5.7721996,0
4202440,79.023895,-6.4012,0
4203120,76.9628,-6.5178,0
4203240,70.081,-7.437,0
4224030,75.023895,-7.0309,0
4226430,71.3619,-6.7822,0
4202910,84.2109,-8.1847,0
4212725,72.985,-8.1598,0
4215120,82.7239,-8.1321,0
4221420,75.5979,-7.5978,0
4207080,88.6469,-8.031199,0
4220220,76.2529,-7.8803997,0
4211820,74.884895,-7.8422,0
4215270,78.3079,-5.7795997,0
4216530,77.484,-6.6066,0
4203630,77.8119,-6.8125,0
4203420,90.898895,-8.3238,0
4215150,85.6529,-7.9003,0
4221180,78.8489,-7.9279,0
4210115,91.3639,-8.3639,0
4220760,91.6819,-8.3421,0
4220520,92.7949,-8.181399,0
4205490,79.5309,-5.282,0
4217520,77.97,-5.2595,0
4222380,85.787895,-4.8048997,0
4226850,81.0848,-5.4793,0
4203960,87.1549,-5.8459,0
4206780,85.2779,-5.7483,0
4220040,86.5159,-5.4414997,0
4220040,86.5159,-5.4414997,0
4224000,88.5559,-5.4326997,0
4226580,86.8689,-5.4723997,0
4218510,91.0139,-6.0857,0
4220730,92.0899,-6.3072996,0
4215750,78.3138,-8.748,0
4222370,71.5289,-9.727099,0
4226460,73.7719,-8.3829,0
4203180,73.273895,-7.4045997,0
4205880,72.233,-7.4793,0
4209360,70.6888,-6.5125,0
4217580,72.0899,-7.0671997,0
4203000,92.1139,-6.8237996,0
4217370,91.4039,-6.7202,0
4225980,80.0878,-5.5534,0
4226820,80.4489,-5.381,0
4222590,78.786896,-5.6285996,0
4207680,74.569,-5.6263,0
4210980,90.762,-6.7444997,0
4212330,85.217896,-6.4073997,0
4218990,91.845,-2.9529,0
4218990,91.845,-2.9529,0
4215600,79.3929,-6.0706,0
4216740,85.3249,-6.4572,0
4217940,81.8679,-6.302,0
4213710,96.595,-6.7486,0
4206590,85.065895,-8.129,0
4210830,72.5339,-8.394899,0
4219020,73.689896,-8.2446995,0
4207830,80.2549,-8.6392,0
4202820,79.498,-6.1886,0
4202850,85.415,-6.7188997,0
4202850,85.415,-6.7188997,0
4203510,82.361,-6.0666,0
4204140,81.7299,-6.1001997,0
4205040,79.9049,-5.6001,0
4206810,78.508896,-5.2578,0
4207540,85.4789,-6.6636,0
4208010,80.258896,-5.7121,0
4208060,80.787895,-6.2395,0
4210070,87.619896,-6.4277,0
4210620,84.0079,-6.4298,0
4204050,95.065895,-7.7137,0
4207290,86.925896,-5.3691,0
4216200,85.0619,-5.5355,0
4223820,84.8489,-6.2992,0
4226760,86.8378,-5.4965,0
4212630,71.481895,-6.6654997,0
4223970,77.022896,-6.9189,0
4222920,98.375,-9.3958,0
4224870,81.721,-7.0641,0
4206860,95.5279,-9.0838995,0
4209570,86.9329,-6.6225996,0
4210740,85.7259,-6.5442,0
4212210,77.440895,-6.1454,0
4217880,90.234,-7.4529,0
4224090,97.8619,-8.6887,0
4210650,100.5179,-8.250899,0
4205700,79.8499,-5.9196,0
4209090,80.0489,-6.0144,0
4212750,81.093796,-6.125,0
4215830,78.0589,-6.1071,0
4215830,78.0589,-6.1071,0
4225680,80.93,-5.9207,0
4217460,60.6539,-9.8358,0
4223790,64.039,-9.8186,0
4219920,90.526,-4.967,0
4220370,88.841896,-2.4817,0
4222400,90.3228,-2.5822,0
4222600,89.8399,-3.1183,0
4222410,87.342896,-6.6826,0
4210230,84.6879,-6.6426,0
4211760,87.0349,-6.5727,0
4202670,63.4049,-9.6182995,0
4208850,89.6189,-6.4249,0
4205160,90.8759,-6.25,0
4211730,91.8639,-6.4372,0
4218570,92.426895,-6.6893,0
4226550,90.8779,-6.3673,0
4205860,86.8779,-2.6699998,0
4205910,86.6149,-3.2674,0
4210590,89.4508,-4.4182,0
4211670,90.577896,-3.8574998,0
4218580,87.3969,-3.2986999,0
4206420,89.4059,-7.1468,0
4221270,82.3319,-8.1933,0
4221840,94.1989,-9.035299,0
4223880,91.443,-7.4298,0
4224320,90.706,-3.2861998,0
4224790,88.6399,-2.9275,0
4224390,90.897896,-4.4059,0
4224510,92.7979,-4.4288,0
4214760,90.356895,-4.4435997,0
4226390,90.967896,-2.823,0
4220550,89.651,-4.3659,0
4220550,89.651,-4.3659,0
4210380,79.0869,-6.5846996,0
4223550,61.6289,-8.6603,0
4217310,88.763,-8.915999,0
4205430,87.190895,-6.2883997,0
4205070,82.5429,-5.6763997,0
4225440,91.607895,-7.2651,0
4212390,83.124,-6.2058,0
4222200,83.4609,-5.5299,0
4203570,89.8959,-6.2907,0
4203570,89.8959,-6.2907,0
4216380,91.4349,-6.7472,0
4214850,73.3509,-6.8466,0
4204200,89.914,-4.1071997,0
4205310,91.0289,-5.8775,0
4216410,91.9109,-4.6331,0
4217280,87.1039,-5.7634,0
4217280,87.1039,-5.7634,0
4218840,90.8339,-4.5531,0
4218840,90.8339,-4.5531,0
4204590,83.166,-7.2208,0
4223760,83.5569,-6.7577996,0
4204710,81.411896,-6.3034,0
4214880,85.053,-6.9905996,0
4203360,83.0589,-6.6168,0
4203600,82.458,-6.4079,0
4217670,90.564896,-6.7247996,0
4208550,90.4869,-6.2237,0
4212930,86.7939,-6.884,0
4217760,82.2779,-6.2381997,0
4220910,89.8519,-6.9925,0
4224960,81.1459,-5.4375,0
4209300,80.287895,-6.2781997,0
4209990,97.3228,-8.4703,0
4211490,81.1729,-6.7735,0
4215330,83.9319,-6.5376,0
4217160,85.1399,-6.8907,0
4205190,93.416,-4.8564,0
4215900,90.6569,-4.5977,0
4219890,93.871895,-6.4628,0
4216860,91.984,-5.473,0
4219530,77.999,-10.0668,0
4202700,76.86,-10.1736,0
4206930,80.3919,-10.2817,0
4218210,75.731895,-10.253799,0
4222860,94.3649,-7.1878996,0
4219290,94.5289,-7.243,0
4206430,93.537895,-6.9947996,0
4215290,75.109,-6.434,0
4203900,84.1879,-10.3519,0
4215810,80.8348,-10.201,0
4216020,67.691795,-6.0973,0
4209940,81.083,-7.9371,0
4219560,86.2949,-7.5077996,0
4220250,90.6129,-7.1394997,0
4226130,96.481895,-7.3873,0
4216050,75.6409,-9.441999,0
4222980,79.678,-10.4144,0
4217010,82.3829,-6.5053,0
4217220,80.888,-6.2935996,0
4218590,86.4789,-6.2384,0
4219860,78.191795,-6.1889,0
4221200,82.5359,-6.0562,0
4221910,80.398895,-6.0692,0
4222060,82.6459,-5.9779,0
4222790,80.6409,-5.8715997,0
4222830,79.066795,-5.6138,0
4213020,87.7839,-8.887,0
4217730,63.486897,-9.7031,0
4202490,78.940895,-5.6226,0
4218390,80.2829,-5.8884,0
4224970,85.248,-10.6757,0
4224570,80.7549,-6.1819997,0
4225590,81.718796,-5.9196,0
4226370,82.4519,-6.0323997,0
4204920,73.9029,-9.5998,0
4225170,69.4089,-9.6651,0
4214250,87.8348,-5.8605,0
4219650,87.6559,-5.7198997,0
4224750,82.383896,-9.196199,0
4209960,83.2038,-6.6643,0
4224820,90.189896,-9.224299,0
4222740,78.6329,-4.9453,0
4205550,82.1989,-5.2904997,0
4211010,76.245895,-4.7104,0
4212420,91.495895,-3.8822,0
4208820,82.9469,-5.1907,0
4214580,79.967896,-5.2683,0
4206390,80.606895,-8.0044,0
4209690,73.4189,-7.6931,0
4211220,80.5469,-8.278299,0
4225110,82.6389,-5.1022997,0
4213080,82.803,-8.3295,0
4221330,73.509895,-7.6604996,0
4225650,76.343796,-7.9844,0
4208580,83.013,-5.5025,0
4222050,81.458,-5.6565,0
4215030,81.372,-5.6598,0
4203300,74.789,-7.5453,0
4213770,83.898895,-8.281,0
4211940,68.999,-6.8420997,0
4207320,77.485,-7.7451997,0
4206840,80.6269,-6.0228,0
4217640,82.7089,-5.9094,0
4203660,81.1959,-5.6103,0
4204860,81.689896,-5.6047,0
4221570,82.5869,-5.5945997,0
4202190,88.6969,-6.2683,0
4206030,80.5709,-5.5562,0
4222530,77.6299,-7.4891,0
4217770,79.315895,-5.8933,0
4221120,79.3109,-6.9456,0
4215210,89.816795,-7.0938997,0
4211400,85.1019,-6.3301,0
4211160,75.9879,-8.1336,0
4221540,80.3378,-7.3904,0
4222260,83.3258,-7.6583,0
4214460,79.8909,-6.9108,0
4219170,80.954895,-5.8631,0
4219170,80.954895,-5.8631,0
4219350,87.0479,-6.6173,0
4219350,87.0479,-6.6173,0
4220430,88.2699,-5.749,0
4220580,80.261,-6.1147,0
4225200,79.925896,-6.0987,0
4206480,82.355896,-5.1633,0
4209120,78.845,-5.7398,0
4213110,82.6719,-5.2044,0
4221810,86.7019,-5.3519,0
4202970,81.914,-6.0485,0
4215720,79.3639,-6.1268,0
4206360,79.608,-5.2205,0
4209240,78.8239,-7.132,0
4216440,76.355896,-8.1126995,0
4216620,76.0908,-7.5404,0
4209270,82.1259,-5.3884,0
4213140,79.914,-5.2177,0
4218900,86.554,-5.2781,0
4226010,80.1009,-7.4891,0
4400030,106.704895,-5.4056,0
4400065,106.582,-5.4635,0
4400090,103.0489,-7.5948997,0
4400120,104.6999,-6.4428,0
4400150,103.7779,-6.2040997,0
4400210,102.9189,-7.0376997,0
4400240,105.5059,-6.151,0
4400270,104.776,-7.2144,0
4400300,104.916,-6.3069,0
4400330,106.480896,-5.901,0
4400540,104.0589,-6.6141,0
4400570,104.8619,-6.976,0
4400630,102.208,-4.9558,0
4400660,103.704895,-5.0102,0
4400690,102.581795,-3.0546,0
4400720,100.7089,-4.4404,0
4400750,105.388,-5.9410996,0
4400780,104.5359,-6.6168,0
4400810,105.205894,-7.5225,0
4400840,105.2119,-6.2286,0
4400840,105.2119,-6.2286,0
4400870,105.0699,-5.2437,0
4400900,105.7649,-5.9006,0
4400960,104.3649,-7.1749,0
4400990,103.7979,-7.3627996,0
4401020,106.3119,-5.3669996,0
4401050,105.8259,-5.1078,0
4401110,106.0759,-5.6478,0
4401140,104.6419,-6.1552,0
4401170,100.510895,-5.0534,0
4401170,100.510895,-5.0534,0
4401200,104.9069,-7.233,0
4500002,89.4508,2.3234,0
4500690,106.179,-0.0802,0
4500720,108.0899,1.1819,0
4500750,101.5339,1.8204999,0
4500780,115.8249,-0.2034,0
4500810,111.468895,-0.17819999,0
4500840,110.5009,-0.0938,0
4500870,119.579895,0.23629999,0
4500900,115.676895,-0.044,0
4501080,97.8219,1.9684,0
4501110,84.9339,4.6693,0
4501170,72.6429,2.5,0
4501250,97.1009,1.7364999,0
4501440,87.456,4.0682,0
4501440,87.456,4.0682,0
4501500,103.273895,-1.3097,0
4501530,100.925896,-0.7339,0
4501560,94.8119,0.0863,0
4501560,94.8119,0.0863,0
4501830,91.7419,2.6462998,0
4501830,91.7419,2.6462998,0
4501860,91.0848,0.6588,0
4501920,90.4369,0.76199996,0
4501950,90.1449,0.91099995,0
4502010,90.0149,2.7863,0
4502070,104.065895,0.6139,0
4502100,98.5209,0.0296,0
4502100,98.5209,0.0296,0
4502130,90.1119,1.1554999,0
4502160,90.124,1.2128999,0
4502190,89.5728,1.1711,0
4502250,91.982895,1.5216,0
4502280,92.0569,2.0304,0
4502310,110.619896,-0.1545,0
4502340,104.4169,-0.141,0
4502370,104.815895,-0.36479998,0
4502400,101.9189,-0.3513,0
4502490,93.2098,1.5432,0
4502520,92.0219,3.2972,0
4502550,92.319,0.3955,0
4502580,95.7439,-0.1594,0
4502610,106.858894,-0.47849998,0
4502640,102.9739,-0.35099998,0
4502670,91.189896,0.7432,0
4502700,101.6739,1.1166999,0
4502730,98.9039,1.5884,0
4502760,101.0319,0.8233,0
4502790,102.050896,1.4584,0
4502820,98.2269,0.9909,0
4502970,90.6169,0.24049999,0
4503000,103.177895,0.3041,0
4503030,100.676895,0.0376,0
4503030,100.676895,0.0376,0
4503060,135.07689,-0.40919998,0
4503060,135.07689,-0.40919998,0
4503330,133.263,-0.75839996,0
4503360,94.4478,1.416,0
4503390,94.605896,0.90129995,0
4503460,103.105896,0.1463,0
4503480,115.1859,-0.8476,0
4503510,109.523895,-1.1503,0
4503540,108.4739,-1.0805,0
4503570,108.5899,-0.77059996,0
4503600,108.813896,-0.44739997,0
4503630,109.222,-0.509,0
4503660,109.86,-1.0778999,0
4503750,101.624,-0.8007,0
4503750,101.624,-0.8007,0
4503780,91.7269,1.4135,0
4503780,91.7269,1.4135,0
4503810,95.47,-0.7705,0
4503840,95.0289,-0.87109995,0
4503870,96.0149,-0.5992,0
4503900,96.566795,-0.5047,0
4503902,94.8228,1.3975999,0
4503908,88.939896,1.3007,0
4503910,101.843796,1.9452,0
4700001,106.443,-2.2015,0
4700060,125.2569,-1.7955999,0
4700090,133.2079,-2.1245,0
4700148,107.703896,-0.4581,0
4700148,107.703896,-0.4581,0
4700149,108.7719,-0.8016,0
4700150,105.702896,-0.6484,0
4700151,108.2979,-0.6161,0
4700152,106.162895,-0.58739996,0
4700153,106.916,-0.5916,0
4700180,125.689896,-2.0736,0
4700240,105.8769,-2.2289,0
4700240,105.8769,-2.2289,0
4700270,126.6299,-1.6825,0
4700270,126.6299,-1.6825,0
4700300,128.0829,-1.9190999,0
4700330,130.1019,-1.7282,0
4700360,99.5599,-3.0993,0
4700420,141.6929,-2.2683,0
4700450,125.7139,-2.1097999,0
4700510,99.355896,-4.2062,0
4700570,101.369896,-2.7351,0
4700570,101.369896,-2.7351,0
4700600,105.677895,-1.7551999,0
4700630,121.5569,-3.2888,0
4700660,111.301895,-2.8731,0
4700690,130.9409,-1.5807999,0
4700750,102.2139,-2.2263,0
4700780,129.022,-1.8953999,0
4700850,100.952896,-1.7105,0
4700900,134.1649,-3.4598,0
4700960,112.5289,-2.1696,0
4700990,123.080894,-2.5995998,0
4701020,105.7579,-2.3485,0
4701050,99.2299,-1.7644999,0
4701080,99.3069,-1.8324,0
4701110,93.2109,-2.9973998,0
4701170,109.444,-1.1531,0
4701200,133.1119,-1.3453,0
4701230,126.916,-3.4563,0
4701290,127.7439,-1.3804,0
4701390,104.5489,-2.4120998,0
4701400,103.4739,-1.9545,0
4701410,130.537,-2.0471,0
4701440,114.4799,-2.46,0
4701470,91.444,-3.2184,0
4701500,91.0749,-3.2503998,0
4701500,91.0749,-3.2503998,0
4701530,141.6499,-3.1826,0
4701590,136.6909,-1.1359,0
4701620,109.54,-3.1991,0
4701650,111.690895,-1.31,0
4701680,122.2129,-1.7809999,0
4701740,106.855896,-2.8163,0
4701770,104.4538,-1.3758,0
4701800,111.9929,-2.1671999,0
4701830,102.3059,-2.4436,0
4701860,110.4919,-2.4584,0
4701890,106.8229,-2.2584999,0
4701920,105.2009,-2.6094,0
4701950,105.2799,-1.7709999,0
4701980,109.18,-2.4614,0
4702010,106.902,-2.3213,0
4702070,120.3529,-2.763,0
4702100,107.0159,-2.2065,0
4702130,97.537895,-2.9399998,0
4702160,92.4869,-4.9228,0
4702190,94.013,-2.7344,0
4702220,124.194,-1.9325999,0
4702280,97.593796,-2.1585,0
4702310,99.6719,-1.3786,0
4702340,131.97589,-2.0425,0
4702400,127.9379,-1.9235,0
4702430,120.4069,-2.2389,0
4702490,131.9039,-1.3963,0
4702520,128.722,-2.1275,0
4702550,111.621895,-2.2561,0
4702580,109.8789,-1.4133999,0
4702640,141.2469,-1.9799,0
4702670,121.176895,-2.3766,0
4702700,125.166,-1.7713,0
4702760,115.883896,-2.392,0
4702790,105.915,-2.4031,0
4702820,137.7619,-2.1225998,0
4702880,114.8659,-1.6916,0
4702910,135.56279,-2.2107,0
4702970,104.4169,-2.1754,0
4703000,125.900894,-2.2084,0
4703030,101.208,-2.3013,0
4703060,134.218,-1.6151999,0
4703090,124.3409,-2.4127,0
4703180,104.625,-2.0727,0
4703180,104.625,-2.0727,0
4703240,131.46289,-1.8295,0
4703270,101.583,-2.717,0
4703300,119.189896,-3.7417998,0
4703330,119.6869,-2.8938,0
4703390,114.0079,-2.4552,0
4703420,117.3919,-3.3307998,0
4703450,131.1649,-1.3292999,0
4703480,130.48889,-2.7105,0
4703510,138.0529,-2.218,0
4703540,144.3569,-1.3586999,0
4703590,136.5148,-2.1275,0
4703600,99.9639,-2.8803,0
4703690,115.7919,-2.45,0
4703720,121.2789,-3.6532,0
4703750,140.1969,-1.2912999,0
4703780,119.2819,-2.2939,0
4703870,111.249,-2.3622,0
4703900,108.9869,-2.4384,0
4703960,100.6309,-2.2691998,0
4703990,102.902,-2.9171,0
4704020,107.3099,-2.6763,0
4704080,104.7379,-0.80829996,0
4704100,104.094894,-1.9303999,0
4704170,109.1729,-2.4689,0
4704200,136.013,-1.7667999,0
4704230,94.5709,-3.9894998,0
4704260,101.829895,-2.6991,0
4704290,119.7679,-2.7402,0
4704320,126.411896,-3.1769998,0
4704350,119.2019,-1.5629,0
4704380,93.9239,-3.2426999,0
4704440,125.5619,-2.5764,0
4704470,102.719894,-2.5613,0
4704490,105.858894,-2.1956,0
4704500,130.093,-2.0369,0
4704530,111.5869,-2.3278,0
4704550,112.024895,-2.2977998,0
4811310,144.285,5.5278,0
4845090,144.8479,5.414,0
4817010,141.48889,4.8476996,0
4832730,138.9689,3.5618,0
4812150,137.8309,3.1338,0
5000024,74.9759,-13.9151,0
5000395,67.439896,-13.0401,0
5002820,54.484898,-11.6462,0
5003240,57.6499,-11.7339,0
5004590,71.258896,-12.8933,0
5005610,58.9109,-12.1739,0
5007050,67.1329,-11.8907995,0
5007470,56.4139,-11.762,0
5007470,56.4139,-11.762,0
5007530,74.124,-12.126599,0
5009360,58.6189,-11.998799,0
5100060,86.6459,-0.8756,0
5100090,85.5319,-3.5226,0
5100120,78.093796,-2.4679,0
5100120,78.093796,-2.4679,0
5100152,70.8219,-4.6580997,0
5100180,91.388,-3.2352998,0
5100180,91.388,-3.2352998,0
5100210,93.0728,-3.8571,0
5100240,86.625,-3.2946,0
5100270,79.347,-2.7921,0
5100300,72.8759,-4.8455,0
5100330,82.161896,-6.2486,0
5100360,94.359,-2.7667,0
5100390,89.6399,-5.4319,0
5100420,78.845,-3.8349,0
5100450,101.5758,-3.3255,0
5100480,85.7509,-2.0874,0
5100510,85.9909,-4.4516,0
5100540,83.7979,-3.5937998,0
5100560,72.5,-3.8883998,0
5100600,89.8549,-3.4786,0
5100660,79.925896,-3.2131999,0
5100690,96.230896,-4.0425,0
5100720,87.871895,-1.8593999,0
5100750,88.704895,-2.8434,0
5100780,79.9329,-3.6283998,0
5100810,97.9079,-0.1727,0
5100840,91.1549,-2.8673,0
5100870,70.9729,-4.8171,0
5100930,78.0,-2.1173,0
5100960,88.566795,-1.8982999,0
5101020,86.0069,-4.4491,0
5101050,78.5839,-4.1696997,0
5101050,78.5839,-4.1696997,0
5101080,87.7789,-3.2479,0
5101110,92.869896,-2.4837,0
5101140,86.786896,-4.4937,0
5101170,89.4869,-2.559,0
5101200,80.9939,-2.2431,0
5101260,79.133896,-3.6432998,0
5101290,80.053,-3.1187,0
5101290,80.053,-3.1187,0
5101320,76.5859,-4.375,0
5101350,93.0579,-4.3305,0
5101380,79.9219,-4.3231,0
5101410,93.6819,-1.2947,0
5101440,103.219894,-2.9138,0
5101470,67.915,-5.0769997,0
5101510,76.244896,-3.6366,0
5101510,76.244896,-3.6366,0
5101560,89.7419,-4.7269,0
5101590,78.3288,-4.5843,0
5101620,90.954895,-1.003,0
5101650,81.7539,-4.0095997,0
5101690,95.6399,-5.9786,0
5101710,81.125,-3.2638,0
5101740,89.0899,-1.7134999,0
5101770,90.842896,-2.8532,0
5101800,92.0999,0.7123,0
5101830,83.7519,-2.9759998,0
5101860,65.526,-5.1552,0
5101860,65.526,-5.1552,0
5101890,84.0169,-2.44,0
5101890,84.0169,-2.44,0
5101920,95.2269,-3.0813,0
5101950,88.6429,-8.776,0
5101980,87.968796,-1.8076999,0
5102010,93.3779,-1.1991,0
5102070,84.4169,-2.0837998,0
5102100,78.081,-3.2235,0
5102120,81.7409,-2.0857,0
5102160,86.7679,-1.485,0
5102190,113.5029,-3.8999,0
5102250,76.916,-4.585,0
5102250,76.916,-4.585,0
5102280,77.8759,-3.9771,0
5102310,89.2839,-2.6641998,0
5102340,87.967896,-3.7235,0
5102340,87.967896,-3.7235,0
5102360,76.2369,-4.2694,0
5102360,76.2369,-4.2694,0
5102370,78.3059,-4.0362,0
5102390,76.592896,-4.0878,0
5102400,95.245895,-3.2131999,0
5102400,95.245895,-3.2131999,0
5102430,91.929,-0.5177,0
5102460,86.3889,-2.2688,0
5102490,86.912895,-1.1524,0
5102520,73.583,-4.4881997,0
5102580,88.4478,-3.8316998,0
5102610,87.2549,-1.9304999,0
5102640,91.708,-0.0063,0
5102670,93.831795,0.90919995,0
5102710,87.8369,-0.1048,0
5102730,85.5709,-1.6244999,0
5102760,108.7289,-4.3856,0
5102790,89.5419,-3.1783998,0
5102820,78.5189,-3.9336,0
5102850,71.3339,-4.8129997,0
5102880,106.304,-3.2458,0
5102910,88.8249,-2.0493,0
5102940,101.633896,-3.3437,0
5102980,91.3109,0.6096,0
5103000,93.6959,0.5898,0
5103030,87.925896,-3.7092,0
5103060,88.3239,-3.0418,0
5103090,87.7839,-2.014,0
5103130,76.358,-4.1970997,0
5103150,81.3889,-4.5225,0
5103180,77.8689,-4.5299,0
5103210,71.8509,-4.5218997,0
5103240,85.1529,-2.5325,0
5103270,79.775,-1.7488999,0
5103300,82.9349,-2.4447,0
5103330,81.9469,-2.6854,0
5103370,81.718796,-4.25,0
5103390,64.527,-5.3231,0
5103420,93.1969,-4.3793,0
5103460,81.7799,-2.4947999,0
5103480,101.494896,-3.6984,0
5103510,66.1459,-5.5478,0
5103520,89.5419,-4.9853,0
5103600,93.026,-1.5295,0
5103640,77.804,-3.8011,0
5103660,76.6539,-3.8235998,0
5103690,71.772896,-4.6833,0
5103710,94.1189,-0.93039995,0
5103750,91.9658,-1.5202,0
5103780,91.137,-1.9104999,0
5103810,98.0878,-4.795,0
5103840,93.2699,0.7662,0
5103840,93.2699,0.7662,0
5103870,72.883896,-4.6524997,0
5103900,103.912895,-4.1805,0
5103930,78.2689,-4.355,0
5103950,91.564896,-1.7623,0
5103980,79.6999,-2.2684999,0
5103980,79.6999,-2.2684999,0
5104020,91.833,-0.8448,0
5104050,67.7369,-5.0341,0
5104080,105.7229,-4.2409,0
5104080,105.7229,-4.2409,0
5104110,86.9489,-5.0797,0
5104150,91.596,-0.4508,0
5400030,102.705894,-6.3097,0
5400060,69.6989,-5.0885,0
5400090,93.6839,-3.4068,0
5400120,96.484,-6.0955,0
5400150,85.25,-5.9993,0
5400180,85.331,-4.5257,0
5400210,89.5589,-5.7806,0
5400210,89.5589,-5.7806,0
5400240,91.4089,-4.9586997,0
5400270,94.0329,-5.8585,0
5400300,90.0569,-5.0875,0
5400300,90.0569,-5.0875,0
5400330,88.6329,-5.9129996,0
5400360,72.314896,-6.223,0
5400390,83.6399,-6.4091997,0
5400420,68.2689,-5.4547,0
5400450,80.605896,-5.9379,0
5400480,72.5709,-6.9947,0
5400510,93.2979,-5.9084,0
5400540,79.843796,-5.447,0
5400570,72.8489,-4.9263997,0
5400600,86.373,-3.9239,0
5400630,97.927895,-5.836,0
5400660,86.4,-4.7286,0
5400690,89.9869,-3.2788,0
5400720,96.7509,-5.8933,0
5400750,94.0619,-6.5923996,0
5400780,80.9209,-5.0415,0
5400810,87.704895,-4.421,0
5400840,79.4219,-5.0594,0
5400870,68.4759,-5.7181,0
5400900,93.4069,-3.6532998,0
5400930,91.2038,-5.7539,0
5400960,67.4039,-5.526,0
5400990,72.425896,-5.5144997,0
5401020,98.6679,-6.3192,0
5401050,85.361,-6.0645,0
5401080,69.736,-6.5973,0
5401110,88.870895,-5.3905,0
5401140,91.8969,-7.8894,0
5401170,92.5739,-5.9066997,0
5401200,76.7089,-4.6928,0
5401230,80.133896,-5.756,0
5401260,95.5589,-7.6668997,0
5401290,90.1729,-5.8817,0
5401320,87.512,-5.3655996,0
5401350,78.708,-5.0313,0
5401350,78.708,-5.0313,0
5401380,94.009895,-5.6428,0
5401410,131.2659,-7.5867,0
5401440,92.869896,-6.2534,0
5401470,107.0429,-6.1994,0
5401500,86.7229,-4.2634,0
5401530,96.9169,-6.2616,0
5401560,105.818,-6.2439,0
5401590,87.9519,-5.7851,0
5401620,85.592896,-5.5257,0
5401650,100.6409,-4.3420997,0
5509660,35.854,-11.986099,0
5503030,31.3989,-12.0106,0
5513830,34.1718,-12.003799,0
5500210,28.0929,-15.198999,0
5511790,29.0339,-14.4165,0
5511790,29.0339,-14.4165,0
5505610,44.8729,-9.961599,0
5500540,37.9209,-11.998799,0
5506630,38.048,-12.2761,0
5504530,36.7639,-12.0643,0
5503180,34.687,-12.2177,0
5512120,33.575,-12.3856,0
5512420,36.923,-12.3154,0
5508190,34.4259,-12.3705,0
5512990,35.333,-12.394,0
5509130,44.3089,-9.7838,0
5514160,27.847898,-14.2799,0
5510770,31.0119,-13.5945,0
5512960,31.354898,-13.182699,0
5501740,40.076,-11.4407,0
5504440,39.5229,-11.5731,0
5509570,40.3289,-11.1377,0
5514550,39.638,-11.644899,0
5501050,40.3009,-10.978499,0
5504110,39.6718,-11.656899,0
5507020,39.728,-11.1623,0
5508550,33.36,-13.1503,0
5508730,31.830898,-13.6119995,0
5500960,38.2229,-12.1166,0
5506570,36.0149,-12.005899,0
5507260,36.7049,-11.9116,0
5504740,39.304,-11.4306,0
5513530,36.1919,-12.6746,0
5513530,36.1919,-12.6746,0
5500030,27.572899,-15.8129,0
5514190,27.0009,-14.973,0
5510350,28.211899,-15.216599,0
5500120,39.0569,-11.5987,0
5502610,24.7099,-15.9,0
5509090,24.76,-14.589999,0
5501590,25.2349,-15.4157,0
5501590,25.2349,-15.4157,0
5500870,24.4739,-15.9544,0
5501350,24.0798,-15.421,0
5512180,25.9539,-15.6833,0
5502790,25.7999,-15.3104,0
5501080,40.2929,-11.0541,0
5511100,39.0979,-11.861799,0
5511130,40.0079,-11.3435,0
5506480,32.0769,-13.048699,0
5510140,31.4089,-13.2128,0
5504920,35.388,-12.2585,0
5504920,35.388,-12.2585,0
5508160,34.7439,-12.079499,0
5506600,34.138,-12.423699,0
5507530,29.305899,-12.6826,0
5506540,28.5749,-13.4513,0
5504080,27.163898,-15.0471,0
5513170,29.7269,-14.853499,0
5515900,29.5789,-15.5398,0
5500780,28.364899,-13.4911995,0
5509000,28.180899,-14.2335,0
5511010,29.2729,-12.7167,0
5516410,27.9919,-13.2311,0
5500360,23.802,-15.6956,0
5504170,29.493,-15.9251995,0
5508670,27.7789,-14.9653,0
5514580,25.1959,-14.7599,0
5511220,26.9189,-15.589499,0
5500016,26.715,-15.132799,0
5500420,26.993,-13.7128,0
5505370,26.385899,-14.5137,0
5516650,26.975899,-15.1642,0
5507590,26.701899,-16.1751,0
5512780,27.8559,-16.6942,0
5502760,34.5159,-13.854099,0
5508700,38.4409,-13.022599,0
5515930,33.0079,-14.939799,0
5501770,41.75,-10.6592,0
5509060,42.1459,-10.821099,0
5506030,42.964,-11.2157,0
5510060,42.7399,-10.7188,0
5510890,40.8709,-11.5227995,0
5516260,43.6479,-10.041599,0
5505220,41.5669,-11.1191,0
5509070,31.3259,-14.5201,0
5502580,24.378,-15.846499,0
5503090,24.121,-16.049599,0
5500017,31.42,-12.6844,0
5500017,31.42,-12.6844,0
5502400,31.364899,-12.2634,0
5507770,30.1959,-12.3015995,0
5502130,23.8449,-15.9284,0
5515060,23.638899,-15.851,0
5510440,25.0409,-15.689899,0
5504020,43.5378,-10.7684,0
5509720,24.045,-17.5998,0
5514220,21.7889,-16.8542,0
5501470,34.367,-13.3928995,0
5508520,40.1359,-11.938399,0
5514640,37.2709,-12.141299,0
5515810,37.1529,-12.1251,0
5507410,38.3458,-11.3316,0
5511580,24.515799,-14.5096,0
5509210,29.0539,-15.8378,0
5508940,27.767899,-16.0186,0
5501230,34.3699,-12.410999,0
5509990,38.5979,-11.8296995,0
5502820,36.879898,-11.908999,0
5507470,34.6709,-12.030499,0
5513620,32.9389,-13.5183,0
5513680,42.1639,-10.7097,0
5505160,42.3849,-11.2887,0
5502700,27.4819,-14.532599,0
5500180,25.1619,-13.6784,0
5500180,25.1619,-13.6784,0
5504650,30.0689,-15.849799,0
5501110,32.583,-11.911799,0
5506300,32.2959,-11.92,0
5505730,35.707,-11.9355,0
5503150,33.3929,-12.1195,0
5502730,27.538898,-15.5485,0
5505970,26.7509,-15.488199,0
5500990,38.2679,-11.877299,0
5509840,38.874,-11.753799,0
5510500,37.3589,-11.8294,0
5507230,39.3379,-11.532599,0
5514670,24.6758,-17.1071,0
5516230,21.2069,-17.2167,0
5513980,23.3529,-17.454,0
5506660,42.2659,-10.7304,0
5507380,39.6809,-11.5303,0
5511940,41.0639,-11.2806,0
5503660,36.686,-12.230599,0
5508340,38.1669,-11.9095,0
5504890,42.5349,-10.8077,0
5512000,43.861,-10.1139,0
5515750,36.1609,-11.718599,0
5506780,36.5459,-12.0092,0
5508880,36.5879,-12.1714,0
5502040,25.640799,-15.5061,0
5507320,47.7539,-9.3881,0
5500061,25.0009,-15.736799,0
5500300,25.5719,-15.627399,0
5500720,22.149,-15.868,0
5514010,22.9399,-14.717099,0
5510620,22.822899,-15.434899,0
5511160,21.6089,-15.4499,0
5510170,44.2049,-10.661799,0
5501890,46.3689,-10.7009,0
5511880,24.770899,-15.1029,0
5511880,24.770899,-15.1029,0
5502100,38.7579,-11.5822,0
5506060,21.510899,-15.090699,0
5500060,32.1539,-13.9232,0
5515870,35.1849,-12.2308,0
5508220,36.9679,-12.1758995,0
5510860,33.3829,-11.9685,0
5515720,37.4949,-11.8052,0
5508820,27.434898,-14.425699,0
5508970,37.333,-16.7117,0
5501560,30.3359,-14.679999,0
5504050,26.6059,-14.8104,0
5500270,26.4459,-14.735,0
5504500,26.0079,-14.944699,0
5511970,29.8079,-14.2666,0
5513950,41.3029,-12.2581,0
5512300,33.6459,-12.6814995,0
5513020,31.975899,-12.4744,0
5502070,35.6699,-12.4004,0
5509870,34.4379,-12.9685,0
5501140,32.4529,-12.671499,0
5505880,33.4839,-12.397599,0
5501260,30.0619,-15.0241995,0
5502340,28.972898,-13.1612,0
5500330,31.2939,-14.051399,0
5514490,30.284899,-14.033199,0
5502640,38.0709,-10.9046,0
5516680,40.499,-11.196799,0
5504290,43.6489,-10.673699,0
5511350,42.3419,-11.1153,0
5503640,41.603,-10.6581,0
5516740,45.5299,-10.5355,0
5503210,36.7369,-12.2999,0
5505820,37.832,-11.927,0
5514610,42.6049,-11.9951,0
5513500,43.069,-11.3112,0
5515570,41.0249,-10.5176,0
5501170,26.208899,-16.9354,0
5513710,22.1,-16.3055,0
5512690,36.3219,-12.153399,0
5511610,39.5569,-12.686299,0
5510950,37.6189,-13.0506,0
5514700,31.243898,-14.4005995,0
5505250,34.3899,-13.8498,0
5514970,26.503899,-16.4552,0
5511310,24.753899,-15.9523,0
5511820,30.1759,-13.8582,0
5517070,30.031,-14.1479,0
5516470,34.4218,-12.3182,0
5513410,32.9469,-12.8118,0
5506960,32.262,-13.2135,0
5506960,32.262,-13.2135,0
5514250,34.3089,-13.0928,0
5500810,33.7439,-12.729799,0
5514820,25.687899,-15.858999,0
5514430,25.2839,-15.629499,0
5501680,34.9389,-12.0183,0
5506450,35.5378,-12.0604,0
5500390,34.554,-12.157599,0
5508760,34.597,-12.21,0
5500450,35.636898,-12.092899,0
5501020,33.3309,-12.1140995,0
5501310,35.9599,-12.256,0
5513650,46.4599,-10.1469,0
5502430,40.2268,-10.4032,0
5502160,37.5569,-12.005899,0
5504260,39.8069,-11.650499,0
5507500,44.3989,-10.122399,0
5504320,24.9119,-14.907599,0
5514340,25.1148,-15.255799,0
5500630,25.4919,-15.2602,0
5509780,26.6789,-14.223,0
5509030,34.493,-12.0541,0
5511070,42.5349,-10.4078,0
5505280,26.7169,-16.3162,0
5507680,25.565899,-15.8310995,0
5512810,24.2129,-16.3811,0
5513770,33.9799,-12.6426,0
5516350,28.9949,-13.0061,0
5511370,35.5369,-12.4558,0
5512060,35.3929,-12.6714,0
5500570,28.250898,-15.7701,0
5509960,29.5189,-14.589399,0
5517100,29.8119,-14.8034,0
5510740,31.698898,-11.7933,0
5514850,30.7659,-16.2451,0
5509600,42.0729,-9.5107,0
5509600,42.0729,-9.5107,0
5515990,42.1359,-10.0036,0
5511710,33.5789,-15.776299,0
5504590,32.0279,-12.2915,0
5512090,31.760899,-12.0201,0
5514130,39.9609,-11.919,0
5515840,34.5499,-13.1051,0
5510590,34.048,-12.6047,0
5502670,32.3899,-13.100699,0
5508250,27.1969,-15.2659,0
5502970,33.5408,-14.467899,0
5505580,27.843899,-15.580299,0
5510680,32.875,-14.8241,0
5507050,39.532898,-11.4737,0
5507170,38.0988,-11.598499,0
5507710,37.562,-11.529099,0
5504200,26.5889,-14.5962,0
5504960,27.5479,-13.5686,0
5506810,26.7929,-14.862499,0
5508610,40.4759,-10.6282,0
5509750,38.686,-11.1484995,0
5512360,46.4339,-9.4924,0
5506270,25.5499,-17.080599,0
5516860,27.1169,-16.9405,0
5500150,39.603,-11.8681,0
5501830,26.178799,-16.0508,0
5512660,36.3649,-13.1433,0
5501500,31.823898,-12.8772,0
5516020,31.8139,-12.6140995,0
5513470,32.1628,-12.9958,0
5512150,31.458899,-13.0001,0
5516290,43.0988,-11.288,0
5513100,31.177,-12.2189,0
5504680,32.0149,-11.7109995,0
5516590,31.7519,-15.7184,0
5510230,30.347,-14.0703,0
5510230,30.347,-14.0703,0
5508850,33.472,-13.607599,0
5510380,30.323898,-14.6552,0
5515120,42.6879,-10.4439,0
5515210,38.318,-11.8835,0
5502910,30.9699,-15.9537,0
5515960,32.5449,-13.4196,0
5510920,44.1389,-12.7009,0
5512720,30.4839,-16.3143,0
5512210,27.125898,-16.8992,0
5500900,41.0289,-15.361799,0
5512030,30.9779,-15.795,0
5500510,33.5229,-14.7774,0
5500510,33.5229,-14.7774,0
5512540,31.281,-13.323899,0
5517130,33.624,-13.3905,0
5504380,32.1658,-13.6574,0
5510560,31.711899,-13.7891,0
5514910,29.343899,-14.1703,0
5517040,31.368,-12.9017,0
5507560,31.3119,-13.615399,0
5515360,27.295898,-13.3438,0
5504980,32.5859,-13.2734995,0
5504980,32.5859,-13.2734995,0
5503240,30.934898,-13.0025,0
5514880,30.6129,-14.1159,0
5516710,33.1669,-13.1723995,0
5506840,31.9749,-13.6398,0
5516500,33.9799,-12.477099,0
5513140,30.309,-14.356899,0
5506750,43.407898,-17.079,0
5502550,26.1659,-14.8554,0
5504230,25.944899,-14.710099,0
5502880,25.428799,-15.770499,0
5503840,26.479,-14.383699,0
5504350,25.0679,-15.448799,0
5510320,34.284,-12.109099,0
5511190,34.1459,-12.003799,0
5510980,34.5859,-12.014199,0
5516830,34.1049,-12.0513,0
5507830,31.1519,-15.9177,0
5506690,23.178799,-14.4541,0
5500240,30.4229,-14.2458,0
5500600,28.2829,-14.327,0
5500600,28.2829,-14.327,0
5501800,42.4128,-9.5521,0
5503060,45.6628,-9.043,0
5504830,45.076,-10.4344,0
5505910,45.1349,-10.084,0
5514940,29.8429,-16.4722,0
5503810,29.5259,-16.9273,0
5508640,28.8499,-17.2059,0
5508640,28.8499,-17.2059,0
5515540,34.2199,-16.034199,0
5506000,44.7369,-10.4355,0
5510830,45.6739,-9.4236,0
5513260,45.0919,-8.9109,0
5513800,41.2309,-9.0717,0
5505520,23.8769,-15.805699,0
5502520,37.4899,-12.1419,0
5507440,39.5659,-11.8491,0
5510530,36.7379,-12.2842,0
5509900,37.9339,-11.7424,0
5516440,32.868,-13.3015995,0
5514040,46.0729,-8.9773,0
5516620,41.3969,-8.971499,0
5505940,45.1469,-9.9489,0
5514520,35.9249,-12.1644,0
5517190,35.575,-11.8585,0
5506420,33.3199,-11.8351,0
5511850,32.3449,-12.151999,0
5511550,32.0669,-15.0176,0
5507860,39.68,-13.175699,0
5515390,31.899899,-15.5833,0
5515390,31.899899,-15.5833,0
5500056,31.2769,-14.318999,0
5502460,44.8409,-10.8421,0
5503860,32.818,-16.2493,0
5513890,20.687,-17.0355,0
5505670,19.2549,-17.1735,0
5503690,37.374,-12.2369995,0
5509150,30.7039,-17.1159,0
5507290,34.9099,-11.9614,0
5512330,37.1049,-12.7894,0
5516320,37.3999,-12.1563,0
5512450,42.1989,-11.1532,0
5506870,33.8239,-12.066999,0
5500840,37.86,-12.0274,0
5500058,28.4039,-17.253,0
5503510,42.1289,-11.577499,0
5510470,43.025898,-10.9183,0
5511640,42.1499,-10.9896,0
5508790,37.7659,-11.7128,0
5509810,38.9659,-11.7982,0
5515330,38.3429,-11.966499,0
5503270,38.2469,-11.6833,0
5508910,39.52,-11.7713995,0
5509510,37.5629,-11.9621,0
5509510,37.5629,-11.9621,0
5505640,27.954899,-14.8343,0
5515780,41.784,-10.746699,0
5508280,20.5329,-15.0629,0
5500750,21.0009,-15.601999,0
5513230,19.4669,-16.2714,0
5504860,20.395899,-15.824599,0
5501920,28.3529,-17.3162,0
5511730,27.524899,-16.8395,0
5511730,27.524899,-16.8395,0
5512240,23.5009,-14.7943,0
5513050,23.309,-15.128599,0
1200150,65.870895,10.6883,0
1201050,72.039,8.0137,0
1201440,66.0289,9.722099,0
1201530,77.9349,8.517099,0
1201800,77.4499,7.4442,0
4821030,60.972,6.6036,0
4812990,25.7059,5.2181,0
4812480,73.054,7.5133996,0
4829940,29.7549,5.7117,0
4820550,39.789898,6.4368,0
4842690,37.8629,6.2109,0
4836780,56.395897,6.9739,0
4834020,82.7679,7.5987997,0
4809720,47.574898,6.7216997,0
4817730,22.1148,4.9702997,0
4815400,28.281,5.4456,0
4809000,65.6809,7.2553,0
2910230,30.482899,-8.7227,0
2910470,43.6409,-6.4056,0
2922110,29.125898,-8.4309,0
0500073,105.7709,-0.53749996,0
0500405,97.3639,-1.4386,0
0502580,99.079895,0.45099998,0
0503450,90.023895,-1.7253,0
0503770,105.2719,-1.5672,0
0504110,104.815895,0.91709995,0
0504740,85.357895,-1.6631,0
0505340,99.861,-1.3938,0
0506120,67.911896,-3.3499,0
0506360,106.4329,0.66819996,0
0508130,73.1839,-2.5713,0
0508490,103.943,-1.2878,0
0509780,102.051895,0.2996,0
0510260,87.083,-2.5384998,0
0510290,84.3249,-1.8923999,0
0510380,100.8339,-0.6193,0
0511010,90.3539,-1.9318,0
0511970,68.3339,-4.1236997,0
0512660,68.8129,-3.3342,0
0513110,103.342896,0.7805,0
0513680,89.619896,-1.7225,0
1927480,23.8139,-12.362499,0
1905750,20.803799,-14.0499,0
1907380,21.618,-13.3041,0
1909990,22.607,-13.042299,0
1920100,24.121,-10.6145,0
1930630,23.1148,-12.840099,0
1905430,21.4629,-13.642699,0
1908520,23.7829,-11.5601,0
1932010,23.6399,-11.7943,0
1905130,25.6329,-11.9572,0
1921660,24.0719,-11.9397,0
1911790,23.3599,-14.0852995,0
1917880,21.256899,-13.448999,0
1914670,23.9089,-10.8063,0
1930510,24.0019,-11.48,0
1931860,22.640799,-10.9516,0
1929010,23.9639,-11.2575,0
1916320,27.059898,-10.2656,0
1906900,25.3949,-10.3614,0
2200300,117.272896,2.0658,0
2200510,126.76389,2.2058,0
2700130,20.128,-14.256499,0
2703870,18.5739,-15.9126,0
2721390,19.5828,-15.4422,0
2732700,20.8179,-20.7011,0
2718270,21.4489,-20.878,0
2712240,16.9909,-16.8585,0
2706090,18.215,-18.0958,0
2718070,23.5149,-14.387,0
2733870,22.4258,-14.7785,0
2700102,23.1929,-14.969199,0
2725050,18.204,-18.0226,0
2709750,18.7379,-18.1147,0
2718780,23.2179,-14.555699,0
2718780,23.2179,-14.555699,0
2718810,18.843,-15.439699,0
2730870,19.413,-18.829199,0
2728320,17.496,-17.3556,0
2733510,16.7719,-15.9553995,0
2710140,20.4419,-19.6378,0
2713170,21.666,-19.7735,0
2707200,18.892,-15.1971,0
2700005,19.0739,-14.5127,0
2700006,21.0369,-14.3666,0
2733480,21.9809,-14.532599,0
2741460,21.5889,-14.780499,0
2741910,20.6649,-14.9017,0
2723910,21.4279,-14.890699,0
2921600,60.7959,-4.9561996,0
2905820,31.8289,-8.0788,0
2915630,26.9709,-8.679999,0
2918480,36.29,-7.4586997,0
2926480,35.7999,-7.9178,0
2931560,35.7539,-7.8852997,0
2923100,36.798,-7.108,0
2910320,41.1119,-6.6970997,0
2914490,36.9259,-6.9796996,0
2900002,24.3669,-9.0542,0
2912870,26.399,-9.0966,0
2913590,27.6159,-9.0166,0
2921360,45.2379,-6.1524,0
2925410,31.2449,-8.7642,0
2926490,25.1649,-9.583,0
2912660,27.545898,-8.706699,0
2911310,47.499,-5.3603,0
2929520,48.138897,-5.1995,0
2908320,37.9199,-7.1629996,0
2921000,58.643898,-4.7862,0
2908170,69.3489,-4.3754,0
2925110,63.873898,-4.6120996,0
2911670,66.694,-4.3276997,0
2928710,69.175896,-4.2855,0
2921120,64.3059,-4.545,0
2925620,64.777,-4.5029,0
2922770,25.2078,-9.858399,0
2909860,45.0089,-6.2195,0
2908730,39.0939,-6.7314,0
2919140,53.7299,-5.0769,0
2913320,53.9819,-5.1454997,0
2903120,46.513,-5.8645,0
4838490,134.7369,6.9073997,0
4812090,134.7639,4.5752,0
4835400,136.28189,5.98,0
4835430,139.9559,5.7946,0
4833780,142.4059,5.5299,0
4824810,128.554,2.3048,0
4845180,135.55989,2.6675,0
4839960,129.9599,2.4508,0
4827690,143.11389,5.229,0
4824630,131.9189,3.391,0
4844160,134.3759,5.4045,0
4825710,134.2359,3.8444,0
4811520,136.2929,3.1058998,0
4822890,138.22389,2.9236999,0
2200390,147.5119,6.0636,0
