NCES District ID,IS_APPLICANT,Round,IS_ADOPTER,NUM_ADOPTED,Funding Mechanism,IV_Z
0100005,1,R3 - 2023 Rebates,0,0.0,None,0
0100012,1,R1 - 2022 Rebates,0,0.0,None,0
0100202,1,R1 - 2022 Rebates,0,0.0,None,0
0100211,1,R2 - Grants,0,0.0,None,0
0100213,1,R2 - Grants,0,0.0,None,0
0100390,1,R1 - 2022 Rebates,1,15.0,COMPETITIVE_R2,0
0100420,1,R1 - 2022 Rebates,0,0.0,None,0
0100630,1,R2 - Grants,0,0.0,None,0
0100750,1,R1 - 2022 Rebates,0,0.0,None,0
0100870,1,R3 - 2023 Rebates,0,0.0,None,0
0101020,1,R1 - 2022 Rebates,0,0.0,None,0
0101050,1,R1 - 2022 Rebates,0,0.0,None,0
0101140,1,R1 - 2022 Rebates,0,0.0,None,0
0101350,1,R1 - 2022 Rebates,0,0.0,None,0
0101560,1,R1 - 2022 Rebates,0,0.0,None,0
0101680,1,R1 - 2022 Rebates,0,0.0,None,0
0101730,1,R1 - 2022 Rebates,0,0.0,None,0
0101800,1,R2 - Grants,0,0.0,None,0
0101890,1,R2 - Grants,0,0.0,None,0
0102040,1,R1 - 2022 Rebates,0,0.0,None,0
0102370,1,R1 - 2022 Rebates,0,0.0,None,0
0102650,1,R1 - 2022 Rebates,0,0.0,None,0
0103000,1,R1 - 2022 Rebates,0,0.0,None,0
0103270,1,R2 - Grants,0,0.0,None,0
0103510,1,R1 - 2022 Rebates,0,0.0,None,0
0200240,1,R1 - 2022 Rebates,0,0.0,None,0
0200780,1,R1 - 2022 Rebates,0,0.0,None,0
0400003,1,R1 - 2022 Rebates,0,0.0,None,0
0400004,0,,1,1.0,COMPETITIVE_R2,0
0400019,1,R1 - 2022 Rebates,0,0.0,None,0
0400082,1,R1 - 2022 Rebates,0,0.0,None,0
0400157,1,R1 - 2022 Rebates,0,0.0,None,0
0400243,1,R1 - 2022 Rebates,0,0.0,None,0
0400450,0,,1,6.0,COMPETITIVE_R2,0
0400600,1,R1 - 2022 Rebates,0,0.0,None,0
0400720,1,R1 - 2022 Rebates,0,0.0,None,0
0400960,1,R1 - 2022 Rebates,0,0.0,None,0
0401160,1,R1 - 2022 Rebates,0,0.0,None,0
0401260,1,R1 - 2022 Rebates,0,0.0,None,0
0401680,1,R1 - 2022 Rebates,0,0.0,None,0
0401710,0,,1,4.0,COMPETITIVE_R2,0
0401940,1,R1 - 2022 Rebates,1,15.0,COMPETITIVE_R2,0
0402320,1,R1 - 2022 Rebates,1,1.0,COMPETITIVE_R2,0
0402400,1,R1 - 2022 Rebates,1,1.0,COMPETITIVE_R2,0
0402430,1,R1 - 2022 Rebates,1,2.0,COMPETITIVE_R2,0
0402790,1,R1 - 2022 Rebates,0,0.0,None,0
0402860,1,R1 - 2022 Rebates,1,2.0,COMPETITIVE_R2,0
0403010,1,R3 - 2023 Rebates,1,1.0,COMPETITIVE_R2,0
0403200,1,R1 - 2022 Rebates,0,0.0,None,0
0403290,1,R1 - 2022 Rebates,0,0.0,None,0
0403500,1,R1 - 2022 Rebates,0,0.0,None,0
0403550,1,R1 - 2022 Rebates,0,0.0,None,0
0403730,1,R3 - 2023 Rebates,0,0.0,None,0
0403900,1,R1 - 2022 Rebates,0,0.0,None,0
0404010,1,R1 - 2022 Rebates,1,2.0,COMPETITIVE_R2,0
0404060,1,R1 - 2022 Rebates,0,0.0,None,0
0404290,1,R1 - 2022 Rebates,1,5.0,COMPETITIVE_R2,0
0404320,1,R1 - 2022 Rebates,1,13.0,COMPETITIVE_R2,0
0404440,1,R1 - 2022 Rebates,0,0.0,None,0
0404500,1,R1 - 2022 Rebates,0,0.0,None,0
0404720,1,R1 - 2022 Rebates,0,0.0,None,0
0404770,1,R1 - 2022 Rebates,0,0.0,None,0
0405100,1,R1 - 2022 Rebates,0,0.0,None,0
0405320,1,R1 - 2022 Rebates,0,0.0,None,0
0405460,1,R1 - 2022 Rebates,0,0.0,None,0
0405670,1,R1 - 2022 Rebates,1,6.0,COMPETITIVE_R2,0
0406070,1,R1 - 2022 Rebates,0,0.0,None,0
0406300,1,R1 - 2022 Rebates,1,6.0,COMPETITIVE_R2,0
0406330,1,R1 - 2022 Rebates,1,20.0,COMPETITIVE_R2,0
0406580,1,R1 - 2022 Rebates,1,0.0,COMPETITIVE_R2,0
0406630,1,R1 - 2022 Rebates,0,0.0,None,0
0406740,1,R1 - 2022 Rebates,1,2.0,COMPETITIVE_R2,0
0406780,1,R1 - 2022 Rebates,0,0.0,None,0
0407080,1,R1 - 2022 Rebates,1,1.0,COMPETITIVE_R2,0
0407700,1,R1 - 2022 Rebates,0,0.0,None,0
0408170,1,R3 - 2023 Rebates,0,0.0,None,0
0408230,1,R1 - 2022 Rebates,0,0.0,None,0
0408310,1,R1 - 2022 Rebates,1,14.0,COMPETITIVE_R2,0
0408490,1,R1 - 2022 Rebates,0,0.0,None,0
0408520,1,R1 - 2022 Rebates,1,15.0,COMPETITIVE_R2,0
0408600,1,R1 - 2022 Rebates,0,0.0,None,0
0408640,1,R1 - 2022 Rebates,0,0.0,None,0
0408800,0,,1,10.0,COMPETITIVE_R2,0
0408820,0,,1,2.0,COMPETITIVE_R2,0
0409090,1,R1 - 2022 Rebates,0,0.0,None,0
0409250,1,R1 - 2022 Rebates,0,0.0,None,0
0409600,0,,1,0.0,COMPETITIVE_R2,0
0409733,1,R1 - 2022 Rebates,0,0.0,None,0
0500016,1,R1 - 2022 Rebates,0,0.0,None,0
0500021,1,R1 - 2022 Rebates,0,0.0,None,0
0500043,1,R1 - 2022 Rebates,0,0.0,None,0
0500045,1,R1 - 2022 Rebates,0,0.0,None,0
0500047,1,R1 - 2022 Rebates,0,0.0,None,0
0503450,1,R1 - 2022 Rebates,0,0.0,None,0
0504050,1,R1 - 2022 Rebates,0,0.0,None,0
0504380,1,R1 - 2022 Rebates,0,0.0,None,0
0504410,1,R1 - 2022 Rebates,0,0.0,None,0
0506090,1,R1 - 2022 Rebates,0,0.0,None,0
0506270,1,R1 - 2022 Rebates,0,0.0,None,0
0506330,1,R1 - 2022 Rebates,0,0.0,None,0
0506360,1,R1 - 2022 Rebates,0,0.0,None,0
0507110,1,R1 - 2022 Rebates,0,0.0,None,0
0507740,1,R1 - 2022 Rebates,0,0.0,None,0
0508040,1,R3 - 2023 Rebates,0,0.0,None,0
0508240,1,R1 - 2022 Rebates,0,0.0,None,0
0508610,1,R1 - 2022 Rebates,0,0.0,None,0
0508940,1,R1 - 2022 Rebates,1,2.0,COMPETITIVE_R2,0
0509000,1,R1 - 2022 Rebates,1,25.0,COMPETITIVE_R2,0
0511340,1,R1 - 2022 Rebates,0,0.0,None,0
0511880,1,R1 - 2022 Rebates,0,0.0,None,0
0512180,1,R1 - 2022 Rebates,0,0.0,None,0
0512210,0,,1,4.0,COMPETITIVE_R2,0
0513110,1,R1 - 2022 Rebates,0,0.0,None,0
0513230,1,R1 - 2022 Rebates,0,0.0,None,0
0514400,1,R1 - 2022 Rebates,0,0.0,None,0
0600001,1,R1 - 2022 Rebates,0,0.0,None,0
0600006,1,R2 - Grants,0,0.0,None,0
0600013,1,R1 - 2022 Rebates,0,0.0,None,0
0600027,1,R1 - 2022 Rebates,0,0.0,None,0
0600035,1,R1 - 2022 Rebates,0,0.0,None,0
0600039,1,R2 - Grants,0,0.0,None,0
0600042,1,R3 - 2023 Rebates,0,0.0,None,0
0600045,1,R2 - Grants,0,0.0,None,0
0600051,1,R2 - Grants,0,0.0,None,0
0600061,1,R1 - 2022 Rebates,0,0.0,None,0
0600062,1,R2 - Grants,0,0.0,None,0
0600063,1,R2 - Grants,0,0.0,None,0
0600064,0,,1,35.0,COMPETITIVE_R2,0
0600069,1,R1 - 2022 Rebates,0,0.0,None,0
0600153,1,R1 - 2022 Rebates,0,0.0,None,0
0600158,1,R1 - 2022 Rebates,0,0.0,None,0
0601330,1,R2 - Grants,0,0.0,None,0
0601332,1,R1 - 2022 Rebates,0,0.0,None,0
0601394,1,R1 - 2022 Rebates,0,0.0,None,0
0601398,1,R3 - 2023 Rebates,0,0.0,None,0
0601401,1,R2 - Grants,0,0.0,None,0
0601418,1,R1 - 2022 Rebates,0,0.0,None,0
0601421,1,R1 - 2022 Rebates,0,0.0,None,0
0601574,1,R1 - 2022 Rebates,0,0.0,None,0
0601620,1,R1 - 2022 Rebates,0,0.0,None,0
0601760,1,R1 - 2022 Rebates,0,0.0,None,0
0601770,1,R1 - 2022 Rebates,1,13.0,COMPETITIVE_R2,0
0602136,1,R3 - 2023 Rebates,0,0.0,None,0
0602310,1,R2 - Grants,0,0.0,None,0
0602360,1,R1 - 2022 Rebates,0,0.0,None,0
0602450,1,R1 - 2022 Rebates,0,0.0,None,0
0602610,1,R1 - 2022 Rebates,0,0.0,None,0
0602730,1,R1 - 2022 Rebates,0,0.0,None,0
0603600,1,R1 - 2022 Rebates,0,0.0,None,0
0603610,1,R1 - 2022 Rebates,0,0.0,None,0
0603690,1,R1 - 2022 Rebates,0,0.0,None,0
0603780,1,R2 - Grants,0,0.0,None,0
0605700,1,R3 - 2023 Rebates,0,0.0,None,0
0606330,1,R1 - 2022 Rebates,0,0.0,None,0
0606580,1,R1 - 2022 Rebates,0,0.0,None,0
0606780,1,R2 - Grants,0,0.0,None,0
0606810,1,R1 - 2022 Rebates,0,0.0,None,0
0607440,1,R1 - 2022 Rebates,0,0.0,None,0
0607950,1,R1 - 2022 Rebates,0,0.0,None,0
0608010,1,R1 - 2022 Rebates,0,0.0,None,0
0608070,1,R1 - 2022 Rebates,0,0.0,None,0
0608130,1,R2 - Grants,0,0.0,None,0
0608460,1,R1 - 2022 Rebates,0,0.0,None,0
0608610,1,R1 - 2022 Rebates,0,0.0,None,0
0608760,1,R1 - 2022 Rebates,0,0.0,None,0
0609070,1,R1 - 2022 Rebates,0,0.0,None,0
0609620,1,R2 - Grants,0,0.0,None,0
0609640,1,R1 - 2022 Rebates,0,0.0,None,0
0609665,1,R2 - Grants,0,0.0,None,0
0610050,1,R1 - 2022 Rebates,0,0.0,None,0
0610260,1,R1 - 2022 Rebates,0,0.0,None,0
0610350,1,R2 - Grants,0,0.0,None,0
0610440,1,R1 - 2022 Rebates,0,0.0,None,0
0610710,1,R1 - 2022 Rebates,0,0.0,None,0
0611100,1,R1 - 2022 Rebates,0,0.0,None,0
0611460,1,R1 - 2022 Rebates,0,0.0,None,0
0611490,1,R1 - 2022 Rebates,0,0.0,None,0
0611760,1,R1 - 2022 Rebates,0,0.0,None,0
0611820,1,R1 - 2022 Rebates,0,0.0,None,0
0612330,1,R2 - Grants,0,0.0,None,0
0612690,1,R2 - Grants,0,0.0,None,0
0612960,1,R1 - 2022 Rebates,0,0.0,None,0
0613140,1,R1 - 2022 Rebates,0,0.0,None,0
0613170,1,R1 - 2022 Rebates,0,0.0,None,0
0613290,1,R2 - Grants,0,0.0,None,0
0613530,1,R1 - 2022 Rebates,1,3.0,COMPETITIVE_R2,0
0613800,1,R1 - 2022 Rebates,0,0.0,None,0
0613920,1,R1 - 2022 Rebates,0,0.0,None,0
0614400,1,R1 - 2022 Rebates,0,0.0,None,0
0614430,1,R1 - 2022 Rebates,0,0.0,None,0
0614880,1,R1 - 2022 Rebates,0,0.0,None,0
0615180,1,R1 - 2022 Rebates,0,0.0,None,0
0616300,1,R1 - 2022 Rebates,0,0.0,None,0
0616325,1,R1 - 2022 Rebates,0,0.0,None,0
0617850,1,R1 - 2022 Rebates,0,0.0,None,0
0618060,1,R1 - 2022 Rebates,0,0.0,None,0
0618120,1,R1 - 2022 Rebates,0,0.0,None,0
0618390,1,R2 - Grants,0,0.0,None,0
0619260,1,R1 - 2022 Rebates,0,0.0,None,0
0619440,1,R1 - 2022 Rebates,0,0.0,None,0
0619540,1,R1 - 2022 Rebates,1,39.0,COMPETITIVE_R2,0
0619620,1,R2 - Grants,0,0.0,None,0
0619700,1,R1 - 2022 Rebates,0,0.0,None,0
0620220,1,R1 - 2022 Rebates,0,0.0,None,0
0621210,1,R1 - 2022 Rebates,0,0.0,None,0
0621400,1,R1 - 2022 Rebates,0,0.0,None,0
0621420,1,R1 - 2022 Rebates,0,0.0,None,0
0621570,1,R2 - Grants,0,0.0,None,0
0621870,1,R1 - 2022 Rebates,0,0.0,None,0
0622170,1,R1 - 2022 Rebates,0,0.0,None,0
0622230,1,R1 - 2022 Rebates,0,0.0,None,0
0622440,1,R1 - 2022 Rebates,0,0.0,None,0
0622500,1,R3 - 2023 Rebates,1,13.0,COMPETITIVE_R2,0
0622650,1,R1 - 2022 Rebates,0,0.0,None,0
0622710,1,R1 - 2022 Rebates,1,50.0,COMPETITIVE_R2,0
0622740,1,R1 - 2022 Rebates,0,0.0,None,0
0623160,1,R1 - 2022 Rebates,0,0.0,None,0
0623820,1,R2 - Grants,0,0.0,None,0
0623940,1,R2 - Grants,0,0.0,None,0
0624480,1,R1 - 2022 Rebates,0,0.0,None,0
0624630,1,R1 - 2022 Rebates,0,0.0,None,0
0624930,1,R1 - 2022 Rebates,0,0.0,None,0
0625130,1,R2 - Grants,0,0.0,None,0
0625150,1,R2 - Grants,0,0.0,None,0
0625230,1,R1 - 2022 Rebates,0,0.0,None,0
0625470,1,R2 - Grants,0,0.0,None,0
0625800,1,R3 - 2023 Rebates,0,0.0,None,0
0626100,1,R1 - 2022 Rebates,0,0.0,None,0
0626190,1,R1 - 2022 Rebates,0,0.0,None,0
0626280,1,R1 - 2022 Rebates,0,0.0,None,0
0626370,1,R1 - 2022 Rebates,0,0.0,None,0
0626670,1,R1 - 2022 Rebates,0,0.0,None,0
0627040,1,R1 - 2022 Rebates,0,0.0,None,0
0627240,1,R1 - 2022 Rebates,0,0.0,None,0
0628050,1,R1 - 2022 Rebates,1,10.0,COMPETITIVE_R2,0
0628140,1,R1 - 2022 Rebates,0,0.0,None,0
0628170,1,R1 - 2022 Rebates,0,0.0,None,0
0628470,1,R1 - 2022 Rebates,0,0.0,None,0
0628650,1,R1 - 2022 Rebates,0,0.0,None,0
0629220,1,R1 - 2022 Rebates,0,0.0,None,0
0629270,1,R1 - 2022 Rebates,0,0.0,None,0
0629490,1,R1 - 2022 Rebates,0,0.0,None,0
0629550,1,R3 - 2023 Rebates,1,5.0,COMPETITIVE_R2,0
0629580,1,R1 - 2022 Rebates,0,0.0,None,0
0630630,1,R1 - 2022 Rebates,0,0.0,None,0
0631530,1,R1 - 2022 Rebates,0,0.0,None,0
0632610,1,R1 - 2022 Rebates,0,0.0,None,0
0633150,1,R3 - 2023 Rebates,1,2.0,COMPETITIVE_R2,0
0633840,1,R1 - 2022 Rebates,0,0.0,None,0
0633900,1,R2 - Grants,0,0.0,None,0
0633930,1,R1 - 2022 Rebates,0,0.0,None,0
0634170,1,R3 - 2023 Rebates,0,0.0,None,0
0634320,1,R1 - 2022 Rebates,1,30.0,COMPETITIVE_R2,0
0634410,1,R1 - 2022 Rebates,1,37.0,COMPETITIVE_R2,0
0634800,1,R1 - 2022 Rebates,0,0.0,None,0
0634880,1,R1 - 2022 Rebates,0,0.0,None,0
0635070,1,R1 - 2022 Rebates,0,0.0,None,0
0635250,1,R1 - 2022 Rebates,0,0.0,None,0
0635430,1,R1 - 2022 Rebates,0,0.0,None,0
0635880,1,R1 - 2022 Rebates,0,0.0,None,0
0635970,1,R1 - 2022 Rebates,0,0.0,None,0
0636270,1,R1 - 2022 Rebates,0,0.0,None,0
0636660,1,R2 - Grants,0,0.0,None,0
0636805,1,R1 - 2022 Rebates,0,0.0,None,0
0636840,1,R1 - 2022 Rebates,0,0.0,None,0
0637140,1,R2 - Grants,0,0.0,None,0
0637950,1,R2 - Grants,0,0.0,None,0
0638010,1,R2 - Grants,0,0.0,None,0
0638220,1,R1 - 2022 Rebates,0,0.0,None,0
0638460,1,R1 - 2022 Rebates,0,0.0,None,0
0638670,1,R2 - Grants,0,0.0,None,0
0638770,1,R1 - 2022 Rebates,0,0.0,None,0
0639060,1,R1 - 2022 Rebates,0,0.0,None,0
0639930,1,R1 - 2022 Rebates,0,0.0,None,0
0640980,1,R1 - 2022 Rebates,0,0.0,None,0
0641130,1,R2 - Grants,0,0.0,None,0
0642000,1,R1 - 2022 Rebates,0,0.0,None,0
0642350,1,R1 - 2022 Rebates,0,0.0,None,0
0642480,1,R1 - 2022 Rebates,0,0.0,None,0
0691001,1,R2 - Grants,0,0.0,None,0
0691037,1,R1 - 2022 Rebates,0,0.0,None,0
0691041,1,R2 - Grants,0,0.0,None,0
0691078,1,R3 - 2023 Rebates,1,2.0,COMPETITIVE_R2,0
0691134,1,R2 - Grants,0,0.0,None,0
0800020,0,,1,9.0,COMPETITIVE_R2,0
0800237,1,R3 - 2023 Rebates,0,0.0,None,0
0800291,1,R1 - 2022 Rebates,0,0.0,None,0
0801950,1,R1 - 2022 Rebates,0,0.0,None,0
0802010,1,R1 - 2022 Rebates,0,0.0,None,0
0802490,1,R1 - 2022 Rebates,1,2.0,COMPETITIVE_R2,0
0803030,1,R1 - 2022 Rebates,0,0.0,None,0
0803360,1,R1 - 2022 Rebates,1,20.0,COMPETITIVE_R2,0
0803720,1,R1 - 2022 Rebates,0,0.0,None,0
0803990,1,R1 - 2022 Rebates,1,2.0,COMPETITIVE_R2,0
0804260,1,R1 - 2022 Rebates,0,0.0,None,0
0804380,1,R1 - 2022 Rebates,0,0.0,None,0
0804500,1,R1 - 2022 Rebates,0,0.0,None,0
0804800,1,R1 - 2022 Rebates,0,0.0,None,0
0805070,1,R1 - 2022 Rebates,1,2.0,COMPETITIVE_R2,0
0805220,1,R1 - 2022 Rebates,0,0.0,None,0
0805370,1,R1 - 2022 Rebates,0,0.0,None,0
0805400,0,,1,3.0,COMPETITIVE_R2,0
0805490,1,R1 - 2022 Rebates,0,0.0,None,0
0805550,1,R1 - 2022 Rebates,0,0.0,None,0
0805580,1,R3 - 2023 Rebates,0,0.0,None,0
0805700,1,R1 - 2022 Rebates,0,0.0,None,0
0805730,1,R1 - 2022 Rebates,0,0.0,None,0
0805760,1,R3 - 2023 Rebates,0,0.0,None,0
0806210,1,R1 - 2022 Rebates,0,0.0,None,0
0806660,0,,1,3.0,COMPETITIVE_R2,0
0806810,1,R1 - 2022 Rebates,1,4.0,COMPETITIVE_R2,0
0806900,1,R1 - 2022 Rebates,0,0.0,None,0
0807140,1,R1 - 2022 Rebates,0,0.0,None,0
0900002,1,R3 - 2023 Rebates,1,25.0,COMPETITIVE_R2,0
0900450,1,R1 - 2022 Rebates,0,0.0,None,0
0900630,1,R1 - 2022 Rebates,0,0.0,None,0
0900900,1,R1 - 2022 Rebates,0,0.0,None,0
0901620,1,R1 - 2022 Rebates,0,0.0,None,0
0901890,1,R1 - 2022 Rebates,0,0.0,None,0
0901920,1,R1 - 2022 Rebates,1,25.0,COMPETITIVE_R2,0
0902160,1,R1 - 2022 Rebates,0,0.0,None,0
0902220,1,R1 - 2022 Rebates,0,0.0,None,0
0902790,1,R3 - 2023 Rebates,0,0.0,None,0
0902820,1,R2 - Grants,0,0.0,None,0
0902880,1,R1 - 2022 Rebates,0,0.0,None,0
0903120,1,R2 - Grants,0,0.0,None,0
0903515,1,R1 - 2022 Rebates,0,0.0,None,0
0903660,1,R1 - 2022 Rebates,0,0.0,None,0
0904650,1,R1 - 2022 Rebates,0,0.0,None,0
0905040,1,R1 - 2022 Rebates,0,0.0,None,0
1000180,1,R1 - 2022 Rebates,0,0.0,None,0
1000190,1,R1 - 2022 Rebates,0,0.0,None,0
1001240,1,R1 - 2022 Rebates,0,0.0,None,0
1001300,1,R1 - 2022 Rebates,0,0.0,None,0
1100030,1,R2 - Grants,0,0.0,None,0
1200030,1,R3 - 2023 Rebates,0,0.0,None,0
1200150,1,R1 - 2022 Rebates,0,0.0,None,0
1200180,1,R2 - Grants,0,0.0,None,0
1200360,1,R3 - 2023 Rebates,1,6.0,COMPETITIVE_R2,0
1200390,1,R1 - 2022 Rebates,1,50.0,COMPETITIVE_R2,0
1200480,1,R1 - 2022 Rebates,1,26.0,COMPETITIVE_R2,0
1200540,1,R1 - 2022 Rebates,0,0.0,None,0
1200600,1,R1 - 2022 Rebates,0,0.0,None,0
1200630,1,R1 - 2022 Rebates,0,0.0,None,0
1200660,1,R1 - 2022 Rebates,0,0.0,None,0
1200810,1,R1 - 2022 Rebates,0,0.0,None,0
1200870,1,R1 - 2022 Rebates,1,20.0,COMPETITIVE_R2,0
1200900,1,R1 - 2022 Rebates,0,0.0,None,0
1200930,1,R1 - 2022 Rebates,0,0.0,None,0
1200960,1,R3 - 2023 Rebates,0,0.0,None,0
1201110,1,R1 - 2022 Rebates,0,0.0,None,0
1201140,1,R1 - 2022 Rebates,0,0.0,None,0
1201170,1,R1 - 2022 Rebates,0,0.0,None,0
1201200,1,R3 - 2023 Rebates,0,0.0,None,0
1201230,1,R1 - 2022 Rebates,0,0.0,None,0
1201440,1,R1 - 2022 Rebates,1,20.0,COMPETITIVE_R2,0
1201470,1,R1 - 2022 Rebates,0,0.0,None,0
1201560,1,R1 - 2022 Rebates,0,0.0,None,0
1201590,1,R1 - 2022 Rebates,0,0.0,None,0
1201710,0,,1,0.0,COMPETITIVE_R2,0
1201830,1,R1 - 2022 Rebates,0,0.0,None,0
1201950,1,R1 - 2022 Rebates,0,0.0,None,0
1201980,1,R1 - 2022 Rebates,0,0.0,None,0
1202013,1,R1 - 2022 Rebates,0,0.0,None,0
1300001,1,R1 - 2022 Rebates,0,0.0,None,0
1300090,1,R1 - 2022 Rebates,0,0.0,None,0
1300210,1,R1 - 2022 Rebates,0,0.0,None,0
1300420,1,R1 - 2022 Rebates,1,15.0,COMPETITIVE_R2,0
1300440,1,R1 - 2022 Rebates,0,0.0,None,0
1300480,1,R1 - 2022 Rebates,0,0.0,None,0
1300630,1,R1 - 2022 Rebates,0,0.0,None,0
1300660,1,R1 - 2022 Rebates,0,0.0,None,0
1300870,1,R1 - 2022 Rebates,1,6.0,COMPETITIVE_R2,0
1301170,1,R2 - Grants,0,0.0,None,0
1301230,0,,1,50.0,COMPETITIVE_R2,0
1301260,1,R1 - 2022 Rebates,0,0.0,None,0
1301290,1,R1 - 2022 Rebates,0,0.0,None,0
1301680,1,R1 - 2022 Rebates,0,0.0,None,0
1301740,1,R1 - 2022 Rebates,1,50.0,COMPETITIVE_R2,0
1301770,1,R1 - 2022 Rebates,0,0.0,None,0
1301830,1,R1 - 2022 Rebates,0,0.0,None,0
1301860,1,R1 - 2022 Rebates,0,0.0,None,0
1301870,1,R1 - 2022 Rebates,0,0.0,None,0
1301950,1,R1 - 2022 Rebates,0,0.0,None,0
1301980,1,R1 - 2022 Rebates,0,0.0,None,0
1302190,1,R2 - Grants,0,0.0,None,0
1302220,1,R1 - 2022 Rebates,0,0.0,None,0
1302400,1,R1 - 2022 Rebates,1,6.0,COMPETITIVE_R2,0
1302490,1,R1 - 2022 Rebates,0,0.0,None,0
1302520,1,R1 - 2022 Rebates,0,0.0,None,0
1302550,1,R1 - 2022 Rebates,0,0.0,None,0
1302610,1,R1 - 2022 Rebates,0,0.0,None,0
1302730,1,R1 - 2022 Rebates,0,0.0,None,0
1302820,1,R1 - 2022 Rebates,0,0.0,None,0
1303030,1,R1 - 2022 Rebates,0,0.0,None,0
1303090,1,R1 - 2022 Rebates,0,0.0,None,0
1303150,1,R1 - 2022 Rebates,0,0.0,None,0
1303300,1,R1 - 2022 Rebates,0,0.0,None,0
1303330,1,R1 - 2022 Rebates,0,0.0,None,0
1303390,1,R1 - 2022 Rebates,0,0.0,None,0
1303480,1,R1 - 2022 Rebates,0,0.0,None,0
1303510,1,R1 - 2022 Rebates,1,0.0,COMPETITIVE_R2,0
1303570,1,R1 - 2022 Rebates,0,0.0,None,0
1303630,1,R3 - 2023 Rebates,0,0.0,None,0
1303690,1,R1 - 2022 Rebates,0,0.0,None,0
1303720,1,R1 - 2022 Rebates,0,0.0,None,0
1303840,1,R1 - 2022 Rebates,0,0.0,None,0
1303930,1,R1 - 2022 Rebates,0,0.0,None,0
1303960,1,R1 - 2022 Rebates,0,0.0,None,0
1304020,1,R1 - 2022 Rebates,0,0.0,None,0
1304050,1,R1 - 2022 Rebates,0,0.0,None,0
1304200,1,R1 - 2022 Rebates,0,0.0,None,0
1304220,1,R1 - 2022 Rebates,0,0.0,None,0
1304380,1,R1 - 2022 Rebates,1,25.0,COMPETITIVE_R2,0
1304440,1,R1 - 2022 Rebates,0,0.0,None,0
1304620,1,R1 - 2022 Rebates,0,0.0,None,0
1304800,1,R1 - 2022 Rebates,0,0.0,None,0
1304950,1,R1 - 2022 Rebates,0,0.0,None,0
1305280,1,R1 - 2022 Rebates,0,0.0,None,0
1600002,1,R2 - Grants,0,0.0,None,0
1600300,1,R1 - 2022 Rebates,0,0.0,None,0
1600360,1,R2 - Grants,0,0.0,None,0
1601500,1,R1 - 2022 Rebates,0,0.0,None,0
1601830,1,R1 - 2022 Rebates,0,0.0,None,0
1601920,1,R1 - 2022 Rebates,0,0.0,None,0
1602220,1,R1 - 2022 Rebates,0,0.0,None,0
1602490,1,R1 - 2022 Rebates,0,0.0,None,0
1602970,1,R1 - 2022 Rebates,0,0.0,None,0
1603060,1,R1 - 2022 Rebates,0,0.0,None,0
1603180,1,R1 - 2022 Rebates,0,0.0,None,0
1603270,1,R1 - 2022 Rebates,0,0.0,None,0
1603420,1,R1 - 2022 Rebates,0,0.0,None,0
1700004,1,R1 - 2022 Rebates,0,0.0,None,0
1700110,1,R2 - Grants,0,0.0,None,0
1700122,1,R1 - 2022 Rebates,0,0.0,None,0
1700125,1,R1 - 2022 Rebates,0,0.0,None,0
1700321,1,R1 - 2022 Rebates,0,0.0,None,0
1701388,1,R1 - 2022 Rebates,0,0.0,None,0
1701417,1,R1 - 2022 Rebates,0,0.0,None,0
1703210,1,R1 - 2022 Rebates,0,0.0,None,0
1703480,1,R1 - 2022 Rebates,0,0.0,None,0
1704710,1,R1 - 2022 Rebates,1,2.0,COMPETITIVE_R2,0
1705910,1,R1 - 2022 Rebates,0,0.0,None,0
1706060,1,R1 - 2022 Rebates,0,0.0,None,0
1706420,0,,1,1.0,COMPETITIVE_R2,0
1706510,1,R1 - 2022 Rebates,0,0.0,None,0
1707170,1,R1 - 2022 Rebates,1,5.0,COMPETITIVE_R2,0
1707440,1,R1 - 2022 Rebates,0,0.0,None,0
1707740,1,R1 - 2022 Rebates,1,1.0,COMPETITIVE_R2,0
1707770,1,R1 - 2022 Rebates,0,0.0,None,0
1708040,1,R1 - 2022 Rebates,1,10.0,COMPETITIVE_R2,0
1708250,1,R1 - 2022 Rebates,0,0.0,None,0
1708400,0,,1,1.0,COMPETITIVE_R2,0
1708500,1,R1 - 2022 Rebates,0,0.0,None,0
1709930,1,R1 - 2022 Rebates,1,50.0,COMPETITIVE_R2,0
1710830,1,R1 - 2022 Rebates,0,0.0,None,0
1711010,1,R1 - 2022 Rebates,0,0.0,None,0
1711520,1,R1 - 2022 Rebates,0,0.0,None,0
1711850,0,,1,15.0,COMPETITIVE_R2,0
1712930,1,R1 - 2022 Rebates,0,0.0,None,0
1712960,1,R1 - 2022 Rebates,0,0.0,None,0
1713320,1,R1 - 2022 Rebates,1,25.0,COMPETITIVE_R2,0
1713770,1,R1 - 2022 Rebates,0,0.0,None,0
1714460,1,R1 - 2022 Rebates,1,5.0,COMPETITIVE_R2,0
1715780,1,R1 - 2022 Rebates,0,0.0,None,0
1717280,1,R3 - 2023 Rebates,1,10.0,COMPETITIVE_R2,0
1717520,1,R1 - 2022 Rebates,0,0.0,None,0
1717580,1,R1 - 2022 Rebates,0,0.0,None,0
1718450,0,,1,3.0,COMPETITIVE_R2,0
1718480,0,,1,2.0,COMPETITIVE_R2,0
1718600,1,R3 - 2023 Rebates,0,0.0,None,0
1718810,0,,1,2.0,COMPETITIVE_R2,0
1719080,1,R1 - 2022 Rebates,0,0.0,None,0
1719260,1,R1 - 2022 Rebates,0,0.0,None,0
1719660,1,R2 - Grants,0,0.0,None,0
1719680,1,R2 - Grants,0,0.0,None,0
1719830,1,R1 - 2022 Rebates,0,0.0,None,0
1719960,1,R1 - 2022 Rebates,0,0.0,None,0
1720370,1,R1 - 2022 Rebates,0,0.0,None,0
1722770,1,R1 - 2022 Rebates,0,0.0,None,0
1722860,1,R1 - 2022 Rebates,0,0.0,None,0
1723970,1,R1 - 2022 Rebates,0,0.0,None,0
1724390,1,R1 - 2022 Rebates,0,0.0,None,0
1724720,1,R1 - 2022 Rebates,0,0.0,None,0
1726180,1,R1 - 2022 Rebates,0,0.0,None,0
1727180,1,R1 - 2022 Rebates,0,0.0,None,0
1727710,1,R1 - 2022 Rebates,0,0.0,None,0
1728160,1,R1 - 2022 Rebates,0,0.0,None,0
1728810,1,R1 - 2022 Rebates,0,0.0,None,0
1729280,1,R1 - 2022 Rebates,0,0.0,None,0
1729520,1,R1 - 2022 Rebates,0,0.0,None,0
1729890,1,R1 - 2022 Rebates,0,0.0,None,0
1730450,1,R1 - 2022 Rebates,0,0.0,None,0
1730750,1,R1 - 2022 Rebates,0,0.0,None,0
1731230,1,R1 - 2022 Rebates,1,15.0,COMPETITIVE_R2,0
1733210,1,R3 - 2023 Rebates,0,0.0,None,0
1733420,1,R1 - 2022 Rebates,0,0.0,None,0
1733690,0,,1,5.0,COMPETITIVE_R2,0
1733870,1,R1 - 2022 Rebates,0,0.0,None,0
1734350,1,R1 - 2022 Rebates,0,0.0,None,0
1734510,1,R1 - 2022 Rebates,0,0.0,None,0
1734740,1,R1 - 2022 Rebates,0,0.0,None,0
1735460,1,R3 - 2023 Rebates,0,0.0,None,0
1736090,1,R1 - 2022 Rebates,0,0.0,None,0
1736640,1,R3 - 2023 Rebates,0,0.0,None,0
1736810,1,R3 - 2023 Rebates,1,5.0,COMPETITIVE_R2,0
1737080,1,R1 - 2022 Rebates,0,0.0,None,0
1737230,1,R1 - 2022 Rebates,0,0.0,None,0
1737350,1,R1 - 2022 Rebates,0,0.0,None,0
1737800,1,R1 - 2022 Rebates,0,0.0,None,0
1737830,1,R2 - Grants,0,0.0,None,0
1738490,1,R1 - 2022 Rebates,0,0.0,None,0
1739090,1,R1 - 2022 Rebates,0,0.0,None,0
1740260,1,R1 - 2022 Rebates,0,0.0,None,0
1740290,1,R1 - 2022 Rebates,0,0.0,None,0
1741520,1,R2 - Grants,0,0.0,None,0
1742990,1,R1 - 2022 Rebates,0,0.0,None,0
1743330,1,R1 - 2022 Rebates,0,0.0,None,0
1743800,1,R1 - 2022 Rebates,0,0.0,None,0
1800008,1,R1 - 2022 Rebates,0,0.0,None,0
1800118,1,R2 - Grants,0,0.0,None,0
1800180,1,R1 - 2022 Rebates,0,0.0,None,0
1800212,1,R1 - 2022 Rebates,0,0.0,None,0
1800330,1,R1 - 2022 Rebates,0,0.0,None,0
1800360,1,R1 - 2022 Rebates,0,0.0,None,0
1800630,1,R1 - 2022 Rebates,0,0.0,None,0
1800750,1,R1 - 2022 Rebates,0,0.0,None,0
1801170,1,R3 - 2023 Rebates,0,0.0,None,0
1801740,1,R1 - 2022 Rebates,0,0.0,None,0
1802460,1,R1 - 2022 Rebates,0,0.0,None,0
1802520,1,R1 - 2022 Rebates,0,0.0,None,0
1802550,1,R3 - 2023 Rebates,0,0.0,None,0
1802830,1,R1 - 2022 Rebates,0,0.0,None,0
1802880,1,R2 - Grants,0,0.0,None,0
1803060,1,R1 - 2022 Rebates,0,0.0,None,0
1803120,1,R1 - 2022 Rebates,0,0.0,None,0
1803180,1,R1 - 2022 Rebates,0,0.0,None,0
1803330,1,R1 - 2022 Rebates,0,0.0,None,0
1803450,1,R1 - 2022 Rebates,0,0.0,None,0
1803990,1,R1 - 2022 Rebates,0,0.0,None,0
1804320,1,R2 - Grants,0,0.0,None,0
1804590,1,R3 - 2023 Rebates,0,0.0,None,0
1804770,1,R1 - 2022 Rebates,1,10.0,COMPETITIVE_R2,0
1805700,1,R1 - 2022 Rebates,0,0.0,None,0
1806390,1,R1 - 2022 Rebates,0,0.0,None,0
1806510,1,R1 - 2022 Rebates,0,0.0,None,0
1806570,1,R2 - Grants,0,0.0,None,0
1807320,1,R2 - Grants,0,0.0,None,0
1807410,1,R1 - 2022 Rebates,0,0.0,None,0
1807710,1,R2 - Grants,0,0.0,None,0
1807800,1,R1 - 2022 Rebates,0,0.0,None,0
1807900,1,R1 - 2022 Rebates,0,0.0,None,0
1807980,1,R1 - 2022 Rebates,0,0.0,None,0
1808010,1,R1 - 2022 Rebates,0,0.0,None,0
1808490,1,R1 - 2022 Rebates,0,0.0,None,0
1808640,1,R2 - Grants,0,0.0,None,0
1808760,1,R1 - 2022 Rebates,0,0.0,None,0
1809060,1,R1 - 2022 Rebates,0,0.0,None,0
1810290,1,R2 - Grants,0,0.0,None,0
1810380,1,R1 - 2022 Rebates,0,0.0,None,0
1810620,1,R1 - 2022 Rebates,0,0.0,None,0
1810650,1,R2 - Grants,0,0.0,None,0
1810680,1,R1 - 2022 Rebates,0,0.0,None,0
1811220,1,R1 - 2022 Rebates,0,0.0,None,0
1811260,1,R1 - 2022 Rebates,0,0.0,None,0
1812090,1,R2 - Grants,0,0.0,None,0
1812240,1,R1 - 2022 Rebates,0,0.0,None,0
1812360,1,R1 - 2022 Rebates,0,0.0,None,0
1812450,1,R2 - Grants,0,0.0,None,0
1812810,1,R2 - Grants,0,0.0,None,0
1813230,1,R1 - 2022 Rebates,0,0.0,None,0
1900022,1,R1 - 2022 Rebates,0,0.0,None,0
1903090,1,R3 - 2023 Rebates,0,0.0,None,0
1903220,1,R1 - 2022 Rebates,0,0.0,None,0
1903270,1,R1 - 2022 Rebates,0,0.0,None,0
1903390,1,R3 - 2023 Rebates,0,0.0,None,0
1903780,1,R1 - 2022 Rebates,0,0.0,None,0
1903960,1,R1 - 2022 Rebates,0,0.0,None,0
1904560,1,R1 - 2022 Rebates,0,0.0,None,0
1904620,1,R1 - 2022 Rebates,0,0.0,None,0
1905190,1,R1 - 2022 Rebates,0,0.0,None,0
1906240,1,R1 - 2022 Rebates,0,0.0,None,0
1906900,1,R1 - 2022 Rebates,0,0.0,None,0
1907080,1,R1 - 2022 Rebates,0,0.0,None,0
1908970,1,R1 - 2022 Rebates,0,0.0,None,0
1909570,1,R3 - 2023 Rebates,0,0.0,None,0
1913440,1,R1 - 2022 Rebates,0,0.0,None,0
1916420,1,R1 - 2022 Rebates,0,0.0,None,0
1918120,1,R1 - 2022 Rebates,0,0.0,None,0
1918510,1,R1 - 2022 Rebates,0,0.0,None,0
1918720,1,R1 - 2022 Rebates,0,0.0,None,0
1918960,1,R1 - 2022 Rebates,0,0.0,None,0
1920190,1,R1 - 2022 Rebates,0,0.0,None,0
1920580,1,R1 - 2022 Rebates,0,0.0,None,0
1921210,1,R3 - 2023 Rebates,0,0.0,None,0
1924870,1,R1 - 2022 Rebates,0,0.0,None,0
1925620,1,R1 - 2022 Rebates,0,0.0,None,0
1926280,1,R1 - 2022 Rebates,0,0.0,None,0
1926400,0,,1,15.0,COMPETITIVE_R2,0
1926730,1,R1 - 2022 Rebates,0,0.0,None,0
1928020,1,R1 - 2022 Rebates,0,0.0,None,0
1928110,1,R1 - 2022 Rebates,0,0.0,None,0
1931290,1,R3 - 2023 Rebates,0,0.0,None,0
2003200,1,R1 - 2022 Rebates,0,0.0,None,0
2003570,1,R1 - 2022 Rebates,0,0.0,None,0
2003960,1,R3 - 2023 Rebates,0,0.0,None,0
2005280,1,R1 - 2022 Rebates,0,0.0,None,0
2007680,1,R1 - 2022 Rebates,0,0.0,None,0
2007950,1,R1 - 2022 Rebates,0,0.0,None,0
2008280,1,R1 - 2022 Rebates,0,0.0,None,0
2008400,0,,1,5.0,COMPETITIVE_R2,0
2010950,1,R1 - 2022 Rebates,0,0.0,None,0
2012260,1,R1 - 2022 Rebates,1,25.0,COMPETITIVE_R2,0
2012300,1,R1 - 2022 Rebates,0,0.0,None,0
2012390,1,R1 - 2022 Rebates,0,0.0,None,0
2012870,1,R1 - 2022 Rebates,0,0.0,None,0
2012990,1,R1 - 2022 Rebates,1,18.0,COMPETITIVE_R2,0
2013020,1,R1 - 2022 Rebates,0,0.0,None,0
2100120,1,R3 - 2023 Rebates,0,0.0,None,0
2100291,1,R1 - 2022 Rebates,0,0.0,None,0
2100390,1,R1 - 2022 Rebates,0,0.0,None,0
2100480,1,R3 - 2023 Rebates,0,0.0,None,0
2100540,1,R1 - 2022 Rebates,0,0.0,None,0
2100570,1,R3 - 2023 Rebates,0,0.0,None,0
2100810,1,R1 - 2022 Rebates,0,0.0,None,0
2101050,1,R1 - 2022 Rebates,0,0.0,None,0
2101380,1,R1 - 2022 Rebates,0,0.0,None,0
2101440,1,R1 - 2022 Rebates,0,0.0,None,0
2101470,1,R1 - 2022 Rebates,0,0.0,None,0
2101920,0,,1,17.0,COMPETITIVE_R2,0
2101950,1,R1 - 2022 Rebates,0,0.0,None,0
2102010,1,R2 - Grants,0,0.0,None,0
2102220,1,R1 - 2022 Rebates,0,0.0,None,0
2102280,1,R1 - 2022 Rebates,0,0.0,None,0
2102490,1,R1 - 2022 Rebates,0,0.0,None,0
2102710,1,R1 - 2022 Rebates,0,0.0,None,0
2102760,1,R1 - 2022 Rebates,0,0.0,None,0
2102910,1,R2 - Grants,0,0.0,None,0
2103270,1,R1 - 2022 Rebates,0,0.0,None,0
2103810,1,R1 - 2022 Rebates,0,0.0,None,0
2103840,1,R2 - Grants,0,0.0,None,0
2103870,1,R1 - 2022 Rebates,0,0.0,None,0
2104080,1,R1 - 2022 Rebates,0,0.0,None,0
2104530,1,R2 - Grants,0,0.0,None,0
2104620,1,R1 - 2022 Rebates,0,0.0,None,0
2104770,1,R2 - Grants,0,0.0,None,0
2105100,1,R3 - 2023 Rebates,0,0.0,None,0
2105550,1,R1 - 2022 Rebates,0,0.0,None,0
2105790,1,R1 - 2022 Rebates,0,0.0,None,0
2200125,0,,1,10.0,COMPETITIVE_R2,0
2200150,1,R1 - 2022 Rebates,0,0.0,None,0
2200180,1,R1 - 2022 Rebates,0,0.0,None,0
2200186,1,R1 - 2022 Rebates,0,0.0,None,0
2200208,1,R1 - 2022 Rebates,0,0.0,None,0
2200211,1,R3 - 2023 Rebates,0,0.0,None,0
2200240,1,R3 - 2023 Rebates,0,0.0,None,0
2200243,1,R1 - 2022 Rebates,0,0.0,None,0
2200276,0,,1,5.0,COMPETITIVE_R2,0
2200281,1,R3 - 2023 Rebates,0,0.0,None,0
2200288,0,,1,5.0,COMPETITIVE_R2,0
2200291,0,,1,8.0,COMPETITIVE_R2,0
2200296,0,,1,8.0,COMPETITIVE_R2,0
2200307,0,,1,5.0,COMPETITIVE_R2,0
2200312,0,,1,8.0,COMPETITIVE_R2,0
2200316,0,,1,10.0,COMPETITIVE_R2,0
2200320,0,,1,8.0,COMPETITIVE_R2,0
2200540,0,,1,50.0,COMPETITIVE_R2,0
2200570,1,R3 - 2023 Rebates,0,0.0,None,0
2200840,1,R3 - 2023 Rebates,1,15.0,COMPETITIVE_R2,0
2201110,0,,1,30.0,COMPETITIVE_R2,0
2201500,1,R1 - 2022 Rebates,0,0.0,None,0
2201560,1,R3 - 2023 Rebates,0,0.0,None,0
2201770,1,R1 - 2022 Rebates,0,0.0,None,0
2201950,1,R1 - 2022 Rebates,0,0.0,None,0
2202010,1,R3 - 2023 Rebates,0,0.0,None,0
2300008,1,R1 - 2022 Rebates,0,0.0,None,0
2302730,1,R1 - 2022 Rebates,0,0.0,None,0
2303150,1,R1 - 2022 Rebates,0,0.0,None,0
2303640,1,R1 - 2022 Rebates,0,0.0,None,0
2303780,1,R1 - 2022 Rebates,0,0.0,None,0
2305500,1,R1 - 2022 Rebates,0,0.0,None,0
2305670,1,R1 - 2022 Rebates,0,0.0,None,0
2306160,1,R1 - 2022 Rebates,0,0.0,None,0
2306810,1,R1 - 2022 Rebates,0,0.0,None,0
2307320,1,R1 - 2022 Rebates,0,0.0,None,0
2307800,1,R1 - 2022 Rebates,0,0.0,None,0
2308490,1,R1 - 2022 Rebates,0,0.0,None,0
2309630,1,R1 - 2022 Rebates,0,0.0,None,0
2309930,1,R1 - 2022 Rebates,0,0.0,None,0
2309990,1,R1 - 2022 Rebates,0,0.0,None,0
2310380,1,R1 - 2022 Rebates,0,0.0,None,0
2310860,1,R1 - 2022 Rebates,0,0.0,None,0
2311100,1,R1 - 2022 Rebates,0,0.0,None,0
2311130,1,R1 - 2022 Rebates,0,0.0,None,0
2311160,1,R1 - 2022 Rebates,0,0.0,None,0
2311310,1,R1 - 2022 Rebates,0,0.0,None,0
2311370,1,R1 - 2022 Rebates,0,0.0,None,0
2311520,1,R1 - 2022 Rebates,0,0.0,None,0
2311730,1,R1 - 2022 Rebates,0,0.0,None,0
2312960,1,R1 - 2022 Rebates,0,0.0,None,0
2313210,1,R1 - 2022 Rebates,0,0.0,None,0
2314100,1,R1 - 2022 Rebates,0,0.0,None,0
2314190,1,R1 - 2022 Rebates,0,0.0,None,0
2314700,1,R1 - 2022 Rebates,0,0.0,None,0
2314762,1,R1 - 2022 Rebates,0,0.0,None,0
2314765,1,R1 - 2022 Rebates,0,0.0,None,0
2314773,1,R1 - 2022 Rebates,0,0.0,None,0
2314776,1,R1 - 2022 Rebates,0,0.0,None,0
2314777,1,R1 - 2022 Rebates,0,0.0,None,0
2314779,1,R1 - 2022 Rebates,0,0.0,None,0
2314785,1,R1 - 2022 Rebates,0,0.0,None,0
2314787,1,R1 - 2022 Rebates,0,0.0,None,0
2314788,1,R1 - 2022 Rebates,0,0.0,None,0
2314789,1,R1 - 2022 Rebates,0,0.0,None,0
2314806,1,R1 - 2022 Rebates,0,0.0,None,0
2314820,1,R1 - 2022 Rebates,0,0.0,None,0
2314833,1,R1 - 2022 Rebates,0,0.0,None,0
2314838,1,R1 - 2022 Rebates,0,0.0,None,0
2400030,1,R2 - Grants,0,0.0,None,0
2400090,1,R2 - Grants,0,0.0,None,0
2400120,1,R1 - 2022 Rebates,0,0.0,None,0
2400240,1,R1 - 2022 Rebates,0,0.0,None,0
2400270,1,R1 - 2022 Rebates,0,0.0,None,0
2400390,1,R3 - 2023 Rebates,0,0.0,None,0
2400450,1,R1 - 2022 Rebates,0,0.0,None,0
2400480,1,R1 - 2022 Rebates,1,50.0,COMPETITIVE_R2,0
2400510,1,R1 - 2022 Rebates,0,0.0,None,0
2400540,1,R1 - 2022 Rebates,0,0.0,None,0
2500014,1,R1 - 2022 Rebates,0,0.0,None,0
2500043,1,R1 - 2022 Rebates,0,0.0,None,0
2500087,1,R2 - Grants,0,0.0,None,0
2500554,1,R1 - 2022 Rebates,0,0.0,None,0
2500584,1,R3 - 2023 Rebates,0,0.0,None,0
2501710,1,R1 - 2022 Rebates,0,0.0,None,0
2501890,1,R1 - 2022 Rebates,0,0.0,None,0
2501980,1,R1 - 2022 Rebates,0,0.0,None,0
2502400,1,R1 - 2022 Rebates,0,0.0,None,0
2502640,1,R1 - 2022 Rebates,0,0.0,None,0
2502790,1,R1 - 2022 Rebates,1,50.0,COMPETITIVE_R2,0
2503540,1,R1 - 2022 Rebates,0,0.0,None,0
2503660,1,R2 - Grants,0,0.0,None,0
2503840,1,R1 - 2022 Rebates,0,0.0,None,0
2503990,1,R1 - 2022 Rebates,0,0.0,None,0
2504530,1,R1 - 2022 Rebates,0,0.0,None,0
2504830,0,,1,10.0,COMPETITIVE_R2,0
2504890,1,R2 - Grants,0,0.0,None,0
2504980,1,R1 - 2022 Rebates,0,0.0,None,0
2505280,1,R2 - Grants,0,0.0,None,0
2505370,1,R1 - 2022 Rebates,0,0.0,None,0
2505740,1,R1 - 2022 Rebates,0,0.0,None,0
2506090,1,R1 - 2022 Rebates,0,0.0,None,0
2506270,1,R1 - 2022 Rebates,0,0.0,None,0
2506720,1,R1 - 2022 Rebates,0,0.0,None,0
2507320,1,R1 - 2022 Rebates,0,0.0,None,0
2507680,1,R1 - 2022 Rebates,0,0.0,None,0
2507990,1,R1 - 2022 Rebates,0,0.0,None,0
2508370,1,R1 - 2022 Rebates,0,0.0,None,0
2508430,0,,1,10.0,COMPETITIVE_R2,0
2508530,1,R1 - 2022 Rebates,0,0.0,None,0
2508610,1,R1 - 2022 Rebates,0,0.0,None,0
2508670,1,R1 - 2022 Rebates,0,0.0,None,0
2508760,1,R1 - 2022 Rebates,0,0.0,None,0
2508850,1,R1 - 2022 Rebates,0,0.0,None,0
2508880,1,R1 - 2022 Rebates,0,0.0,None,0
2509600,1,R1 - 2022 Rebates,0,0.0,None,0
2509630,1,R1 - 2022 Rebates,0,0.0,None,0
2510950,1,R1 - 2022 Rebates,0,0.0,None,0
2510980,1,R1 - 2022 Rebates,0,0.0,None,0
2511130,1,R1 - 2022 Rebates,0,0.0,None,0
2511400,1,R1 - 2022 Rebates,0,0.0,None,0
2512060,1,R1 - 2022 Rebates,0,0.0,None,0
2512210,1,R1 - 2022 Rebates,0,0.0,None,0
2512600,1,R1 - 2022 Rebates,0,0.0,None,0
2512690,1,R1 - 2022 Rebates,0,0.0,None,0
2512750,1,R1 - 2022 Rebates,0,0.0,None,0
2512780,1,R1 - 2022 Rebates,0,0.0,None,0
2512990,1,R1 - 2022 Rebates,0,0.0,None,0
2513230,1,R3 - 2023 Rebates,1,15.0,COMPETITIVE_R2,0
2600014,1,R1 - 2022 Rebates,0,0.0,None,0
2600015,1,R1 - 2022 Rebates,0,0.0,None,0
2601103,0,,1,15.0,COMPETITIVE_R2,0
2602790,1,R1 - 2022 Rebates,0,0.0,None,0
2603480,1,R1 - 2022 Rebates,0,0.0,None,0
2604350,1,R3 - 2023 Rebates,0,0.0,None,0
2604950,1,R1 - 2022 Rebates,0,0.0,None,0
2605430,1,R1 - 2022 Rebates,0,0.0,None,0
2605690,1,R1 - 2022 Rebates,0,0.0,None,0
2605780,1,R1 - 2022 Rebates,0,0.0,None,0
2606090,1,R1 - 2022 Rebates,0,0.0,None,0
2606900,0,,1,2.0,COMPETITIVE_R2,0
2607560,1,R1 - 2022 Rebates,0,0.0,None,0
2607620,1,R1 - 2022 Rebates,0,0.0,None,0
2608280,1,R1 - 2022 Rebates,0,0.0,None,0
2608400,1,R1 - 2022 Rebates,0,0.0,None,0
2608580,1,R1 - 2022 Rebates,0,0.0,None,0
2608770,1,R1 - 2022 Rebates,0,0.0,None,0
2612450,1,R2 - Grants,0,0.0,None,0
2612540,1,R1 - 2022 Rebates,0,0.0,None,0
2612810,1,R3 - 2023 Rebates,0,0.0,None,0
2613090,1,R1 - 2022 Rebates,0,0.0,None,0
2614280,1,R1 - 2022 Rebates,0,0.0,None,0
2614460,1,R1 - 2022 Rebates,0,0.0,None,0
2614520,0,,1,10.0,COMPETITIVE_R2,0
2614690,1,R1 - 2022 Rebates,0,0.0,None,0
2614700,1,R1 - 2022 Rebates,0,0.0,None,0
2614790,1,R3 - 2023 Rebates,0,0.0,None,0
2616020,1,R3 - 2023 Rebates,0,0.0,None,0
2616440,1,R2 - Grants,0,0.0,None,0
2616500,1,R1 - 2022 Rebates,0,0.0,None,0
2617700,1,R1 - 2022 Rebates,0,0.0,None,0
2618270,1,R1 - 2022 Rebates,0,0.0,None,0
2618480,1,R1 - 2022 Rebates,0,0.0,None,0
2618840,1,R1 - 2022 Rebates,0,0.0,None,0
2618930,1,R1 - 2022 Rebates,0,0.0,None,0
2619170,1,R3 - 2023 Rebates,0,0.0,None,0
2619800,1,R1 - 2022 Rebates,0,0.0,None,0
2620340,1,R1 - 2022 Rebates,0,0.0,None,0
2620820,1,R1 - 2022 Rebates,0,0.0,None,0
2621120,1,R1 - 2022 Rebates,0,0.0,None,0
2621150,1,R1 - 2022 Rebates,1,15.0,COMPETITIVE_R2,0
2621210,1,R1 - 2022 Rebates,0,0.0,None,0
2621600,1,R1 - 2022 Rebates,0,0.0,None,0
2621840,1,R1 - 2022 Rebates,0,0.0,None,0
2622380,1,R1 - 2022 Rebates,0,0.0,None,0
2622860,1,R1 - 2022 Rebates,0,0.0,None,0
2623160,1,R1 - 2022 Rebates,1,2.0,COMPETITIVE_R2,0
2623910,1,R1 - 2022 Rebates,0,0.0,None,0
2625230,1,R1 - 2022 Rebates,0,0.0,None,0
2625950,1,R1 - 2022 Rebates,0,0.0,None,0
2626100,1,R1 - 2022 Rebates,0,0.0,None,0
2626280,1,R1 - 2022 Rebates,0,0.0,None,0
2626970,1,R3 - 2023 Rebates,0,0.0,None,0
2628740,0,,1,15.0,COMPETITIVE_R2,0
2629220,1,R3 - 2023 Rebates,0,0.0,None,0
2629460,1,R1 - 2022 Rebates,1,5.0,COMPETITIVE_R2,0
2629910,1,R1 - 2022 Rebates,0,0.0,None,0
2630120,1,R1 - 2022 Rebates,0,0.0,None,0
2630660,1,R1 - 2022 Rebates,0,0.0,None,0
2632850,1,R1 - 2022 Rebates,0,0.0,None,0
2632940,1,R1 - 2022 Rebates,0,0.0,None,0
2633540,1,R1 - 2022 Rebates,0,0.0,None,0
2633840,1,R1 - 2022 Rebates,0,0.0,None,0
2633870,1,R1 - 2022 Rebates,0,0.0,None,0
2633900,1,R2 - Grants,0,0.0,None,0
2634260,1,R1 - 2022 Rebates,0,0.0,None,0
2635010,1,R2 - Grants,0,0.0,None,0
2635820,1,R1 - 2022 Rebates,0,0.0,None,0
2635850,1,R1 - 2022 Rebates,0,0.0,None,0
2636060,1,R1 - 2022 Rebates,0,0.0,None,0
2636660,1,R1 - 2022 Rebates,0,0.0,None,0
2680620,1,R2 - Grants,0,0.0,None,0
2680755,1,R1 - 2022 Rebates,1,2.0,COMPETITIVE_R2,0
2700008,1,R1 - 2022 Rebates,0,0.0,None,0
2700019,1,R2 - Grants,0,0.0,None,0
2700022,1,R1 - 2022 Rebates,0,0.0,None,0
2700091,1,R2 - Grants,0,0.0,None,0
2700123,1,R2 - Grants,0,0.0,None,0
2700230,1,R2 - Grants,0,0.0,None,0
2700326,1,R2 - Grants,0,0.0,None,0
2700372,0,,1,1.0,COMPETITIVE_R2,0
2703570,1,R1 - 2022 Rebates,0,0.0,None,0
2705430,1,R2 - Grants,0,0.0,None,0
2708190,1,R2 - Grants,0,0.0,None,0
2709510,1,R2 - Grants,0,0.0,None,0
2711040,1,R3 - 2023 Rebates,0,0.0,None,0
2712580,1,R1 - 2022 Rebates,0,0.0,None,0
2713380,1,R1 - 2022 Rebates,0,0.0,None,0
2714040,1,R1 - 2022 Rebates,0,0.0,None,0
2714190,1,R1 - 2022 Rebates,0,0.0,None,0
2714220,1,R1 - 2022 Rebates,0,0.0,None,0
2714260,1,R1 - 2022 Rebates,0,0.0,None,0
2717910,1,R1 - 2022 Rebates,0,0.0,None,0
2718090,1,R1 - 2022 Rebates,0,0.0,None,0
2718780,1,R3 - 2023 Rebates,0,0.0,None,0
2721240,1,R1 - 2022 Rebates,1,2.0,COMPETITIVE_R2,0
2722950,1,R1 - 2022 Rebates,0,0.0,None,0
2725200,1,R1 - 2022 Rebates,0,0.0,None,0
2728140,1,R1 - 2022 Rebates,0,0.0,None,0
2728200,1,R1 - 2022 Rebates,0,0.0,None,0
2730090,1,R1 - 2022 Rebates,0,0.0,None,0
2730510,1,R3 - 2023 Rebates,0,0.0,None,0
2731780,1,R1 - 2022 Rebates,0,0.0,None,0
2732390,1,R1 - 2022 Rebates,0,0.0,None,0
2732880,1,R2 - Grants,0,0.0,None,0
2733330,1,R1 - 2022 Rebates,0,0.0,None,0
2733510,1,R1 - 2022 Rebates,0,0.0,None,0
2733840,1,R1 - 2022 Rebates,1,10.0,COMPETITIVE_R2,0
2740740,1,R1 - 2022 Rebates,0,0.0,None,0
2742360,1,R1 - 2022 Rebates,0,0.0,None,0
2791450,1,R1 - 2022 Rebates,0,0.0,None,0
2800189,1,R1 - 2022 Rebates,0,0.0,None,0
2800191,1,R2 - Grants,0,0.0,None,0
2800195,1,R1 - 2022 Rebates,0,0.0,None,0
2800510,1,R1 - 2022 Rebates,0,0.0,None,0
2800600,1,R1 - 2022 Rebates,0,0.0,None,0
2800630,1,R1 - 2022 Rebates,1,29.0,COMPETITIVE_R2,0
2800900,1,R1 - 2022 Rebates,0,0.0,None,0
2801200,1,R1 - 2022 Rebates,0,0.0,None,0
2801260,1,R1 - 2022 Rebates,0,0.0,None,0
2801290,1,R1 - 2022 Rebates,0,0.0,None,0
2801590,1,R1 - 2022 Rebates,0,0.0,None,0
2801710,1,R2 - Grants,0,0.0,None,0
2801860,0,,1,2.0,COMPETITIVE_R2,0
2802160,1,R1 - 2022 Rebates,0,0.0,None,0
2802430,1,R1 - 2022 Rebates,0,0.0,None,0
2802490,1,R1 - 2022 Rebates,0,0.0,None,0
2802700,1,R1 - 2022 Rebates,0,0.0,None,0
2802730,1,R1 - 2022 Rebates,0,0.0,None,0
2802850,1,R1 - 2022 Rebates,0,0.0,None,0
2803060,1,R3 - 2023 Rebates,0,0.0,None,0
2803120,1,R1 - 2022 Rebates,0,0.0,None,0
2803520,1,R1 - 2022 Rebates,0,0.0,None,0
2803630,1,R1 - 2022 Rebates,0,0.0,None,0
2803750,1,R2 - Grants,0,0.0,None,0
2900002,1,R1 - 2022 Rebates,0,0.0,None,0
2900003,1,R1 - 2022 Rebates,0,0.0,None,0
2900017,0,,1,4.0,COMPETITIVE_R2,0
2902880,1,R1 - 2022 Rebates,0,0.0,None,0
2902910,1,R1 - 2022 Rebates,0,0.0,None,0
2902970,1,R1 - 2022 Rebates,0,0.0,None,0
2904020,1,R1 - 2022 Rebates,0,0.0,None,0
2904050,1,R1 - 2022 Rebates,0,0.0,None,0
2904140,1,R1 - 2022 Rebates,0,0.0,None,0
2904980,1,R1 - 2022 Rebates,0,0.0,None,0
2905250,1,R1 - 2022 Rebates,0,0.0,None,0
2905760,1,R1 - 2022 Rebates,0,0.0,None,0
2907380,1,R1 - 2022 Rebates,0,0.0,None,0
2908370,1,R1 - 2022 Rebates,0,0.0,None,0
2908670,1,R1 - 2022 Rebates,0,0.0,None,0
2908790,1,R1 - 2022 Rebates,0,0.0,None,0
2909750,1,R1 - 2022 Rebates,0,0.0,None,0
2909810,1,R1 - 2022 Rebates,0,0.0,None,0
2910020,1,R1 - 2022 Rebates,0,0.0,None,0
2910770,1,R1 - 2022 Rebates,0,0.0,None,0
2911040,1,R1 - 2022 Rebates,0,0.0,None,0
2911220,1,R3 - 2023 Rebates,0,0.0,None,0
2912010,1,R1 - 2022 Rebates,1,16.0,COMPETITIVE_R2,0
2912240,1,R3 - 2023 Rebates,0,0.0,None,0
2912600,1,R1 - 2022 Rebates,0,0.0,None,0
2913140,1,R1 - 2022 Rebates,0,0.0,None,0
2913620,0,,1,6.0,COMPETITIVE_R2,0
2913650,1,R3 - 2023 Rebates,0,0.0,None,0
2913800,1,R3 - 2023 Rebates,0,0.0,None,0
2914280,1,R1 - 2022 Rebates,0,0.0,None,0
2914320,1,R1 - 2022 Rebates,0,0.0,None,0
2914340,1,R1 - 2022 Rebates,0,0.0,None,0
2914370,1,R1 - 2022 Rebates,0,0.0,None,0
2915660,1,R1 - 2022 Rebates,0,0.0,None,0
2916530,1,R1 - 2022 Rebates,0,0.0,None,0
2916710,1,R1 - 2022 Rebates,0,0.0,None,0
2916830,1,R1 - 2022 Rebates,0,0.0,None,0
2918420,1,R1 - 2022 Rebates,0,0.0,None,0
2918460,1,R1 - 2022 Rebates,0,0.0,None,0
2918540,1,R1 - 2022 Rebates,0,0.0,None,0
2919350,1,R1 - 2022 Rebates,0,0.0,None,0
2919380,1,R1 - 2022 Rebates,0,0.0,None,0
2919840,1,R1 - 2022 Rebates,0,0.0,None,0
2920280,1,R1 - 2022 Rebates,0,0.0,None,0
2920700,1,R1 - 2022 Rebates,0,0.0,None,0
2920810,1,R1 - 2022 Rebates,0,0.0,None,0
2921810,1,R1 - 2022 Rebates,0,0.0,None,0
2921880,1,R1 - 2022 Rebates,0,0.0,None,0
2921960,1,R1 - 2022 Rebates,0,0.0,None,0
2922470,1,R2 - Grants,0,0.0,None,0
2922650,0,,1,10.0,COMPETITIVE_R2,0
2922980,1,R1 - 2022 Rebates,0,0.0,None,0
2923400,1,R1 - 2022 Rebates,0,0.0,None,0
2923580,1,R1 - 2022 Rebates,0,0.0,None,0
2923760,1,R1 - 2022 Rebates,0,0.0,None,0
2925500,1,R1 - 2022 Rebates,0,0.0,None,0
2925530,1,R1 - 2022 Rebates,0,0.0,None,0
2925590,1,R1 - 2022 Rebates,0,0.0,None,0
2925650,1,R1 - 2022 Rebates,0,0.0,None,0
2926190,1,R1 - 2022 Rebates,0,0.0,None,0
2926480,1,R1 - 2022 Rebates,0,0.0,None,0
2926640,0,,1,24.0,COMPETITIVE_R2,0
2926670,1,R1 - 2022 Rebates,1,6.0,COMPETITIVE_R2,0
2927540,1,R3 - 2023 Rebates,0,0.0,None,0
2927870,1,R1 - 2022 Rebates,0,0.0,None,0
2928860,1,R1 - 2022 Rebates,0,0.0,None,0
2929280,1,R1 - 2022 Rebates,1,30.0,COMPETITIVE_R2,0
2930450,1,R1 - 2022 Rebates,0,0.0,None,0
2930520,1,R1 - 2022 Rebates,0,0.0,None,0
2931650,1,R1 - 2022 Rebates,0,0.0,None,0
2932010,1,R1 - 2022 Rebates,0,0.0,None,0
2932190,1,R1 - 2022 Rebates,0,0.0,None,0
2932300,1,R1 - 2022 Rebates,0,0.0,None,0
3002250,1,R1 - 2022 Rebates,0,0.0,None,0
3003820,1,R3 - 2023 Rebates,0,0.0,None,0
3003870,1,R1 - 2022 Rebates,0,0.0,None,0
3003900,1,R1 - 2022 Rebates,0,0.0,None,0
3008280,1,R1 - 2022 Rebates,0,0.0,None,0
3009030,0,,1,1.0,COMPETITIVE_R2,0
3010080,1,R3 - 2023 Rebates,0,0.0,None,0
3011100,0,,1,11.0,COMPETITIVE_R2,0
3011550,1,R3 - 2023 Rebates,0,0.0,None,0
3013260,0,,1,10.0,COMPETITIVE_R2,0
3013560,1,R1 - 2022 Rebates,0,0.0,None,0
3014760,1,R3 - 2023 Rebates,0,0.0,None,0
3017190,1,R1 - 2022 Rebates,0,0.0,None,0
3020850,0,,1,6.0,COMPETITIVE_R2,0
3024300,1,R1 - 2022 Rebates,0,0.0,None,0
3024930,1,R1 - 2022 Rebates,1,2.0,COMPETITIVE_R2,0
3026100,0,,1,8.0,COMPETITIVE_R2,0
3026160,1,R1 - 2022 Rebates,0,0.0,None,0
3026520,0,,1,3.0,COMPETITIVE_R2,0
3026730,1,R1 - 2022 Rebates,0,0.0,None,0
3100015,1,R1 - 2022 Rebates,0,0.0,None,0
3100024,1,R1 - 2022 Rebates,0,0.0,None,0
3100067,1,R1 - 2022 Rebates,0,0.0,None,0
3100080,1,R1 - 2022 Rebates,0,0.0,None,0
3100099,1,R1 - 2022 Rebates,0,0.0,None,0
3100105,1,R1 - 2022 Rebates,0,0.0,None,0
3100120,1,R1 - 2022 Rebates,0,0.0,None,0
3100123,1,R1 - 2022 Rebates,0,0.0,None,0
3100125,1,R1 - 2022 Rebates,0,0.0,None,0
3100134,1,R1 - 2022 Rebates,0,0.0,None,0
3100157,1,R1 - 2022 Rebates,0,0.0,None,0
3104100,1,R1 - 2022 Rebates,0,0.0,None,0
3119560,1,R3 - 2023 Rebates,1,1.0,COMPETITIVE_R2,0
3171010,1,R1 - 2022 Rebates,0,0.0,None,0
3171220,1,R1 - 2022 Rebates,0,0.0,None,0
3172210,1,R1 - 2022 Rebates,0,0.0,None,0
3172390,1,R1 - 2022 Rebates,0,0.0,None,0
3172840,1,R1 - 2022 Rebates,0,0.0,None,0
3172910,1,R1 - 2022 Rebates,0,0.0,None,0
3174430,1,R1 - 2022 Rebates,0,0.0,None,0
3174820,1,R1 - 2022 Rebates,0,0.0,None,0
3175330,1,R1 - 2022 Rebates,0,0.0,None,0
3175570,1,R1 - 2022 Rebates,0,0.0,None,0
3175690,1,R1 - 2022 Rebates,0,0.0,None,0
3176410,1,R1 - 2022 Rebates,0,0.0,None,0
3178940,1,R1 - 2022 Rebates,0,0.0,None,0
3200120,1,R1 - 2022 Rebates,1,5.0,COMPETITIVE_R2,0
3200240,1,R1 - 2022 Rebates,1,3.0,COMPETITIVE_R2,0
3200300,1,R1 - 2022 Rebates,1,6.0,COMPETITIVE_R2,0
3200360,1,R2 - Grants,1,2.0,COMPETITIVE_R2,0
3200390,0,,1,4.0,COMPETITIVE_R2,0
3200420,0,,1,2.0,COMPETITIVE_R2,0
3200480,0,,1,2.0,COMPETITIVE_R2,0
3301860,1,R1 - 2022 Rebates,0,0.0,None,0
3302100,1,R1 - 2022 Rebates,0,0.0,None,0
3302340,1,R1 - 2022 Rebates,0,0.0,None,0
3302460,1,R1 - 2022 Rebates,0,0.0,None,0
3303360,1,R1 - 2022 Rebates,0,0.0,None,0
3303600,1,R2 - Grants,0,0.0,None,0
3303810,1,R1 - 2022 Rebates,0,0.0,None,0
3303900,1,R1 - 2022 Rebates,0,0.0,None,0
3303960,1,R1 - 2022 Rebates,0,0.0,None,0
3304040,1,R1 - 2022 Rebates,0,0.0,None,0
3304350,1,R1 - 2022 Rebates,0,0.0,None,0
3304760,1,R1 - 2022 Rebates,0,0.0,None,0
3304960,1,R1 - 2022 Rebates,0,0.0,None,0
3305220,1,R1 - 2022 Rebates,0,0.0,None,0
3305520,1,R1 - 2022 Rebates,0,0.0,None,0
3305790,1,R1 - 2022 Rebates,0,0.0,None,0
3306660,1,R1 - 2022 Rebates,0,0.0,None,0
3306990,1,R1 - 2022 Rebates,0,0.0,None,0
3399908,1,R2 - Grants,0,0.0,None,0
3399910,1,R2 - Grants,0,0.0,None,0
3399919,1,R1 - 2022 Rebates,0,0.0,None,0
3399927,1,R2 - Grants,0,0.0,None,0
3399944,1,R1 - 2022 Rebates,0,0.0,None,0
3399957,1,R2 - Grants,0,0.0,None,0
3399960,1,R1 - 2022 Rebates,0,0.0,None,0
3400005,1,R1 - 2022 Rebates,0,0.0,None,0
3400715,1,R3 - 2023 Rebates,0,0.0,None,0
3400769,1,R1 - 2022 Rebates,0,0.0,None,0
3401590,1,R1 - 2022 Rebates,0,0.0,None,0
3401620,1,R1 - 2022 Rebates,0,0.0,None,0
3401740,1,R2 - Grants,0,0.0,None,0
3401830,1,R1 - 2022 Rebates,1,3.0,COMPETITIVE_R2,0
3401950,1,R1 - 2022 Rebates,0,0.0,None,0
3402220,1,R1 - 2022 Rebates,0,0.0,None,0
3402580,1,R1 - 2022 Rebates,0,0.0,None,0
3402640,1,R1 - 2022 Rebates,0,0.0,None,0
3403750,1,R1 - 2022 Rebates,0,0.0,None,0
3403870,1,R1 - 2022 Rebates,0,0.0,None,0
3403930,1,R3 - 2023 Rebates,0,0.0,None,0
3404230,1,R1 - 2022 Rebates,0,0.0,None,0
3404590,1,R1 - 2022 Rebates,1,7.0,COMPETITIVE_R2,0
3404740,1,R1 - 2022 Rebates,0,0.0,None,0
3404980,1,R1 - 2022 Rebates,0,0.0,None,0
3405310,1,R1 - 2022 Rebates,0,0.0,None,0
3405340,1,R1 - 2022 Rebates,0,0.0,None,0
3405760,1,R1 - 2022 Rebates,0,0.0,None,0
3406000,1,R1 - 2022 Rebates,0,0.0,None,0
3406660,1,R1 - 2022 Rebates,0,0.0,None,0
3407440,1,R3 - 2023 Rebates,0,0.0,None,0
3407530,1,R1 - 2022 Rebates,0,0.0,None,0
3407740,1,R1 - 2022 Rebates,0,0.0,None,0
3407830,1,R1 - 2022 Rebates,0,0.0,None,0
3408220,0,,1,14.0,COMPETITIVE_R2,0
3408520,1,R1 - 2022 Rebates,0,0.0,None,0
3408640,1,R1 - 2022 Rebates,0,0.0,None,0
3408730,1,R1 - 2022 Rebates,0,0.0,None,0
3408940,1,R1 - 2022 Rebates,0,0.0,None,0
3409030,1,R1 - 2022 Rebates,0,0.0,None,0
3411340,1,R1 - 2022 Rebates,1,6.0,COMPETITIVE_R2,0
3411730,1,R1 - 2022 Rebates,0,0.0,None,0
3412690,1,R1 - 2022 Rebates,0,0.0,None,0
3412930,1,R1 - 2022 Rebates,0,0.0,None,0
3413050,1,R1 - 2022 Rebates,0,0.0,None,0
3413110,1,R1 - 2022 Rebates,0,0.0,None,0
3413140,1,R3 - 2023 Rebates,0,0.0,None,0
3413200,1,R1 - 2022 Rebates,0,0.0,None,0
3413410,1,R1 - 2022 Rebates,0,0.0,None,0
3413650,1,R1 - 2022 Rebates,0,0.0,None,0
3413680,1,R1 - 2022 Rebates,0,0.0,None,0
3413710,1,R1 - 2022 Rebates,0,0.0,None,0
3414310,1,R1 - 2022 Rebates,0,0.0,None,0
3414640,1,R1 - 2022 Rebates,0,0.0,None,0
3414940,1,R1 - 2022 Rebates,0,0.0,None,0
3416230,1,R1 - 2022 Rebates,0,0.0,None,0
3416380,1,R1 - 2022 Rebates,1,12.0,COMPETITIVE_R2,0
3416470,1,R1 - 2022 Rebates,0,0.0,None,0
3416710,1,R1 - 2022 Rebates,0,0.0,None,0
3416740,1,R1 - 2022 Rebates,0,0.0,None,0
3500060,1,R1 - 2022 Rebates,0,0.0,None,0
3500153,1,R1 - 2022 Rebates,0,0.0,None,0
3500171,1,R1 - 2022 Rebates,0,0.0,None,0
3501170,1,R1 - 2022 Rebates,0,0.0,None,0
3501320,1,R1 - 2022 Rebates,0,0.0,None,0
3501350,1,R1 - 2022 Rebates,0,0.0,None,0
3501560,1,R1 - 2022 Rebates,0,0.0,None,0
3501710,1,R1 - 2022 Rebates,0,0.0,None,0
3501830,1,R1 - 2022 Rebates,0,0.0,None,0
3502250,1,R1 - 2022 Rebates,0,0.0,None,0
3502370,1,R1 - 2022 Rebates,0,0.0,None,0
3502520,1,R2 - Grants,0,0.0,None,0
3502550,1,R1 - 2022 Rebates,0,0.0,None,0
3600001,1,R1 - 2022 Rebates,0,0.0,None,0
3600003,1,R1 - 2022 Rebates,0,0.0,None,0
3600006,1,R3 - 2023 Rebates,0,0.0,None,0
3600015,1,R1 - 2022 Rebates,0,0.0,None,0
3600017,1,R1 - 2022 Rebates,0,0.0,None,0
3600019,1,R1 - 2022 Rebates,0,0.0,None,0
3600023,1,R1 - 2022 Rebates,0,0.0,None,0
3600076,1,R3 - 2023 Rebates,0,0.0,None,0
3600081,1,R3 - 2023 Rebates,0,0.0,None,0
3600083,1,R3 - 2023 Rebates,0,0.0,None,0
3600084,1,R1 - 2022 Rebates,0,0.0,None,0
3600085,1,R2 - Grants,0,0.0,None,0
3600086,1,R1 - 2022 Rebates,0,0.0,None,0
3600087,1,R2 - Grants,0,0.0,None,0
3600088,1,R2 - Grants,0,0.0,None,0
3600090,1,R2 - Grants,0,0.0,None,0
3600091,1,R3 - 2023 Rebates,0,0.0,None,0
3600092,1,R3 - 2023 Rebates,0,0.0,None,0
3600094,1,R3 - 2023 Rebates,0,0.0,None,0
3600095,1,R3 - 2023 Rebates,0,0.0,None,0
3600097,1,R3 - 2023 Rebates,0,0.0,None,0
3600098,1,R3 - 2023 Rebates,0,0.0,None,0
3600099,1,R3 - 2023 Rebates,0,0.0,None,0
3600103,1,R1 - 2022 Rebates,0,0.0,None,0
3600119,1,R3 - 2023 Rebates,0,0.0,None,0
3600120,1,R3 - 2023 Rebates,1,20.0,COMPETITIVE_R2,0
3600123,1,R1 - 2022 Rebates,0,0.0,None,0
3600135,1,R3 - 2023 Rebates,0,0.0,None,0
3600151,1,R3 - 2023 Rebates,1,20.0,COMPETITIVE_R2,0
3600152,1,R3 - 2023 Rebates,1,20.0,COMPETITIVE_R2,0
3600153,0,,1,20.0,COMPETITIVE_R2,0
3602370,1,R3 - 2023 Rebates,0,0.0,None,0
3602460,1,R1 - 2022 Rebates,0,0.0,None,0
3602520,1,R1 - 2022 Rebates,0,0.0,None,0
3602730,1,R1 - 2022 Rebates,0,0.0,None,0
3602940,1,R2 - Grants,0,0.0,None,0
3602970,1,R1 - 2022 Rebates,0,0.0,None,0
3603000,1,R1 - 2022 Rebates,0,0.0,None,0
3603060,1,R3 - 2023 Rebates,0,0.0,None,0
3603180,1,R1 - 2022 Rebates,0,0.0,None,0
3603480,1,R3 - 2023 Rebates,0,0.0,None,0
3603870,1,R1 - 2022 Rebates,0,0.0,None,0
3604080,1,R1 - 2022 Rebates,0,0.0,None,0
3604140,1,R3 - 2023 Rebates,0,0.0,None,0
3604200,1,R1 - 2022 Rebates,0,0.0,None,0
3604350,1,R2 - Grants,0,0.0,None,0
3604530,1,R1 - 2022 Rebates,0,0.0,None,0
3604650,1,R1 - 2022 Rebates,0,0.0,None,0
3604710,1,R1 - 2022 Rebates,0,0.0,None,0
3604740,1,R2 - Grants,0,0.0,None,0
3604757,1,R1 - 2022 Rebates,0,0.0,None,0
3604870,1,R1 - 2022 Rebates,0,0.0,None,0
3605280,1,R1 - 2022 Rebates,0,0.0,None,0
3605460,1,R3 - 2023 Rebates,0,0.0,None,0
3605580,1,R1 - 2022 Rebates,0,0.0,None,0
3605820,1,R3 - 2023 Rebates,0,0.0,None,0
3605850,1,R2 - Grants,0,0.0,None,0
3605940,1,R1 - 2022 Rebates,0,0.0,None,0
3606060,1,R1 - 2022 Rebates,0,0.0,None,0
3606160,1,R3 - 2023 Rebates,0,0.0,None,0
3606300,1,R1 - 2022 Rebates,0,0.0,None,0
3606630,1,R1 - 2022 Rebates,0,0.0,None,0
3606660,1,R2 - Grants,0,0.0,None,0
3606870,1,R1 - 2022 Rebates,0,0.0,None,0
3607020,1,R1 - 2022 Rebates,0,0.0,None,0
3607080,1,R3 - 2023 Rebates,0,0.0,None,0
3607290,1,R1 - 2022 Rebates,0,0.0,None,0
3607530,1,R1 - 2022 Rebates,0,0.0,None,0
3607560,1,R1 - 2022 Rebates,0,0.0,None,0
3607710,1,R3 - 2023 Rebates,0,0.0,None,0
3608160,1,R2 - Grants,0,0.0,None,0
3608460,1,R2 - Grants,0,0.0,None,0
3608580,1,R1 - 2022 Rebates,0,0.0,None,0
3609090,1,R3 - 2023 Rebates,0,0.0,None,0
3609210,1,R3 - 2023 Rebates,0,0.0,None,0
3609420,1,R1 - 2022 Rebates,0,0.0,None,0
3609630,1,R3 - 2023 Rebates,0,0.0,None,0
3609990,1,R1 - 2022 Rebates,0,0.0,None,0
3610980,1,R2 - Grants,0,0.0,None,0
3611280,1,R1 - 2022 Rebates,0,0.0,None,0
3611370,1,R1 - 2022 Rebates,0,0.0,None,0
3611430,1,R1 - 2022 Rebates,0,0.0,None,0
3611460,1,R3 - 2023 Rebates,0,0.0,None,0
3611700,1,R1 - 2022 Rebates,0,0.0,None,0
3611860,1,R1 - 2022 Rebates,0,0.0,None,0
3612330,1,R3 - 2023 Rebates,0,0.0,None,0
3612360,1,R3 - 2023 Rebates,0,0.0,None,0
3612870,1,R1 - 2022 Rebates,0,0.0,None,0
3612900,1,R3 - 2023 Rebates,0,0.0,None,0
3613290,1,R1 - 2022 Rebates,0,0.0,None,0
3613350,1,R3 - 2023 Rebates,0,0.0,None,0
3613590,1,R1 - 2022 Rebates,0,0.0,None,0
3614340,1,R2 - Grants,0,0.0,None,0
3614460,1,R1 - 2022 Rebates,0,0.0,None,0
3614550,1,R1 - 2022 Rebates,0,0.0,None,0
3614670,1,R1 - 2022 Rebates,0,0.0,None,0
3614700,1,R1 - 2022 Rebates,0,0.0,None,0
3615570,1,R1 - 2022 Rebates,0,0.0,None,0
3615630,1,R3 - 2023 Rebates,0,0.0,None,0
3615900,1,R1 - 2022 Rebates,0,0.0,None,0
3616560,1,R1 - 2022 Rebates,1,20.0,COMPETITIVE_R2,0
3616680,1,R1 - 2022 Rebates,0,0.0,None,0
3617380,1,R2 - Grants,0,0.0,None,0
3617430,1,R1 - 2022 Rebates,0,0.0,None,0
3617730,1,R1 - 2022 Rebates,0,0.0,None,0
3618030,1,R2 - Grants,0,0.0,None,0
3618600,1,R3 - 2023 Rebates,0,0.0,None,0
3619170,1,R1 - 2022 Rebates,0,0.0,None,0
3619380,1,R1 - 2022 Rebates,0,0.0,None,0
3619740,1,R2 - Grants,0,0.0,None,0
3619830,1,R1 - 2022 Rebates,0,0.0,None,0
3620010,1,R1 - 2022 Rebates,0,0.0,None,0
3620340,1,R3 - 2023 Rebates,0,0.0,None,0
3620580,1,R2 - Grants,1,100.0,COMPETITIVE_R2,0
3620820,1,R1 - 2022 Rebates,0,0.0,None,0
3620850,1,R1 - 2022 Rebates,0,0.0,None,0
3621210,1,R1 - 2022 Rebates,0,0.0,None,0
3621810,1,R3 - 2023 Rebates,0,0.0,None,0
3621900,1,R3 - 2023 Rebates,0,0.0,None,0
3622050,1,R1 - 2022 Rebates,0,0.0,None,0
3622170,1,R1 - 2022 Rebates,0,0.0,None,0
3622200,1,R1 - 2022 Rebates,0,0.0,None,0
3622530,1,R1 - 2022 Rebates,0,0.0,None,0
3622710,1,R1 - 2022 Rebates,0,0.0,None,0
3622830,1,R1 - 2022 Rebates,0,0.0,None,0
3623070,1,R1 - 2022 Rebates,0,0.0,None,0
3623160,1,R1 - 2022 Rebates,0,0.0,None,0
3623280,1,R1 - 2022 Rebates,0,0.0,None,0
3623370,1,R1 - 2022 Rebates,0,0.0,None,0
3623790,1,R3 - 2023 Rebates,0,0.0,None,0
3624030,1,R1 - 2022 Rebates,0,0.0,None,0
3624240,1,R3 - 2023 Rebates,0,0.0,None,0
3624900,1,R1 - 2022 Rebates,0,0.0,None,0
3624930,1,R1 - 2022 Rebates,0,0.0,None,0
3625470,1,R1 - 2022 Rebates,0,0.0,None,0
3625980,1,R3 - 2023 Rebates,0,0.0,None,0
3626010,1,R2 - Grants,0,0.0,None,0
3626310,1,R2 - Grants,0,0.0,None,0
3626370,1,R1 - 2022 Rebates,0,0.0,None,0
3626580,1,R1 - 2022 Rebates,0,0.0,None,0
3626670,1,R1 - 2022 Rebates,0,0.0,None,0
3626760,1,R1 - 2022 Rebates,0,0.0,None,0
3627210,1,R3 - 2023 Rebates,0,0.0,None,0
3627300,1,R2 - Grants,0,0.0,None,0
3627780,1,R1 - 2022 Rebates,0,0.0,None,0
3627960,1,R1 - 2022 Rebates,0,0.0,None,0
3628500,1,R1 - 2022 Rebates,0,0.0,None,0
3628590,1,R3 - 2023 Rebates,0,0.0,None,0
3628650,1,R1 - 2022 Rebates,0,0.0,None,0
3628710,1,R3 - 2023 Rebates,0,0.0,None,0
3629240,1,R3 - 2023 Rebates,0,0.0,None,0
3629250,1,R1 - 2022 Rebates,0,0.0,None,0
3629640,1,R1 - 2022 Rebates,0,0.0,None,0
3630120,1,R3 - 2023 Rebates,0,0.0,None,0
3631260,1,R1 - 2022 Rebates,0,0.0,None,0
3631320,1,R1 - 2022 Rebates,0,0.0,None,0
3631860,1,R1 - 2022 Rebates,0,0.0,None,0
3631920,1,R2 - Grants,0,0.0,None,0
3680540,1,R2 - Grants,0,0.0,None,0
3680720,1,R3 - 2023 Rebates,0,0.0,None,0
3680940,1,R1 - 2022 Rebates,0,0.0,None,0
3700011,0,,1,2.0,COMPETITIVE_R2,0
3700022,1,R1 - 2022 Rebates,1,4.0,COMPETITIVE_R2,0
3700023,1,R2 - Grants,0,0.0,None,0
3700031,1,R2 - Grants,0,0.0,None,0
3700068,1,R1 - 2022 Rebates,0,0.0,None,0
3700153,1,R1 - 2022 Rebates,1,15.0,COMPETITIVE_R2,0
3700270,1,R2 - Grants,0,0.0,None,0
3700360,1,R1 - 2022 Rebates,1,4.0,COMPETITIVE_R2,0
3700363,1,R1 - 2022 Rebates,1,1.0,COMPETITIVE_R2,0
3700372,1,R1 - 2022 Rebates,0,0.0,None,0
3700375,0,,1,2.0,COMPETITIVE_R2,0
3700385,1,R3 - 2023 Rebates,1,3.0,COMPETITIVE_R2,0
3700389,1,R1 - 2022 Rebates,0,0.0,None,0
3700407,1,R1 - 2022 Rebates,0,0.0,None,0
3700413,0,,1,3.0,COMPETITIVE_R2,0
3700438,1,R2 - Grants,0,0.0,None,0
3700450,1,R1 - 2022 Rebates,0,0.0,None,0
3700472,1,R1 - 2022 Rebates,0,0.0,None,0
3700530,1,R1 - 2022 Rebates,0,0.0,None,0
3700580,1,R2 - Grants,0,0.0,None,0
3700600,1,R1 - 2022 Rebates,0,0.0,None,0
3701260,1,R1 - 2022 Rebates,1,32.0,COMPETITIVE_R2,0
3701800,0,,1,2.0,COMPETITIVE_R2,0
3701920,1,R1 - 2022 Rebates,0,0.0,None,0
3702310,1,R2 - Grants,0,0.0,None,0
3702370,1,R1 - 2022 Rebates,1,8.0,COMPETITIVE_R2,0
3702430,0,,1,1.0,COMPETITIVE_R2,0
3702610,1,R2 - Grants,0,0.0,None,0
3702820,1,R1 - 2022 Rebates,1,2.0,COMPETITIVE_R2,0
3702970,1,R1 - 2022 Rebates,1,27.0,COMPETITIVE_R2,0
3703330,1,R1 - 2022 Rebates,0,0.0,None,0
3703870,0,,1,2.0,COMPETITIVE_R2,0
3704050,1,R2 - Grants,0,0.0,None,0
3704320,1,R2 - Grants,0,0.0,None,0
3704410,1,R1 - 2022 Rebates,0,0.0,None,0
3705040,1,R1 - 2022 Rebates,0,0.0,None,0
3800014,1,R2 - Grants,0,0.0,None,0
3800027,1,R1 - 2022 Rebates,0,0.0,None,0
3800036,1,R1 - 2022 Rebates,0,0.0,None,0
3805460,1,R1 - 2022 Rebates,0,0.0,None,0
3808890,0,,1,1.0,COMPETITIVE_R2,0
3900123,1,R1 - 2022 Rebates,0,0.0,None,0
3900396,1,R1 - 2022 Rebates,0,0.0,None,0
3901396,1,R1 - 2022 Rebates,0,0.0,None,0
3901576,1,R3 - 2023 Rebates,0,0.0,None,0
3904348,1,R1 - 2022 Rebates,0,0.0,None,0
3904352,1,R2 - Grants,0,0.0,None,0
3904353,1,R1 - 2022 Rebates,0,0.0,None,0
3904357,1,R1 - 2022 Rebates,0,0.0,None,0
3904363,1,R1 - 2022 Rebates,0,0.0,None,0
3904370,1,R1 - 2022 Rebates,1,1.0,COMPETITIVE_R2,0
3904375,0,,1,10.0,COMPETITIVE_R2,0
3904376,1,R1 - 2022 Rebates,0,0.0,None,0
3904378,1,R1 - 2022 Rebates,0,0.0,None,0
3904380,1,R1 - 2022 Rebates,0,0.0,None,0
3904384,1,R1 - 2022 Rebates,0,0.0,None,0
3904387,1,R1 - 2022 Rebates,0,0.0,None,0
3904390,1,R1 - 2022 Rebates,0,0.0,None,0
3904394,1,R1 - 2022 Rebates,0,0.0,None,0
3904395,0,,1,10.0,COMPETITIVE_R2,0
3904401,1,R1 - 2022 Rebates,0,0.0,None,0
3904412,1,R2 - Grants,0,0.0,None,0
3904422,1,R1 - 2022 Rebates,0,0.0,None,0
3904434,1,R3 - 2023 Rebates,0,0.0,None,0
3904441,1,R1 - 2022 Rebates,1,12.0,COMPETITIVE_R2,0
3904444,1,R2 - Grants,0,0.0,None,0
3904457,1,R1 - 2022 Rebates,0,0.0,None,0
3904459,1,R1 - 2022 Rebates,0,0.0,None,0
3904464,1,R1 - 2022 Rebates,0,0.0,None,0
3904475,1,R1 - 2022 Rebates,0,0.0,None,0
3904485,0,,1,1.0,COMPETITIVE_R2,0
3904490,1,R2 - Grants,0,0.0,None,0
3904499,1,R1 - 2022 Rebates,0,0.0,None,0
3904504,1,R1 - 2022 Rebates,0,0.0,None,0
3904513,1,R1 - 2022 Rebates,0,0.0,None,0
3904516,0,,1,15.0,COMPETITIVE_R2,0
3904520,1,R3 - 2023 Rebates,0,0.0,None,0
3904523,1,R1 - 2022 Rebates,0,0.0,None,0
3904540,1,R2 - Grants,0,0.0,None,0
3904578,1,R1 - 2022 Rebates,0,0.0,None,0
3904590,1,R1 - 2022 Rebates,0,0.0,None,0
3904591,1,R1 - 2022 Rebates,0,0.0,None,0
3904592,1,R1 - 2022 Rebates,0,0.0,None,0
3904662,1,R1 - 2022 Rebates,0,0.0,None,0
3904701,1,R1 - 2022 Rebates,0,0.0,None,0
3904702,1,R1 - 2022 Rebates,0,0.0,None,0
3904708,1,R3 - 2023 Rebates,0,0.0,None,0
3904709,1,R3 - 2023 Rebates,0,0.0,None,0
3904730,1,R3 - 2023 Rebates,0,0.0,None,0
3904745,1,R1 - 2022 Rebates,0,0.0,None,0
3904761,1,R3 - 2023 Rebates,0,0.0,None,0
3904779,1,R1 - 2022 Rebates,0,0.0,None,0
3904803,1,R1 - 2022 Rebates,0,0.0,None,0
3904844,1,R1 - 2022 Rebates,0,0.0,None,0
3904857,1,R1 - 2022 Rebates,0,0.0,None,0
3904879,1,R1 - 2022 Rebates,0,0.0,None,0
3904913,1,R1 - 2022 Rebates,0,0.0,None,0
3904949,1,R1 - 2022 Rebates,0,0.0,None,0
3904957,1,R1 - 2022 Rebates,0,0.0,None,0
3904959,1,R1 - 2022 Rebates,0,0.0,None,0
3905032,1,R1 - 2022 Rebates,0,0.0,None,0
3905048,1,R1 - 2022 Rebates,0,0.0,None,0
3905056,1,R3 - 2023 Rebates,0,0.0,None,0
3905063,1,R1 - 2022 Rebates,0,0.0,None,0
3905068,1,R1 - 2022 Rebates,0,0.0,None,0
3906568,1,R2 - Grants,0,0.0,None,0
3910011,1,R1 - 2022 Rebates,0,0.0,None,0
3910019,1,R1 - 2022 Rebates,0,0.0,None,0
4000013,1,R1 - 2022 Rebates,0,0.0,None,0
4000797,1,R1 - 2022 Rebates,0,0.0,None,0
4000802,1,R1 - 2022 Rebates,0,0.0,None,0
4002430,1,R1 - 2022 Rebates,0,0.0,None,0
4002580,1,R1 - 2022 Rebates,0,0.0,None,0
4002670,1,R1 - 2022 Rebates,0,0.0,None,0
4002850,1,R1 - 2022 Rebates,0,0.0,None,0
4003360,1,R1 - 2022 Rebates,0,0.0,None,0
4004020,1,R1 - 2022 Rebates,0,0.0,None,0
4004630,1,R1 - 2022 Rebates,0,0.0,None,0
4006000,1,R1 - 2022 Rebates,0,0.0,None,0
4006120,0,,1,6.0,COMPETITIVE_R2,0
4006180,1,R1 - 2022 Rebates,0,0.0,None,0
4006330,1,R1 - 2022 Rebates,0,0.0,None,0
4006480,1,R1 - 2022 Rebates,0,0.0,None,0
4007170,1,R1 - 2022 Rebates,0,0.0,None,0
4007350,1,R1 - 2022 Rebates,0,0.0,None,0
4008220,1,R1 - 2022 Rebates,0,0.0,None,0
4008250,1,R1 - 2022 Rebates,0,0.0,None,0
4008370,1,R1 - 2022 Rebates,0,0.0,None,0
4009390,1,R1 - 2022 Rebates,0,0.0,None,0
4009510,1,R1 - 2022 Rebates,0,0.0,None,0
4010170,1,R1 - 2022 Rebates,0,0.0,None,0
4010590,1,R1 - 2022 Rebates,0,0.0,None,0
4010740,1,R1 - 2022 Rebates,0,0.0,None,0
4011160,1,R1 - 2022 Rebates,0,0.0,None,0
4011970,1,R1 - 2022 Rebates,0,0.0,None,0
4012420,1,R1 - 2022 Rebates,0,0.0,None,0
4012720,1,R3 - 2023 Rebates,0,0.0,None,0
4013290,1,R1 - 2022 Rebates,0,0.0,None,0
4013920,1,R1 - 2022 Rebates,0,0.0,None,0
4014160,1,R1 - 2022 Rebates,0,0.0,None,0
4015480,1,R1 - 2022 Rebates,0,0.0,None,0
4015750,1,R1 - 2022 Rebates,0,0.0,None,0
4015990,1,R1 - 2022 Rebates,0,0.0,None,0
4016590,1,R1 - 2022 Rebates,0,0.0,None,0
4017220,1,R1 - 2022 Rebates,0,0.0,None,0
4017250,1,R1 - 2022 Rebates,1,23.0,COMPETITIVE_R2,0
4020280,1,R1 - 2022 Rebates,0,0.0,None,0
4020970,1,R1 - 2022 Rebates,0,0.0,None,0
4021840,1,R3 - 2023 Rebates,0,0.0,None,0
4022800,1,R1 - 2022 Rebates,0,0.0,None,0
4022950,1,R1 - 2022 Rebates,0,0.0,None,0
4023370,1,R1 - 2022 Rebates,0,0.0,None,0
4023550,1,R1 - 2022 Rebates,0,0.0,None,0
4023610,1,R3 - 2023 Rebates,0,0.0,None,0
4024870,1,R3 - 2023 Rebates,0,0.0,None,0
4026010,1,R1 - 2022 Rebates,0,0.0,None,0
4026100,1,R1 - 2022 Rebates,0,0.0,None,0
4026880,1,R1 - 2022 Rebates,0,0.0,None,0
4027300,1,R1 - 2022 Rebates,0,0.0,None,0
4027450,1,R1 - 2022 Rebates,0,0.0,None,0
4027840,1,R3 - 2023 Rebates,0,0.0,None,0
4027930,1,R1 - 2022 Rebates,0,0.0,None,0
4029520,1,R1 - 2022 Rebates,0,0.0,None,0
4029640,1,R1 - 2022 Rebates,0,0.0,None,0
4030048,1,R1 - 2022 Rebates,0,0.0,None,0
4030240,1,R3 - 2023 Rebates,0,0.0,None,0
4030270,1,R1 - 2022 Rebates,0,0.0,None,0
4030390,1,R1 - 2022 Rebates,0,0.0,None,0
4031470,1,R1 - 2022 Rebates,0,0.0,None,0
4032730,1,R1 - 2022 Rebates,0,0.0,None,0
4033090,1,R3 - 2023 Rebates,0,0.0,None,0
4033240,1,R1 - 2022 Rebates,0,0.0,None,0
4033480,1,R1 - 2022 Rebates,0,0.0,None,0
4033602,1,R1 - 2022 Rebates,0,0.0,None,0
4100023,1,R1 - 2022 Rebates,0,0.0,None,0
4100040,1,R1 - 2022 Rebates,0,0.0,None,0
4101020,1,R1 - 2022 Rebates,0,0.0,None,0
4101920,1,R1 - 2022 Rebates,1,50.0,COMPETITIVE_R2,0
4101980,1,R1 - 2022 Rebates,0,0.0,None,0
4102040,1,R1 - 2022 Rebates,0,0.0,None,0
4102800,1,R1 - 2022 Rebates,0,0.0,None,0
4103420,1,R1 - 2022 Rebates,0,0.0,None,0
4103660,1,R1 - 2022 Rebates,0,0.0,None,0
4103720,1,R1 - 2022 Rebates,0,0.0,None,0
4104350,1,R1 - 2022 Rebates,0,0.0,None,0
4104620,1,R1 - 2022 Rebates,0,0.0,None,0
4104740,1,R1 - 2022 Rebates,0,0.0,None,0
4106000,0,,1,2.0,COMPETITIVE_R2,0
4106510,1,R1 - 2022 Rebates,0,0.0,None,0
4106630,1,R1 - 2022 Rebates,0,0.0,None,0
4107020,1,R1 - 2022 Rebates,0,0.0,None,0
4107080,1,R1 - 2022 Rebates,0,0.0,None,0
4107980,1,R1 - 2022 Rebates,0,0.0,None,0
4108010,0,,1,3.0,COMPETITIVE_R2,0
4108650,1,R1 - 2022 Rebates,0,0.0,None,0
4108820,1,R3 - 2023 Rebates,0,0.0,None,0
4108830,1,R1 - 2022 Rebates,0,0.0,None,0
4108940,1,R1 - 2022 Rebates,0,0.0,None,0
4109150,1,R1 - 2022 Rebates,0,0.0,None,0
4110040,1,R1 - 2022 Rebates,1,18.0,COMPETITIVE_R2,0
4110350,1,R2 - Grants,0,0.0,None,0
4110410,1,R1 - 2022 Rebates,0,0.0,None,0
4110820,1,R1 - 2022 Rebates,0,0.0,None,0
4111970,1,R1 - 2022 Rebates,0,0.0,None,0
4112240,1,R1 - 2022 Rebates,0,0.0,None,0
4113350,1,R3 - 2023 Rebates,1,1.0,COMPETITIVE_R2,0
4113650,1,R1 - 2022 Rebates,0,0.0,None,0
4200076,1,R1 - 2022 Rebates,0,0.0,None,0
4200853,1,R3 - 2023 Rebates,0,0.0,None,0
4202280,1,R1 - 2022 Rebates,0,0.0,None,0
4202400,1,R1 - 2022 Rebates,0,0.0,None,0
4202850,1,R2 - Grants,0,0.0,None,0
4203420,1,R1 - 2022 Rebates,0,0.0,None,0
4203570,1,R1 - 2022 Rebates,0,0.0,None,0
4204020,1,R1 - 2022 Rebates,0,0.0,None,0
4204080,1,R1 - 2022 Rebates,0,0.0,None,0
4204200,1,R1 - 2022 Rebates,0,0.0,None,0
4204830,1,R1 - 2022 Rebates,0,0.0,None,0
4205040,1,R1 - 2022 Rebates,0,0.0,None,0
4205070,1,R2 - Grants,0,0.0,None,0
4205400,1,R1 - 2022 Rebates,0,0.0,None,0
4205550,1,R1 - 2022 Rebates,0,0.0,None,0
4205700,1,R1 - 2022 Rebates,0,0.0,None,0
4205860,1,R1 - 2022 Rebates,0,0.0,None,0
4206590,1,R1 - 2022 Rebates,0,0.0,None,0
4207290,1,R1 - 2022 Rebates,0,0.0,None,0
4208060,1,R1 - 2022 Rebates,0,0.0,None,0
4208550,1,R2 - Grants,0,0.0,None,0
4208850,1,R2 - Grants,0,0.0,None,0
4209360,1,R1 - 2022 Rebates,0,0.0,None,0
4209480,1,R1 - 2022 Rebates,0,0.0,None,0
4209930,1,R1 - 2022 Rebates,0,0.0,None,0
4210530,1,R1 - 2022 Rebates,0,0.0,None,0
4210950,1,R1 - 2022 Rebates,0,0.0,None,0
4211220,1,R1 - 2022 Rebates,0,0.0,None,0
4211420,1,R1 - 2022 Rebates,0,0.0,None,0
4211610,1,R1 - 2022 Rebates,0,0.0,None,0
4211670,1,R3 - 2023 Rebates,0,0.0,None,0
4211700,1,R1 - 2022 Rebates,0,0.0,None,0
4211940,1,R1 - 2022 Rebates,0,0.0,None,0
4212300,1,R1 - 2022 Rebates,0,0.0,None,0
4212990,1,R1 - 2022 Rebates,0,0.0,None,0
4213020,1,R2 - Grants,0,0.0,None,0
4213320,0,,1,15.0,COMPETITIVE_R2,0
4214160,1,R1 - 2022 Rebates,0,0.0,None,0
4214940,1,R1 - 2022 Rebates,0,0.0,None,0
4215480,1,R1 - 2022 Rebates,0,0.0,None,0
4215830,1,R2 - Grants,0,0.0,None,0
4215960,1,R1 - 2022 Rebates,0,0.0,None,0
4216620,1,R3 - 2023 Rebates,1,15.0,COMPETITIVE_R2,0
4216740,1,R1 - 2022 Rebates,0,0.0,None,0
4217130,1,R1 - 2022 Rebates,0,0.0,None,0
4217280,1,R1 - 2022 Rebates,0,0.0,None,0
4217460,1,R1 - 2022 Rebates,0,0.0,None,0
4217730,1,R1 - 2022 Rebates,0,0.0,None,0
4217790,1,R1 - 2022 Rebates,0,0.0,None,0
4217880,1,R1 - 2022 Rebates,0,0.0,None,0
4218240,1,R1 - 2022 Rebates,0,0.0,None,0
4218450,1,R3 - 2023 Rebates,0,0.0,None,0
4218590,1,R1 - 2022 Rebates,0,0.0,None,0
4218630,1,R1 - 2022 Rebates,0,0.0,None,0
4218840,1,R1 - 2022 Rebates,0,0.0,None,0
4218990,1,R1 - 2022 Rebates,1,20.0,COMPETITIVE_R2,0
4219050,1,R1 - 2022 Rebates,0,0.0,None,0
4219170,1,R2 - Grants,1,45.0,COMPETITIVE_R2,0
4219350,1,R1 - 2022 Rebates,0,0.0,None,0
4219860,1,R1 - 2022 Rebates,0,0.0,None,0
4219920,1,R1 - 2022 Rebates,0,0.0,None,0
4220040,1,R1 - 2022 Rebates,0,0.0,None,0
4220550,1,R1 - 2022 Rebates,0,0.0,None,0
4220580,1,R1 - 2022 Rebates,0,0.0,None,0
4220970,1,R1 - 2022 Rebates,0,0.0,None,0
4221810,1,R1 - 2022 Rebates,0,0.0,None,0
4222590,1,R1 - 2022 Rebates,0,0.0,None,0
4223550,1,R1 - 2022 Rebates,0,0.0,None,0
4223700,1,R1 - 2022 Rebates,0,0.0,None,0
4223760,1,R1 - 2022 Rebates,0,0.0,None,0
4224090,1,R1 - 2022 Rebates,0,0.0,None,0
4224210,1,R1 - 2022 Rebates,0,0.0,None,0
4224320,1,R1 - 2022 Rebates,0,0.0,None,0
4224390,1,R1 - 2022 Rebates,0,0.0,None,0
4224540,1,R1 - 2022 Rebates,0,0.0,None,0
4224750,1,R1 - 2022 Rebates,0,0.0,None,0
4224790,1,R1 - 2022 Rebates,0,0.0,None,0
4225170,1,R1 - 2022 Rebates,0,0.0,None,0
4225200,1,R1 - 2022 Rebates,0,0.0,None,0
4225950,1,R1 - 2022 Rebates,0,0.0,None,0
4226300,1,R1 - 2022 Rebates,0,0.0,None,0
4226390,0,,1,25.0,COMPETITIVE_R2,0
4226460,1,R1 - 2022 Rebates,0,0.0,None,0
4226520,1,R1 - 2022 Rebates,0,0.0,None,0
4226550,1,R1 - 2022 Rebates,0,0.0,None,0
4400030,1,R1 - 2022 Rebates,0,0.0,None,0
4400240,1,R1 - 2022 Rebates,0,0.0,None,0
4400690,1,R1 - 2022 Rebates,0,0.0,None,0
4400720,1,R1 - 2022 Rebates,0,0.0,None,0
4400840,1,R2 - Grants,0,0.0,None,0
4400900,1,R1 - 2022 Rebates,0,0.0,None,0
4401170,1,R1 - 2022 Rebates,0,0.0,None,0
4500750,1,R1 - 2022 Rebates,0,0.0,None,0
4500930,1,R1 - 2022 Rebates,0,0.0,None,0
4500960,1,R1 - 2022 Rebates,0,0.0,None,0
4501020,1,R1 - 2022 Rebates,0,0.0,None,0
4501050,1,R1 - 2022 Rebates,0,0.0,None,0
4501250,1,R1 - 2022 Rebates,0,0.0,None,0
4501440,1,R2 - Grants,0,0.0,None,0
4501500,1,R3 - 2023 Rebates,0,0.0,None,0
4501560,1,R1 - 2022 Rebates,0,0.0,None,0
4501830,1,R1 - 2022 Rebates,0,0.0,None,0
4501860,1,R1 - 2022 Rebates,0,0.0,None,0
4501920,1,R1 - 2022 Rebates,0,0.0,None,0
4501950,1,R1 - 2022 Rebates,0,0.0,None,0
4502070,1,R1 - 2022 Rebates,0,0.0,None,0
4502100,1,R3 - 2023 Rebates,0,0.0,None,0
4502160,1,R1 - 2022 Rebates,0,0.0,None,0
4502190,1,R1 - 2022 Rebates,0,0.0,None,0
4502220,1,R1 - 2022 Rebates,0,0.0,None,0
4502250,1,R1 - 2022 Rebates,0,0.0,None,0
4502340,1,R1 - 2022 Rebates,0,0.0,None,0
4502370,1,R1 - 2022 Rebates,0,0.0,None,0
4502400,1,R1 - 2022 Rebates,0,0.0,None,0
4502610,1,R1 - 2022 Rebates,0,0.0,None,0
4502670,1,R1 - 2022 Rebates,0,0.0,None,0
4502970,1,R1 - 2022 Rebates,0,0.0,None,0
4503030,1,R1 - 2022 Rebates,0,0.0,None,0
4503060,1,R1 - 2022 Rebates,0,0.0,None,0
4503460,1,R1 - 2022 Rebates,0,0.0,None,0
4503660,1,R1 - 2022 Rebates,0,0.0,None,0
4503750,1,R1 - 2022 Rebates,0,0.0,None,0
4503780,1,R1 - 2022 Rebates,0,0.0,None,0
4503909,1,R1 - 2022 Rebates,0,0.0,None,0
4503913,1,R1 - 2022 Rebates,0,0.0,None,0
4600028,1,R1 - 2022 Rebates,0,0.0,None,0
4609512,1,R1 - 2022 Rebates,0,0.0,None,0
4621420,1,R1 - 2022 Rebates,0,0.0,None,0
4630800,1,R1 - 2022 Rebates,0,0.0,None,0
4631710,1,R1 - 2022 Rebates,0,0.0,None,0
4644940,1,R1 - 2022 Rebates,0,0.0,None,0
4672450,1,R2 - Grants,0,0.0,None,0
4674520,1,R3 - 2023 Rebates,0,0.0,None,0
4680439,1,R1 - 2022 Rebates,0,0.0,None,0
4700001,1,R1 - 2022 Rebates,0,0.0,None,0
4700147,1,R1 - 2022 Rebates,0,0.0,None,0
4700148,1,R2 - Grants,0,0.0,None,0
4700240,1,R3 - 2023 Rebates,0,0.0,None,0
4700270,1,R1 - 2022 Rebates,0,0.0,None,0
4700330,1,R1 - 2022 Rebates,0,0.0,None,0
4700360,1,R1 - 2022 Rebates,0,0.0,None,0
4700450,1,R1 - 2022 Rebates,0,0.0,None,0
4700480,1,R1 - 2022 Rebates,0,0.0,None,0
4700510,1,R1 - 2022 Rebates,0,0.0,None,0
4700570,1,R1 - 2022 Rebates,0,0.0,None,0
4700780,1,R1 - 2022 Rebates,0,0.0,None,0
4701170,1,R1 - 2022 Rebates,0,0.0,None,0
4701230,1,R1 - 2022 Rebates,0,0.0,None,0
4701260,1,R1 - 2022 Rebates,0,0.0,None,0
4701410,1,R1 - 2022 Rebates,0,0.0,None,0
4701440,1,R1 - 2022 Rebates,0,0.0,None,0
4701500,1,R1 - 2022 Rebates,0,0.0,None,0
4701590,1,R2 - Grants,0,0.0,None,0
4701620,1,R1 - 2022 Rebates,0,0.0,None,0
4701680,0,,1,5.0,COMPETITIVE_R2,0
4701770,1,R1 - 2022 Rebates,0,0.0,None,0
4701830,1,R1 - 2022 Rebates,0,0.0,None,0
4701860,1,R1 - 2022 Rebates,0,0.0,None,0
4701920,1,R1 - 2022 Rebates,0,0.0,None,0
4701980,1,R1 - 2022 Rebates,0,0.0,None,0
4702190,1,R1 - 2022 Rebates,0,0.0,None,0
4702220,1,R1 - 2022 Rebates,0,0.0,None,0
4702550,1,R1 - 2022 Rebates,0,0.0,None,0
4703030,1,R1 - 2022 Rebates,0,0.0,None,0
4703090,1,R1 - 2022 Rebates,0,0.0,None,0
4703180,1,R1 - 2022 Rebates,0,0.0,None,0
4703270,1,R1 - 2022 Rebates,0,0.0,None,0
4703390,1,R1 - 2022 Rebates,0,0.0,None,0
4703720,1,R1 - 2022 Rebates,0,0.0,None,0
4703750,1,R1 - 2022 Rebates,0,0.0,None,0
4703870,1,R1 - 2022 Rebates,0,0.0,None,0
4704170,1,R1 - 2022 Rebates,0,0.0,None,0
4704260,1,R1 - 2022 Rebates,0,0.0,None,0
4704350,1,R1 - 2022 Rebates,1,5.0,COMPETITIVE_R2,0
4704380,1,R1 - 2022 Rebates,0,0.0,None,0
4704500,1,R1 - 2022 Rebates,0,0.0,None,0
4800211,1,R1 - 2022 Rebates,0,0.0,None,0
4807710,1,R1 - 2022 Rebates,0,0.0,None,0
4807830,1,R1 - 2022 Rebates,1,20.0,COMPETITIVE_R2,0
4808090,1,R3 - 2023 Rebates,0,0.0,None,0
4808940,1,R1 - 2022 Rebates,0,0.0,None,0
4809410,1,R1 - 2022 Rebates,0,0.0,None,0
4809570,1,R1 - 2022 Rebates,0,0.0,None,0
4809630,0,,1,10.0,COMPETITIVE_R2,0
4810320,1,R1 - 2022 Rebates,0,0.0,None,0
4810380,0,,1,3.0,COMPETITIVE_R2,0
4810620,1,R1 - 2022 Rebates,0,0.0,None,0
4810710,1,R1 - 2022 Rebates,0,0.0,None,0
4811010,1,R1 - 2022 Rebates,0,0.0,None,0
4811680,1,R3 - 2023 Rebates,0,0.0,None,0
4811790,1,R1 - 2022 Rebates,0,0.0,None,0
4812780,0,,1,4.0,COMPETITIVE_R2,0
4813050,1,R1 - 2022 Rebates,0,0.0,None,0
4814190,1,R1 - 2022 Rebates,0,0.0,None,0
4815420,1,R1 - 2022 Rebates,0,0.0,None,0
4816620,0,,1,20.0,COMPETITIVE_R2,0
4816740,1,R1 - 2022 Rebates,0,0.0,None,0
4817010,1,R1 - 2022 Rebates,0,0.0,None,0
4817390,1,R1 - 2022 Rebates,0,0.0,None,0
4818180,1,R1 - 2022 Rebates,0,0.0,None,0
4818300,1,R1 - 2022 Rebates,0,0.0,None,0
4818720,1,R3 - 2023 Rebates,0,0.0,None,0
4819700,1,R1 - 2022 Rebates,0,0.0,None,0
4819820,0,,1,3.0,COMPETITIVE_R2,0
4820010,1,R1 - 2022 Rebates,0,0.0,None,0
4821150,1,R1 - 2022 Rebates,0,0.0,None,0
4821930,1,R1 - 2022 Rebates,0,0.0,None,0
4823310,1,R1 - 2022 Rebates,0,0.0,None,0
4823460,1,R1 - 2022 Rebates,0,0.0,None,0
4823490,1,R3 - 2023 Rebates,0,0.0,None,0
4824750,1,R1 - 2022 Rebates,0,0.0,None,0
4825890,0,,1,3.0,COMPETITIVE_R2,0
4826130,1,R1 - 2022 Rebates,0,0.0,None,0
4827960,1,R1 - 2022 Rebates,0,0.0,None,0
4828110,1,R1 - 2022 Rebates,1,10.0,COMPETITIVE_R2,0
4828410,0,,1,2.0,COMPETITIVE_R2,0
4828550,1,R1 - 2022 Rebates,0,0.0,None,0
4828620,1,R2 - Grants,0,0.0,None,0
4829670,1,R1 - 2022 Rebates,0,0.0,None,0
4830390,1,R1 - 2022 Rebates,0,0.0,None,0
4831860,0,,1,5.0,COMPETITIVE_R2,0
4833340,1,R1 - 2022 Rebates,0,0.0,None,0
4834050,1,R1 - 2022 Rebates,0,0.0,None,0
4834230,1,R1 - 2022 Rebates,0,0.0,None,0
4834470,1,R3 - 2023 Rebates,0,0.0,None,0
4835890,1,R1 - 2022 Rebates,0,0.0,None,0
4837150,1,R1 - 2022 Rebates,0,0.0,None,0
4837260,1,R1 - 2022 Rebates,0,0.0,None,0
4838640,0,,1,3.0,COMPETITIVE_R2,0
4838730,1,R1 - 2022 Rebates,1,15.0,COMPETITIVE_R2,0
4838970,1,R1 - 2022 Rebates,1,6.0,COMPETITIVE_R2,0
4839270,1,R1 - 2022 Rebates,0,0.0,None,0
4839330,0,,1,3.0,COMPETITIVE_R2,0
4839930,1,R1 - 2022 Rebates,0,0.0,None,0
4840020,0,,1,4.0,COMPETITIVE_R2,0
4841220,1,R1 - 2022 Rebates,0,0.0,None,0
4841700,1,R1 - 2022 Rebates,0,0.0,None,0
4841790,1,R1 - 2022 Rebates,0,0.0,None,0
4842450,1,R1 - 2022 Rebates,0,0.0,None,0
4843200,1,R1 - 2022 Rebates,0,0.0,None,0
4843320,1,R1 - 2022 Rebates,0,0.0,None,0
4843800,1,R1 - 2022 Rebates,0,0.0,None,0
4844310,1,R1 - 2022 Rebates,1,3.0,COMPETITIVE_R2,0
4846680,1,R1 - 2022 Rebates,0,0.0,None,0
4900072,1,R1 - 2022 Rebates,1,4.0,COMPETITIVE_R2,0
4900142,1,R1 - 2022 Rebates,0,0.0,None,0
4900240,1,R1 - 2022 Rebates,0,0.0,None,0
4900360,1,R1 - 2022 Rebates,0,0.0,None,0
4900420,1,R1 - 2022 Rebates,0,0.0,None,0
4900570,1,R1 - 2022 Rebates,1,2.0,COMPETITIVE_R2,0
4900630,1,R1 - 2022 Rebates,0,0.0,None,0
4900750,1,R1 - 2022 Rebates,0,0.0,None,0
4900780,1,R1 - 2022 Rebates,0,0.0,None,0
4900870,1,R1 - 2022 Rebates,0,0.0,None,0
5000396,1,R2 - Grants,0,0.0,None,0
5000403,1,R2 - Grants,0,0.0,None,0
5000431,1,R3 - 2023 Rebates,0,0.0,None,0
5000443,1,R1 - 2022 Rebates,0,0.0,None,0
5001830,1,R1 - 2022 Rebates,0,0.0,None,0
5003930,1,R1 - 2022 Rebates,0,0.0,None,0
5007050,1,R1 - 2022 Rebates,0,0.0,None,0
5007170,1,R1 - 2022 Rebates,0,0.0,None,0
5007470,1,R1 - 2022 Rebates,0,0.0,None,0
5008010,1,R1 - 2022 Rebates,0,0.0,None,0
5099906,1,R1 - 2022 Rebates,0,0.0,None,0
5099917,1,R2 - Grants,0,0.0,None,0
5099924,1,R1 - 2022 Rebates,0,0.0,None,0
5099930,1,R2 - Grants,0,0.0,None,0
5099936,1,R2 - Grants,0,0.0,None,0
5099952,1,R2 - Grants,0,0.0,None,0
5100120,1,R1 - 2022 Rebates,0,0.0,None,0
5100180,1,R1 - 2022 Rebates,0,0.0,None,0
5100210,1,R1 - 2022 Rebates,0,0.0,None,0
5100240,1,R1 - 2022 Rebates,0,0.0,None,0
5100330,1,R1 - 2022 Rebates,0,0.0,None,0
5100420,1,R1 - 2022 Rebates,0,0.0,None,0
5100450,1,R1 - 2022 Rebates,0,0.0,None,0
5100480,1,R1 - 2022 Rebates,0,0.0,None,0
5100600,1,R1 - 2022 Rebates,0,0.0,None,0
5100930,1,R1 - 2022 Rebates,0,0.0,None,0
5101020,1,R1 - 2022 Rebates,0,0.0,None,0
5101050,1,R1 - 2022 Rebates,0,0.0,None,0
5101080,1,R1 - 2022 Rebates,0,0.0,None,0
5101110,1,R1 - 2022 Rebates,0,0.0,None,0
5101140,1,R1 - 2022 Rebates,0,0.0,None,0
5101190,1,R1 - 2022 Rebates,0,0.0,None,0
5101260,1,R1 - 2022 Rebates,1,42.0,COMPETITIVE_R2,0
5101290,1,R1 - 2022 Rebates,0,0.0,None,0
5101320,1,R1 - 2022 Rebates,0,0.0,None,0
5101380,1,R1 - 2022 Rebates,0,0.0,None,0
5101510,1,R1 - 2022 Rebates,0,0.0,None,0
5101830,1,R1 - 2022 Rebates,0,0.0,None,0
5101860,1,R1 - 2022 Rebates,0,0.0,None,0
5101890,1,R1 - 2022 Rebates,0,0.0,None,0
5101980,1,R1 - 2022 Rebates,0,0.0,None,0
5102010,1,R1 - 2022 Rebates,0,0.0,None,0
5102070,1,R1 - 2022 Rebates,0,0.0,None,0
5102120,1,R1 - 2022 Rebates,0,0.0,None,0
5102250,1,R1 - 2022 Rebates,0,0.0,None,0
5102340,1,R2 - Grants,0,0.0,None,0
5102360,1,R1 - 2022 Rebates,0,0.0,None,0
5102400,1,R1 - 2022 Rebates,0,0.0,None,0
5102610,1,R1 - 2022 Rebates,0,0.0,None,0
5102640,1,R1 - 2022 Rebates,1,0.0,COMPETITIVE_R2,0
5102670,1,R1 - 2022 Rebates,0,0.0,None,0
5102710,1,R1 - 2022 Rebates,0,0.0,None,0
5102760,1,R1 - 2022 Rebates,0,0.0,None,0
5102820,1,R1 - 2022 Rebates,0,0.0,None,0
5102850,1,R1 - 2022 Rebates,0,0.0,None,0
5103000,1,R1 - 2022 Rebates,0,0.0,None,0
5103060,1,R1 - 2022 Rebates,0,0.0,None,0
5103090,1,R1 - 2022 Rebates,0,0.0,None,0
5103240,1,R1 - 2022 Rebates,0,0.0,None,0
5103270,1,R1 - 2022 Rebates,0,0.0,None,0
5103300,1,R1 - 2022 Rebates,0,0.0,None,0
5103330,1,R1 - 2022 Rebates,0,0.0,None,0
5103420,1,R1 - 2022 Rebates,0,0.0,None,0
5103460,1,R1 - 2022 Rebates,0,0.0,None,0
5103510,1,R1 - 2022 Rebates,0,0.0,None,0
5103600,1,R1 - 2022 Rebates,0,0.0,None,0
5103660,1,R1 - 2022 Rebates,0,0.0,None,0
5103750,1,R1 - 2022 Rebates,0,0.0,None,0
5103840,1,R1 - 2022 Rebates,0,0.0,None,0
5103980,1,R2 - Grants,0,0.0,None,0
5104080,1,R2 - Grants,0,0.0,None,0
5300328,1,R3 - 2023 Rebates,0,0.0,None,0
5300420,1,R1 - 2022 Rebates,0,0.0,None,0
5300480,1,R1 - 2022 Rebates,0,0.0,None,0
5300690,1,R1 - 2022 Rebates,0,0.0,None,0
5301080,1,R1 - 2022 Rebates,0,0.0,None,0
5301110,0,,1,5.0,COMPETITIVE_R2,0
5301260,0,,1,1.0,COMPETITIVE_R2,0
5301890,1,R1 - 2022 Rebates,0,0.0,None,0
5302490,1,R1 - 2022 Rebates,0,0.0,None,0
5302670,1,R1 - 2022 Rebates,1,3.0,COMPETITIVE_R2,0
5302700,1,R1 - 2022 Rebates,0,0.0,None,0
5302880,1,R1 - 2022 Rebates,0,0.0,None,0
5303540,1,R1 - 2022 Rebates,0,0.0,None,0
5303750,1,R1 - 2022 Rebates,0,0.0,None,0
5304080,1,R1 - 2022 Rebates,0,0.0,None,0
5304110,1,R1 - 2022 Rebates,0,0.0,None,0
5304230,1,R1 - 2022 Rebates,1,2.0,COMPETITIVE_R2,0
5304260,1,R1 - 2022 Rebates,0,0.0,None,0
5304410,1,R3 - 2023 Rebates,0,0.0,None,0
5304500,1,R1 - 2022 Rebates,0,0.0,None,0
5304530,1,R1 - 2022 Rebates,0,0.0,None,0
5304650,1,R1 - 2022 Rebates,0,0.0,None,0
5304800,1,R1 - 2022 Rebates,0,0.0,None,0
5304920,0,,1,2.0,COMPETITIVE_R2,0
5305010,1,R1 - 2022 Rebates,0,0.0,None,0
5305430,1,R1 - 2022 Rebates,0,0.0,None,0
5305460,1,R1 - 2022 Rebates,0,0.0,None,0
5305610,1,R3 - 2023 Rebates,0,0.0,None,0
5305760,1,R1 - 2022 Rebates,0,0.0,None,0
5305790,1,R1 - 2022 Rebates,0,0.0,None,0
5305850,1,R1 - 2022 Rebates,0,0.0,None,0
5305880,1,R2 - Grants,0,0.0,None,0
5306180,1,R1 - 2022 Rebates,0,0.0,None,0
5306220,1,R1 - 2022 Rebates,0,0.0,None,0
5306570,1,R1 - 2022 Rebates,0,0.0,None,0
5306690,1,R1 - 2022 Rebates,0,0.0,None,0
5306900,1,R1 - 2022 Rebates,0,0.0,None,0
5306930,1,R1 - 2022 Rebates,1,1.0,COMPETITIVE_R2,0
5306990,1,R1 - 2022 Rebates,0,0.0,None,0
5307050,1,R1 - 2022 Rebates,0,0.0,None,0
5307210,1,R1 - 2022 Rebates,1,2.0,COMPETITIVE_R2,0
5307260,1,R1 - 2022 Rebates,1,1.0,COMPETITIVE_R2,0
5307320,1,R1 - 2022 Rebates,0,0.0,None,0
5307440,1,R1 - 2022 Rebates,0,0.0,None,0
5307710,1,R2 - Grants,1,14.0,COMPETITIVE_R2,0
5307740,1,R2 - Grants,0,0.0,None,0
5307800,0,,1,1.0,COMPETITIVE_R2,0
5307950,1,R1 - 2022 Rebates,0,0.0,None,0
5308020,1,R1 - 2022 Rebates,1,3.0,COMPETITIVE_R2,0
5308040,1,R1 - 2022 Rebates,0,0.0,None,0
5308130,1,R2 - Grants,0,0.0,None,0
5308190,0,,1,1.0,COMPETITIVE_R2,0
5308250,1,R2 - Grants,0,0.0,None,0
5308340,1,R2 - Grants,0,0.0,None,0
5308670,1,R1 - 2022 Rebates,0,0.0,None,0
5308700,1,R3 - 2023 Rebates,1,11.0,COMPETITIVE_R2,0
5308790,0,,1,2.0,COMPETITIVE_R2,0
5308910,1,R1 - 2022 Rebates,0,0.0,None,0
5308940,0,,1,1.0,COMPETITIVE_R2,0
5308970,1,R3 - 2023 Rebates,1,3.0,COMPETITIVE_R2,0
5309150,1,R1 - 2022 Rebates,0,0.0,None,0
5309180,1,R1 - 2022 Rebates,0,0.0,None,0
5309240,1,R1 - 2022 Rebates,0,0.0,None,0
5309450,1,R1 - 2022 Rebates,1,15.0,COMPETITIVE_R2,0
5309480,0,,1,1.0,COMPETITIVE_R2,0
5309690,0,,1,3.0,COMPETITIVE_R2,0
5309900,0,,1,1.0,COMPETITIVE_R2,0
5310050,1,R1 - 2022 Rebates,0,0.0,None,0
5310110,1,R1 - 2022 Rebates,0,0.0,None,0
5400060,1,R1 - 2022 Rebates,0,0.0,None,0
5400180,1,R1 - 2022 Rebates,1,6.0,COMPETITIVE_R2,0
5400210,0,,1,4.0,COMPETITIVE_R2,0
5400240,1,R1 - 2022 Rebates,1,3.0,COMPETITIVE_R2,0
5400300,1,R1 - 2022 Rebates,0,0.0,None,0
5400330,1,R1 - 2022 Rebates,0,0.0,None,0
5400360,1,R1 - 2022 Rebates,1,5.0,COMPETITIVE_R2,0
5400450,1,R1 - 2022 Rebates,0,0.0,None,0
5400600,1,R1 - 2022 Rebates,1,21.0,COMPETITIVE_R2,0
5400630,1,R1 - 2022 Rebates,1,6.0,COMPETITIVE_R2,0
5400660,1,R1 - 2022 Rebates,0,0.0,None,0
5400780,1,R1 - 2022 Rebates,0,0.0,None,0
5400900,1,R1 - 2022 Rebates,0,0.0,None,0
5400930,1,R1 - 2022 Rebates,1,5.0,COMPETITIVE_R2,0
5400990,1,R1 - 2022 Rebates,0,0.0,None,0
5401050,1,R1 - 2022 Rebates,0,0.0,None,0
5401170,1,R1 - 2022 Rebates,0,0.0,None,0
5401230,1,R1 - 2022 Rebates,0,0.0,None,0
5401320,1,R1 - 2022 Rebates,0,0.0,None,0
5401350,1,R1 - 2022 Rebates,0,0.0,None,0
5401470,1,R1 - 2022 Rebates,0,0.0,None,0
5401620,1,R1 - 2022 Rebates,0,0.0,None,0
5500017,1,R1 - 2022 Rebates,0,0.0,None,0
5500058,1,R1 - 2022 Rebates,0,0.0,None,0
5500060,1,R1 - 2022 Rebates,0,0.0,None,0
5500120,1,R1 - 2022 Rebates,0,0.0,None,0
5500180,1,R1 - 2022 Rebates,0,0.0,None,0
5500420,1,R1 - 2022 Rebates,0,0.0,None,0
5500510,1,R3 - 2023 Rebates,0,0.0,None,0
5500600,1,R1 - 2022 Rebates,0,0.0,None,0
5500750,1,R1 - 2022 Rebates,0,0.0,None,0
5501470,1,R1 - 2022 Rebates,0,0.0,None,0
5501500,1,R1 - 2022 Rebates,0,0.0,None,0
5501530,1,R1 - 2022 Rebates,0,0.0,None,0
5501590,1,R1 - 2022 Rebates,0,0.0,None,0
5502040,1,R1 - 2022 Rebates,0,0.0,None,0
5502400,1,R1 - 2022 Rebates,0,0.0,None,0
5502670,1,R2 - Grants,0,0.0,None,0
5503150,1,R1 - 2022 Rebates,0,0.0,None,0
5503210,1,R1 - 2022 Rebates,0,0.0,None,0
5503270,1,R1 - 2022 Rebates,0,0.0,None,0
5503810,1,R3 - 2023 Rebates,0,0.0,None,0
5503860,1,R1 - 2022 Rebates,0,0.0,None,0
5504860,1,R1 - 2022 Rebates,0,0.0,None,0
5504920,1,R3 - 2023 Rebates,0,0.0,None,0
5504980,1,R1 - 2022 Rebates,0,0.0,None,0
5505730,1,R1 - 2022 Rebates,0,0.0,None,0
5505820,1,R1 - 2022 Rebates,0,0.0,None,0
5506960,1,R1 - 2022 Rebates,0,0.0,None,0
5507470,1,R1 - 2022 Rebates,0,0.0,None,0
5507560,1,R1 - 2022 Rebates,0,0.0,None,0
5507620,1,R1 - 2022 Rebates,0,0.0,None,0
5507770,1,R1 - 2022 Rebates,0,0.0,None,0
5508280,1,R1 - 2022 Rebates,0,0.0,None,0
5508520,1,R1 - 2022 Rebates,1,5.0,COMPETITIVE_R2,0
5508640,1,R3 - 2023 Rebates,0,0.0,None,0
5508730,1,R1 - 2022 Rebates,0,0.0,None,0
5508760,1,R3 - 2023 Rebates,0,0.0,None,0
5509030,1,R2 - Grants,0,0.0,None,0
5509510,1,R1 - 2022 Rebates,0,0.0,None,0
5509600,1,R1 - 2022 Rebates,1,25.0,COMPETITIVE_R2,0
5510230,1,R1 - 2022 Rebates,0,0.0,None,0
5510830,1,R1 - 2022 Rebates,0,0.0,None,0
5511730,1,R1 - 2022 Rebates,0,0.0,None,0
5511790,1,R1 - 2022 Rebates,0,0.0,None,0
5511880,1,R3 - 2023 Rebates,0,0.0,None,0
5512090,1,R1 - 2022 Rebates,0,0.0,None,0
5512420,1,R1 - 2022 Rebates,0,0.0,None,0
5513230,1,R1 - 2022 Rebates,0,0.0,None,0
5513530,1,R3 - 2023 Rebates,0,0.0,None,0
5513830,1,R1 - 2022 Rebates,0,0.0,None,0
5513980,1,R1 - 2022 Rebates,0,0.0,None,0
5514190,1,R1 - 2022 Rebates,0,0.0,None,0
5514250,1,R1 - 2022 Rebates,0,0.0,None,0
5514670,1,R1 - 2022 Rebates,0,0.0,None,0
5514910,1,R1 - 2022 Rebates,0,0.0,None,0
5514970,1,R1 - 2022 Rebates,0,0.0,None,0
5515060,1,R1 - 2022 Rebates,0,0.0,None,0
5515360,1,R1 - 2022 Rebates,0,0.0,None,0
5515390,1,R1 - 2022 Rebates,0,0.0,None,0
5515570,1,R1 - 2022 Rebates,0,0.0,None,0
5516410,1,R1 - 2022 Rebates,0,0.0,None,0
5516500,1,R1 - 2022 Rebates,0,0.0,None,0
5600730,1,R1 - 2022 Rebates,0,0.0,None,0
5900032,1,R1 - 2022 Rebates,0,0.0,None,0
5900034,1,R1 - 2022 Rebates,0,0.0,None,0
5900042,1,R1 - 2022 Rebates,0,0.0,None,0
5900061,0,,1,1.0,COMPETITIVE_R2,0
5900079,1,R1 - 2022 Rebates,0,0.0,None,0
5900104,1,R1 - 2022 Rebates,0,0.0,None,0
5900146,1,R1 - 2022 Rebates,0,0.0,None,0
5900160,1,R1 - 2022 Rebates,0,0.0,None,0
5900187,1,R3 - 2023 Rebates,0,0.0,None,0
6000030,1,R2 - Grants,0,0.0,None,0
0100005,0,,1,19.0,LOTTERY_WINNER,1
0101440,0,,1,9.0,LOTTERY_WINNER,1
0101560,0,,1,4.0,LOTTERY_WINNER,1
0101800,0,,1,25.0,LOTTERY_WINNER,1
0101890,0,,1,2.0,LOTTERY_WINNER,1
0101980,0,,1,5.0,LOTTERY_WINNER,1
0102430,0,,1,2.0,LOTTERY_WINNER,1
0102970,0,,1,5.0,LOTTERY_WINNER,1
0103420,0,,1,1.0,LOTTERY_WINNER,1
0200810,0,,1,1.0,LOTTERY_WINNER,1
0400190,0,,1,1.0,LOTTERY_WINNER,1
0401810,0,,1,1.0,LOTTERY_WINNER,1
0402430,0,,1,5.0,LOTTERY_WINNER,1
0403960,0,,1,5.0,LOTTERY_WINNER,1
0404290,0,,1,5.0,LOTTERY_WINNER,1
0404500,0,,1,3.0,LOTTERY_WINNER,1
0404970,0,,1,0.0,LOTTERY_WINNER,1
0405190,0,,1,3.0,LOTTERY_WINNER,1
0406870,0,,1,3.0,LOTTERY_WINNER,1
0407890,0,,1,6.0,LOTTERY_WINNER,1
0408430,0,,1,1.0,LOTTERY_WINNER,1
0502280,0,,1,4.0,LOTTERY_WINNER,1
0503320,0,,1,3.0,LOTTERY_WINNER,1
0504890,0,,1,3.0,LOTTERY_WINNER,1
0506090,0,,1,6.0,LOTTERY_WINNER,1
0508040,0,,1,7.0,LOTTERY_WINNER,1
0509000,0,,1,25.0,LOTTERY_WINNER,1
0514370,0,,1,1.0,LOTTERY_WINNER,1
0600014,0,,1,12.0,LOTTERY_WINNER,1
0600042,0,,1,1.0,LOTTERY_WINNER,1
0600153,0,,1,11.0,LOTTERY_WINNER,1
0600160,0,,1,10.0,LOTTERY_WINNER,1
0601394,0,,1,1.0,LOTTERY_WINNER,1
0601414,0,,1,25.0,LOTTERY_WINNER,1
0601488,0,,1,10.0,LOTTERY_WINNER,1
0601770,0,,1,7.0,LOTTERY_WINNER,1
0602074,0,,1,2.0,LOTTERY_WINNER,1
0603300,0,,1,7.0,LOTTERY_WINNER,1
0603420,0,,1,2.0,LOTTERY_WINNER,1
0603690,0,,1,3.0,LOTTERY_WINNER,1
0605010,0,,1,2.0,LOTTERY_WINNER,1
0606780,0,,1,7.0,LOTTERY_WINNER,1
0606810,0,,1,3.0,LOTTERY_WINNER,1
0607920,0,,1,10.0,LOTTERY_WINNER,1
0608160,0,,1,5.0,LOTTERY_WINNER,1
0609120,0,,1,13.0,LOTTERY_WINNER,1
0609620,0,,1,25.0,LOTTERY_WINNER,1
0609665,0,,1,1.0,LOTTERY_WINNER,1
0609780,0,,1,2.0,LOTTERY_WINNER,1
0610350,0,,1,6.0,LOTTERY_WINNER,1
0612330,0,,1,16.0,LOTTERY_WINNER,1
0614550,0,,1,25.0,LOTTERY_WINNER,1
0614700,0,,1,2.0,LOTTERY_WINNER,1
0614790,0,,1,3.0,LOTTERY_WINNER,1
0614820,0,,1,2.0,LOTTERY_WINNER,1
0616325,0,,1,4.0,LOTTERY_WINNER,1
0620790,0,,1,14.0,LOTTERY_WINNER,1
0621570,0,,1,1.0,LOTTERY_WINNER,1
0622740,0,,1,7.0,LOTTERY_WINNER,1
0624780,0,,1,2.0,LOTTERY_WINNER,1
0625130,0,,1,8.0,LOTTERY_WINNER,1
0625470,0,,1,25.0,LOTTERY_WINNER,1
0626370,0,,1,6.0,LOTTERY_WINNER,1
0628470,0,,1,6.0,LOTTERY_WINNER,1
0628650,0,,1,25.0,LOTTERY_WINNER,1
0631620,0,,1,1.0,LOTTERY_WINNER,1
0633600,0,,1,2.0,LOTTERY_WINNER,1
0633840,0,,1,8.0,LOTTERY_WINNER,1
0633860,0,,1,10.0,LOTTERY_WINNER,1
0633930,0,,1,10.0,LOTTERY_WINNER,1
0634380,0,,1,4.0,LOTTERY_WINNER,1
0634980,0,,1,5.0,LOTTERY_WINNER,1
0636270,0,,1,4.0,LOTTERY_WINNER,1
0638010,0,,1,20.0,LOTTERY_WINNER,1
0640980,0,,1,10.0,LOTTERY_WINNER,1
0641280,0,,1,11.0,LOTTERY_WINNER,1
0641400,0,,1,4.0,LOTTERY_WINNER,1
0642480,0,,1,17.0,LOTTERY_WINNER,1
0642600,0,,1,1.0,LOTTERY_WINNER,1
0642930,0,,1,1.0,LOTTERY_WINNER,1
0691041,0,,1,12.0,LOTTERY_WINNER,1
0691078,0,,1,9.0,LOTTERY_WINNER,1
0800020,0,,1,6.0,LOTTERY_WINNER,1
0800278,0,,1,10.0,LOTTERY_WINNER,1
0801950,0,,1,14.0,LOTTERY_WINNER,1
0802400,0,,1,0.0,LOTTERY_WINNER,1
0803510,0,,1,2.0,LOTTERY_WINNER,1
0804320,0,,1,2.0,LOTTERY_WINNER,1
0805370,0,,1,0.0,LOTTERY_WINNER,1
0806420,0,,1,1.0,LOTTERY_WINNER,1
0806600,0,,1,3.0,LOTTERY_WINNER,1
0807260,0,,1,2.0,LOTTERY_WINNER,1
0900002,0,,1,25.0,LOTTERY_WINNER,1
0900420,0,,1,25.0,LOTTERY_WINNER,1
0900450,0,,1,25.0,LOTTERY_WINNER,1
0901260,0,,1,2.0,LOTTERY_WINNER,1
0901530,0,,1,10.0,LOTTERY_WINNER,1
0903810,0,,1,7.0,LOTTERY_WINNER,1
0904920,0,,1,22.0,LOTTERY_WINNER,1
1000230,0,,1,3.0,LOTTERY_WINNER,1
1001530,0,,1,0.0,LOTTERY_WINNER,1
1100030,0,,1,25.0,LOTTERY_WINNER,1
1200180,0,,1,25.0,LOTTERY_WINNER,1
1200390,0,,1,25.0,LOTTERY_WINNER,1
1200450,0,,1,23.0,LOTTERY_WINNER,1
1200480,0,,1,10.0,LOTTERY_WINNER,1
1200660,0,,1,13.0,LOTTERY_WINNER,1
1200870,0,,1,20.0,LOTTERY_WINNER,1
1200930,0,,1,0.0,LOTTERY_WINNER,1
1200990,0,,1,8.0,LOTTERY_WINNER,1
1201020,0,,1,3.0,LOTTERY_WINNER,1
1300120,0,,1,25.0,LOTTERY_WINNER,1
1300210,0,,1,6.0,LOTTERY_WINNER,1
1300218,0,,1,2.0,LOTTERY_WINNER,1
1300540,0,,1,0.0,LOTTERY_WINNER,1
1300990,0,,1,4.0,LOTTERY_WINNER,1
1301020,0,,1,25.0,LOTTERY_WINNER,1
1301050,0,,1,4.0,LOTTERY_WINNER,1
1301170,0,,1,0.0,LOTTERY_WINNER,1
1301230,0,,1,25.0,LOTTERY_WINNER,1
1301290,0,,1,0.0,LOTTERY_WINNER,1
1301470,0,,1,2.0,LOTTERY_WINNER,1
1301740,0,,1,25.0,LOTTERY_WINNER,1
1302610,0,,1,0.0,LOTTERY_WINNER,1
1302820,0,,1,0.0,LOTTERY_WINNER,1
1303000,0,,1,3.0,LOTTERY_WINNER,1
1303360,0,,1,10.0,LOTTERY_WINNER,1
1303480,0,,1,0.0,LOTTERY_WINNER,1
1303570,0,,1,0.0,LOTTERY_WINNER,1
1303630,0,,1,8.0,LOTTERY_WINNER,1
1303990,0,,1,0.0,LOTTERY_WINNER,1
1304980,0,,1,5.0,LOTTERY_WINNER,1
1305250,0,,1,4.0,LOTTERY_WINNER,1
1305760,0,,1,5.0,LOTTERY_WINNER,1
1500030,0,,1,1.0,LOTTERY_WINNER,1
1600360,0,,1,8.0,LOTTERY_WINNER,1
1601200,0,,1,3.0,LOTTERY_WINNER,1
1602030,0,,1,10.0,LOTTERY_WINNER,1
1700125,0,,1,5.0,LOTTERY_WINNER,1
1700330,0,,1,2.0,LOTTERY_WINNER,1
1703690,0,,1,2.0,LOTTERY_WINNER,1
1704710,0,,1,25.0,LOTTERY_WINNER,1
1706420,0,,1,25.0,LOTTERY_WINNER,1
1710820,0,,1,15.0,LOTTERY_WINNER,1
1712760,0,,1,8.0,LOTTERY_WINNER,1
1713170,0,,1,1.0,LOTTERY_WINNER,1
1713530,0,,1,2.0,LOTTERY_WINNER,1
1713660,0,,1,3.0,LOTTERY_WINNER,1
1715900,0,,1,1.0,LOTTERY_WINNER,1
1716080,0,,1,23.0,LOTTERY_WINNER,1
1717580,0,,1,2.0,LOTTERY_WINNER,1
1718200,0,,1,12.0,LOTTERY_WINNER,1
1718240,0,,1,4.0,LOTTERY_WINNER,1
1718840,0,,1,25.0,LOTTERY_WINNER,1
1719080,0,,1,3.0,LOTTERY_WINNER,1
1719660,0,,1,2.0,LOTTERY_WINNER,1
1719680,0,,1,5.0,LOTTERY_WINNER,1
1719960,0,,1,3.0,LOTTERY_WINNER,1
1722020,0,,1,8.0,LOTTERY_WINNER,1
1724390,0,,1,1.0,LOTTERY_WINNER,1
1726760,0,,1,2.0,LOTTERY_WINNER,1
1727710,0,,1,5.0,LOTTERY_WINNER,1
1728620,0,,1,5.0,LOTTERY_WINNER,1
1728810,0,,1,0.0,LOTTERY_WINNER,1
1730420,0,,1,25.0,LOTTERY_WINNER,1
1730450,0,,1,0.0,LOTTERY_WINNER,1
1731140,0,,1,2.0,LOTTERY_WINNER,1
1731230,0,,1,4.0,LOTTERY_WINNER,1
1737080,0,,1,23.0,LOTTERY_WINNER,1
1737830,0,,1,1.0,LOTTERY_WINNER,1
1739390,0,,1,3.0,LOTTERY_WINNER,1
1739960,0,,1,15.0,LOTTERY_WINNER,1
1740290,0,,1,2.0,LOTTERY_WINNER,1
1742060,0,,1,3.0,LOTTERY_WINNER,1
1742450,0,,1,7.0,LOTTERY_WINNER,1
1743890,0,,1,2.0,LOTTERY_WINNER,1
1800118,0,,1,1.0,LOTTERY_WINNER,1
1800630,0,,1,25.0,LOTTERY_WINNER,1
1801410,0,,1,1.0,LOTTERY_WINNER,1
1801740,0,,1,2.0,LOTTERY_WINNER,1
1802460,0,,1,2.0,LOTTERY_WINNER,1
1802550,0,,1,0.0,LOTTERY_WINNER,1
1802880,0,,1,2.0,LOTTERY_WINNER,1
1803000,0,,1,1.0,LOTTERY_WINNER,1
1803940,0,,1,0.0,LOTTERY_WINNER,1
1804590,0,,1,0.0,LOTTERY_WINNER,1
1806570,0,,1,0.0,LOTTERY_WINNER,1
1808190,0,,1,6.0,LOTTERY_WINNER,1
1812810,0,,1,2.0,LOTTERY_WINNER,1
1812990,0,,1,4.0,LOTTERY_WINNER,1
1900022,0,,1,0.0,LOTTERY_WINNER,1
1900031,0,,1,1.0,LOTTERY_WINNER,1
1903390,0,,1,0.0,LOTTERY_WINNER,1
1903630,0,,1,2.0,LOTTERY_WINNER,1
1903960,0,,1,1.0,LOTTERY_WINNER,1
1904440,0,,1,2.0,LOTTERY_WINNER,1
1905750,0,,1,0.0,LOTTERY_WINNER,1
1906930,0,,1,2.0,LOTTERY_WINNER,1
1908070,0,,1,1.0,LOTTERY_WINNER,1
1910130,0,,1,3.0,LOTTERY_WINNER,1
1914880,0,,1,1.0,LOTTERY_WINNER,1
1917460,0,,1,5.0,LOTTERY_WINNER,1
1918630,0,,1,2.0,LOTTERY_WINNER,1
1926250,0,,1,3.0,LOTTERY_WINNER,1
1926280,0,,1,0.0,LOTTERY_WINNER,1
1927600,0,,1,0.0,LOTTERY_WINNER,1
1928170,0,,1,4.0,LOTTERY_WINNER,1
1931290,0,,1,2.0,LOTTERY_WINNER,1
2003240,0,,1,2.0,LOTTERY_WINNER,1
2003960,0,,1,2.0,LOTTERY_WINNER,1
2004410,0,,1,2.0,LOTTERY_WINNER,1
2004470,0,,1,4.0,LOTTERY_WINNER,1
2005800,0,,1,1.0,LOTTERY_WINNER,1
2006630,0,,1,1.0,LOTTERY_WINNER,1
2006840,0,,1,3.0,LOTTERY_WINNER,1
2006930,0,,1,4.0,LOTTERY_WINNER,1
2007740,0,,1,2.0,LOTTERY_WINNER,1
2012030,0,,1,2.0,LOTTERY_WINNER,1
2012990,0,,1,25.0,LOTTERY_WINNER,1
2100120,0,,1,0.0,LOTTERY_WINNER,1
2100180,0,,1,2.0,LOTTERY_WINNER,1
2100240,0,,1,1.0,LOTTERY_WINNER,1
2100390,0,,1,13.0,LOTTERY_WINNER,1
2100540,0,,1,0.0,LOTTERY_WINNER,1
2100570,0,,1,13.0,LOTTERY_WINNER,1
2100840,0,,1,6.0,LOTTERY_WINNER,1
2101020,0,,1,23.0,LOTTERY_WINNER,1
2101150,0,,1,6.0,LOTTERY_WINNER,1
2101380,0,,1,0.0,LOTTERY_WINNER,1
2101920,0,,1,7.0,LOTTERY_WINNER,1
2102010,0,,1,0.0,LOTTERY_WINNER,1
2103330,0,,1,3.0,LOTTERY_WINNER,1
2105580,0,,1,5.0,LOTTERY_WINNER,1
2105640,0,,1,1.0,LOTTERY_WINNER,1
2105970,0,,1,3.0,LOTTERY_WINNER,1
2200210,0,,1,4.0,LOTTERY_WINNER,1
2200220,0,,1,5.0,LOTTERY_WINNER,1
2200240,0,,1,1.0,LOTTERY_WINNER,1
2200246,0,,1,4.0,LOTTERY_WINNER,1
2200248,0,,1,3.0,LOTTERY_WINNER,1
2200281,0,,1,9.0,LOTTERY_WINNER,1
2200480,0,,1,7.0,LOTTERY_WINNER,1
2200540,0,,1,19.0,LOTTERY_WINNER,1
2201050,0,,1,14.0,LOTTERY_WINNER,1
2201080,0,,1,20.0,LOTTERY_WINNER,1
2201290,0,,1,25.0,LOTTERY_WINNER,1
2201500,0,,1,25.0,LOTTERY_WINNER,1
2300069,0,,1,3.0,LOTTERY_WINNER,1
2303780,0,,1,0.0,LOTTERY_WINNER,1
2303930,0,,1,3.0,LOTTERY_WINNER,1
2304080,0,,1,1.0,LOTTERY_WINNER,1
2304860,0,,1,4.0,LOTTERY_WINNER,1
2305380,0,,1,1.0,LOTTERY_WINNER,1
2307140,0,,1,2.0,LOTTERY_WINNER,1
2308500,0,,1,1.0,LOTTERY_WINNER,1
2310380,0,,1,2.0,LOTTERY_WINNER,1
2310650,0,,1,1.0,LOTTERY_WINNER,1
2312390,0,,1,1.0,LOTTERY_WINNER,1
2313200,0,,1,1.0,LOTTERY_WINNER,1
2313490,0,,1,11.0,LOTTERY_WINNER,1
2313970,0,,1,4.0,LOTTERY_WINNER,1
2314100,0,,1,5.0,LOTTERY_WINNER,1
2314670,0,,1,2.0,LOTTERY_WINNER,1
2314768,0,,1,1.0,LOTTERY_WINNER,1
2314780,0,,1,2.0,LOTTERY_WINNER,1
2400030,0,,1,1.0,LOTTERY_WINNER,1
2400060,0,,1,6.0,LOTTERY_WINNER,1
2400090,0,,1,25.0,LOTTERY_WINNER,1
2400120,0,,1,25.0,LOTTERY_WINNER,1
2400270,0,,1,6.0,LOTTERY_WINNER,1
2500554,0,,1,4.0,LOTTERY_WINNER,1
2500584,0,,1,25.0,LOTTERY_WINNER,1
2501710,0,,1,1.0,LOTTERY_WINNER,1
2501890,0,,1,3.0,LOTTERY_WINNER,1
2501950,0,,1,25.0,LOTTERY_WINNER,1
2501980,0,,1,1.0,LOTTERY_WINNER,1
2502640,0,,1,8.0,LOTTERY_WINNER,1
2503310,0,,1,10.0,LOTTERY_WINNER,1
2504830,0,,1,10.0,LOTTERY_WINNER,1
2504890,0,,1,18.0,LOTTERY_WINNER,1
2505280,0,,1,6.0,LOTTERY_WINNER,1
2506090,0,,1,3.0,LOTTERY_WINNER,1
2506270,0,,1,21.0,LOTTERY_WINNER,1
2506480,0,,1,25.0,LOTTERY_WINNER,1
2506660,0,,1,25.0,LOTTERY_WINNER,1
2507260,0,,1,1.0,LOTTERY_WINNER,1
2508430,0,,1,14.0,LOTTERY_WINNER,1
2508580,0,,1,15.0,LOTTERY_WINNER,1
2510380,0,,1,13.0,LOTTERY_WINNER,1
2511800,0,,1,1.0,LOTTERY_WINNER,1
2513230,0,,1,5.0,LOTTERY_WINNER,1
2600006,0,,1,2.0,LOTTERY_WINNER,1
2600007,0,,1,3.0,LOTTERY_WINNER,1
2600018,0,,1,2.0,LOTTERY_WINNER,1
2600173,0,,1,3.0,LOTTERY_WINNER,1
2600285,0,,1,1.0,LOTTERY_WINNER,1
2602160,0,,1,2.0,LOTTERY_WINNER,1
2602520,0,,1,5.0,LOTTERY_WINNER,1
2602790,0,,1,3.0,LOTTERY_WINNER,1
2602820,0,,1,4.0,LOTTERY_WINNER,1
2603240,0,,1,1.0,LOTTERY_WINNER,1
2603600,0,,1,1.0,LOTTERY_WINNER,1
2604500,0,,1,3.0,LOTTERY_WINNER,1
2606930,0,,1,5.0,LOTTERY_WINNER,1
2607040,0,,1,1.0,LOTTERY_WINNER,1
2608400,0,,1,2.0,LOTTERY_WINNER,1
2608430,0,,1,3.0,LOTTERY_WINNER,1
2609150,0,,1,5.0,LOTTERY_WINNER,1
2609570,0,,1,2.0,LOTTERY_WINNER,1
2610590,0,,1,3.0,LOTTERY_WINNER,1
2611600,0,,1,18.0,LOTTERY_WINNER,1
2614690,0,,1,0.0,LOTTERY_WINNER,1
2616440,0,,1,15.0,LOTTERY_WINNER,1
2617880,0,,1,4.0,LOTTERY_WINNER,1
2618540,0,,1,7.0,LOTTERY_WINNER,1
2618570,0,,1,3.0,LOTTERY_WINNER,1
2619620,0,,1,21.0,LOTTERY_WINNER,1
2620340,0,,1,4.0,LOTTERY_WINNER,1
2621150,0,,1,5.0,LOTTERY_WINNER,1
2622200,0,,1,6.0,LOTTERY_WINNER,1
2623280,0,,1,2.0,LOTTERY_WINNER,1
2625950,0,,1,0.0,LOTTERY_WINNER,1
2626520,0,,1,0.0,LOTTERY_WINNER,1
2627720,0,,1,1.0,LOTTERY_WINNER,1
2627840,0,,1,2.0,LOTTERY_WINNER,1
2628740,0,,1,25.0,LOTTERY_WINNER,1
2629910,0,,1,0.0,LOTTERY_WINNER,1
2630660,0,,1,3.0,LOTTERY_WINNER,1
2630780,0,,1,2.0,LOTTERY_WINNER,1
2632310,0,,1,1.0,LOTTERY_WINNER,1
2633030,0,,1,4.0,LOTTERY_WINNER,1
2633840,0,,1,2.0,LOTTERY_WINNER,1
2633870,0,,1,1.0,LOTTERY_WINNER,1
2634260,0,,1,2.0,LOTTERY_WINNER,1
2634380,0,,1,6.0,LOTTERY_WINNER,1
2634440,0,,1,1.0,LOTTERY_WINNER,1
2634620,0,,1,1.0,LOTTERY_WINNER,1
2636485,0,,1,2.0,LOTTERY_WINNER,1
2636630,0,,1,10.0,LOTTERY_WINNER,1
2680620,0,,1,10.0,LOTTERY_WINNER,1
2705790,0,,1,4.0,LOTTERY_WINNER,1
2709750,0,,1,0.0,LOTTERY_WINNER,1
2711040,0,,1,0.0,LOTTERY_WINNER,1
2711250,0,,1,2.0,LOTTERY_WINNER,1
2717910,0,,1,2.0,LOTTERY_WINNER,1
2717940,0,,1,1.0,LOTTERY_WINNER,1
2718780,0,,1,0.0,LOTTERY_WINNER,1
2720670,0,,1,0.0,LOTTERY_WINNER,1
2723970,0,,1,0.0,LOTTERY_WINNER,1
2730510,0,,1,2.0,LOTTERY_WINNER,1
2731800,0,,1,25.0,LOTTERY_WINNER,1
2732880,0,,1,0.0,LOTTERY_WINNER,1
2733780,0,,1,0.0,LOTTERY_WINNER,1
2733840,0,,1,25.0,LOTTERY_WINNER,1
2744190,0,,1,0.0,LOTTERY_WINNER,1
2800360,0,,1,4.0,LOTTERY_WINNER,1
2800870,0,,1,25.0,LOTTERY_WINNER,1
2800960,0,,1,11.0,LOTTERY_WINNER,1
2801680,0,,1,2.0,LOTTERY_WINNER,1
2801710,0,,1,23.0,LOTTERY_WINNER,1
2801890,0,,1,4.0,LOTTERY_WINNER,1
2802190,0,,1,25.0,LOTTERY_WINNER,1
2802520,0,,1,6.0,LOTTERY_WINNER,1
2803630,0,,1,1.0,LOTTERY_WINNER,1
2804230,0,,1,3.0,LOTTERY_WINNER,1
2804470,0,,1,8.0,LOTTERY_WINNER,1
2900003,0,,1,2.0,LOTTERY_WINNER,1
2900017,0,,1,4.0,LOTTERY_WINNER,1
2904530,0,,1,1.0,LOTTERY_WINNER,1
2905640,0,,1,4.0,LOTTERY_WINNER,1
2907050,0,,1,1.0,LOTTERY_WINNER,1
2908170,0,,1,5.0,LOTTERY_WINNER,1
2910080,0,,1,1.0,LOTTERY_WINNER,1
2911220,0,,1,0.0,LOTTERY_WINNER,1
2911280,0,,1,4.0,LOTTERY_WINNER,1
2911310,0,,1,13.0,LOTTERY_WINNER,1
2911730,0,,1,2.0,LOTTERY_WINNER,1
2912780,0,,1,2.0,LOTTERY_WINNER,1
2913290,0,,1,2.0,LOTTERY_WINNER,1
2914460,0,,1,2.0,LOTTERY_WINNER,1
2916380,0,,1,3.0,LOTTERY_WINNER,1
2916500,0,,1,2.0,LOTTERY_WINNER,1
2916920,0,,1,1.0,LOTTERY_WINNER,1
2918460,0,,1,2.0,LOTTERY_WINNER,1
2920700,0,,1,2.0,LOTTERY_WINNER,1
2921210,0,,1,1.0,LOTTERY_WINNER,1
2921420,0,,1,2.0,LOTTERY_WINNER,1
2921750,0,,1,1.0,LOTTERY_WINNER,1
2922470,0,,1,1.0,LOTTERY_WINNER,1
2922650,0,,1,5.0,LOTTERY_WINNER,1
2922860,0,,1,1.0,LOTTERY_WINNER,1
2923530,0,,1,3.0,LOTTERY_WINNER,1
2923670,0,,1,2.0,LOTTERY_WINNER,1
2925500,0,,1,10.0,LOTTERY_WINNER,1
2925590,0,,1,5.0,LOTTERY_WINNER,1
2925710,0,,1,2.0,LOTTERY_WINNER,1
2927520,0,,1,2.0,LOTTERY_WINNER,1
2927660,0,,1,1.0,LOTTERY_WINNER,1
2928290,0,,1,1.0,LOTTERY_WINNER,1
2929610,0,,1,1.0,LOTTERY_WINNER,1
2930750,0,,1,1.0,LOTTERY_WINNER,1
2931140,0,,1,2.0,LOTTERY_WINNER,1
2932300,0,,1,5.0,LOTTERY_WINNER,1
3000654,0,,1,1.0,LOTTERY_WINNER,1
3000655,0,,1,3.0,LOTTERY_WINNER,1
3002070,0,,1,1.0,LOTTERY_WINNER,1
3003820,0,,1,1.0,LOTTERY_WINNER,1
3004560,0,,1,10.0,LOTTERY_WINNER,1
3006870,0,,1,2.0,LOTTERY_WINNER,1
3010080,0,,1,0.0,LOTTERY_WINNER,1
3010140,0,,1,7.0,LOTTERY_WINNER,1
3016880,0,,1,2.0,LOTTERY_WINNER,1
3017190,0,,1,1.0,LOTTERY_WINNER,1
3024990,0,,1,2.0,LOTTERY_WINNER,1
3100189,0,,1,1.0,LOTTERY_WINNER,1
3104950,0,,1,1.0,LOTTERY_WINNER,1
3171610,0,,1,1.0,LOTTERY_WINNER,1
3171820,0,,1,1.0,LOTTERY_WINNER,1
3172840,0,,1,3.0,LOTTERY_WINNER,1
3173500,0,,1,1.0,LOTTERY_WINNER,1
3174820,0,,1,10.0,LOTTERY_WINNER,1
3177180,0,,1,1.0,LOTTERY_WINNER,1
3178810,0,,1,3.0,LOTTERY_WINNER,1
3200060,0,,1,25.0,LOTTERY_WINNER,1
3300007,0,,1,4.0,LOTTERY_WINNER,1
3303600,0,,1,3.0,LOTTERY_WINNER,1
3303930,0,,1,16.0,LOTTERY_WINNER,1
3304290,0,,1,1.0,LOTTERY_WINNER,1
3304960,0,,1,7.0,LOTTERY_WINNER,1
3306000,0,,1,3.0,LOTTERY_WINNER,1
3399908,0,,1,3.0,LOTTERY_WINNER,1
3399910,0,,1,25.0,LOTTERY_WINNER,1
3399927,0,,1,8.0,LOTTERY_WINNER,1
3399942,0,,1,22.0,LOTTERY_WINNER,1
3402250,0,,1,2.0,LOTTERY_WINNER,1
3402440,0,,1,10.0,LOTTERY_WINNER,1
3403300,0,,1,3.0,LOTTERY_WINNER,1
3406390,0,,1,4.0,LOTTERY_WINNER,1
3413710,0,,1,1.0,LOTTERY_WINNER,1
3415900,0,,1,4.0,LOTTERY_WINNER,1
3416230,0,,1,2.0,LOTTERY_WINNER,1
3416470,0,,1,2.0,LOTTERY_WINNER,1
3500060,0,,1,20.0,LOTTERY_WINNER,1
3500810,0,,1,2.0,LOTTERY_WINNER,1
3501470,0,,1,2.0,LOTTERY_WINNER,1
3501500,0,,1,5.0,LOTTERY_WINNER,1
3502010,0,,1,1.0,LOTTERY_WINNER,1
3600009,0,,1,2.0,LOTTERY_WINNER,1
3600046,0,,1,1.0,LOTTERY_WINNER,1
3600076,0,,1,25.0,LOTTERY_WINNER,1
3600077,0,,1,21.0,LOTTERY_WINNER,1
3600078,0,,1,21.0,LOTTERY_WINNER,1
3600079,0,,1,21.0,LOTTERY_WINNER,1
3600084,0,,1,25.0,LOTTERY_WINNER,1
3600121,0,,1,25.0,LOTTERY_WINNER,1
3600122,0,,1,25.0,LOTTERY_WINNER,1
3602670,0,,1,4.0,LOTTERY_WINNER,1
3603270,0,,1,1.0,LOTTERY_WINNER,1
3603960,0,,1,12.0,LOTTERY_WINNER,1
3604370,0,,1,1.0,LOTTERY_WINNER,1
3604530,0,,1,2.0,LOTTERY_WINNER,1
3604710,0,,1,6.0,LOTTERY_WINNER,1
3605820,0,,1,1.0,LOTTERY_WINNER,1
3605850,0,,1,25.0,LOTTERY_WINNER,1
3606300,0,,1,1.0,LOTTERY_WINNER,1
3607110,0,,1,5.0,LOTTERY_WINNER,1
3608160,0,,1,10.0,LOTTERY_WINNER,1
3609030,0,,1,0.0,LOTTERY_WINNER,1
3609240,0,,1,1.0,LOTTERY_WINNER,1
3610860,0,,1,5.0,LOTTERY_WINNER,1
3610890,0,,1,1.0,LOTTERY_WINNER,1
3612990,0,,1,2.0,LOTTERY_WINNER,1
3614010,0,,1,10.0,LOTTERY_WINNER,1
3615180,0,,1,17.0,LOTTERY_WINNER,1
3615570,0,,1,4.0,LOTTERY_WINNER,1
3615810,0,,1,10.0,LOTTERY_WINNER,1
3616260,0,,1,4.0,LOTTERY_WINNER,1
3616740,0,,1,22.0,LOTTERY_WINNER,1
3618180,0,,1,4.0,LOTTERY_WINNER,1
3618510,0,,1,1.0,LOTTERY_WINNER,1
3619740,0,,1,1.0,LOTTERY_WINNER,1
3619830,0,,1,1.0,LOTTERY_WINNER,1
3620220,0,,1,2.0,LOTTERY_WINNER,1
3620580,0,,1,25.0,LOTTERY_WINNER,1
3620790,0,,1,3.0,LOTTERY_WINNER,1
3621000,0,,1,2.0,LOTTERY_WINNER,1
3621360,0,,1,1.0,LOTTERY_WINNER,1
3623070,0,,1,8.0,LOTTERY_WINNER,1
3623280,0,,1,1.0,LOTTERY_WINNER,1
3624030,0,,1,4.0,LOTTERY_WINNER,1
3624960,0,,1,25.0,LOTTERY_WINNER,1
3625500,0,,1,11.0,LOTTERY_WINNER,1
3625950,0,,1,4.0,LOTTERY_WINNER,1
3627240,0,,1,10.0,LOTTERY_WINNER,1
3627780,0,,1,2.0,LOTTERY_WINNER,1
3628500,0,,1,8.0,LOTTERY_WINNER,1
3628620,0,,1,10.0,LOTTERY_WINNER,1
3628650,0,,1,5.0,LOTTERY_WINNER,1
3629250,0,,1,1.0,LOTTERY_WINNER,1
3630960,0,,1,10.0,LOTTERY_WINNER,1
3680440,0,,1,1.0,LOTTERY_WINNER,1
3680540,0,,1,1.0,LOTTERY_WINNER,1
3700123,0,,1,5.0,LOTTERY_WINNER,1
3700126,0,,1,1.0,LOTTERY_WINNER,1
3700323,0,,1,1.0,LOTTERY_WINNER,1
3700375,0,,1,3.0,LOTTERY_WINNER,1
3700389,0,,1,2.0,LOTTERY_WINNER,1
3700390,0,,1,5.0,LOTTERY_WINNER,1
3700404,0,,1,1.0,LOTTERY_WINNER,1
3700407,0,,1,1.0,LOTTERY_WINNER,1
3700418,0,,1,6.0,LOTTERY_WINNER,1
3700438,0,,1,10.0,LOTTERY_WINNER,1
3700466,0,,1,7.0,LOTTERY_WINNER,1
3700472,0,,1,2.0,LOTTERY_WINNER,1
3700530,0,,1,2.0,LOTTERY_WINNER,1
3700960,0,,1,9.0,LOTTERY_WINNER,1
3701950,0,,1,4.0,LOTTERY_WINNER,1
3702970,0,,1,25.0,LOTTERY_WINNER,1
3800061,0,,1,4.0,LOTTERY_WINNER,1
3807830,0,,1,1.0,LOTTERY_WINNER,1
3808890,0,,1,3.0,LOTTERY_WINNER,1
3812020,0,,1,4.0,LOTTERY_WINNER,1
3812030,0,,1,1.0,LOTTERY_WINNER,1
3819470,0,,1,2.0,LOTTERY_WINNER,1
3900123,0,,1,2.0,LOTTERY_WINNER,1
3900396,0,,1,3.0,LOTTERY_WINNER,1
3901396,0,,1,3.0,LOTTERY_WINNER,1
3901576,0,,1,3.0,LOTTERY_WINNER,1
3904353,0,,1,2.0,LOTTERY_WINNER,1
3904375,0,,1,25.0,LOTTERY_WINNER,1
3904395,0,,1,25.0,LOTTERY_WINNER,1
3904422,0,,1,4.0,LOTTERY_WINNER,1
3904450,0,,1,0.0,LOTTERY_WINNER,1
3904467,0,,1,19.0,LOTTERY_WINNER,1
3904490,0,,1,0.0,LOTTERY_WINNER,1
3904522,0,,1,2.0,LOTTERY_WINNER,1
3904558,0,,1,0.0,LOTTERY_WINNER,1
3904662,0,,1,0.0,LOTTERY_WINNER,1
3904684,0,,1,2.0,LOTTERY_WINNER,1
3904705,0,,1,0.0,LOTTERY_WINNER,1
3904708,0,,1,0.0,LOTTERY_WINNER,1
3904827,0,,1,4.0,LOTTERY_WINNER,1
3904912,0,,1,2.0,LOTTERY_WINNER,1
3904938,0,,1,0.0,LOTTERY_WINNER,1
3905001,0,,1,5.0,LOTTERY_WINNER,1
3905032,0,,1,0.0,LOTTERY_WINNER,1
3905056,0,,1,0.0,LOTTERY_WINNER,1
3905068,0,,1,0.0,LOTTERY_WINNER,1
3906190,0,,1,4.0,LOTTERY_WINNER,1
3910001,0,,1,0.0,LOTTERY_WINNER,1
3910003,0,,1,0.0,LOTTERY_WINNER,1
4000013,0,,1,2.0,LOTTERY_WINNER,1
4000048,0,,1,3.0,LOTTERY_WINNER,1
4000069,0,,1,2.0,LOTTERY_WINNER,1
4003810,0,,1,10.0,LOTTERY_WINNER,1
4005490,0,,1,0.0,LOTTERY_WINNER,1
4005520,0,,1,0.0,LOTTERY_WINNER,1
4005820,0,,1,1.0,LOTTERY_WINNER,1
4007560,0,,1,5.0,LOTTERY_WINNER,1
4008070,0,,1,3.0,LOTTERY_WINNER,1
4008250,0,,1,4.0,LOTTERY_WINNER,1
4009390,0,,1,5.0,LOTTERY_WINNER,1
4010500,0,,1,1.0,LOTTERY_WINNER,1
4012630,0,,1,3.0,LOTTERY_WINNER,1
4013530,0,,1,13.0,LOTTERY_WINNER,1
4018090,0,,1,7.0,LOTTERY_WINNER,1
4019440,0,,1,7.0,LOTTERY_WINNER,1
4021120,0,,1,1.0,LOTTERY_WINNER,1
4022560,0,,1,2.0,LOTTERY_WINNER,1
4024630,0,,1,7.0,LOTTERY_WINNER,1
4024870,0,,1,10.0,LOTTERY_WINNER,1
4027330,0,,1,4.0,LOTTERY_WINNER,1
4027570,0,,1,4.0,LOTTERY_WINNER,1
4030240,0,,1,2.0,LOTTERY_WINNER,1
4032130,0,,1,1.0,LOTTERY_WINNER,1
4101830,0,,1,11.0,LOTTERY_WINNER,1
4103420,0,,1,1.0,LOTTERY_WINNER,1
4104740,0,,1,0.0,LOTTERY_WINNER,1
4106000,0,,1,10.0,LOTTERY_WINNER,1
4106510,0,,1,2.0,LOTTERY_WINNER,1
4107020,0,,1,0.0,LOTTERY_WINNER,1
4108010,0,,1,10.0,LOTTERY_WINNER,1
4108650,0,,1,5.0,LOTTERY_WINNER,1
4108830,0,,1,0.0,LOTTERY_WINNER,1
4108880,0,,1,5.0,LOTTERY_WINNER,1
4109510,0,,1,13.0,LOTTERY_WINNER,1
4202760,0,,1,7.0,LOTTERY_WINNER,1
4202850,0,,1,3.0,LOTTERY_WINNER,1
4203510,0,,1,10.0,LOTTERY_WINNER,1
4203570,0,,1,10.0,LOTTERY_WINNER,1
4204020,0,,1,0.0,LOTTERY_WINNER,1
4209300,0,,1,12.0,LOTTERY_WINNER,1
4210950,0,,1,10.0,LOTTERY_WINNER,1
4211310,0,,1,5.0,LOTTERY_WINNER,1
4211580,0,,1,10.0,LOTTERY_WINNER,1
4212840,0,,1,0.0,LOTTERY_WINNER,1
4213290,0,,1,0.0,LOTTERY_WINNER,1
4214730,0,,1,0.0,LOTTERY_WINNER,1
4215830,0,,1,6.0,LOTTERY_WINNER,1
4216290,0,,1,15.0,LOTTERY_WINNER,1
4216500,0,,1,22.0,LOTTERY_WINNER,1
4217280,0,,1,0.0,LOTTERY_WINNER,1
4217700,0,,1,2.0,LOTTERY_WINNER,1
4217790,0,,1,15.0,LOTTERY_WINNER,1
4218840,0,,1,0.0,LOTTERY_WINNER,1
4218990,0,,1,25.0,LOTTERY_WINNER,1
4219170,0,,1,20.0,LOTTERY_WINNER,1
4219350,0,,1,25.0,LOTTERY_WINNER,1
4220040,0,,1,25.0,LOTTERY_WINNER,1
4220550,0,,1,5.0,LOTTERY_WINNER,1
4221090,0,,1,25.0,LOTTERY_WINNER,1
4222370,0,,1,0.0,LOTTERY_WINNER,1
4222800,0,,1,6.0,LOTTERY_WINNER,1
4223790,0,,1,7.0,LOTTERY_WINNER,1
4224210,0,,1,5.0,LOTTERY_WINNER,1
4224990,0,,1,8.0,LOTTERY_WINNER,1
4226300,0,,1,4.0,LOTTERY_WINNER,1
4400015,0,,1,24.0,LOTTERY_WINNER,1
4400039,0,,1,2.0,LOTTERY_WINNER,1
4400510,0,,1,5.0,LOTTERY_WINNER,1
4400570,0,,1,10.0,LOTTERY_WINNER,1
4400840,0,,1,22.0,LOTTERY_WINNER,1
4401170,0,,1,6.0,LOTTERY_WINNER,1
4401200,0,,1,1.0,LOTTERY_WINNER,1
4500002,0,,1,8.0,LOTTERY_WINNER,1
4500690,0,,1,8.0,LOTTERY_WINNER,1
4500840,0,,1,4.0,LOTTERY_WINNER,1
4500900,0,,1,2.0,LOTTERY_WINNER,1
4501080,0,,1,5.0,LOTTERY_WINNER,1
4501440,0,,1,5.0,LOTTERY_WINNER,1
4501530,0,,1,8.0,LOTTERY_WINNER,1
4501560,0,,1,2.0,LOTTERY_WINNER,1
4501830,0,,1,4.0,LOTTERY_WINNER,1
4502100,0,,1,8.0,LOTTERY_WINNER,1
4502280,0,,1,16.0,LOTTERY_WINNER,1
4502520,0,,1,4.0,LOTTERY_WINNER,1
4502640,0,,1,7.0,LOTTERY_WINNER,1
4503000,0,,1,4.0,LOTTERY_WINNER,1
4503030,0,,1,4.0,LOTTERY_WINNER,1
4503060,0,,1,16.0,LOTTERY_WINNER,1
4503360,0,,1,16.0,LOTTERY_WINNER,1
4503750,0,,1,4.0,LOTTERY_WINNER,1
4503780,0,,1,4.0,LOTTERY_WINNER,1
4503901,0,,1,2.0,LOTTERY_WINNER,1
4503902,0,,1,12.0,LOTTERY_WINNER,1
4503908,0,,1,12.0,LOTTERY_WINNER,1
4503910,0,,1,16.0,LOTTERY_WINNER,1
4503912,0,,1,8.0,LOTTERY_WINNER,1
4602640,0,,1,1.0,LOTTERY_WINNER,1
4617850,0,,1,1.0,LOTTERY_WINNER,1
4626370,0,,1,3.0,LOTTERY_WINNER,1
4672450,0,,1,1.0,LOTTERY_WINNER,1
4674520,0,,1,1.0,LOTTERY_WINNER,1
4700120,0,,1,5.0,LOTTERY_WINNER,1
4700148,0,,1,17.0,LOTTERY_WINNER,1
4700240,0,,1,2.0,LOTTERY_WINNER,1
4700270,0,,1,2.0,LOTTERY_WINNER,1
4700570,0,,1,1.0,LOTTERY_WINNER,1
4701500,0,,1,1.0,LOTTERY_WINNER,1
4702070,0,,1,3.0,LOTTERY_WINNER,1
4702160,0,,1,2.0,LOTTERY_WINNER,1
4702880,0,,1,4.0,LOTTERY_WINNER,1
4703180,0,,1,15.0,LOTTERY_WINNER,1
4703360,0,,1,4.0,LOTTERY_WINNER,1
4703480,0,,1,2.0,LOTTERY_WINNER,1
4704290,0,,1,2.0,LOTTERY_WINNER,1
4704440,0,,1,4.0,LOTTERY_WINNER,1
4704470,0,,1,0.0,LOTTERY_WINNER,1
4810620,0,,1,2.0,LOTTERY_WINNER,1
4812780,0,,1,25.0,LOTTERY_WINNER,1
4813230,0,,1,10.0,LOTTERY_WINNER,1
4816080,0,,1,2.0,LOTTERY_WINNER,1
4816230,0,,1,17.0,LOTTERY_WINNER,1
4818840,0,,1,2.0,LOTTERY_WINNER,1
4823640,0,,1,15.0,LOTTERY_WINNER,1
4825620,0,,1,4.0,LOTTERY_WINNER,1
4825660,0,,1,25.0,LOTTERY_WINNER,1
4827690,0,,1,11.0,LOTTERY_WINNER,1
4829250,0,,1,4.0,LOTTERY_WINNER,1
4829370,0,,1,2.0,LOTTERY_WINNER,1
4830810,0,,1,3.0,LOTTERY_WINNER,1
4832970,0,,1,2.0,LOTTERY_WINNER,1
4833340,0,,1,2.0,LOTTERY_WINNER,1
4835100,0,,1,6.0,LOTTERY_WINNER,1
4836210,0,,1,5.0,LOTTERY_WINNER,1
4838900,0,,1,19.0,LOTTERY_WINNER,1
4838970,0,,1,6.0,LOTTERY_WINNER,1
4840710,0,,1,25.0,LOTTERY_WINNER,1
4843800,0,,1,8.0,LOTTERY_WINNER,1
4846500,0,,1,22.0,LOTTERY_WINNER,1
4900750,0,,1,2.0,LOTTERY_WINNER,1
4901020,0,,1,2.0,LOTTERY_WINNER,1
4901080,0,,1,2.0,LOTTERY_WINNER,1
5000396,0,,1,6.0,LOTTERY_WINNER,1
5000417,0,,1,4.0,LOTTERY_WINNER,1
5000447,0,,1,1.0,LOTTERY_WINNER,1
5001830,0,,1,3.0,LOTTERY_WINNER,1
5007170,0,,1,1.0,LOTTERY_WINNER,1
5007470,0,,1,4.0,LOTTERY_WINNER,1
5008310,0,,1,3.0,LOTTERY_WINNER,1
5099909,0,,1,1.0,LOTTERY_WINNER,1
5099930,0,,1,3.0,LOTTERY_WINNER,1
5099951,0,,1,3.0,LOTTERY_WINNER,1
5100120,0,,1,2.0,LOTTERY_WINNER,1
5100180,0,,1,1.0,LOTTERY_WINNER,1
5100270,0,,1,5.0,LOTTERY_WINNER,1
5100690,0,,1,20.0,LOTTERY_WINNER,1
5100750,0,,1,3.0,LOTTERY_WINNER,1
5100780,0,,1,2.0,LOTTERY_WINNER,1
5101050,0,,1,4.0,LOTTERY_WINNER,1
5101290,0,,1,2.0,LOTTERY_WINNER,1
5101350,0,,1,2.0,LOTTERY_WINNER,1
5101410,0,,1,3.0,LOTTERY_WINNER,1
5101510,0,,1,10.0,LOTTERY_WINNER,1
5101560,0,,1,2.0,LOTTERY_WINNER,1
5101650,0,,1,3.0,LOTTERY_WINNER,1
5101690,0,,1,4.0,LOTTERY_WINNER,1
5101860,0,,1,3.0,LOTTERY_WINNER,1
5101890,0,,1,10.0,LOTTERY_WINNER,1
5102190,0,,1,2.0,LOTTERY_WINNER,1
5102250,0,,1,10.0,LOTTERY_WINNER,1
5102340,0,,1,25.0,LOTTERY_WINNER,1
5102360,0,,1,6.0,LOTTERY_WINNER,1
5102400,0,,1,5.0,LOTTERY_WINNER,1
5102580,0,,1,2.0,LOTTERY_WINNER,1
5103030,0,,1,10.0,LOTTERY_WINNER,1
5103840,0,,1,0.0,LOTTERY_WINNER,1
5103980,0,,1,6.0,LOTTERY_WINNER,1
5104080,0,,1,5.0,LOTTERY_WINNER,1
5301470,0,,1,2.0,LOTTERY_WINNER,1
5304230,0,,1,2.0,LOTTERY_WINNER,1
5305400,0,,1,0.0,LOTTERY_WINNER,1
5305880,0,,1,1.0,LOTTERY_WINNER,1
5305910,0,,1,3.0,LOTTERY_WINNER,1
5305940,0,,1,0.0,LOTTERY_WINNER,1
5306690,0,,1,0.0,LOTTERY_WINNER,1
5307260,0,,1,1.0,LOTTERY_WINNER,1
5307710,0,,1,25.0,LOTTERY_WINNER,1
5307740,0,,1,0.0,LOTTERY_WINNER,1
5308020,0,,1,0.0,LOTTERY_WINNER,1
5308130,0,,1,10.0,LOTTERY_WINNER,1
5308190,0,,1,1.0,LOTTERY_WINNER,1
5308250,0,,1,25.0,LOTTERY_WINNER,1
5308550,0,,1,1.0,LOTTERY_WINNER,1
5308790,0,,1,1.0,LOTTERY_WINNER,1
5308970,0,,1,3.0,LOTTERY_WINNER,1
5310050,0,,1,14.0,LOTTERY_WINNER,1
5400090,0,,1,3.0,LOTTERY_WINNER,1
5400210,0,,1,1.0,LOTTERY_WINNER,1
5400300,0,,1,1.0,LOTTERY_WINNER,1
5400390,0,,1,1.0,LOTTERY_WINNER,1
5400810,0,,1,1.0,LOTTERY_WINNER,1
5401260,0,,1,2.0,LOTTERY_WINNER,1
5401350,0,,1,1.0,LOTTERY_WINNER,1
5401590,0,,1,1.0,LOTTERY_WINNER,1
5401650,0,,1,1.0,LOTTERY_WINNER,1
5500017,0,,1,0.0,LOTTERY_WINNER,1
5500082,0,,1,1.0,LOTTERY_WINNER,1
5500180,0,,1,1.0,LOTTERY_WINNER,1
5500510,0,,1,0.0,LOTTERY_WINNER,1
5500600,0,,1,1.0,LOTTERY_WINNER,1
5500630,0,,1,3.0,LOTTERY_WINNER,1
5501050,0,,1,25.0,LOTTERY_WINNER,1
5501590,0,,1,0.0,LOTTERY_WINNER,1
5502790,0,,1,0.0,LOTTERY_WINNER,1
5504080,0,,1,1.0,LOTTERY_WINNER,1
5504920,0,,1,0.0,LOTTERY_WINNER,1
5504980,0,,1,2.0,LOTTERY_WINNER,1
5505640,0,,1,5.0,LOTTERY_WINNER,1
5506420,0,,1,0.0,LOTTERY_WINNER,1
5506960,0,,1,0.0,LOTTERY_WINNER,1
5508220,0,,1,4.0,LOTTERY_WINNER,1
5508640,0,,1,0.0,LOTTERY_WINNER,1
5509000,0,,1,1.0,LOTTERY_WINNER,1
5509070,0,,1,2.0,LOTTERY_WINNER,1
5509510,0,,1,1.0,LOTTERY_WINNER,1
5509600,0,,1,25.0,LOTTERY_WINNER,1
5509780,0,,1,5.0,LOTTERY_WINNER,1
5509990,0,,1,1.0,LOTTERY_WINNER,1
5510230,0,,1,0.0,LOTTERY_WINNER,1
5511100,0,,1,1.0,LOTTERY_WINNER,1
5511130,0,,1,0.0,LOTTERY_WINNER,1
5511350,0,,1,6.0,LOTTERY_WINNER,1
5511730,0,,1,0.0,LOTTERY_WINNER,1
5511790,0,,1,2.0,LOTTERY_WINNER,1
5511880,0,,1,0.0,LOTTERY_WINNER,1
5512450,0,,1,1.0,LOTTERY_WINNER,1
5513530,0,,1,0.0,LOTTERY_WINNER,1
5513650,0,,1,0.0,LOTTERY_WINNER,1
5515390,0,,1,0.0,LOTTERY_WINNER,1
5516710,0,,1,2.0,LOTTERY_WINNER,1
5516860,0,,1,2.0,LOTTERY_WINNER,1
5605302,0,,1,0.0,LOTTERY_WINNER,1
5900031,0,,1,9.0,LOTTERY_WINNER,1
5900085,0,,1,1.0,LOTTERY_WINNER,1
5900114,0,,1,0.0,LOTTERY_WINNER,1
5900186,0,,1,1.0,LOTTERY_WINNER,1
5900197,0,,1,2.0,LOTTERY_WINNER,1
6000030,0,,1,1.0,LOTTERY_WINNER,1
6600002,0,,1,25.0,LOTTERY_WINNER,1
7200030,0,,1,25.0,LOTTERY_WINNER,1
A999999,0,,1,4.0,LOTTERY_WINNER,1
BIE0004,1,R1 - 2022 Rebates,0,0.0,None,0
BIE0007,1,R1 - 2022 Rebates,0,0.0,None,0
